ISO-10303-21;
HEADER;
FILE_DESCRIPTION (( 'STEP AP214' ),
    '1' );
FILE_NAME ('2157602003.STEP',
    '2023-07-11T14:51:06',
    ( '' ),
    ( '' ),
    'SwSTEP 2.0',
    'SolidWorks 2023',
    '' );
FILE_SCHEMA (( 'AUTOMOTIVE_DESIGN' ));
ENDSEC;

DATA;
#1 = VERTEX_POINT ( 'NONE', #3091 ) ;
#2 = DIRECTION ( 'NONE',  ( 1.000000000000000000, -0.000000000000000000, 0.000000000000000000 ) ) ;
#3 = LINE ( 'NONE', #975, #2929 ) ;
#4 = UNCERTAINTY_MEASURE_WITH_UNIT (LENGTH_MEASURE( 1.000000000000000082E-05 ), #946, 'distance_accuracy_value', 'NONE');
#5 = LINE ( 'NONE', #976, #1394 ) ;
#6 = EDGE_CURVE ( 'NONE', #2772, #1676, #1877, .T. ) ;
#7 = ORIENTED_EDGE ( 'NONE', *, *, #1600, .F. ) ;
#8 = CARTESIAN_POINT ( 'NONE',  ( 0.06594488188976378729, 0.06476377952755905942, 0.04940944881889763191 ) ) ;
#9 = EDGE_CURVE ( 'NONE', #439, #2055, #926, .T. ) ;
#10 = EDGE_CURVE ( 'NONE', #337, #587, #1187, .T. ) ;
#11 = DIRECTION ( 'NONE',  ( -1.000000000000000000, 0.000000000000000000, 0.000000000000000000 ) ) ;
#12 = DIMENSIONAL_EXPONENTS ( 1.000000000000000000, 0.000000000000000000, 0.000000000000000000, 0.000000000000000000, 0.000000000000000000, 0.000000000000000000, 0.000000000000000000 ) ;
#13 = VERTEX_POINT ( 'NONE', #2085 ) ;
#14 = DIRECTION ( 'NONE',  ( 1.000000000000000000, 0.000000000000000000, -0.000000000000000000 ) ) ;
#15 = DIRECTION ( 'NONE',  ( 0.000000000000000000, -0.000000000000000000, -1.000000000000000000 ) ) ;
#16 = EDGE_LOOP ( 'NONE', ( #1347, #2506, #2879, #1508 ) ) ;
#17 = FACE_OUTER_BOUND ( 'NONE', #1546, .T. ) ;
#18 = CARTESIAN_POINT ( 'NONE',  ( -0.01870078740157480462, -0.005036225060295186455, -0.1486618810395117507 ) ) ;
#19 = DIRECTION ( 'NONE',  ( 0.000000000000000000, 0.000000000000000000, 1.000000000000000000 ) ) ;
#20 = ORIENTED_EDGE ( 'NONE', *, *, #1019, .F. ) ;
#21 = CARTESIAN_POINT ( 'NONE',  ( 0.01870078740157483932, 0.02539370078740157965, -0.1098425196850393581 ) ) ;
#22 = DIRECTION ( 'NONE',  ( -1.000000000000000000, 0.000000000000000000, 0.000000000000000000 ) ) ;
#23 = DIRECTION ( 'NONE',  ( -7.453889935837970779E-15, -1.000000000000000000, 0.000000000000000000 ) ) ;
#24 = ADVANCED_FACE ( 'NONE', ( #2581 ), #2469, .T. ) ;
#25 = EDGE_CURVE ( 'NONE', #2258, #2148, #1419, .T. ) ;
#26 = CARTESIAN_POINT ( 'NONE',  ( -0.1938976377952755792, 0.1950787401574803348, 0.1519685039370078927 ) ) ;
#27 = CIRCLE ( 'NONE', #1899, 0.05511811023622047861 ) ;
#28 = EDGE_LOOP ( 'NONE', ( #135, #617, #894, #1952 ) ) ;
#29 = LINE ( 'NONE', #1677, #2874 ) ;
#30 = PRESENTATION_STYLE_ASSIGNMENT (( #1678 ) ) ;
#31 = EDGE_CURVE ( 'NONE', #1555, #2691, #266, .T. ) ;
#32 = ORIENTED_EDGE ( 'NONE', *, *, #2084, .T. ) ;
#33 = FACE_OUTER_BOUND ( 'NONE', #1894, .T. ) ;
#34 = CARTESIAN_POINT ( 'NONE',  ( 0.01870078740157409686, -0.02777997789748662058, -0.1492114446302254815 ) ) ;
#35 = DIRECTION ( 'NONE',  ( 0.000000000000000000, -1.000000000000000000, 0.000000000000000000 ) ) ;
#36 = STYLED_ITEM ( 'NONE', ( #1126 ), #1364 ) ;
#37 = ORIENTED_EDGE ( 'NONE', *, *, #2530, .F. ) ;
#38 = VECTOR ( 'NONE', #467, 39.37007874015748143 ) ;
#39 = CARTESIAN_POINT ( 'NONE',  ( 0.1307086614173224581, 0.1427165354330708902, -0.1460629921259842534 ) ) ;
#40 = VECTOR ( 'NONE', #2954, 39.37007874015748143 ) ;
#41 = CARTESIAN_POINT ( 'NONE',  ( 0.05807086614173229133, -0.1271653543307086631, -0.02125984251968492458 ) ) ;
#42 = STYLED_ITEM ( 'NONE', ( #2243 ), #2170 ) ;
#43 = DIRECTION ( 'NONE',  ( 1.000000000000000000, -1.774149009521734170E-15, 0.000000000000000000 ) ) ;
#44 = AXIS2_PLACEMENT_3D ( 'NONE', #2607, #903, #459 ) ;
#45 = LINE ( 'NONE', #2898, #1396 ) ;
#46 = EDGE_CURVE ( 'NONE', #1199, #2982, #2862, .T. ) ;
#47 = ORIENTED_EDGE ( 'NONE', *, *, #152, .T. ) ;
#48 = DIRECTION ( 'NONE',  ( 0.000000000000000000, 0.000000000000000000, 1.000000000000000000 ) ) ;
#49 = CARTESIAN_POINT ( 'NONE',  ( 0.1938976377952755792, -0.1950787401574803348, 0.1519685039370078927 ) ) ;
#50 = EDGE_CURVE ( 'NONE', #119, #441, #1935, .T. ) ;
#51 = ORIENTED_EDGE ( 'NONE', *, *, #1543, .F. ) ;
#52 = FACE_OUTER_BOUND ( 'NONE', #1987, .T. ) ;
#53 = CARTESIAN_POINT ( 'NONE',  ( 0.000000000000000000, -0.1271653543307086631, 0.000000000000000000 ) ) ;
#54 = FACE_OUTER_BOUND ( 'NONE', #1006, .T. ) ;
#55 = ORIENTED_EDGE ( 'NONE', *, *, #1726, .F. ) ;
#56 = LINE ( 'NONE', #772, #40 ) ;
#57 = VERTEX_POINT ( 'NONE', #1682 ) ;
#58 = CARTESIAN_POINT ( 'NONE',  ( 0.01870078740157483932, -0.01275639310204277309, -0.1448424406283375931 ) ) ;
#59 = DIRECTION ( 'NONE',  ( 1.000000000000000000, 0.000000000000000000, -0.000000000000000000 ) ) ;
#60 = CARTESIAN_POINT ( 'NONE',  ( -0.01870078740157480462, 0.1271653543307086631, 0.000000000000000000 ) ) ;
#61 = CARTESIAN_POINT ( 'NONE',  ( -0.05807086614173229133, -0.1271653543307086631, 0.000000000000000000 ) ) ;
#62 = ORIENTED_EDGE ( 'NONE', *, *, #1422, .F. ) ;
#63 = CARTESIAN_POINT ( 'NONE',  ( -0.1055118110236224482, 0.1427165354330708902, 0.000000000000000000 ) ) ;
#64 = EDGE_CURVE ( 'NONE', #1874, #1, #1445, .T. ) ;
#65 = EDGE_CURVE ( 'NONE', #1488, #1294, #1694, .T. ) ;
#66 = CARTESIAN_POINT ( 'NONE',  ( 0.02755905511811023584, -0.1104330708661417498, 0.2098425196850393915 ) ) ;
#67 = EDGE_LOOP ( 'NONE', ( #1428, #2254, #1778, #2237 ) ) ;
#68 = DIRECTION ( 'NONE',  ( 1.000000000000000000, 8.805702923740139587E-17, -0.000000000000000000 ) ) ;
#69 = ORIENTED_EDGE ( 'NONE', *, *, #932, .F. ) ;
#70 = DIRECTION ( 'NONE',  ( 8.752388879802260299E-17, -1.000000000000000000, 0.000000000000000000 ) ) ;
#71 = ORIENTED_EDGE ( 'NONE', *, *, #268, .T. ) ;
#72 = DIRECTION ( 'NONE',  ( -1.000000000000000000, 0.000000000000000000, -0.000000000000000000 ) ) ;
#73 = VERTEX_POINT ( 'NONE', #2906 ) ;
#74 = CARTESIAN_POINT ( 'NONE',  ( 0.000000000000000000, 0.1679133858267716495, 0.000000000000000000 ) ) ;
#75 = AXIS2_PLACEMENT_3D ( 'NONE', #528, #952, #1188 ) ;
#76 = ORIENTED_EDGE ( 'NONE', *, *, #2897, .T. ) ;
#77 =( CONVERSION_BASED_UNIT ( 'INCH', #583 ) LENGTH_UNIT ( ) NAMED_UNIT ( #12 ) );
#78 = UNCERTAINTY_MEASURE_WITH_UNIT (LENGTH_MEASURE( 1.000000000000000082E-05 ), #2792, 'distance_accuracy_value', 'NONE');
#79 = FILL_AREA_STYLE_COLOUR ( '', #2771 ) ;
#80 = VECTOR ( 'NONE', #656, 39.37007874015748143 ) ;
#81 = DIRECTION ( 'NONE',  ( 0.000000000000000000, -1.000000000000000000, -0.000000000000000000 ) ) ;
#82 = AXIS2_PLACEMENT_3D ( 'NONE', #1009, #2705, #2235 ) ;
#83 = ORIENTED_EDGE ( 'NONE', *, *, #794, .F. ) ;
#84 = ADVANCED_FACE ( 'NONE', ( #748 ), #1951, .F. ) ;
#85 = LINE ( 'NONE', #1315, #1302 ) ;
#86 = VECTOR ( 'NONE', #362, 39.37007874015748143 ) ;
#87 = EDGE_LOOP ( 'NONE', ( #1655, #659, #1223, #281 ) ) ;
#88 = CARTESIAN_POINT ( 'NONE',  ( 0.01870078740157483238, -0.0001727780079289493857, -0.1492114446300773223 ) ) ;
#89 = ORIENTED_EDGE ( 'NONE', *, *, #2192, .F. ) ;
#90 = CIRCLE ( 'NONE', #352, 0.04330708661417324162 ) ;
#91 = EDGE_CURVE ( 'NONE', #587, #2540, #1845, .T. ) ;
#92 = DIRECTION ( 'NONE',  ( -0.000000000000000000, -1.000000000000000000, -0.000000000000000000 ) ) ;
#93 = VECTOR ( 'NONE', #2676, 39.37007874015748143 ) ;
#94 = VECTOR ( 'NONE', #1069, 39.37007874015748143 ) ;
#95 = LINE ( 'NONE', #3019, #2462 ) ;
#96 = ORIENTED_EDGE ( 'NONE', *, *, #148, .T. ) ;
#97 = VECTOR ( 'NONE', #1156, 39.37007874015748143 ) ;
#98 = EDGE_LOOP ( 'NONE', ( #2709, #2566, #83, #2663, #188, #2388 ) ) ;
#99 = CARTESIAN_POINT ( 'NONE',  ( -0.01259842519685039353, -0.1005905511811023834, 0.08858267716535433989 ) ) ;
#100 = FACE_OUTER_BOUND ( 'NONE', #28, .T. ) ;
#101 = EDGE_LOOP ( 'NONE', ( #2949, #2584, #1728, #2081 ) ) ;
#102 = CARTESIAN_POINT ( 'NONE',  ( 0.01259842519685039526, 0.06476377952755905942, 0.06338582677165355284 ) ) ;
#103 = EDGE_CURVE ( 'NONE', #2246, #57, #2645, .T. ) ;
#104 = ORIENTED_EDGE ( 'NONE', *, *, #813, .F. ) ;
#105 = DIRECTION ( 'NONE',  ( 0.000000000000000000, 0.000000000000000000, 1.000000000000000000 ) ) ;
#106 = ORIENTED_EDGE ( 'NONE', *, *, #913, .F. ) ;
#107 = CARTESIAN_POINT ( 'NONE',  ( -0.06594488188976378729, -0.1950787401574803348, 0.1281496062992125984 ) ) ;
#108 = ADVANCED_FACE ( 'NONE', ( #221, #2200 ), #3136, .T. ) ;
#109 = EDGE_CURVE ( 'NONE', #687, #2019, #2690, .T. ) ;
#110 = DIRECTION ( 'NONE',  ( -0.000000000000000000, -0.000000000000000000, 1.000000000000000000 ) ) ;
#111 = ORIENTED_EDGE ( 'NONE', *, *, #1804, .F. ) ;
#112 = CARTESIAN_POINT ( 'NONE',  ( 0.09153543307086613179, -0.1950787401574803070, 0.02381889763779523536 ) ) ;
#113 = LINE ( 'NONE', #1293, #1196 ) ;
#114 = ORIENTED_EDGE ( 'NONE', *, *, #545, .T. ) ;
#115 = PRESENTATION_STYLE_ASSIGNMENT (( #2031 ) ) ;
#116 = DIRECTION ( 'NONE',  ( 0.7071067811865480168, -0.000000000000000000, 0.7071067811865470176 ) ) ;
#117 = ORIENTED_EDGE ( 'NONE', *, *, #1538, .T. ) ;
#118 = CARTESIAN_POINT ( 'NONE',  ( 0.05807086614173228439, 0.1271653543307086631, -0.02125984251968492458 ) ) ;
#119 = VERTEX_POINT ( 'NONE', #1663 ) ;
#120 = CARTESIAN_POINT ( 'NONE',  ( -0.05807086614173229133, 0.1271653543307086631, 0.000000000000000000 ) ) ;
#121 = CARTESIAN_POINT ( 'NONE',  ( 0.1055118110236224482, 0.1679133858267716495, 0.000000000000000000 ) ) ;
#122 = DIRECTION ( 'NONE',  ( -1.000000000000000000, 0.000000000000000000, 0.000000000000000000 ) ) ;
#123 = ORIENTED_EDGE ( 'NONE', *, *, #2060, .T. ) ;
#124 = EDGE_CURVE ( 'NONE', #2955, #2309, #647, .T. ) ;
#125 = CARTESIAN_POINT ( 'NONE',  ( 0.01870078740157483932, -0.05334645669291339376, -0.1098425196850393581 ) ) ;
#126 = DIRECTION ( 'NONE',  ( -0.000000000000000000, -1.000000000000000000, 0.000000000000000000 ) ) ;
#127 = ORIENTED_EDGE ( 'NONE', *, *, #1755, .F. ) ;
#128 = EDGE_CURVE ( 'NONE', #994, #2608, #2423, .T. ) ;
#129 = CARTESIAN_POINT ( 'NONE',  ( 0.01870078740157483238, -0.0001727780079289493857, -0.1492114446300773223 ) ) ;
#130 = CARTESIAN_POINT ( 'NONE',  ( 0.05216535433070865202, -0.1950787401574803070, 0.02381889763779523536 ) ) ;
#131 = VECTOR ( 'NONE', #2922, 39.37007874015748854 ) ;
#132 = EDGE_LOOP ( 'NONE', ( #2537, #2907, #1472, #96, #2187 ) ) ;
#133 = AXIS2_PLACEMENT_3D ( 'NONE', #2109, #196, #3058 ) ;
#134 = DIRECTION ( 'NONE',  ( 1.000000000000000000, -0.000000000000000000, 0.000000000000000000 ) ) ;
#135 = ORIENTED_EDGE ( 'NONE', *, *, #1627, .T. ) ;
#136 = AXIS2_PLACEMENT_3D ( 'NONE', #2381, #160, #1136 ) ;
#137 = CARTESIAN_POINT ( 'NONE',  ( 0.01870078740157484279, -0.05334645669291339376, -0.02125984251968492458 ) ) ;
#138 = STYLED_ITEM ( 'NONE', ( #115 ), #1245 ) ;
#139 = CARTESIAN_POINT ( 'NONE',  ( 0.1702755905511811052, 0.06476377952755904555, 0.02381889763779523536 ) ) ;
#140 = CARTESIAN_POINT ( 'NONE',  ( 0.000000000000000000, 0.000000000000000000, 0.1519685039370078927 ) ) ;
#141 = VECTOR ( 'NONE', #2786, 39.37007874015748854 ) ;
#142 = VERTEX_POINT ( 'NONE', #480 ) ;
#143 = CARTESIAN_POINT ( 'NONE',  ( -0.1702755905511811052, -0.1950787401574803348, 0.04940944881889763191 ) ) ;
#144 = VECTOR ( 'NONE', #2585, 39.37007874015748143 ) ;
#145 = DIRECTION ( 'NONE',  ( -1.000000000000000000, -0.000000000000000000, 5.421010862427519705E-17 ) ) ;
#146 = AXIS2_PLACEMENT_3D ( 'NONE', #2253, #2269, #1977 ) ;
#147 = CARTESIAN_POINT ( 'NONE',  ( 0.1055118110236220597, -0.1005905511811023834, 0.06338582677165355284 ) ) ;
#148 = EDGE_CURVE ( 'NONE', #536, #441, #2186, .T. ) ;
#149 = ORIENTED_EDGE ( 'NONE', *, *, #571, .T. ) ;
#150 = SURFACE_STYLE_USAGE ( .BOTH. , #667 ) ;
#151 = LINE ( 'NONE', #1344, #1203 ) ;
#152 = EDGE_CURVE ( 'NONE', #2232, #1578, #5, .T. ) ;
#153 = ORIENTED_EDGE ( 'NONE', *, *, #1422, .T. ) ;
#154 =( NAMED_UNIT ( * ) SI_UNIT ( $, .STERADIAN. ) SOLID_ANGLE_UNIT ( ) );
#155 = SURFACE_SIDE_STYLE ('',( #2732 ) ) ;
#156 = EDGE_LOOP ( 'NONE', ( #123, #1575, #2502, #460, #644, #3100 ) ) ;
#157 = CARTESIAN_POINT ( 'NONE',  ( 0.03959354908103654425, -0.02557764704278374379, -0.1443838085992651676 ) ) ;
#158 = EDGE_LOOP ( 'NONE', ( #2034, #1961, #2359, #665 ) ) ;
#159 = CARTESIAN_POINT ( 'NONE',  ( 0.06594488188976378729, -0.1950787401574803070, 0.1017716535433070973 ) ) ;
#160 = DIRECTION ( 'NONE',  ( 0.000000000000000000, 0.000000000000000000, 1.000000000000000000 ) ) ;
#161 = EDGE_LOOP ( 'NONE', ( #2455, #2760, #1863, #1131 ) ) ;
#162 = LINE ( 'NONE', #1124, #1350 ) ;
#163 = ORIENTED_EDGE ( 'NONE', *, *, #2971, .F. ) ;
#164 = PLANE ( 'NONE',  #604 ) ;
#165 = CARTESIAN_POINT ( 'NONE',  ( 0.1702755905511811052, -0.1950787401574803070, 0.1281496062992125984 ) ) ;
#166 = ORIENTED_EDGE ( 'NONE', *, *, #513, .T. ) ;
#167 = CARTESIAN_POINT ( 'NONE',  ( 0.05807086614173229133, -0.1271653543307086631, 0.000000000000000000 ) ) ;
#168 = EDGE_CURVE ( 'NONE', #1420, #1469, #514, .T. ) ;
#169 = ORIENTED_EDGE ( 'NONE', *, *, #1647, .F. ) ;
#170 = LINE ( 'NONE', #1825, #2965 ) ;
#171 = ORIENTED_EDGE ( 'NONE', *, *, #2244, .F. ) ;
#172 = ADVANCED_FACE ( 'NONE', ( #769 ), #280, .T. ) ;
#173 = DIRECTION ( 'NONE',  ( 4.336808689942010340E-16, 0.000000000000000000, -1.000000000000000000 ) ) ;
#174 = CARTESIAN_POINT ( 'NONE',  ( 0.1307086614173228467, 0.06476377952755905942, 0.08858267716535433989 ) ) ;
#175 = ORIENTED_EDGE ( 'NONE', *, *, #1557, .T. ) ;
#176 = CARTESIAN_POINT ( 'NONE',  ( -0.01870078740161713882, -0.02777997789758303651, -0.1492114446300772390 ) ) ;
#177 = DIRECTION ( 'NONE',  ( 1.000000000000000000, -7.453889935837980246E-15, 0.000000000000000000 ) ) ;
#178 = EDGE_LOOP ( 'NONE', ( #2167, #1732, #2937, #1810 ) ) ;
#179 =( LENGTH_UNIT ( ) NAMED_UNIT ( * ) SI_UNIT ( $, .METRE. ) );
#180 = DIRECTION ( 'NONE',  ( 1.000000000000000000, 0.000000000000000000, 0.000000000000000000 ) ) ;
#181 = ORIENTED_EDGE ( 'NONE', *, *, #2936, .F. ) ;
#182 = DIRECTION ( 'NONE',  ( 1.000000000000000000, -7.453889935837980246E-15, 0.000000000000000000 ) ) ;
#183 =( CONVERSION_BASED_UNIT ( 'INCH', #2847 ) LENGTH_UNIT ( ) NAMED_UNIT ( #2407 ) );
#184 = CARTESIAN_POINT ( 'NONE',  ( 0.03291860758552122429, -0.03091508139336603123, -0.1443838085989881670 ) ) ;
#185 = PRESENTATION_STYLE_ASSIGNMENT (( #2121 ) ) ;
#186 = EDGE_CURVE ( 'NONE', #2194, #1748, #1818, .T. ) ;
#187 = AXIS2_PLACEMENT_3D ( 'NONE', #2484, #2231, #315 ) ;
#188 = ORIENTED_EDGE ( 'NONE', *, *, #2065, .T. ) ;
#189 = CARTESIAN_POINT ( 'NONE',  ( 0.01476377952755913471, -0.05334645669291339376, -0.09015748031496062520 ) ) ;
#190 = STYLED_ITEM ( 'NONE', ( #1622 ), #565 ) ;
#191 = FACE_OUTER_BOUND ( 'NONE', #1679, .T. ) ;
#192 = ADVANCED_FACE ( 'NONE', ( #1512 ), #573, .T. ) ;
#193 = AXIS2_PLACEMENT_3D ( 'NONE', #2099, #941, #1383 ) ;
#194 =( NAMED_UNIT ( * ) SI_UNIT ( $, .STERADIAN. ) SOLID_ANGLE_UNIT ( ) );
#195 = DIRECTION ( 'NONE',  ( -1.000000000000000000, 0.000000000000000000, -0.000000000000000000 ) ) ;
#196 = DIRECTION ( 'NONE',  ( -1.000000000000000000, 7.453889935837970779E-15, 0.000000000000000000 ) ) ;
#197 = ORIENTED_EDGE ( 'NONE', *, *, #3030, .F. ) ;
#198 = VECTOR ( 'NONE', #1992, 39.37007874015748143 ) ;
#199 = AXIS2_PLACEMENT_3D ( 'NONE', #2837, #3056, #1830 ) ;
#200 = DIRECTION ( 'NONE',  ( 1.000000000000000000, -0.000000000000000000, 0.000000000000000000 ) ) ;
#201 = LINE ( 'NONE', #695, #3090 ) ;
#202 = AXIS2_PLACEMENT_3D ( 'NONE', #1185, #2461, #1444 ) ;
#203 = ORIENTED_EDGE ( 'NONE', *, *, #287, .F. ) ;
#204 = CARTESIAN_POINT ( 'NONE',  ( 0.01870078740157484279, -0.1271653543307086631, -0.02125984251968492458 ) ) ;
#205 = LINE ( 'NONE', #1164, #1915 ) ;
#206 = CARTESIAN_POINT ( 'NONE',  ( 0.03256931686174550922, 0.006857962469750410878, -0.1443838085988509434 ) ) ;
#207 = CARTESIAN_POINT ( 'NONE',  ( -0.1938976377952755792, 0.000000000000000000, 0.1519685039370078927 ) ) ;
#208 = ORIENTED_EDGE ( 'NONE', *, *, #269, .T. ) ;
#209 = PRODUCT_CONTEXT ( 'NONE', #259, 'mechanical' ) ;
#210 = EDGE_CURVE ( 'NONE', #2608, #2036, #2077, .T. ) ;
#211 = FILL_AREA_STYLE ('',( #677 ) ) ;
#212 = LINE ( 'NONE', #1651, #2013 ) ;
#213 = CARTESIAN_POINT ( 'NONE',  ( 0.1938976377952755792, 0.1950787401574803348, 0.000000000000000000 ) ) ;
#214 = EDGE_CURVE ( 'NONE', #2246, #2487, #628, .T. ) ;
#215 =( LENGTH_UNIT ( ) NAMED_UNIT ( * ) SI_UNIT ( $, .METRE. ) );
#216 = ORIENTED_EDGE ( 'NONE', *, *, #1381, .T. ) ;
#217 = SURFACE_SIDE_STYLE ('',( #776 ) ) ;
#218 = DIRECTION ( 'NONE',  ( -8.805702923740139587E-17, 1.000000000000000000, 0.000000000000000000 ) ) ;
#219 = ORIENTED_EDGE ( 'NONE', *, *, #1643, .T. ) ;
#220 = CARTESIAN_POINT ( 'NONE',  ( 0.1307086614173228467, 0.06476377952755905942, 0.000000000000000000 ) ) ;
#221 = FACE_OUTER_BOUND ( 'NONE', #1146, .T. ) ;
#222 = EDGE_LOOP ( 'NONE', ( #2292, #727, #1561, #949 ) ) ;
#223 = CARTESIAN_POINT ( 'NONE',  ( 0.1055118110236224482, 0.1679133858267716495, -0.1460629921259842534 ) ) ;
#224 = DIRECTION ( 'NONE',  ( -1.000000000000000000, 0.000000000000000000, 0.000000000000000000 ) ) ;
#225 = CARTESIAN_POINT ( 'NONE',  ( -0.01259842519685039526, 0.1427165354330712788, 0.000000000000000000 ) ) ;
#226 = ADVANCED_FACE ( 'NONE', ( #54 ), #1589, .F. ) ;
#227 = ORIENTED_EDGE ( 'NONE', *, *, #9, .T. ) ;
#228 = FILL_AREA_STYLE_COLOUR ( '', #1298 ) ;
#229 = DIRECTION ( 'NONE',  ( 0.000000000000000000, -1.000000000000000000, 0.000000000000000000 ) ) ;
#230 = ADVANCED_FACE ( 'NONE', ( #1747 ), #1005, .F. ) ;
#231 = EDGE_LOOP ( 'NONE', ( #1375, #1454, #290, #796 ) ) ;
#232 = SURFACE_SIDE_STYLE ('',( #1858 ) ) ;
#233 = CARTESIAN_POINT ( 'NONE',  ( 0.01860377944844533726, -0.01218220615055953110, -0.1447401325263927563 ) ) ;
#234 = ORIENTED_EDGE ( 'NONE', *, *, #214, .F. ) ;
#235 = FACE_OUTER_BOUND ( 'NONE', #1856, .T. ) ;
#236 = VECTOR ( 'NONE', #578, 39.37007874015748143 ) ;
#237 = CARTESIAN_POINT ( 'NONE',  ( -0.01870078740157480116, 0.1271653543307086631, -0.02125984251968495928 ) ) ;
#238 = B_SPLINE_CURVE_WITH_KNOTS ( 'NONE', 3,
 ( #1332, #58, #2001, #2749, #1304, #846, #2262, #88 ),
 .UNSPECIFIED., .F., .F.,
 ( 4, 2, 2, 4 ),
 ( 0.0003697642933099415667, 0.0004622067211437535985, 0.0005546491489775656845, 0.0007395340046451901817 ),
 .UNSPECIFIED. ) ;
#239 = PLANE ( 'NONE',  #1290 ) ;
#240 = ORIENTED_EDGE ( 'NONE', *, *, #1786, .T. ) ;
#241 = DIRECTION ( 'NONE',  ( 0.000000000000000000, 0.000000000000000000, -1.000000000000000000 ) ) ;
#242 = FACE_OUTER_BOUND ( 'NONE', #615, .T. ) ;
#243 = VECTOR ( 'NONE', #2507, 39.37007874015748854 ) ;
#244 = ADVANCED_FACE ( 'NONE', ( #3026 ), #1970, .T. ) ;
#245 = VECTOR ( 'NONE', #1276, 39.37007874015748143 ) ;
#246 = AXIS2_PLACEMENT_3D ( 'NONE', #2551, #2800, #405 ) ;
#247 = VERTEX_POINT ( 'NONE', #643 ) ;
#248 = CARTESIAN_POINT ( 'NONE',  ( 0.05333842110914928381, 0.02539370078740156578, -0.1098425196850393720 ) ) ;
#249 = FACE_OUTER_BOUND ( 'NONE', #1772, .T. ) ;
#250 = ADVANCED_FACE ( 'NONE', ( #3041 ), #2553, .F. ) ;
#251 = COLOUR_RGB ( '',0.6470588235294117974, 0.5176470588235293491, 0.000000000000000000 ) ;
#252 = CARTESIAN_POINT ( 'NONE',  ( 0.000000000000000000, 0.06476377952755905942, 0.06338582677165355284 ) ) ;
#253 = ORIENTED_EDGE ( 'NONE', *, *, #2131, .T. ) ;
#254 = VECTOR ( 'NONE', #535, 39.37007874015748143 ) ;
#255 = VECTOR ( 'NONE', #1914, 39.37007874015748143 ) ;
#256 = CARTESIAN_POINT ( 'NONE',  ( -0.01870078740157480462, -0.1271653543307086631, 0.000000000000000000 ) ) ;
#257 = DIRECTION ( 'NONE',  ( -1.000000000000000000, 7.453889935837970779E-15, 0.000000000000000000 ) ) ;
#258 = ORIENTED_EDGE ( 'NONE', *, *, #937, .F. ) ;
#259 = APPLICATION_CONTEXT ( 'automotive_design' ) ;
#260 = FACE_OUTER_BOUND ( 'NONE', #1936, .T. ) ;
#261 = DIMENSIONAL_EXPONENTS ( 1.000000000000000000, 0.000000000000000000, 0.000000000000000000, 0.000000000000000000, 0.000000000000000000, 0.000000000000000000, 0.000000000000000000 ) ;
#262 = ORIENTED_EDGE ( 'NONE', *, *, #1300, .F. ) ;
#263 = CARTESIAN_POINT ( 'NONE',  ( 0.02755905511811023584, -0.1104330708661417498, 0.2098425196850393637 ) ) ;
#264 = CARTESIAN_POINT ( 'NONE',  ( -0.05096647768944315149, -0.05073629313860868184, -0.1138618190921389106 ) ) ;
#265 = UNCERTAINTY_MEASURE_WITH_UNIT (LENGTH_MEASURE( 1.000000000000000082E-05 ), #313, 'distance_accuracy_value', 'NONE');
#266 = LINE ( 'NONE', #1892, #131 ) ;
#267 = ORIENTED_EDGE ( 'NONE', *, *, #852, .F. ) ;
#268 = EDGE_CURVE ( 'NONE', #2197, #447, #27, .T. ) ;
#269 = EDGE_CURVE ( 'NONE', #2777, #420, #2498, .T. ) ;
#270 = CARTESIAN_POINT ( 'NONE',  ( -0.05333842114619175706, 0.02539370078740159006, -0.1350393700787401730 ) ) ;
#271 = ADVANCED_FACE ( 'NONE', ( #1995 ), #1339, .F. ) ;
#272 =( CONVERSION_BASED_UNIT ( 'INCH', #2205 ) LENGTH_UNIT ( ) NAMED_UNIT ( #2651 ) );
#273 = DIRECTION ( 'NONE',  ( 0.000000000000000000, 1.000000000000000000, -0.000000000000000000 ) ) ;
#274 = ORIENTED_EDGE ( 'NONE', *, *, #1726, .T. ) ;
#275 = PRESENTATION_STYLE_ASSIGNMENT (( #2445 ) ) ;
#276 = CARTESIAN_POINT ( 'NONE',  ( 0.05216535433070866590, -0.1950787401574803348, 0.1017716535433070696 ) ) ;
#277 = EDGE_LOOP ( 'NONE', ( #1425, #2499, #373, #366 ) ) ;
#278 = SURFACE_SIDE_STYLE ('',( #1476 ) ) ;
#279 = CARTESIAN_POINT ( 'NONE',  ( -0.01870078740157480462, -0.01162387489080508700, -0.1454513014956677619 ) ) ;
#280 = PLANE ( 'NONE',  #2412 ) ;
#281 = ORIENTED_EDGE ( 'NONE', *, *, #10, .T. ) ;
#282 = PLANE ( 'NONE',  #915 ) ;
#283 = EDGE_CURVE ( 'NONE', #2087, #2572, #1529, .T. ) ;
#284 = DIRECTION ( 'NONE',  ( 0.000000000000000000, 0.000000000000000000, -1.000000000000000000 ) ) ;
#285 = DIRECTION ( 'NONE',  ( -0.000000000000000000, -0.000000000000000000, -1.000000000000000000 ) ) ;
#286 = VECTOR ( 'NONE', #2657, 39.37007874015748143 ) ;
#287 = EDGE_CURVE ( 'NONE', #2859, #1120, #2964, .T. ) ;
#288 =( NAMED_UNIT ( * ) SI_UNIT ( $, .STERADIAN. ) SOLID_ANGLE_UNIT ( ) );
#289 = COLOUR_RGB ( '',0.6470588235294117974, 0.5176470588235293491, 0.000000000000000000 ) ;
#290 = ORIENTED_EDGE ( 'NONE', *, *, #9, .F. ) ;
#291 = LINE ( 'NONE', #2767, #353 ) ;
#292 = PLANE ( 'NONE',  #1460 ) ;
#293 = ORIENTED_EDGE ( 'NONE', *, *, #1809, .T. ) ;
#294 = DIRECTION ( 'NONE',  ( 1.000000000000000000, -0.000000000000000000, 4.336808689942010340E-16 ) ) ;
#295 = CARTESIAN_POINT ( 'NONE',  ( -0.01259842519685039526, 0.06476377952755905942, 0.08858267716535433989 ) ) ;
#296 = CARTESIAN_POINT ( 'NONE',  ( -0.05807086614173229133, -0.1271653543307086631, -0.02125984251968496275 ) ) ;
#297 = AXIS2_PLACEMENT_3D ( 'NONE', #1594, #1632, #430 ) ;
#298 = VERTEX_POINT ( 'NONE', #556 ) ;
#299 = LINE ( 'NONE', #2216, #1560 ) ;
#300 = AXIS2_PLACEMENT_3D ( 'NONE', #2149, #1426, #2162 ) ;
#301 = ORIENTED_EDGE ( 'NONE', *, *, #918, .T. ) ;
#302 = FACE_OUTER_BOUND ( 'NONE', #741, .T. ) ;
#303 = PRESENTATION_LAYER_ASSIGNMENT (  '', '', ( #42 ) ) ;
#304 = CARTESIAN_POINT ( 'NONE',  ( 0.1938976377952755792, 0.02539370078740157965, -0.1098425196850393720 ) ) ;
#305 = VECTOR ( 'NONE', #391, 39.37007874015748143 ) ;
#306 = FACE_OUTER_BOUND ( 'NONE', #2090, .T. ) ;
#307 = VERTEX_POINT ( 'NONE', #782 ) ;
#308 = EDGE_CURVE ( 'NONE', #247, #2087, #2730, .T. ) ;
#309 = EDGE_CURVE ( 'NONE', #2467, #2232, #1737, .T. ) ;
#310 = DIRECTION ( 'NONE',  ( 1.000000000000000000, 0.000000000000000000, -0.000000000000000000 ) ) ;
#311 = LINE ( 'NONE', #823, #245 ) ;
#312 = VERTEX_POINT ( 'NONE', #1252 ) ;
#313 =( CONVERSION_BASED_UNIT ( 'INCH', #2497 ) LENGTH_UNIT ( ) NAMED_UNIT ( #472 ) );
#314 = SURFACE_STYLE_FILL_AREA ( #2017 ) ;
#315 = DIRECTION ( 'NONE',  ( 0.000000000000000000, 9.637352644315589080E-17, -1.000000000000000000 ) ) ;
#316 = ORIENTED_EDGE ( 'NONE', *, *, #287, .T. ) ;
#317 = CARTESIAN_POINT ( 'NONE',  ( 0.1055118110236220597, -0.1005905511811023834, 0.06338582677165355284 ) ) ;
#318 = ORIENTED_EDGE ( 'NONE', *, *, #210, .T. ) ;
#319 = CARTESIAN_POINT ( 'NONE',  ( -0.05333842114619175706, -0.05334645669291340764, -0.1350393700787401730 ) ) ;
#320 = ORIENTED_EDGE ( 'NONE', *, *, #2472, .F. ) ;
#321 = FACE_OUTER_BOUND ( 'NONE', #1683, .T. ) ;
#322 = DIRECTION ( 'NONE',  ( 1.000000000000000000, 0.000000000000000000, -0.000000000000000000 ) ) ;
#323 = ORIENTED_EDGE ( 'NONE', *, *, #1033, .T. ) ;
#324 = CARTESIAN_POINT ( 'NONE',  ( 0.1938976377952755792, -0.1950787401574803348, 0.1519685039370078927 ) ) ;
#325 = SURFACE_STYLE_USAGE ( .BOTH. , #1310 ) ;
#326 = ADVANCED_FACE ( 'NONE', ( #2059 ), #1391, .T. ) ;
#327 = ORIENTED_EDGE ( 'NONE', *, *, #2346, .T. ) ;
#328 = SURFACE_SIDE_STYLE ('',( #314 ) ) ;
#329 = EDGE_CURVE ( 'NONE', #2019, #1593, #1158, .T. ) ;
#330 = DIRECTION ( 'NONE',  ( -1.000000000000000000, 0.000000000000000000, -0.000000000000000000 ) ) ;
#331 = VERTEX_POINT ( 'NONE', #2855 ) ;
#332 = ORIENTED_EDGE ( 'NONE', *, *, #1667, .F. ) ;
#333 = PLANE ( 'NONE',  #2058 ) ;
#334 = ORIENTED_EDGE ( 'NONE', *, *, #1320, .F. ) ;
#335 = DIRECTION ( 'NONE',  ( -1.000000000000000000, 0.000000000000000000, -0.000000000000000000 ) ) ;
#336 = PLANE ( 'NONE',  #2865 ) ;
#337 = VERTEX_POINT ( 'NONE', #1897 ) ;
#338 = DIRECTION ( 'NONE',  ( 0.000000000000000000, 0.000000000000000000, -1.000000000000000000 ) ) ;
#339 = AXIS2_PLACEMENT_3D ( 'NONE', #1267, #869, #2245 ) ;
#340 = EDGE_LOOP ( 'NONE', ( #885, #2742, #925, #1985 ) ) ;
#341 = PRODUCT_DEFINITION_CONTEXT ( 'detailed design', #2905, 'design' ) ;
#342 = EDGE_CURVE ( 'NONE', #2487, #2398, #2214, .T. ) ;
#343 = DIRECTION ( 'NONE',  ( -4.336808689942010340E-16, -0.000000000000000000, 1.000000000000000000 ) ) ;
#344 = VECTOR ( 'NONE', #2814, 39.37007874015748143 ) ;
#345 = ORIENTED_EDGE ( 'NONE', *, *, #2567, .T. ) ;
#346 = ADVANCED_FACE ( 'NONE', ( #2868 ), #2385, .F. ) ;
#347 = CARTESIAN_POINT ( 'NONE',  ( 0.01870078740157484626, -0.02531911916773564933, -0.1492416424351508120 ) ) ;
#348 = ADVANCED_FACE ( 'NONE', ( #982, #498, #3142 ), #486, .T. ) ;
#349 = AXIS2_PLACEMENT_3D ( 'NONE', #950, #1144, #2328 ) ;
#350 = VERTEX_POINT ( 'NONE', #755 ) ;
#351 = CARTESIAN_POINT ( 'NONE',  ( 0.1055118110236220597, -0.1005905511811023834, 0.000000000000000000 ) ) ;
#352 = AXIS2_PLACEMENT_3D ( 'NONE', #1485, #285, #2145 ) ;
#353 = VECTOR ( 'NONE', #2042, 39.37007874015748143 ) ;
#354 = DIRECTION ( 'NONE',  ( -0.000000000000000000, -0.000000000000000000, -1.000000000000000000 ) ) ;
#355 = VECTOR ( 'NONE', #2921, 39.37007874015748143 ) ;
#356 = LINE ( 'NONE', #2288, #2052 ) ;
#357 = VERTEX_POINT ( 'NONE', #1025 ) ;
#358 = B_SPLINE_CURVE_WITH_KNOTS ( 'NONE', 3,
 ( #2135, #1656, #2079, #2341, #3060, #921 ),
 .UNSPECIFIED., .F., .F.,
 ( 4, 2, 4 ),
 ( 4.231844275431298332E-16, 0.0002047898823629222911, 0.0004095797647254213639 ),
 .UNSPECIFIED. ) ;
#359 = DIRECTION ( 'NONE',  ( 0.000000000000000000, 0.000000000000000000, 1.000000000000000000 ) ) ;
#360 = VECTOR ( 'NONE', #59, 39.37007874015748143 ) ;
#361 = ORIENTED_EDGE ( 'NONE', *, *, #2132, .F. ) ;
#362 = DIRECTION ( 'NONE',  ( 0.000000000000000000, 0.000000000000000000, -1.000000000000000000 ) ) ;
#363 = CARTESIAN_POINT ( 'NONE',  ( 0.01476377952755905665, -0.01397637795275590705, -0.1350393700787401730 ) ) ;
#364 = ORIENTED_EDGE ( 'NONE', *, *, #2689, .F. ) ;
#365 = LINE ( 'NONE', #1595, #2429 ) ;
#366 = ORIENTED_EDGE ( 'NONE', *, *, #2454, .F. ) ;
#367 = DIRECTION ( 'NONE',  ( 1.000000000000000000, 0.000000000000000000, 0.000000000000000000 ) ) ;
#368 = ADVANCED_FACE ( 'NONE', ( #306 ), #1436, .F. ) ;
#369 = ADVANCED_FACE ( 'NONE', ( #2680 ), #239, .F. ) ;
#370 = CARTESIAN_POINT ( 'NONE',  ( -0.1938976377952755792, 0.1950787401574803070, 0.1519685039370078927 ) ) ;
#371 = LINE ( 'NONE', #1075, #1752 ) ;
#372 = ADVANCED_FACE ( 'NONE', ( #787 ), #1990, .T. ) ;
#373 = ORIENTED_EDGE ( 'NONE', *, *, #660, .F. ) ;
#374 = DIRECTION ( 'NONE',  ( 5.421010862427519705E-17, -0.000000000000000000, 1.000000000000000000 ) ) ;
#375 = ORIENTED_EDGE ( 'NONE', *, *, #1285, .F. ) ;
#376 = LINE ( 'NONE', #1094, #1866 ) ;
#377 = EDGE_LOOP ( 'NONE', ( #149, #1210, #744, #910 ) ) ;
#378 = FILL_AREA_STYLE_COLOUR ( '', #1913 ) ;
#379 = DIRECTION ( 'NONE',  ( 0.000000000000000000, -1.000000000000000000, -0.000000000000000000 ) ) ;
#380 = DIRECTION ( 'NONE',  ( 0.000000000000000000, -0.000000000000000000, -1.000000000000000000 ) ) ;
#381 = CARTESIAN_POINT ( 'NONE',  ( -0.01870078740157479769, -0.05334645669291339376, -0.1098425196850393581 ) ) ;
#382 = EDGE_CURVE ( 'NONE', #640, #1917, #45, .T. ) ;
#383 = DIRECTION ( 'NONE',  ( 0.000000000000000000, -1.000000000000000000, -0.000000000000000000 ) ) ;
#384 = EDGE_LOOP ( 'NONE', ( #1572, #2377, #2642, #2009 ) ) ;
#385 = PLANE ( 'NONE',  #1452 ) ;
#386 = CARTESIAN_POINT ( 'NONE',  ( 0.01870078740157484279, 0.02539370078740158312, -1.311287036958846598E-17 ) ) ;
#387 = ADVANCED_FACE ( 'NONE', ( #740 ), #1697, .T. ) ;
#388 = CARTESIAN_POINT ( 'NONE',  ( -0.02657480314960630058, -0.1950787401574803348, 0.02381889763779523536 ) ) ;
#389 = ORIENTED_EDGE ( 'NONE', *, *, #64, .F. ) ;
#390 = CARTESIAN_POINT ( 'NONE',  ( 0.000000000000000000, 0.1679133858267716495, 0.000000000000000000 ) ) ;
#391 = DIRECTION ( 'NONE',  ( 0.000000000000000000, 0.000000000000000000, 1.000000000000000000 ) ) ;
#392 = VECTOR ( 'NONE', #3107, 39.37007874015748143 ) ;
#393 = VERTEX_POINT ( 'NONE', #2736 ) ;
#394 = AXIS2_PLACEMENT_3D ( 'NONE', #2990, #2976, #322 ) ;
#395 = PLANE ( 'NONE',  #860 ) ;
#396 = CARTESIAN_POINT ( 'NONE',  ( 0.1938976377952755792, 0.1950787401574803348, 0.1519685039370078927 ) ) ;
#397 = EDGE_LOOP ( 'NONE', ( #1028, #2039, #293, #515, #2628, #674 ) ) ;
#398 = VECTOR ( 'NONE', #1867, 39.37007874015748143 ) ;
#399 = ORIENTED_EDGE ( 'NONE', *, *, #1626, .T. ) ;
#400 = PRESENTATION_LAYER_ASSIGNMENT (  '', '', ( #1503 ) ) ;
#401 = CYLINDRICAL_SURFACE ( 'NONE', #1672, 0.04330708661417324162 ) ;
#402 = CARTESIAN_POINT ( 'NONE',  ( 0.1055118110236220597, 0.1427165354330712788, -0.1460629921259842534 ) ) ;
#403 = CIRCLE ( 'NONE', #2173, 0.04330708661417324162 ) ;
#404 = EDGE_LOOP ( 'NONE', ( #2942, #234, #601, #1801, #481 ) ) ;
#405 = DIRECTION ( 'NONE',  ( 1.000000000000000000, 0.000000000000000000, 3.252606517456509851E-16 ) ) ;
#406 = CARTESIAN_POINT ( 'NONE',  ( 0.1938976377952755514, 0.1950787401574803348, 0.000000000000000000 ) ) ;
#407 = VECTOR ( 'NONE', #2169, 39.37007874015748143 ) ;
#408 = CARTESIAN_POINT ( 'NONE',  ( 0.02755905511811023584, -0.1730314960629921461, 0.1519685039370078927 ) ) ;
#409 = EDGE_CURVE ( 'NONE', #337, #1143, #1340, .T. ) ;
#410 = EDGE_CURVE ( 'NONE', #2295, #247, #820, .T. ) ;
#411 = EDGE_LOOP ( 'NONE', ( #1261, #524, #689, #2263 ) ) ;
#412 = FACE_OUTER_BOUND ( 'NONE', #575, .T. ) ;
#413 = FACE_BOUND ( 'NONE', #2301, .T. ) ;
#414 = AXIS2_PLACEMENT_3D ( 'NONE', #61, #3007, #838 ) ;
#415 = PRODUCT ( '2157602003', '2157602003', '', ( #209 ) ) ;
#416 = EDGE_LOOP ( 'NONE', ( #2875, #20, #927, #1943 ) ) ;
#417 = CARTESIAN_POINT ( 'NONE',  ( 0.02416059252604400159, -0.02781922527256351294, -0.1491510089724228938 ) ) ;
#418 = ORIENTED_EDGE ( 'NONE', *, *, #2738, .T. ) ;
#419 = DIRECTION ( 'NONE',  ( 0.000000000000000000, 0.000000000000000000, 1.000000000000000000 ) ) ;
#420 = VERTEX_POINT ( 'NONE', #1814 ) ;
#421 = DIRECTION ( 'NONE',  ( 0.000000000000000000, 1.000000000000000000, 0.000000000000000000 ) ) ;
#422 = ORIENTED_EDGE ( 'NONE', *, *, #1226, .F. ) ;
#423 = LINE ( 'NONE', #1652, #97 ) ;
#424 = FILL_AREA_STYLE ('',( #1424 ) ) ;
#425 = ORIENTED_EDGE ( 'NONE', *, *, #2661, .T. ) ;
#426 = CARTESIAN_POINT ( 'NONE',  ( -0.02657480314960633874, -0.1950787401574803348, 0.02381889763779523536 ) ) ;
#427 = CARTESIAN_POINT ( 'NONE',  ( 0.06594488188976381504, 0.06476377952755904555, 0.04940944881889763191 ) ) ;
#428 = EDGE_CURVE ( 'NONE', #702, #2485, #2251, .T. ) ;
#429 = EDGE_LOOP ( 'NONE', ( #2605, #1766, #2640, #2098 ) ) ;
#430 = DIRECTION ( 'NONE',  ( 0.000000000000000000, 0.000000000000000000, -1.000000000000000000 ) ) ;
#431 = EDGE_CURVE ( 'NONE', #2572, #828, #371, .T. ) ;
#432 = CARTESIAN_POINT ( 'NONE',  ( 0.02473378889442812492, -0.01397637795275590532, -0.1512698035907091842 ) ) ;
#433 = CARTESIAN_POINT ( 'NONE',  ( 0.03368870431181318625, -0.02281871313664891529, -0.1511177842646917180 ) ) ;
#434 = ORIENTED_EDGE ( 'NONE', *, *, #2224, .F. ) ;
#435 = LINE ( 'NONE', #864, #811 ) ;
#436 = DIRECTION ( 'NONE',  ( 0.000000000000000000, 0.000000000000000000, -1.000000000000000000 ) ) ;
#437 = FACE_OUTER_BOUND ( 'NONE', #672, .T. ) ;
#438 = CARTESIAN_POINT ( 'NONE',  ( -0.1055118110236220597, 0.06476377952755905942, 0.08858267716535433989 ) ) ;
#439 = VERTEX_POINT ( 'NONE', #1059 ) ;
#440 = LINE ( 'NONE', #1657, #1675 ) ;
#441 = VERTEX_POINT ( 'NONE', #624 ) ;
#442 = DIRECTION ( 'NONE',  ( -0.000000000000000000, -1.000000000000000000, -0.000000000000000000 ) ) ;
#443 = DIRECTION ( 'NONE',  ( 0.000000000000000000, -0.000000000000000000, -1.000000000000000000 ) ) ;
#444 = ORIENTED_EDGE ( 'NONE', *, *, #1721, .F. ) ;
#445 = CARTESIAN_POINT ( 'NONE',  ( 0.02138860264244387202, -0.03790604938333107243, -0.1443838085992651954 ) ) ;
#446 = AXIS2_PLACEMENT_3D ( 'NONE', #2463, #2712, #1031 ) ;
#447 = VERTEX_POINT ( 'NONE', #2490 ) ;
#448 = ADVANCED_FACE ( 'NONE', ( #2007 ), #2504, .T. ) ;
#449 = EDGE_CURVE ( 'NONE', #3028, #1929, #95, .T. ) ;
#450 = AXIS2_PLACEMENT_3D ( 'NONE', #1215, #1502, #2411 ) ;
#451 = FACE_OUTER_BOUND ( 'NONE', #455, .T. ) ;
#452 = CARTESIAN_POINT ( 'NONE',  ( 0.1055118110236224482, 0.1679133858267713442, -0.1460629921259842534 ) ) ;
#453 = VECTOR ( 'NONE', #2460, 39.37007874015748143 ) ;
#454 = FILL_AREA_STYLE_COLOUR ( '', #2513 ) ;
#455 = EDGE_LOOP ( 'NONE', ( #1064, #593, #2297, #1256 ) ) ;
#456 = AXIS2_PLACEMENT_3D ( 'NONE', #3053, #655, #173 ) ;
#457 = VECTOR ( 'NONE', #2107, 39.37007874015748143 ) ;
#458 = DIRECTION ( 'NONE',  ( -1.000000000000000000, 2.032879073410350002E-15, -0.000000000000000000 ) ) ;
#459 = DIRECTION ( 'NONE',  ( 1.000000000000000000, 0.000000000000000000, 0.000000000000000000 ) ) ;
#460 = ORIENTED_EDGE ( 'NONE', *, *, #2284, .T. ) ;
#461 = CARTESIAN_POINT ( 'NONE',  ( 0.1307086614173228467, -0.1005905511811023834, 0.06338582677165355284 ) ) ;
#462 = PLANE ( 'NONE',  #3086 ) ;
#463 = VECTOR ( 'NONE', #2063, 39.37007874015748143 ) ;
#464 = DIRECTION ( 'NONE',  ( -0.000000000000000000, -1.000000000000000000, 0.000000000000000000 ) ) ;
#465 = DIRECTION ( 'NONE',  ( -1.000000000000000000, -0.000000000000000000, -0.000000000000000000 ) ) ;
#466 = ORIENTED_EDGE ( 'NONE', *, *, #2346, .F. ) ;
#467 = DIRECTION ( 'NONE',  ( -7.453889935837970779E-15, -1.000000000000000000, 0.000000000000000000 ) ) ;
#468 = B_SPLINE_CURVE_WITH_KNOTS ( 'NONE', 3,
 ( #2185, #2437, #18, #1003, #1693, #279, #1250, #1018 ),
 .UNSPECIFIED., .F., .F.,
 ( 4, 2, 2, 4 ),
 ( 1.270549420881450509E-18, 0.0001848820378487550913, 0.0002773230567731323117, 0.0003697640756975095321 ),
 .UNSPECIFIED. ) ;
#469 = ADVANCED_FACE ( 'NONE', ( #833 ), #336, .F. ) ;
#470 = CARTESIAN_POINT ( 'NONE',  ( -0.03280541612187339029, 0.02539370078740156925, -0.09015748031496062520 ) ) ;
#471 = SURFACE_STYLE_USAGE ( .BOTH. , #1451 ) ;
#472 = DIMENSIONAL_EXPONENTS ( 1.000000000000000000, 0.000000000000000000, 0.000000000000000000, 0.000000000000000000, 0.000000000000000000, 0.000000000000000000, 0.000000000000000000 ) ;
#473 = EDGE_CURVE ( 'NONE', #2419, #568, #590, .T. ) ;
#474 = DIRECTION ( 'NONE',  ( -7.453889935837980246E-15, -1.000000000000000000, -0.000000000000000000 ) ) ;
#475 = ORIENTED_EDGE ( 'NONE', *, *, #2479, .F. ) ;
#476 = CARTESIAN_POINT ( 'NONE',  ( -0.03280541612187336947, -0.05334645669291339376, -0.09015748031496062520 ) ) ;
#477 = ORIENTED_EDGE ( 'NONE', *, *, #1719, .F. ) ;
#478 = PLANE ( 'NONE',  #3129 ) ;
#479 = FACE_OUTER_BOUND ( 'NONE', #2932, .T. ) ;
#480 = CARTESIAN_POINT ( 'NONE',  ( -0.06594488188976378729, 0.06476377952755904555, 0.1281496062992125984 ) ) ;
#481 = ORIENTED_EDGE ( 'NONE', *, *, #876, .T. ) ;
#482 = CARTESIAN_POINT ( 'NONE',  ( 0.000000000000000000, 0.000000000000000000, 0.000000000000000000 ) ) ;
#483 = FACE_OUTER_BOUND ( 'NONE', #158, .T. ) ;
#484 = EDGE_CURVE ( 'NONE', #1929, #1323, #865, .T. ) ;
#485 = FACE_OUTER_BOUND ( 'NONE', #1496, .T. ) ;
#486 = PLANE ( 'NONE',  #450 ) ;
#487 = EDGE_LOOP ( 'NONE', ( #1365, #2274, #1744, #2545 ) ) ;
#488 = ADVANCED_FACE ( 'NONE', ( #1584 ), #856, .T. ) ;
#489 = DIRECTION ( 'NONE',  ( 1.000000000000000000, -0.000000000000000000, 0.000000000000000000 ) ) ;
#490 = DIRECTION ( 'NONE',  ( 0.000000000000000000, 9.637352644315589080E-17, 1.000000000000000000 ) ) ;
#491 = DIMENSIONAL_EXPONENTS ( 1.000000000000000000, 0.000000000000000000, 0.000000000000000000, 0.000000000000000000, 0.000000000000000000, 0.000000000000000000, 0.000000000000000000 ) ;
#492 = ORIENTED_EDGE ( 'NONE', *, *, #1842, .T. ) ;
#493 = DIRECTION ( 'NONE',  ( 1.000000000000000000, 0.000000000000000000, 3.252606517456509851E-16 ) ) ;
#494 = CARTESIAN_POINT ( 'NONE',  ( 0.02755905511811023584, -0.1730314960629921184, 0.1519685039370078927 ) ) ;
#495 = CARTESIAN_POINT ( 'NONE',  ( 0.01578832871567222018, -0.01027558096378943658, -0.1447401325263927563 ) ) ;
#496 = ORIENTED_EDGE ( 'NONE', *, *, #1181, .T. ) ;
#497 = CYLINDRICAL_SURFACE ( 'NONE', #858, 0.04330708661417324162 ) ;
#498 = FACE_OUTER_BOUND ( 'NONE', #2984, .T. ) ;
#499 = AXIS2_PLACEMENT_3D ( 'NONE', #1568, #1597, #1368 ) ;
#500 = ORIENTED_EDGE ( 'NONE', *, *, #3138, .F. ) ;
#501 = CARTESIAN_POINT ( 'NONE',  ( 0.01259842519685039353, -0.1005905511811023834, 0.06338582677165355284 ) ) ;
#502 = DIRECTION ( 'NONE',  ( 0.000000000000000000, 0.5446390350150269732, -0.8386705679454241613 ) ) ;
#503 = VECTOR ( 'NONE', #1576, 39.37007874015748143 ) ;
#504 = EDGE_CURVE ( 'NONE', #393, #2215, #2751, .T. ) ;
#505 = EDGE_CURVE ( 'NONE', #2194, #2512, #356, .T. ) ;
#506 = VECTOR ( 'NONE', #92, 39.37007874015748143 ) ;
#507 = VECTOR ( 'NONE', #1603, 39.37007874015748143 ) ;
#508 = ORIENTED_EDGE ( 'NONE', *, *, #1684, .T. ) ;
#509 = CARTESIAN_POINT ( 'NONE',  ( 0.05096647768813451079, 0.02278353723242062395, -0.1138618190931802443 ) ) ;
#510 = CARTESIAN_POINT ( 'NONE',  ( -0.04622057434635398754, -0.04551650967223493799, -0.1218995807707064644 ) ) ;
#511 = VECTOR ( 'NONE', #421, 39.37007874015748143 ) ;
#512 = VECTOR ( 'NONE', #2047, 39.37007874015748143 ) ;
#513 = EDGE_CURVE ( 'NONE', #1734, #1171, #3004, .T. ) ;
#514 = LINE ( 'NONE', #1468, #699 ) ;
#515 = ORIENTED_EDGE ( 'NONE', *, *, #1521, .F. ) ;
#516 = VECTOR ( 'NONE', #2387, 39.37007874015748143 ) ;
#517 = DIMENSIONAL_EXPONENTS ( 1.000000000000000000, 0.000000000000000000, 0.000000000000000000, 0.000000000000000000, 0.000000000000000000, 0.000000000000000000, 0.000000000000000000 ) ;
#518 = VECTOR ( 'NONE', #917, 39.37007874015748143 ) ;
#519 = DIRECTION ( 'NONE',  ( -1.000000000000000000, 0.000000000000000000, 0.000000000000000000 ) ) ;
#520 = PLANE ( 'NONE',  #2823 ) ;
#521 = VERTEX_POINT ( 'NONE', #2764 ) ;
#522 = CARTESIAN_POINT ( 'NONE',  ( -0.1938976377952755792, -0.1950787401574803348, 0.1519685039370078927 ) ) ;
#523 = FILL_AREA_STYLE ('',( #2684 ) ) ;
#524 = ORIENTED_EDGE ( 'NONE', *, *, #2454, .T. ) ;
#525 = FILL_AREA_STYLE ('',( #2686 ) ) ;
#526 = EDGE_CURVE ( 'NONE', #1461, #648, #611, .T. ) ;
#527 = LINE ( 'NONE', #1490, #355 ) ;
#528 = CARTESIAN_POINT ( 'NONE',  ( 0.01476377952755913471, -0.06909448818897637179, -0.09015748031496062520 ) ) ;
#529 = VERTEX_POINT ( 'NONE', #2536 ) ;
#530 = EDGE_CURVE ( 'NONE', #2519, #2487, #1039, .T. ) ;
#531 = CARTESIAN_POINT ( 'NONE',  ( -0.01870078740157480462, -0.1271653543307086631, -0.02125984251968496275 ) ) ;
#532 = CARTESIAN_POINT ( 'NONE',  ( -0.01476377952755905665, -0.01397637795275590705, -0.09015748031496062520 ) ) ;
#533 = CARTESIAN_POINT ( 'NONE',  ( -0.06594488188976378729, 0.06476377952755904555, 0.02381889763779523536 ) ) ;
#534 = ORIENTED_EDGE ( 'NONE', *, *, #449, .T. ) ;
#535 = DIRECTION ( 'NONE',  ( 0.000000000000000000, 0.7342720682754586559, 0.6788553084056131448 ) ) ;
#536 = VERTEX_POINT ( 'NONE', #3037 ) ;
#537 = DIRECTION ( 'NONE',  ( 1.000000000000000000, 0.000000000000000000, 0.000000000000000000 ) ) ;
#538 = CARTESIAN_POINT ( 'NONE',  ( -0.01259842519685039526, 0.06476377952755905942, 0.08858267716535433989 ) ) ;
#539 = ORIENTED_EDGE ( 'NONE', *, *, #1055, .F. ) ;
#540 = DIRECTION ( 'NONE',  ( -0.000000000000000000, -0.000000000000000000, -1.000000000000000000 ) ) ;
#541 = ORIENTED_EDGE ( 'NONE', *, *, #109, .F. ) ;
#542 = B_SPLINE_CURVE_WITH_KNOTS ( 'NONE', 3,
 ( #2759, #347, #875, #602, #1284, #1564, #1301, #1050 ),
 .UNSPECIFIED., .F., .F.,
 ( 4, 2, 2, 4 ),
 ( 3.080144053101982176E-15, 0.0001848821466565110010, 0.0002773232199832262974, 0.0003697642933099415667 ),
 .UNSPECIFIED. ) ;
#543 = CARTESIAN_POINT ( 'NONE',  ( -0.1055118110236220597, -0.1005905511811023834, 0.06338582677165355284 ) ) ;
#544 = ADVANCED_FACE ( 'NONE', ( #1087, #2313 ), #2053, .T. ) ;
#545 = EDGE_CURVE ( 'NONE', #2512, #2961, #2143, .T. ) ;
#546 = CARTESIAN_POINT ( 'NONE',  ( -0.01259842519685038659, 0.1427165354330712788, -0.1460629921259842534 ) ) ;
#547 = AXIS2_PLACEMENT_3D ( 'NONE', #2941, #1765, #1109 ) ;
#548 =( NAMED_UNIT ( * ) PLANE_ANGLE_UNIT ( ) SI_UNIT ( $, .RADIAN. ) );
#549 = ORIENTED_EDGE ( 'NONE', *, *, #2688, .T. ) ;
#550 = DIRECTION ( 'NONE',  ( -1.000000000000000000, 0.000000000000000000, 0.000000000000000000 ) ) ;
#551 = CARTESIAN_POINT ( 'NONE',  ( -0.01870078740157480462, -0.1271653543307086631, -0.02125984251968503908 ) ) ;
#552 = VECTOR ( 'NONE', #2409, 39.37007874015748143 ) ;
#553 = VERTEX_POINT ( 'NONE', #1638 ) ;
#554 = VECTOR ( 'NONE', #1948, 39.37007874015748143 ) ;
#555 = DIRECTION ( 'NONE',  ( -0.000000000000000000, -1.000000000000000000, 0.000000000000000000 ) ) ;
#556 = CARTESIAN_POINT ( 'NONE',  ( 0.05333842114619176400, -0.05334645669291340070, -0.09015748031496062520 ) ) ;
#557 = ORIENTED_EDGE ( 'NONE', *, *, #3116, .T. ) ;
#558 = VECTOR ( 'NONE', #1570, 39.37007874015748143 ) ;
#559 = CARTESIAN_POINT ( 'NONE',  ( 0.03280541612187339029, -0.05334645669291339376, -0.09015748031496062520 ) ) ;
#560 = VECTOR ( 'NONE', #1430, 39.37007874015748143 ) ;
#561 = ORIENTED_EDGE ( 'NONE', *, *, #431, .F. ) ;
#562 = CARTESIAN_POINT ( 'NONE',  ( 0.000000000000000000, 0.1271653543307086631, -0.02125984251968496275 ) ) ;
#563 = CIRCLE ( 'NONE', #2678, 0.04330708661417324162 ) ;
#564 = CARTESIAN_POINT ( 'NONE',  ( -0.05216535433070866590, 0.06476377952755904555, 0.1281496062992125984 ) ) ;
#565 = ADVANCED_FACE ( 'NONE', ( #3054 ), #2617, .T. ) ;
#566 = VECTOR ( 'NONE', #343, 39.37007874015748143 ) ;
#567 = CARTESIAN_POINT ( 'NONE',  ( -0.1055118110236220597, -0.1005905511811023834, 0.06338582677165355284 ) ) ;
#568 = VERTEX_POINT ( 'NONE', #705 ) ;
#569 = LINE ( 'NONE', #1062, #2824 ) ;
#570 = CARTESIAN_POINT ( 'NONE',  ( -0.01870078740157480462, -0.1271653543307086631, -0.02125984251968496275 ) ) ;
#571 = EDGE_CURVE ( 'NONE', #1971, #1110, #1843, .T. ) ;
#572 = EDGE_LOOP ( 'NONE', ( #127, #7, #1763, #1619 ) ) ;
#573 = PLANE ( 'NONE',  #187 ) ;
#574 = ORIENTED_EDGE ( 'NONE', *, *, #2417, .T. ) ;
#575 = EDGE_LOOP ( 'NONE', ( #1996, #801, #2557, #208 ) ) ;
#576 = LINE ( 'NONE', #2987, #1854 ) ;
#577 = PLANE ( 'NONE',  #2378 ) ;
#578 = DIRECTION ( 'NONE',  ( 0.000000000000000000, -0.5446390350150287496, -0.8386705679454228290 ) ) ;
#579 = ORIENTED_EDGE ( 'NONE', *, *, #2131, .F. ) ;
#580 = SURFACE_SIDE_STYLE ('',( #1309 ) ) ;
#581 = ADVANCED_FACE ( 'NONE', ( #2351 ), #2603, .T. ) ;
#582 = EDGE_LOOP ( 'NONE', ( #2658, #1520, #1311, #973 ) ) ;
#583 = LENGTH_MEASURE_WITH_UNIT ( LENGTH_MEASURE( 0.02539999999999999897 ), #1489 );
#584 = DIRECTION ( 'NONE',  ( 0.7071067811865469066, 0.000000000000000000, -0.7071067811865479058 ) ) ;
#585 = VERTEX_POINT ( 'NONE', #1881 ) ;
#586 = CARTESIAN_POINT ( 'NONE',  ( -0.1307086614173228467, 0.06476377952755905942, 0.08858267716535433989 ) ) ;
#587 = VERTEX_POINT ( 'NONE', #1671 ) ;
#588 = PLANE ( 'NONE',  #1611 ) ;
#589 = CARTESIAN_POINT ( 'NONE',  ( 0.01259842519685027556, 0.1679133858267712609, -0.1460629921259842534 ) ) ;
#590 = LINE ( 'NONE', #1038, #1497 ) ;
#591 = ORIENTED_EDGE ( 'NONE', *, *, #698, .T. ) ;
#592 = LENGTH_MEASURE_WITH_UNIT ( LENGTH_MEASURE( 0.02539999999999999897 ), #2539 );
#593 = ORIENTED_EDGE ( 'NONE', *, *, #3101, .F. ) ;
#594 = LINE ( 'NONE', #1556, #86 ) ;
#595 = UNCERTAINTY_MEASURE_WITH_UNIT (LENGTH_MEASURE( 1.000000000000000082E-05 ), #3003, 'distance_accuracy_value', 'NONE');
#596 = CARTESIAN_POINT ( 'NONE',  ( -0.1702755905511811052, -0.1950787401574803348, 0.04940944881889763191 ) ) ;
#597 = AXIS2_PLACEMENT_3D ( 'NONE', #2549, #1322, #122 ) ;
#598 = ADVANCED_FACE ( 'NONE', ( #1371 ), #2586, .T. ) ;
#599 = ADVANCED_FACE ( 'NONE', ( #191 ), #2103, .F. ) ;
#600 = AXIS2_PLACEMENT_3D ( 'NONE', #2116, #182, #3088 ) ;
#601 = ORIENTED_EDGE ( 'NONE', *, *, #1264, .F. ) ;
#602 = CARTESIAN_POINT ( 'NONE',  ( 0.01870078740157484279, -0.01955918877536448955, -0.1471967085711347323 ) ) ;
#603 = EDGE_CURVE ( 'NONE', #2848, #1676, #2395, .T. ) ;
#604 = AXIS2_PLACEMENT_3D ( 'NONE', #713, #1689, #14 ) ;
#605 = EDGE_LOOP ( 'NONE', ( #1666, #203, #2748, #770 ) ) ;
#606 = CARTESIAN_POINT ( 'NONE',  ( -0.06594488188976378729, -0.1950787401574803348, 0.02381889763779523536 ) ) ;
#607 = VECTOR ( 'NONE', #1686, 39.37007874015748143 ) ;
#608 = CIRCLE ( 'NONE', #2375, 0.05511811023622047861 ) ;
#609 = DIRECTION ( 'NONE',  ( 0.000000000000000000, 0.000000000000000000, -1.000000000000000000 ) ) ;
#610 = VECTOR ( 'NONE', #616, 39.37007874015748143 ) ;
#611 = LINE ( 'NONE', #1571, #1238 ) ;
#612 = ORIENTED_EDGE ( 'NONE', *, *, #2224, .T. ) ;
#613 = VECTOR ( 'NONE', #1161, 39.37007874015748143 ) ;
#614 = CARTESIAN_POINT ( 'NONE',  ( -0.1938976377952755792, 0.1950787401574803070, 0.000000000000000000 ) ) ;
#615 = EDGE_LOOP ( 'NONE', ( #1183, #253, #1602, #778 ) ) ;
#616 = DIRECTION ( 'NONE',  ( -0.000000000000000000, -1.000000000000000000, 0.000000000000000000 ) ) ;
#617 = ORIENTED_EDGE ( 'NONE', *, *, #2702, .F. ) ;
#618 = EDGE_CURVE ( 'NONE', #13, #1586, #2836, .T. ) ;
#619 = LINE ( 'NONE', #102, #94 ) ;
#620 = ORIENTED_EDGE ( 'NONE', *, *, #2897, .F. ) ;
#621 = LINE ( 'NONE', #2734, #1241 ) ;
#622 = ADVANCED_FACE ( 'NONE', ( #451 ), #2565, .T. ) ;
#623 = LINE ( 'NONE', #2796, #1004 ) ;
#624 = CARTESIAN_POINT ( 'NONE',  ( 0.01870078740157484279, 0.1271653543307086631, -0.02125984251968496275 ) ) ;
#625 = ORIENTED_EDGE ( 'NONE', *, *, #2861, .T. ) ;
#626 = LINE ( 'NONE', #2364, #2631 ) ;
#627 = DIRECTION ( 'NONE',  ( -1.000000000000000000, 0.000000000000000000, -0.000000000000000000 ) ) ;
#628 = LINE ( 'NONE', #296, #799 ) ;
#629 = ORIENTED_EDGE ( 'NONE', *, *, #1459, .F. ) ;
#630 = LINE ( 'NONE', #390, #1802 ) ;
#631 = LINE ( 'NONE', #1328, #566 ) ;
#632 = ORIENTED_EDGE ( 'NONE', *, *, #3008, .F. ) ;
#633 = CARTESIAN_POINT ( 'NONE',  ( 0.02141067422803126508, -0.02778618667233693357, -0.1492018839553652942 ) ) ;
#634 = VERTEX_POINT ( 'NONE', #2797 ) ;
#635 = CARTESIAN_POINT ( 'NONE',  ( 0.02833492661621834705, -0.02985603904145557944, -0.1511177842646917180 ) ) ;
#636 = ORIENTED_EDGE ( 'NONE', *, *, #1775, .T. ) ;
#637 = DIRECTION ( 'NONE',  ( 0.000000000000000000, -0.000000000000000000, -1.000000000000000000 ) ) ;
#638 = EDGE_CURVE ( 'NONE', #3032, #2197, #1225, .T. ) ;
#639 = SURFACE_STYLE_FILL_AREA ( #211 ) ;
#640 = VERTEX_POINT ( 'NONE', #2427 ) ;
#641 = CARTESIAN_POINT ( 'NONE',  ( -0.1307086614173224581, 0.1679133858267716495, -0.1460629921259842534 ) ) ;
#642 = LINE ( 'NONE', #2569, #669 ) ;
#643 = CARTESIAN_POINT ( 'NONE',  ( 0.02755905511811023584, -0.08011811023622049388, 0.1519685039370078927 ) ) ;
#644 = ORIENTED_EDGE ( 'NONE', *, *, #2739, .T. ) ;
#645 = PLANE ( 'NONE',  #1403 ) ;
#646 = LINE ( 'NONE', #922, #2126 ) ;
#647 = CIRCLE ( 'NONE', #2050, 0.04330708661417324162 ) ;
#648 = VERTEX_POINT ( 'NONE', #256 ) ;
#649 = VECTOR ( 'NONE', #2518, 39.37007874015748143 ) ;
#650 = DIRECTION ( 'NONE',  ( -0.000000000000000000, 0.000000000000000000, 1.000000000000000000 ) ) ;
#651 = ORIENTED_EDGE ( 'NONE', *, *, #526, .T. ) ;
#652 = AXIS2_PLACEMENT_3D ( 'NONE', #2191, #519, #1498 ) ;
#653 = CARTESIAN_POINT ( 'NONE',  ( 0.01751746041881297594, -0.01719847251955060330, -0.1447401325263951433 ) ) ;
#654 = ORIENTED_EDGE ( 'NONE', *, *, #2702, .T. ) ;
#655 = DIRECTION ( 'NONE',  ( 1.000000000000000000, -0.000000000000000000, 4.336808689942010340E-16 ) ) ;
#656 = DIRECTION ( 'NONE',  ( 1.000000000000000000, -0.000000000000000000, 0.000000000000000000 ) ) ;
#657 = AXIS2_PLACEMENT_3D ( 'NONE', #1553, #2478, #1063 ) ;
#658 = VECTOR ( 'NONE', #2144, 39.37007874015748143 ) ;
#659 = ORIENTED_EDGE ( 'NONE', *, *, #2320, .T. ) ;
#660 = EDGE_CURVE ( 'NONE', #1171, #2295, #967, .T. ) ;
#661 = LINE ( 'NONE', #1107, #2272 ) ;
#662 = LINE ( 'NONE', #213, #1208 ) ;
#663 = PRESENTATION_LAYER_ASSIGNMENT (  '', '', ( #1051 ) ) ;
#664 = PRESENTATION_LAYER_ASSIGNMENT (  '', '', ( #2018 ) ) ;
#665 = ORIENTED_EDGE ( 'NONE', *, *, #2065, .F. ) ;
#666 = ADVANCED_FACE ( 'NONE', ( #235 ), #2895, .T. ) ;
#667 = SURFACE_SIDE_STYLE ('',( #2323 ) ) ;
#668 = DIRECTION ( 'NONE',  ( 0.000000000000000000, 0.000000000000000000, 1.000000000000000000 ) ) ;
#669 = VECTOR ( 'NONE', #145, 39.37007874015748143 ) ;
#670 = EDGE_LOOP ( 'NONE', ( #958, #1475, #1392, #334 ) ) ;
#671 = CARTESIAN_POINT ( 'NONE',  ( 0.1307086614173228467, -0.1005905511811023834, 0.08858267716535433989 ) ) ;
#672 = EDGE_LOOP ( 'NONE', ( #942, #2183, #1885, #2093 ) ) ;
#673 = CARTESIAN_POINT ( 'NONE',  ( 0.03959354908103655118, -0.01397637795275591226, -0.1443838085992651954 ) ) ;
#674 = ORIENTED_EDGE ( 'NONE', *, *, #1078, .T. ) ;
#675 = DIMENSIONAL_EXPONENTS ( 1.000000000000000000, 0.000000000000000000, 0.000000000000000000, 0.000000000000000000, 0.000000000000000000, 0.000000000000000000, 0.000000000000000000 ) ;
#676 = LINE ( 'NONE', #2350, #2325 ) ;
#677 = FILL_AREA_STYLE_COLOUR ( '', #2054 ) ;
#678 = LINE ( 'NONE', #2302, #1713 ) ;
#679 =( NAMED_UNIT ( * ) SI_UNIT ( $, .STERADIAN. ) SOLID_ANGLE_UNIT ( ) );
#680 = EDGE_LOOP ( 'NONE', ( #323, #1162, #1118, #2134 ) ) ;
#681 = LINE ( 'NONE', #902, #911 ) ;
#682 = LINE ( 'NONE', #1173, #1621 ) ;
#683 = ADVANCED_FACE ( 'NONE', ( #2910 ), #2884, .F. ) ;
#684 = EDGE_LOOP ( 'NONE', ( #897, #2704, #2747, #1821 ) ) ;
#685 = LINE ( 'NONE', #1163, #1095 ) ;
#686 = PLANE ( 'NONE',  #2225 ) ;
#687 = VERTEX_POINT ( 'NONE', #752 ) ;
#688 = LENGTH_MEASURE_WITH_UNIT ( LENGTH_MEASURE( 0.02539999999999999897 ), #1893 );
#689 = ORIENTED_EDGE ( 'NONE', *, *, #513, .F. ) ;
#690 = DIRECTION ( 'NONE',  ( -1.000000000000000000, 0.000000000000000000, -0.000000000000000000 ) ) ;
#691 =( NAMED_UNIT ( * ) PLANE_ANGLE_UNIT ( ) SI_UNIT ( $, .RADIAN. ) );
#692 = DIRECTION ( 'NONE',  ( 0.000000000000000000, 0.000000000000000000, 1.000000000000000000 ) ) ;
#693 = DIMENSIONAL_EXPONENTS ( 1.000000000000000000, 0.000000000000000000, 0.000000000000000000, 0.000000000000000000, 0.000000000000000000, 0.000000000000000000, 0.000000000000000000 ) ;
#694 = DIRECTION ( 'NONE',  ( -0.000000000000000000, 1.000000000000000000, 0.000000000000000000 ) ) ;
#695 = CARTESIAN_POINT ( 'NONE',  ( -0.1446850393700787329, 0.06476377952755904555, 0.02381889763779523536 ) ) ;
#696 = ORIENTED_EDGE ( 'NONE', *, *, #91, .F. ) ;
#697 = CARTESIAN_POINT ( 'NONE',  ( -0.1055118110236220597, -0.1005905511811023834, 0.08858267716535433989 ) ) ;
#698 = EDGE_CURVE ( 'NONE', #1420, #994, #723, .T. ) ;
#699 = VECTOR ( 'NONE', #19, 39.37007874015748143 ) ;
#700 = CARTESIAN_POINT ( 'NONE',  ( 0.000000000000000000, 0.1679133858267716495, 0.000000000000000000 ) ) ;
#701 = AXIS2_PLACEMENT_3D ( 'NONE', #2444, #970, #1453 ) ;
#702 = VERTEX_POINT ( 'NONE', #543 ) ;
#703 = EDGE_CURVE ( 'NONE', #1413, #2467, #1912, .T. ) ;
#704 = AXIS2_PLACEMENT_3D ( 'NONE', #1193, #284, #1955 ) ;
#705 = CARTESIAN_POINT ( 'NONE',  ( -0.1938976377952755514, -0.1950787401574803348, 0.000000000000000000 ) ) ;
#706 = VECTOR ( 'NONE', #1085, 39.37007874015748143 ) ;
#707 = LINE ( 'NONE', #1986, #658 ) ;
#708 = LINE ( 'NONE', #533, #607 ) ;
#709 = TOROIDAL_SURFACE ( 'NONE', #2821, 0.01417322834645687486, 0.01417322834645670833 ) ;
#710 = ORIENTED_EDGE ( 'NONE', *, *, #1872, .T. ) ;
#711 = AXIS2_PLACEMENT_3D ( 'NONE', #482, #1212, #735 ) ;
#712 = VECTOR ( 'NONE', #310, 39.37007874015748143 ) ;
#713 = CARTESIAN_POINT ( 'NONE',  ( -0.2362204724409449064, 0.000000000000000000, -0.1460629921259842534 ) ) ;
#714 = CARTESIAN_POINT ( 'NONE',  ( -0.03280541612187339029, 0.02539370078740157272, -0.02125984251968504601 ) ) ;
#715 = ORIENTED_EDGE ( 'NONE', *, *, #1668, .T. ) ;
#716 = CARTESIAN_POINT ( 'NONE',  ( 0.04622057434356316441, 0.01756375376461215276, -0.1218995807739571141 ) ) ;
#717 = FILL_AREA_STYLE ('',( #1130 ) ) ;
#718 = VECTOR ( 'NONE', #2901, 39.37007874015748143 ) ;
#719 = DIRECTION ( 'NONE',  ( 1.000000000000000000, 0.000000000000000000, -0.000000000000000000 ) ) ;
#720 = ADVANCED_FACE ( 'NONE', ( #2693 ), #3141, .T. ) ;
#721 = ORIENTED_EDGE ( 'NONE', *, *, #2650, .F. ) ;
#722 =( LENGTH_UNIT ( ) NAMED_UNIT ( * ) SI_UNIT ( $, .METRE. ) );
#723 = LINE ( 'NONE', #1710, #2004 ) ;
#724 = ADVANCED_FACE ( 'NONE', ( #1696 ), #2677, .F. ) ;
#725 = DIRECTION ( 'NONE',  ( 0.000000000000000000, -1.000000000000000000, 0.000000000000000000 ) ) ;
#726 = SURFACE_STYLE_FILL_AREA ( #900 ) ;
#727 = ORIENTED_EDGE ( 'NONE', *, *, #2743, .F. ) ;
#728 = FACE_OUTER_BOUND ( 'NONE', #132, .T. ) ;
#729 = LINE ( 'NONE', #2654, #2725 ) ;
#730 = ORIENTED_EDGE ( 'NONE', *, *, #308, .T. ) ;
#731 = CARTESIAN_POINT ( 'NONE',  ( 0.06988188976377952832, -0.01397637795275590705, -0.09015748031496062520 ) ) ;
#732 = LINE ( 'NONE', #1921, #407 ) ;
#733 = CARTESIAN_POINT ( 'NONE',  ( 0.05807086614173229133, -0.1271653543307086631, -0.02125984251968503908 ) ) ;
#734 = ORIENTED_EDGE ( 'NONE', *, *, #1260, .T. ) ;
#735 = DIRECTION ( 'NONE',  ( 1.000000000000000000, 0.000000000000000000, 0.000000000000000000 ) ) ;
#736 = DIRECTION ( 'NONE',  ( 0.000000000000000000, 1.000000000000000000, -9.637352644315589080E-17 ) ) ;
#737 = DIRECTION ( 'NONE',  ( 0.000000000000000000, 0.5446390350150269732, 0.8386705679454241613 ) ) ;
#738 = ADVANCED_FACE ( 'NONE', ( #1213 ), #1742, .F. ) ;
#739 = EDGE_CURVE ( 'NONE', #2336, #1099, #2659, .T. ) ;
#740 = FACE_OUTER_BOUND ( 'NONE', #1824, .T. ) ;
#741 = EDGE_LOOP ( 'NONE', ( #1329, #1048, #1326, #332, #3059 ) ) ;
#742 = CARTESIAN_POINT ( 'NONE',  ( -0.05807086614173229133, 0.1271653543307086631, 0.000000000000000000 ) ) ;
#743 = ADVANCED_FACE ( 'NONE', ( #483 ), #497, .T. ) ;
#744 = ORIENTED_EDGE ( 'NONE', *, *, #186, .F. ) ;
#745 = CARTESIAN_POINT ( 'NONE',  ( 0.04859401401312599122, 0.02017351384391608340, -0.1178809026638750340 ) ) ;
#746 = CARTESIAN_POINT ( 'NONE',  ( -0.03280541612187334866, -0.05334645669291339376, -0.1098425196850393720 ) ) ;
#747 = UNCERTAINTY_MEASURE_WITH_UNIT (LENGTH_MEASURE( 1.000000000000000082E-05 ), #3112, 'distance_accuracy_value', 'NONE');
#748 = FACE_OUTER_BOUND ( 'NONE', #749, .T. ) ;
#749 = EDGE_LOOP ( 'NONE', ( #1137, #197, #2529, #1779, #2307, #2367 ) ) ;
#750 = LINE ( 'NONE', #2158, #1507 ) ;
#751 = VECTOR ( 'NONE', #1984, 39.37007874015748143 ) ;
#752 = CARTESIAN_POINT ( 'NONE',  ( 0.1055118110236223650, 0.1679133858267715662, 0.000000000000000000 ) ) ;
#753 = PRESENTATION_LAYER_ASSIGNMENT (  '', '', ( #190 ) ) ;
#754 =( LENGTH_UNIT ( ) NAMED_UNIT ( * ) SI_UNIT ( $, .METRE. ) );
#755 = CARTESIAN_POINT ( 'NONE',  ( 0.01870078740157484279, -0.1271653543307086631, -0.02125984251968492458 ) ) ;
#756 =( GEOMETRIC_REPRESENTATION_CONTEXT ( 3 ) GLOBAL_UNCERTAINTY_ASSIGNED_CONTEXT ( ( #1934 ) ) GLOBAL_UNIT_ASSIGNED_CONTEXT ( ( #1649, #1665, #154 ) ) REPRESENTATION_CONTEXT ( 'NONE', 'WORKASPACE' ) );
#757 = ADVANCED_FACE ( 'NONE', ( #302 ), #1470, .F. ) ;
#758 = ORIENTED_EDGE ( 'NONE', *, *, #1787, .T. ) ;
#759 = LINE ( 'NONE', #522, #1098 ) ;
#760 = DIRECTION ( 'NONE',  ( 0.000000000000000000, -0.000000000000000000, -1.000000000000000000 ) ) ;
#761 = MECHANICAL_DESIGN_GEOMETRIC_PRESENTATION_REPRESENTATION (  '', ( #36 ), #1956 ) ;
#762 = VECTOR ( 'NONE', #2037, 39.37007874015748143 ) ;
#763 = EDGE_CURVE ( 'NONE', #2487, #634, #2928, .T. ) ;
#764 = AXIS2_PLACEMENT_3D ( 'NONE', #2238, #802, #1743 ) ;
#765 = ORIENTED_EDGE ( 'NONE', *, *, #638, .F. ) ;
#766 = PLANE ( 'NONE',  #2219 ) ;
#767 = LINE ( 'NONE', #2711, #3027 ) ;
#768 = VECTOR ( 'NONE', #1191, 39.37007874015748143 ) ;
#769 = FACE_OUTER_BOUND ( 'NONE', #1088, .T. ) ;
#770 = ORIENTED_EDGE ( 'NONE', *, *, #3101, .T. ) ;
#771 = VECTOR ( 'NONE', #760, 39.37007874015748143 ) ;
#772 = CARTESIAN_POINT ( 'NONE',  ( -0.01476377952755913471, -0.05334645669291339376, -0.09015748031496062520 ) ) ;
#773 = VECTOR ( 'NONE', #1506, 39.37007874015748143 ) ;
#774 = CARTESIAN_POINT ( 'NONE',  ( -0.05807086614173229133, -0.1271653543307086631, -0.02125984251968503908 ) ) ;
#775 = CARTESIAN_POINT ( 'NONE',  ( -0.05807086614173229133, -0.01397637795275590705, -0.09015748031496062520 ) ) ;
#776 = SURFACE_STYLE_FILL_AREA ( #2181 ) ;
#777 = CARTESIAN_POINT ( 'NONE',  ( -0.1446850393700787329, -0.1950787401574803348, 0.02381889763779523536 ) ) ;
#778 = ORIENTED_EDGE ( 'NONE', *, *, #2780, .T. ) ;
#779 = PLANE ( 'NONE',  #2873 ) ;
#780 = CARTESIAN_POINT ( 'NONE',  ( 0.01259842519685017669, 0.1427165354330709734, 0.000000000000000000 ) ) ;
#781 = EDGE_CURVE ( 'NONE', #783, #3093, #1400, .T. ) ;
#782 = CARTESIAN_POINT ( 'NONE',  ( -0.1702755905511810774, -0.1950787401574803348, 0.04940944881889763191 ) ) ;
#783 = VERTEX_POINT ( 'NONE', #2218 ) ;
#784 = CARTESIAN_POINT ( 'NONE',  ( -0.04654136508372799796, 0.01791399957161129639, -0.1213602495472387716 ) ) ;
#785 = CARTESIAN_POINT ( 'NONE',  ( 0.05333842114619175706, -0.05334645669291340764, -0.1350393700787401730 ) ) ;
#786 = PLANE ( 'NONE',  #2681 ) ;
#787 = FACE_OUTER_BOUND ( 'NONE', #2846, .T. ) ;
#788 = LINE ( 'NONE', #74, #712 ) ;
#789 = PLANE ( 'NONE',  #2925 ) ;
#790 = VERTEX_POINT ( 'NONE', #2944 ) ;
#791 = DIRECTION ( 'NONE',  ( 1.000000000000000000, -0.000000000000000000, 0.000000000000000000 ) ) ;
#792 = DIRECTION ( 'NONE',  ( 0.000000000000000000, 1.000000000000000000, 0.000000000000000000 ) ) ;
#793 = EDGE_LOOP ( 'NONE', ( #2902, #877, #861, #2924 ) ) ;
#794 = EDGE_CURVE ( 'NONE', #298, #337, #1257, .T. ) ;
#795 = CARTESIAN_POINT ( 'NONE',  ( -0.03291860758733410747, 0.002962325489109459992, -0.1443838085970552965 ) ) ;
#796 = ORIENTED_EDGE ( 'NONE', *, *, #1501, .F. ) ;
#797 = CARTESIAN_POINT ( 'NONE',  ( -0.01870078740161713882, -0.02777997789758303651, -0.1492114446300772390 ) ) ;
#798 = EDGE_CURVE ( 'NONE', #1871, #1748, #2022, .T. ) ;
#799 = VECTOR ( 'NONE', #792, 39.37007874015748143 ) ;
#800 = DIRECTION ( 'NONE',  ( 0.000000000000000000, 9.637352644315589080E-17, -1.000000000000000000 ) ) ;
#801 = ORIENTED_EDGE ( 'NONE', *, *, #309, .F. ) ;
#802 = DIRECTION ( 'NONE',  ( -3.252606517456509851E-16, 0.000000000000000000, 1.000000000000000000 ) ) ;
#803 = LINE ( 'NONE', #551, #198 ) ;
#804 = VECTOR ( 'NONE', #1753, 39.37007874015748143 ) ;
#805 = ORIENTED_EDGE ( 'NONE', *, *, #1754, .F. ) ;
#806 = VECTOR ( 'NONE', #694, 39.37007874015748143 ) ;
#807 = SURFACE_SIDE_STYLE ('',( #2962 ) ) ;
#808 = DIRECTION ( 'NONE',  ( -0.000000000000000000, -0.000000000000000000, 1.000000000000000000 ) ) ;
#809 = VECTOR ( 'NONE', #2202, 39.37007874015748143 ) ;
#810 = ORIENTED_EDGE ( 'NONE', *, *, #1946, .F. ) ;
#811 = VECTOR ( 'NONE', #1135, 39.37007874015748143 ) ;
#812 = PRESENTATION_STYLE_ASSIGNMENT (( #3013 ) ) ;
#813 = EDGE_CURVE ( 'NONE', #3081, #2355, #576, .T. ) ;
#814 = ORIENTED_EDGE ( 'NONE', *, *, #2511, .T. ) ;
#815 = CARTESIAN_POINT ( 'NONE',  ( -0.01870078740157480462, -0.02287609196146439192, -0.1486469329093263181 ) ) ;
#816 = AXIS2_PLACEMENT_3D ( 'NONE', #596, #116, #584 ) ;
#817 =( NAMED_UNIT ( * ) SI_UNIT ( $, .STERADIAN. ) SOLID_ANGLE_UNIT ( ) );
#818 = COLOUR_RGB ( '',0.6470588235294117974, 0.5176470588235293491, 0.000000000000000000 ) ;
#819 = EDGE_CURVE ( 'NONE', #1369, #1608, #1283, .T. ) ;
#820 = LINE ( 'NONE', #1771, #2621 ) ;
#821 = ORIENTED_EDGE ( 'NONE', *, *, #283, .T. ) ;
#822 = PLANE ( 'NONE',  #3025 ) ;
#823 = CARTESIAN_POINT ( 'NONE',  ( 0.05807086614173229133, 0.000000000000000000, 0.000000000000000000 ) ) ;
#824 = ORIENTED_EDGE ( 'NONE', *, *, #1668, .F. ) ;
#825 =( NAMED_UNIT ( * ) PLANE_ANGLE_UNIT ( ) SI_UNIT ( $, .RADIAN. ) );
#826 = UNCERTAINTY_MEASURE_WITH_UNIT (LENGTH_MEASURE( 1.000000000000000082E-05 ), #2624, 'distance_accuracy_value', 'NONE');
#827 =( CONVERSION_BASED_UNIT ( 'INCH', #1030 ) LENGTH_UNIT ( ) NAMED_UNIT ( #3117 ) );
#828 = VERTEX_POINT ( 'NONE', #2514 ) ;
#829 =( NAMED_UNIT ( * ) SI_UNIT ( $, .STERADIAN. ) SOLID_ANGLE_UNIT ( ) );
#830 = VERTEX_POINT ( 'NONE', #1024 ) ;
#831 = FACE_BOUND ( 'NONE', #1698, .T. ) ;
#832 = CARTESIAN_POINT ( 'NONE',  ( -0.1307086614173228467, -0.1005905511811023834, 0.08858267716535433989 ) ) ;
#833 = FACE_OUTER_BOUND ( 'NONE', #222, .T. ) ;
#834 = EDGE_LOOP ( 'NONE', ( #1291, #2580, #500, #1140 ) ) ;
#835 = EDGE_CURVE ( 'NONE', #634, #2785, #1811, .T. ) ;
#836 = EDGE_CURVE ( 'NONE', #1971, #2194, #862, .T. ) ;
#837 =( CONVERSION_BASED_UNIT ( 'INCH', #2992 ) LENGTH_UNIT ( ) NAMED_UNIT ( #693 ) );
#838 = DIRECTION ( 'NONE',  ( 0.000000000000000000, 0.000000000000000000, -1.000000000000000000 ) ) ;
#839 = ORIENTED_EDGE ( 'NONE', *, *, #6, .F. ) ;
#840 = ADVANCED_FACE ( 'NONE', ( #2501 ), #1769, .T. ) ;
#841 = DIRECTION ( 'NONE',  ( 2.710505431213800134E-15, 1.000000000000000000, -0.000000000000000000 ) ) ;
#842 = CARTESIAN_POINT ( 'NONE',  ( -0.1307086614173224581, 0.1679133858267716495, 0.000000000000000000 ) ) ;
#843 = ORIENTED_EDGE ( 'NONE', *, *, #1134, .F. ) ;
#844 = LINE ( 'NONE', #1876, #2827 ) ;
#845 = ORIENTED_EDGE ( 'NONE', *, *, #128, .T. ) ;
#846 = CARTESIAN_POINT ( 'NONE',  ( 0.01870078740157484973, -0.005077001937422795028, -0.1486468285246177745 ) ) ;
#847 = SURFACE_STYLE_FILL_AREA ( #2236 ) ;
#848 = CARTESIAN_POINT ( 'NONE',  ( 0.02755905511811023584, -0.1104330708661417498, 0.2098425196850393915 ) ) ;
#849 = ORIENTED_EDGE ( 'NONE', *, *, #2953, .T. ) ;
#850 = DIRECTION ( 'NONE',  ( 0.7071067811865469066, 0.000000000000000000, -0.7071067811865479058 ) ) ;
#851 = FACE_OUTER_BOUND ( 'NONE', #3001, .T. ) ;
#852 = EDGE_CURVE ( 'NONE', #521, #3093, #2488, .T. ) ;
#853 = VERTEX_POINT ( 'NONE', #2049 ) ;
#854 = CARTESIAN_POINT ( 'NONE',  ( 0.05807086614173229133, -0.1271653543307086631, 0.000000000000000000 ) ) ;
#855 = LINE ( 'NONE', #1803, #1764 ) ;
#856 = CONICAL_SURFACE ( 'NONE', #2416, 0.05511811020972696984, 0.7198901078334353221 ) ;
#857 = EDGE_CURVE ( 'NONE', #2646, #2419, #621, .T. ) ;
#858 = AXIS2_PLACEMENT_3D ( 'NONE', #979, #2442, #1938 ) ;
#859 = EDGE_LOOP ( 'NONE', ( #2413, #3118, #2781, #425 ) ) ;
#860 = AXIS2_PLACEMENT_3D ( 'NONE', #697, #1661, #2629 ) ;
#861 = ORIENTED_EDGE ( 'NONE', *, *, #2595, .F. ) ;
#862 = LINE ( 'NONE', #3002, #706 ) ;
#863 = CIRCLE ( 'NONE', #2474, 0.04330708661417324162 ) ;
#864 = CARTESIAN_POINT ( 'NONE',  ( 0.05807086614173229133, -0.01397637795275590705, -0.1350393700787401730 ) ) ;
#865 = LINE ( 'NONE', #2266, #236 ) ;
#866 = ORIENTED_EDGE ( 'NONE', *, *, #781, .F. ) ;
#867 = FACE_OUTER_BOUND ( 'NONE', #2475, .T. ) ;
#868 = LENGTH_MEASURE_WITH_UNIT ( LENGTH_MEASURE( 0.02539999999999999897 ), #2057 );
#869 = DIRECTION ( 'NONE',  ( 0.000000000000000000, -1.000000000000000000, 0.000000000000000000 ) ) ;
#870 = ORIENTED_EDGE ( 'NONE', *, *, #1321, .F. ) ;
#871 = LINE ( 'NONE', #1852, #1450 ) ;
#872 = DIRECTION ( 'NONE',  ( 0.000000000000000000, 0.5446390350150275284, -0.8386705679454236062 ) ) ;
#873 = ORIENTED_EDGE ( 'NONE', *, *, #2379, .F. ) ;
#874 = ADVANCED_FACE ( 'NONE', ( #1581 ), #333, .T. ) ;
#875 = CARTESIAN_POINT ( 'NONE',  ( 0.01870078740157484279, -0.02291654101177819855, -0.1486618808723138285 ) ) ;
#876 = EDGE_CURVE ( 'NONE', #2524, #634, #2546, .T. ) ;
#877 = ORIENTED_EDGE ( 'NONE', *, *, #1822, .F. ) ;
#878 = CARTESIAN_POINT ( 'NONE',  ( -0.01259842519685039353, -0.1005905511811023834, 0.06338582677165355284 ) ) ;
#879 = DIRECTION ( 'NONE',  ( 1.000000000000000000, 0.000000000000000000, -0.000000000000000000 ) ) ;
#880 = ORIENTED_EDGE ( 'NONE', *, *, #1868, .F. ) ;
#881 = B_SPLINE_CURVE_WITH_KNOTS ( 'NONE', 3,
 ( #1981, #2669, #1233, #510, #1746, #264, #2212 ),
 .UNSPECIFIED., .F., .F.,
 ( 4, 3, 4 ),
 ( 2.795896534739476424E-18, 0.0007601709217789112379, 0.001167636660784487348 ),
 .UNSPECIFIED. ) ;
#882 = CARTESIAN_POINT ( 'NONE',  ( -0.01870078740157480462, 0.1271653543307086631, -0.02125984251968496275 ) ) ;
#883 = DIRECTION ( 'NONE',  ( 1.000000000000000000, 8.805702923740139587E-17, 0.000000000000000000 ) ) ;
#884 = DIRECTION ( 'NONE',  ( 0.000000000000000000, -0.000000000000000000, -1.000000000000000000 ) ) ;
#885 = ORIENTED_EDGE ( 'NONE', *, *, #1872, .F. ) ;
#886 = DIRECTION ( 'NONE',  ( 5.421010862427519705E-17, -0.000000000000000000, 1.000000000000000000 ) ) ;
#887 = CARTESIAN_POINT ( 'NONE',  ( -0.05807086614173228439, -0.1271653543307086631, -0.02125984251968496275 ) ) ;
#888 = ORIENTED_EDGE ( 'NONE', *, *, #1842, .F. ) ;
#889 = CARTESIAN_POINT ( 'NONE',  ( 0.01870078740157409686, -0.02777997789748662058, -0.1492114446302254815 ) ) ;
#890 = CARTESIAN_POINT ( 'NONE',  ( -0.01870078740157483932, -0.0001727780079291047789, -0.1492114446300774888 ) ) ;
#891 = CARTESIAN_POINT ( 'NONE',  ( 0.02833492661653995090, 0.001903283136318006333, -0.1511177842647096758 ) ) ;
#892 = CARTESIAN_POINT ( 'NONE',  ( 0.01578832871567245957, -0.01767717494172465348, -0.1447401325263951433 ) ) ;
#893 = EDGE_CURVE ( 'NONE', #529, #905, #238, .T. ) ;
#894 = ORIENTED_EDGE ( 'NONE', *, *, #31, .T. ) ;
#895 = DIRECTION ( 'NONE',  ( 1.000000000000000000, 0.000000000000000000, 0.000000000000000000 ) ) ;
#896 = ADVANCED_FACE ( 'NONE', ( #1794, #1053, #2298, #831, #2283, #1780 ), #588, .F. ) ;
#897 = ORIENTED_EDGE ( 'NONE', *, *, #168, .T. ) ;
#898 = CARTESIAN_POINT ( 'NONE',  ( 0.06988188976377952832, -0.01397637795275590705, -0.1350393700787401730 ) ) ;
#899 = CARTESIAN_POINT ( 'NONE',  ( 0.1938976377952755792, 0.02539370078740156925, -0.1098425196850393720 ) ) ;
#900 = FILL_AREA_STYLE ('',( #454 ) ) ;
#901 = VERTEX_POINT ( 'NONE', #2035 ) ;
#902 = CARTESIAN_POINT ( 'NONE',  ( 0.06594488188976378729, -0.1950787401574803348, 0.04940944881889763191 ) ) ;
#903 = DIRECTION ( 'NONE',  ( 0.000000000000000000, -0.000000000000000000, 1.000000000000000000 ) ) ;
#904 = AXIS2_PLACEMENT_3D ( 'NONE', #964, #2155, #2391 ) ;
#905 = VERTEX_POINT ( 'NONE', #2762 ) ;
#906 = PLANE ( 'NONE',  #2570 ) ;
#907 = DIRECTION ( 'NONE',  ( 0.000000000000000000, -0.000000000000000000, -1.000000000000000000 ) ) ;
#908 = CARTESIAN_POINT ( 'NONE',  ( 0.03368870431226052981, -0.005134042768654669547, -0.1511177842647096758 ) ) ;
#909 = DIRECTION ( 'NONE',  ( -1.000000000000000000, -0.000000000000000000, -3.252606517456509851E-16 ) ) ;
#910 = ORIENTED_EDGE ( 'NONE', *, *, #836, .F. ) ;
#911 = VECTOR ( 'NONE', #2843, 39.37007874015748854 ) ;
#912 = CARTESIAN_POINT ( 'NONE',  ( 0.1702755905511811052, -0.1950787401574803070, 0.02381889763779523536 ) ) ;
#913 = EDGE_CURVE ( 'NONE', #1143, #2290, #1448, .T. ) ;
#914 = DIRECTION ( 'NONE',  ( 1.000000000000000000, 0.000000000000000000, -0.000000000000000000 ) ) ;
#915 = AXIS2_PLACEMENT_3D ( 'NONE', #1953, #1236, #2486 ) ;
#916 = CARTESIAN_POINT ( 'NONE',  ( 0.05216535433070865202, -0.1950787401574803070, 0.1017716535433070696 ) ) ;
#917 = DIRECTION ( 'NONE',  ( -1.000000000000000000, -0.000000000000000000, -0.000000000000000000 ) ) ;
#918 = EDGE_CURVE ( 'NONE', #3014, #2753, #1148, .T. ) ;
#919 = AXIS2_PLACEMENT_3D ( 'NONE', #1662, #2630, #907 ) ;
#920 = ORIENTED_EDGE ( 'NONE', *, *, #2596, .F. ) ;
#921 = CARTESIAN_POINT ( 'NONE',  ( -0.01870078740161713882, -0.02777997789758303651, -0.1492114446300772390 ) ) ;
#922 = CARTESIAN_POINT ( 'NONE',  ( 0.05333842114619175706, 0.02539370078740159006, -0.1350393700787401730 ) ) ;
#923 =( GEOMETRIC_REPRESENTATION_CONTEXT ( 3 ) GLOBAL_UNCERTAINTY_ASSIGNED_CONTEXT ( ( #1789 ) ) GLOBAL_UNIT_ASSIGNED_CONTEXT ( ( #272, #2443, #2430 ) ) REPRESENTATION_CONTEXT ( 'NONE', 'WORKASPACE' ) );
#924 = PRODUCT_DEFINITION_SHAPE ( 'NONE', 'NONE',  #1923 ) ;
#925 = ORIENTED_EDGE ( 'NONE', *, *, #893, .T. ) ;
#926 = LINE ( 'NONE', #1648, #2458 ) ;
#927 = ORIENTED_EDGE ( 'NONE', *, *, #739, .F. ) ;
#928 = CARTESIAN_POINT ( 'NONE',  ( -0.05333842114619176400, -0.05334645669291340070, -0.09015748031496062520 ) ) ;
#929 =( LENGTH_UNIT ( ) NAMED_UNIT ( * ) SI_UNIT ( $, .METRE. ) );
#930 = CARTESIAN_POINT ( 'NONE',  ( 0.1307086614173228467, -0.1005905511811023834, 0.08858267716535433989 ) ) ;
#931 = DIRECTION ( 'NONE',  ( -0.000000000000000000, -0.000000000000000000, -1.000000000000000000 ) ) ;
#932 = EDGE_CURVE ( 'NONE', #853, #2834, #2376, .T. ) ;
#933 = ADVANCED_FACE ( 'NONE', ( #2561 ), #2348, .T. ) ;
#934 = ORIENTED_EDGE ( 'NONE', *, *, #852, .T. ) ;
#935 = FILL_AREA_STYLE_COLOUR ( '', #1711 ) ;
#936 = FACE_OUTER_BOUND ( 'NONE', #2434, .T. ) ;
#937 = EDGE_CURVE ( 'NONE', #3012, #1874, #2310, .T. ) ;
#938 = EDGE_LOOP ( 'NONE', ( #1438, #345, #1032, #2481, #1532 ) ) ;
#939 = CARTESIAN_POINT ( 'NONE',  ( 0.1307086614173228467, 0.06476377952755905942, 0.06338582677165355284 ) ) ;
#940 = CARTESIAN_POINT ( 'NONE',  ( 0.000000000000000000, -0.1271653543307086631, -0.02125984251968496275 ) ) ;
#941 = DIRECTION ( 'NONE',  ( 0.000000000000000000, 0.000000000000000000, -1.000000000000000000 ) ) ;
#942 = ORIENTED_EDGE ( 'NONE', *, *, #1719, .T. ) ;
#943 = LENGTH_MEASURE_WITH_UNIT ( LENGTH_MEASURE( 0.02539999999999999897 ), #929 );
#944 = CARTESIAN_POINT ( 'NONE',  ( -0.02755905511811023931, -0.1104330708661417498, 0.2098425196850393637 ) ) ;
#945 = DIRECTION ( 'NONE',  ( 0.000000000000000000, 0.8386705679454241613, -0.5446390350150269732 ) ) ;
#946 =( CONVERSION_BASED_UNIT ( 'INCH', #1625 ) LENGTH_UNIT ( ) NAMED_UNIT ( #2166 ) );
#947 = ORIENTED_EDGE ( 'NONE', *, *, #2615, .T. ) ;
#948 = FACE_BOUND ( 'NONE', #1548, .T. ) ;
#949 = ORIENTED_EDGE ( 'NONE', *, *, #2104, .F. ) ;
#950 = CARTESIAN_POINT ( 'NONE',  ( -0.05807086614173229133, -0.1271653543307086631, -0.02125984251968496275 ) ) ;
#951 = EDGE_CURVE ( 'NONE', #1242, #3055, #3108, .T. ) ;
#952 = DIRECTION ( 'NONE',  ( 0.000000000000000000, 0.000000000000000000, -1.000000000000000000 ) ) ;
#953 = AXIS2_PLACEMENT_3D ( 'NONE', #1228, #1011, #2946 ) ;
#954 = ORIENTED_EDGE ( 'NONE', *, *, #1381, .F. ) ;
#955 = AXIS2_PLACEMENT_3D ( 'NONE', #532, #1483, #2453 ) ;
#956 = DIRECTION ( 'NONE',  ( 0.000000000000000000, 0.000000000000000000, -1.000000000000000000 ) ) ;
#957 = CARTESIAN_POINT ( 'NONE',  ( 0.1938976377952755792, -0.05334645669291337988, -0.1098425196850393581 ) ) ;
#958 = ORIENTED_EDGE ( 'NONE', *, *, #2259, .F. ) ;
#959 = CARTESIAN_POINT ( 'NONE',  ( -0.05807086614173229133, -0.01397637795275590879, -0.02125984251968500091 ) ) ;
#960 = ORIENTED_EDGE ( 'NONE', *, *, #1211, .F. ) ;
#961 = CARTESIAN_POINT ( 'NONE',  ( 0.04179266972081369796, 0.01269496823464524859, -0.1293968530278805651 ) ) ;
#962 = CARTESIAN_POINT ( 'NONE',  ( 0.01476377952755905665, -0.01397637795275590705, -0.09015748031496062520 ) ) ;
#963 = AXIS2_PLACEMENT_3D ( 'NONE', #1279, #1777, #2983 ) ;
#964 = CARTESIAN_POINT ( 'NONE',  ( 0.000000000000000000, 0.06476377952755905942, 0.000000000000000000 ) ) ;
#965 = ORIENTED_EDGE ( 'NONE', *, *, #703, .T. ) ;
#966 = ADVANCED_FACE ( 'NONE', ( #2582 ), #2438, .T. ) ;
#967 = LINE ( 'NONE', #1237, #552 ) ;
#968 = CARTESIAN_POINT ( 'NONE',  ( 0.1938976377952755792, 0.02539370078740157965, -0.1098425196850393720 ) ) ;
#969 = DIMENSIONAL_EXPONENTS ( 1.000000000000000000, 0.000000000000000000, 0.000000000000000000, 0.000000000000000000, 0.000000000000000000, 0.000000000000000000, 0.000000000000000000 ) ;
#970 = DIRECTION ( 'NONE',  ( -1.000000000000000000, 0.000000000000000000, 0.000000000000000000 ) ) ;
#971 = ORIENTED_EDGE ( 'NONE', *, *, #65, .T. ) ;
#972 = CARTESIAN_POINT ( 'NONE',  ( 0.01870078740157484279, 0.000000000000000000, 0.000000000000000000 ) ) ;
#973 = ORIENTED_EDGE ( 'NONE', *, *, #1321, .T. ) ;
#974 = CARTESIAN_POINT ( 'NONE',  ( 0.06594488188976378729, -0.1950787401574803348, 0.1281496062992125984 ) ) ;
#975 = CARTESIAN_POINT ( 'NONE',  ( 0.01259842519685039526, 0.06476377952755905942, 0.08858267716535433989 ) ) ;
#976 = CARTESIAN_POINT ( 'NONE',  ( 0.05216535433070865202, -0.1950787401574803070, 0.1519685039370078927 ) ) ;
#977 = ORIENTED_EDGE ( 'NONE', *, *, #1033, .F. ) ;
#978 = EDGE_CURVE ( 'NONE', #2295, #2111, #1862, .T. ) ;
#979 = CARTESIAN_POINT ( 'NONE',  ( 0.01476377952755905665, -0.01397637795275590705, -0.1350393700787401730 ) ) ;
#980 = FACE_OUTER_BOUND ( 'NONE', #684, .T. ) ;
#981 = EDGE_CURVE ( 'NONE', #2966, #2392, #170, .T. ) ;
#982 = FACE_BOUND ( 'NONE', #2791, .T. ) ;
#983 = ORIENTED_EDGE ( 'NONE', *, *, #1687, .T. ) ;
#984 = DIRECTION ( 'NONE',  ( 0.000000000000000000, -0.000000000000000000, -1.000000000000000000 ) ) ;
#985 = ORIENTED_EDGE ( 'NONE', *, *, #1563, .F. ) ;
#986 = CARTESIAN_POINT ( 'NONE',  ( -0.05807086614173229133, -0.05334645669291339376, -0.02125984251968496275 ) ) ;
#987 = CARTESIAN_POINT ( 'NONE',  ( -0.1181102362204724532, 0.1427165354330712788, -0.1460629921259842534 ) ) ;
#988 = ORIENTED_EDGE ( 'NONE', *, *, #2244, .T. ) ;
#989 = LINE ( 'NONE', #1494, #1047 ) ;
#990 = DIRECTION ( 'NONE',  ( 0.000000000000000000, 0.000000000000000000, 1.000000000000000000 ) ) ;
#991 = STYLED_ITEM ( 'NONE', ( #2886 ), #346 ) ;
#992 = LINE ( 'NONE', #1195, #2833 ) ;
#993 = VECTOR ( 'NONE', #1926, 39.37007874015748143 ) ;
#994 = VERTEX_POINT ( 'NONE', #2809 ) ;
#995 = ADVANCED_FACE ( 'NONE', ( #1166 ), #1857, .T. ) ;
#996 = PLANE ( 'NONE',  #300 ) ;
#997 = FACE_OUTER_BOUND ( 'NONE', #2977, .T. ) ;
#998 = CIRCLE ( 'NONE', #2765, 0.05511811023622047861 ) ;
#999 = PRESENTATION_LAYER_ASSIGNMENT (  '', '', ( #1615 ) ) ;
#1000 = VECTOR ( 'NONE', #1269, 39.37007874015748143 ) ;
#1001 = ORIENTED_EDGE ( 'NONE', *, *, #835, .T. ) ;
#1002 = LINE ( 'NONE', #2421, #1194 ) ;
#1003 = CARTESIAN_POINT ( 'NONE',  ( -0.01870078740157481156, -0.008393616040300819550, -0.1471966849243615261 ) ) ;
#1004 = VECTOR ( 'NONE', #1086, 39.37007874015748143 ) ;
#1005 = PLANE ( 'NONE',  #1493 ) ;
#1006 = EDGE_LOOP ( 'NONE', ( #2315, #219, #1976, #2893 ) ) ;
#1007 = AXIS2_PLACEMENT_3D ( 'NONE', #2446, #3128, #984 ) ;
#1008 = CARTESIAN_POINT ( 'NONE',  ( 0.01476377952755905665, -0.01397637795275590705, -0.09015748031496062520 ) ) ;
#1009 = CARTESIAN_POINT ( 'NONE',  ( 0.000000000000000000, 0.1271653543307086631, 0.000000000000000000 ) ) ;
#1010 = FACE_OUTER_BOUND ( 'NONE', #582, .T. ) ;
#1011 = DIRECTION ( 'NONE',  ( 0.000000000000000000, 0.000000000000000000, -1.000000000000000000 ) ) ;
#1012 = EDGE_LOOP ( 'NONE', ( #965, #2799, #47, #814 ) ) ;
#1013 = CARTESIAN_POINT ( 'NONE',  ( -0.05216535433070866590, -0.1950787401574803348, 0.04940944881889763191 ) ) ;
#1014 = CARTESIAN_POINT ( 'NONE',  ( 0.1938976377952755792, -0.05334645669291339376, -0.1098425196850393720 ) ) ;
#1015 = EDGE_CURVE ( 'NONE', #587, #2030, #1524, .T. ) ;
#1016 = ORIENTED_EDGE ( 'NONE', *, *, #2530, .T. ) ;
#1017 = PLANE ( 'NONE',  #1855 ) ;
#1018 = CARTESIAN_POINT ( 'NONE',  ( -0.01870078740157480462, -0.01397637795275766953, -0.1448424406283370103 ) ) ;
#1019 = EDGE_CURVE ( 'NONE', #1099, #1517, #2806, .T. ) ;
#1020 = DIRECTION ( 'NONE',  ( 1.000000000000000000, 0.000000000000000000, -0.000000000000000000 ) ) ;
#1021 = EDGE_LOOP ( 'NONE', ( #721, #1806, #1282, #2633 ) ) ;
#1022 = LINE ( 'NONE', #1482, #2927 ) ;
#1023 = ORIENTED_EDGE ( 'NONE', *, *, #2147, .F. ) ;
#1024 = CARTESIAN_POINT ( 'NONE',  ( -0.1055118110236221568, 0.1679133858267713719, 0.000000000000000000 ) ) ;
#1025 = CARTESIAN_POINT ( 'NONE',  ( 0.05807086614173229133, 0.1271653543307086631, 8.537024980200828721E-18 ) ) ;
#1026 = ORIENTED_EDGE ( 'NONE', *, *, #186, .T. ) ;
#1027 = CARTESIAN_POINT ( 'NONE',  ( -0.1055118110236220597, -0.1005905511811023834, 0.06338582677165355284 ) ) ;
#1028 = ORIENTED_EDGE ( 'NONE', *, *, #1983, .T. ) ;
#1029 = EDGE_CURVE ( 'NONE', #2982, #1248, #1891, .T. ) ;
#1030 = LENGTH_MEASURE_WITH_UNIT ( LENGTH_MEASURE( 0.02539999999999999897 ), #2256 );
#1031 = DIRECTION ( 'NONE',  ( -1.000000000000000000, 0.000000000000000000, -0.000000000000000000 ) ) ;
#1032 = ORIENTED_EDGE ( 'NONE', *, *, #103, .F. ) ;
#1033 = EDGE_CURVE ( 'NONE', #119, #357, #1115, .T. ) ;
#1034 = CARTESIAN_POINT ( 'NONE',  ( 0.000000000000000000, 0.1950787401574803348, 0.1519685039370078927 ) ) ;
#1035 = ORIENTED_EDGE ( 'NONE', *, *, #2343, .T. ) ;
#1036 = CARTESIAN_POINT ( 'NONE',  ( 0.06594488188976378729, -0.1950787401574803348, 0.04940944881889763191 ) ) ;
#1037 = CARTESIAN_POINT ( 'NONE',  ( -0.1307086614173228467, -0.1005905511811023834, 0.08858267716535433989 ) ) ;
#1038 = CARTESIAN_POINT ( 'NONE',  ( -0.1938976377952755792, -0.1950787401574803348, 0.000000000000000000 ) ) ;
#1039 = CIRCLE ( 'NONE', #597, 0.04330708661417324162 ) ;
#1040 = ORIENTED_EDGE ( 'NONE', *, *, #3133, .T. ) ;
#1041 = DIRECTION ( 'NONE',  ( -0.000000000000000000, -0.000000000000000000, 1.000000000000000000 ) ) ;
#1042 =( CONVERSION_BASED_UNIT ( 'INCH', #592 ) LENGTH_UNIT ( ) NAMED_UNIT ( #1385 ) );
#1043 = EDGE_LOOP ( 'NONE', ( #153, #258, #2023, #2856 ) ) ;
#1044 =( GEOMETRIC_REPRESENTATION_CONTEXT ( 3 ) GLOBAL_UNCERTAINTY_ASSIGNED_CONTEXT ( ( #1466 ) ) GLOBAL_UNIT_ASSIGNED_CONTEXT ( ( #77, #2525, #2044 ) ) REPRESENTATION_CONTEXT ( 'NONE', 'WORKASPACE' ) );
#1045 = PLANE ( 'NONE',  #963 ) ;
#1046 = VECTOR ( 'NONE', #1358, 39.37007874015748143 ) ;
#1047 = VECTOR ( 'NONE', #2926, 39.37007874015748143 ) ;
#1048 = ORIENTED_EDGE ( 'NONE', *, *, #1029, .F. ) ;
#1049 = VECTOR ( 'NONE', #2988, 39.37007874015748143 ) ;
#1050 = CARTESIAN_POINT ( 'NONE',  ( 0.01870078740157484279, -0.01397637795275590705, -0.1448424406283375931 ) ) ;
#1051 = STYLED_ITEM ( 'NONE', ( #812 ), #1898 ) ;
#1052 = ORIENTED_EDGE ( 'NONE', *, *, #794, .T. ) ;
#1053 = FACE_BOUND ( 'NONE', #1650, .T. ) ;
#1054 = EDGE_CURVE ( 'NONE', #1447, #1369, #1346, .T. ) ;
#1055 = EDGE_CURVE ( 'NONE', #350, #2834, #2373, .T. ) ;
#1056 = VERTEX_POINT ( 'NONE', #3119 ) ;
#1057 = LENGTH_MEASURE_WITH_UNIT ( LENGTH_MEASURE( 0.02539999999999999897 ), #2974 );
#1058 = MECHANICAL_DESIGN_GEOMETRIC_PRESENTATION_REPRESENTATION (  '', ( #2011 ), #2674 ) ;
#1059 = CARTESIAN_POINT ( 'NONE',  ( 0.01259842519685027210, 0.1679133858267713719, 0.000000000000000000 ) ) ;
#1060 = EDGE_CURVE ( 'NONE', #2309, #1076, #685, .T. ) ;
#1061 = ORIENTED_EDGE ( 'NONE', *, *, #1940, .F. ) ;
#1062 = CARTESIAN_POINT ( 'NONE',  ( -0.1307086614173228467, 0.06476377952755905942, 0.08858267716535433989 ) ) ;
#1063 = DIRECTION ( 'NONE',  ( 1.000000000000000000, -2.032879073410350002E-15, 0.000000000000000000 ) ) ;
#1064 = ORIENTED_EDGE ( 'NONE', *, *, #813, .T. ) ;
#1065 = FILL_AREA_STYLE_COLOUR ( '', #1908 ) ;
#1066 = UNCERTAINTY_MEASURE_WITH_UNIT (LENGTH_MEASURE( 1.000000000000000082E-05 ), #827, 'distance_accuracy_value', 'NONE');
#1067 = CARTESIAN_POINT ( 'NONE',  ( 0.1055118110236220597, 0.06476377952755905942, 0.06338582677165355284 ) ) ;
#1068 = ORIENTED_EDGE ( 'NONE', *, *, #103, .T. ) ;
#1069 = DIRECTION ( 'NONE',  ( -0.000000000000000000, -0.000000000000000000, -1.000000000000000000 ) ) ;
#1070 = VERTEX_POINT ( 'NONE', #1645 ) ;
#1071 = DIRECTION ( 'NONE',  ( 1.000000000000000000, 0.000000000000000000, -0.000000000000000000 ) ) ;
#1072 = ORIENTED_EDGE ( 'NONE', *, *, #2894, .F. ) ;
#1073 = SURFACE_STYLE_USAGE ( .BOTH. , #2945 ) ;
#1074 = ADVANCED_FACE ( 'NONE', ( #3063 ), #906, .F. ) ;
#1075 = CARTESIAN_POINT ( 'NONE',  ( -0.02755905511811023584, 0.000000000000000000, 0.1519685039370078927 ) ) ;
#1076 = VERTEX_POINT ( 'NONE', #1175 ) ;
#1077 = DIRECTION ( 'NONE',  ( -0.000000000000000000, -0.000000000000000000, 1.000000000000000000 ) ) ;
#1078 = EDGE_CURVE ( 'NONE', #1776, #3032, #2138, .T. ) ;
#1079 = ORIENTED_EDGE ( 'NONE', *, *, #2752, .T. ) ;
#1080 = FACE_OUTER_BOUND ( 'NONE', #2842, .T. ) ;
#1081 = FACE_OUTER_BOUND ( 'NONE', #2078, .T. ) ;
#1082 = ORIENTED_EDGE ( 'NONE', *, *, #449, .F. ) ;
#1083 = CARTESIAN_POINT ( 'NONE',  ( 0.000000000000000000, 0.06476377952755905942, 0.06338582677165355284 ) ) ;
#1084 = ORIENTED_EDGE ( 'NONE', *, *, #2380, .T. ) ;
#1085 = DIRECTION ( 'NONE',  ( -1.000000000000000000, -0.000000000000000000, 0.000000000000000000 ) ) ;
#1086 = DIRECTION ( 'NONE',  ( 1.000000000000000000, 0.000000000000000000, 0.000000000000000000 ) ) ;
#1087 = FACE_BOUND ( 'NONE', #3051, .T. ) ;
#1088 = EDGE_LOOP ( 'NONE', ( #715, #2887, #1580, #1068 ) ) ;
#1089 = DIRECTION ( 'NONE',  ( 0.000000000000000000, 9.637352644315589080E-17, 1.000000000000000000 ) ) ;
#1090 = DIRECTION ( 'NONE',  ( -0.000000000000000000, -1.000000000000000000, 0.000000000000000000 ) ) ;
#1091 = ADVANCED_FACE ( 'NONE', ( #2389 ), #2153, .F. ) ;
#1092 = ADVANCED_FACE ( 'NONE', ( #3105 ), #395, .F. ) ;
#1093 = ORIENTED_EDGE ( 'NONE', *, *, #1359, .T. ) ;
#1094 = CARTESIAN_POINT ( 'NONE',  ( 0.01870078740157484279, -0.05334645669291339376, -0.1098425196850393720 ) ) ;
#1095 = VECTOR ( 'NONE', #1129, 39.37007874015748143 ) ;
#1096 = ORIENTED_EDGE ( 'NONE', *, *, #1848, .F. ) ;
#1097 = DIRECTION ( 'NONE',  ( 1.000000000000000000, 8.805702923740139587E-17, 0.000000000000000000 ) ) ;
#1098 = VECTOR ( 'NONE', #1717, 39.37007874015748143 ) ;
#1099 = VERTEX_POINT ( 'NONE', #1904 ) ;
#1100 = CARTESIAN_POINT ( 'NONE',  ( 0.01742387463499852837, -0.02358496686014650151, -0.1512698035905136185 ) ) ;
#1101 = VECTOR ( 'NONE', #1370, 39.37007874015748143 ) ;
#1102 = MECHANICAL_DESIGN_GEOMETRIC_PRESENTATION_REPRESENTATION (  '', ( #2877 ), #2973 ) ;
#1103 = FACE_OUTER_BOUND ( 'NONE', #2361, .T. ) ;
#1104 = VECTOR ( 'NONE', #2154, 39.37007874015748143 ) ;
#1105 = DIRECTION ( 'NONE',  ( 0.000000000000000000, 0.000000000000000000, 1.000000000000000000 ) ) ;
#1106 = ORIENTED_EDGE ( 'NONE', *, *, #1015, .F. ) ;
#1107 = CARTESIAN_POINT ( 'NONE',  ( -0.02755905511811023584, 0.000000000000000000, 0.2098425196850393915 ) ) ;
#1108 = DIRECTION ( 'NONE',  ( 7.453889935837980246E-15, 1.000000000000000000, 0.000000000000000000 ) ) ;
#1109 = DIRECTION ( 'NONE',  ( 1.000000000000000000, 0.000000000000000000, -0.000000000000000000 ) ) ;
#1110 = VERTEX_POINT ( 'NONE', #461 ) ;
#1111 = CARTESIAN_POINT ( 'NONE',  ( 0.1055118110236220597, -0.1005905511811023834, 0.08858267716535433989 ) ) ;
#1112 = PLANE ( 'NONE',  #2978 ) ;
#1113 = EDGE_CURVE ( 'NONE', #312, #1909, #1417, .T. ) ;
#1114 = ORIENTED_EDGE ( 'NONE', *, *, #31, .F. ) ;
#1115 = LINE ( 'NONE', #2860, #2370 ) ;
#1116 = DIRECTION ( 'NONE',  ( 8.805702923740139587E-17, -1.000000000000000000, 0.000000000000000000 ) ) ;
#1117 = EDGE_CURVE ( 'NONE', #536, #553, #1002, .T. ) ;
#1118 = ORIENTED_EDGE ( 'NONE', *, *, #1739, .F. ) ;
#1119 = CARTESIAN_POINT ( 'NONE',  ( 0.03368870431181319319, -0.01397637795275591226, -0.1511177842646917457 ) ) ;
#1120 = VERTEX_POINT ( 'NONE', #2448 ) ;
#1121 = CARTESIAN_POINT ( 'NONE',  ( 0.01476377952755905665, -0.01397637795275590705, -0.1350393700787401730 ) ) ;
#1122 = SURFACE_STYLE_USAGE ( .BOTH. , #3122 ) ;
#1123 = VERTEX_POINT ( 'NONE', #2938 ) ;
#1124 = CARTESIAN_POINT ( 'NONE',  ( 0.1307086614173228467, -0.1005905511811023834, 0.08858267716535433989 ) ) ;
#1125 = EDGE_LOOP ( 'NONE', ( #1314, #389, #62, #3137 ) ) ;
#1126 = PRESENTATION_STYLE_ASSIGNMENT (( #150 ) ) ;
#1127 = CARTESIAN_POINT ( 'NONE',  ( -0.06594488188976378729, -0.1950787401574803348, 0.02381889763779523536 ) ) ;
#1128 = VERTEX_POINT ( 'NONE', #731 ) ;
#1129 = DIRECTION ( 'NONE',  ( 1.000000000000000000, -0.000000000000000000, 0.000000000000000000 ) ) ;
#1130 = FILL_AREA_STYLE_COLOUR ( '', #251 ) ;
#1131 = ORIENTED_EDGE ( 'NONE', *, *, #2666, .F. ) ;
#1132 = CARTESIAN_POINT ( 'NONE',  ( 0.02473378889424739449, -0.01863468785949647100, -0.1512698035905136740 ) ) ;
#1133 = EDGE_LOOP ( 'NONE', ( #985, #696, #1378, #492 ) ) ;
#1134 = EDGE_CURVE ( 'NONE', #2653, #312, #2643, .T. ) ;
#1135 = DIRECTION ( 'NONE',  ( 0.000000000000000000, 0.000000000000000000, 1.000000000000000000 ) ) ;
#1136 = DIRECTION ( 'NONE',  ( 1.000000000000000000, 0.000000000000000000, 0.000000000000000000 ) ) ;
#1137 = ORIENTED_EDGE ( 'NONE', *, *, #2026, .F. ) ;
#1138 = CARTESIAN_POINT ( 'NONE',  ( -0.01259842519685039526, -0.1005905511811023834, 0.06338582677165355284 ) ) ;
#1139 = LINE ( 'NONE', #1409, #1464 ) ;
#1140 = ORIENTED_EDGE ( 'NONE', *, *, #3116, .F. ) ;
#1141 = DIRECTION ( 'NONE',  ( 0.000000000000000000, 0.000000000000000000, 1.000000000000000000 ) ) ;
#1142 = VECTOR ( 'NONE', #1831, 39.37007874015748143 ) ;
#1143 = VERTEX_POINT ( 'NONE', #2668 ) ;
#1144 = DIRECTION ( 'NONE',  ( -3.252606517456509851E-16, 0.000000000000000000, 1.000000000000000000 ) ) ;
#1145 = CARTESIAN_POINT ( 'NONE',  ( 0.000000000000000000, 0.000000000000000000, -0.1460629921259842534 ) ) ;
#1146 = EDGE_LOOP ( 'NONE', ( #1432, #1096, #805, #1114, #2714 ) ) ;
#1147 = VECTOR ( 'NONE', #650, 39.37007874015748143 ) ;
#1148 = LINE ( 'NONE', #1878, #2264 ) ;
#1149 = ORIENTED_EDGE ( 'NONE', *, *, #2132, .T. ) ;
#1150 = PLANE ( 'NONE',  #2578 ) ;
#1151 = EDGE_CURVE ( 'NONE', #1123, #2290, #2623, .T. ) ;
#1152 = EDGE_CURVE ( 'NONE', #1586, #2777, #1462, .T. ) ;
#1153 = AXIS2_PLACEMENT_3D ( 'NONE', #1989, #354, #43 ) ;
#1154 = STYLED_ITEM ( 'NONE', ( #1536 ), #1522 ) ;
#1155 = LINE ( 'NONE', #898, #1197 ) ;
#1156 = DIRECTION ( 'NONE',  ( -1.000000000000000000, 2.710505431213800134E-15, 0.000000000000000000 ) ) ;
#1157 = ADVANCED_FACE ( 'NONE', ( #2435 ), #766, .F. ) ;
#1158 = LINE ( 'NONE', #1653, #2110 ) ;
#1159 = MECHANICAL_DESIGN_GEOMETRIC_PRESENTATION_REPRESENTATION (  '', ( #2018 ), #2831 ) ;
#1160 = ORIENTED_EDGE ( 'NONE', *, *, #1605, .F. ) ;
#1161 = DIRECTION ( 'NONE',  ( 0.000000000000000000, 0.000000000000000000, 1.000000000000000000 ) ) ;
#1162 = ORIENTED_EDGE ( 'NONE', *, *, #3096, .T. ) ;
#1163 = CARTESIAN_POINT ( 'NONE',  ( 0.01476377952755913471, 0.02539370078740157272, -0.09015748031496062520 ) ) ;
#1164 = CARTESIAN_POINT ( 'NONE',  ( 0.000000000000000000, 0.1271653543307086631, 0.000000000000000000 ) ) ;
#1165 = CARTESIAN_POINT ( 'NONE',  ( 0.02473378889442812145, -0.009318068045931307899, -0.1512698035907091842 ) ) ;
#1166 = FACE_OUTER_BOUND ( 'NONE', #1353, .T. ) ;
#1167 = ORIENTED_EDGE ( 'NONE', *, *, #1152, .F. ) ;
#1168 =( NAMED_UNIT ( * ) SI_UNIT ( $, .STERADIAN. ) SOLID_ANGLE_UNIT ( ) );
#1169 = CARTESIAN_POINT ( 'NONE',  ( -0.1307086614173228467, -0.1005905511811023834, 0.06338582677165355284 ) ) ;
#1170 = LINE ( 'NONE', #2787, #1958 ) ;
#1171 = VERTEX_POINT ( 'NONE', #263 ) ;
#1172 = ADVANCED_FACE ( 'NONE', ( #17 ), #478, .T. ) ;
#1173 = CARTESIAN_POINT ( 'NONE',  ( 0.1702755905511811052, 0.06476377952755904555, 0.02381889763779523536 ) ) ;
#1174 = ORIENTED_EDGE ( 'NONE', *, *, #25, .T. ) ;
#1175 = CARTESIAN_POINT ( 'NONE',  ( 0.05333842114619176400, 0.02539370078740158312, -0.09015748031496062520 ) ) ;
#1176 = CARTESIAN_POINT ( 'NONE',  ( -0.1307086614173228467, 0.1427165354330712788, 0.000000000000000000 ) ) ;
#1177 = EDGE_LOOP ( 'NONE', ( #1174, #2432, #758, #1072 ) ) ;
#1178 = DIRECTION ( 'NONE',  ( -1.000000000000000000, 2.032879073410350002E-15, -0.000000000000000000 ) ) ;
#1179 =( CONVERSION_BASED_UNIT ( 'INCH', #2696 ) LENGTH_UNIT ( ) NAMED_UNIT ( #261 ) );
#1180 = LINE ( 'NONE', #972, #1812 ) ;
#1181 = EDGE_CURVE ( 'NONE', #2999, #1402, #1429, .T. ) ;
#1182 = ADVANCED_FACE ( 'NONE', ( #33 ), #779, .F. ) ;
#1183 = ORIENTED_EDGE ( 'NONE', *, *, #1029, .T. ) ;
#1184 = CARTESIAN_POINT ( 'NONE',  ( -0.05807086614173229133, -0.1271653543307086631, -0.02125984251968496275 ) ) ;
#1185 = CARTESIAN_POINT ( 'NONE',  ( 0.01476377952755905665, -0.01397637795275590705, -0.1098425196561238909 ) ) ;
#1186 = VECTOR ( 'NONE', #464, 39.37007874015748143 ) ;
#1187 = B_SPLINE_CURVE_WITH_KNOTS ( 'NONE', 3,
 ( #1399, #2560, #1351, #184 ),
 .UNSPECIFIED., .F., .F.,
 ( 4, 4 ),
 ( 5.142170833703399366E-15, 0.001167636652797911538 ),
 .UNSPECIFIED. ) ;
#1188 = DIRECTION ( 'NONE',  ( -1.000000000000000000, 0.000000000000000000, -0.000000000000000000 ) ) ;
#1189 = MECHANICAL_DESIGN_GEOMETRIC_PRESENTATION_REPRESENTATION (  '', ( #991 ), #1796 ) ;
#1190 = ORIENTED_EDGE ( 'NONE', *, *, #1480, .F. ) ;
#1191 = DIRECTION ( 'NONE',  ( -0.000000000000000000, -1.000000000000000000, -0.000000000000000000 ) ) ;
#1192 = VECTOR ( 'NONE', #2332, 39.37007874015748143 ) ;
#1193 = CARTESIAN_POINT ( 'NONE',  ( -0.01476377952755905665, -0.01397637795275590705, -0.1350393700787401730 ) ) ;
#1194 = VECTOR ( 'NONE', #1920, 39.37007874015748143 ) ;
#1195 = CARTESIAN_POINT ( 'NONE',  ( 0.01870078740157484279, -0.1271653543307086631, -0.02125984251968492458 ) ) ;
#1196 = VECTOR ( 'NONE', #1263, 39.37007874015748143 ) ;
#1197 = VECTOR ( 'NONE', #1587, 39.37007874015748143 ) ;
#1198 = DIRECTION ( 'NONE',  ( -8.752388879802260299E-17, 1.000000000000000000, 0.000000000000000000 ) ) ;
#1199 = VERTEX_POINT ( 'NONE', #1932 ) ;
#1200 = CIRCLE ( 'NONE', #1408, 0.05511811023622047861 ) ;
#1201 = CARTESIAN_POINT ( 'NONE',  ( 0.05216535433070866590, 0.06476377952755904555, 0.1017716535433070696 ) ) ;
#1202 = DIRECTION ( 'NONE',  ( 0.000000000000000000, 0.000000000000000000, 1.000000000000000000 ) ) ;
#1203 = VECTOR ( 'NONE', #2844, 39.37007874015748143 ) ;
#1204 = DIMENSIONAL_EXPONENTS ( 1.000000000000000000, 0.000000000000000000, 0.000000000000000000, 0.000000000000000000, 0.000000000000000000, 0.000000000000000000, 0.000000000000000000 ) ;
#1205 = CARTESIAN_POINT ( 'NONE',  ( 0.03736312415699854367, 0.007826619118895646737, -0.1368934532628410805 ) ) ;
#1206 = ADVANCED_FACE ( 'NONE', ( #52 ), #709, .T. ) ;
#1207 = CARTESIAN_POINT ( 'NONE',  ( 0.1307086614173227357, 0.1679133858267713719, 0.000000000000000000 ) ) ;
#1208 = VECTOR ( 'NONE', #883, 39.37007874015748143 ) ;
#1209 = DIRECTION ( 'NONE',  ( -1.000000000000000000, -0.000000000000000000, -0.000000000000000000 ) ) ;
#1210 = ORIENTED_EDGE ( 'NONE', *, *, #2661, .F. ) ;
#1211 = EDGE_CURVE ( 'NONE', #312, #1294, #1703, .T. ) ;
#1212 = DIRECTION ( 'NONE',  ( 0.000000000000000000, 0.000000000000000000, 1.000000000000000000 ) ) ;
#1213 = FACE_OUTER_BOUND ( 'NONE', #1631, .T. ) ;
#1214 = PLANE ( 'NONE',  #1869 ) ;
#1215 = CARTESIAN_POINT ( 'NONE',  ( 0.000000000000000000, 0.06476377952755905942, 0.000000000000000000 ) ) ;
#1216 = ORIENTED_EDGE ( 'NONE', *, *, #2706, .F. ) ;
#1217 = DIRECTION ( 'NONE',  ( 1.000000000000000000, 0.000000000000000000, 0.000000000000000000 ) ) ;
#1218 = EDGE_LOOP ( 'NONE', ( #76, #2137, #1829, #1331 ) ) ;
#1219 = DIRECTION ( 'NONE',  ( -0.000000000000000000, -1.000000000000000000, -0.000000000000000000 ) ) ;
#1220 = DIRECTION ( 'NONE',  ( -0.000000000000000000, -1.000000000000000000, -0.000000000000000000 ) ) ;
#1221 = CARTESIAN_POINT ( 'NONE',  ( 0.01870078740157484279, 0.1271653543307086631, 0.000000000000000000 ) ) ;
#1222 = ADVANCED_FACE ( 'NONE', ( #1692 ), #1017, .T. ) ;
#1223 = ORIENTED_EDGE ( 'NONE', *, *, #409, .F. ) ;
#1224 = CARTESIAN_POINT ( 'NONE',  ( 0.05807086614173229133, 0.1271653543307086631, -0.02125984251968492458 ) ) ;
#1225 = LINE ( 'NONE', #270, #2168 ) ;
#1226 = EDGE_CURVE ( 'NONE', #830, #1488, #2482, .T. ) ;
#1227 = PRESENTATION_STYLE_ASSIGNMENT (( #471 ) ) ;
#1228 = CARTESIAN_POINT ( 'NONE',  ( -0.01476377952755905665, -0.01397637795275590705, -0.1350393700787401730 ) ) ;
#1229 = ORIENTED_EDGE ( 'NONE', *, *, #50, .T. ) ;
#1230 = FACE_OUTER_BOUND ( 'NONE', #2425, .T. ) ;
#1231 = ORIENTED_EDGE ( 'NONE', *, *, #2989, .F. ) ;
#1232 = SURFACE_STYLE_USAGE ( .BOTH. , #278 ) ;
#1233 = CARTESIAN_POINT ( 'NONE',  ( -0.04179266972336012631, -0.04064772414181819921, -0.1293968530253226112 ) ) ;
#1234 = CARTESIAN_POINT ( 'NONE',  ( 0.000000000000000000, -0.1271653543307086631, 0.000000000000000000 ) ) ;
#1235 = ORIENTED_EDGE ( 'NONE', *, *, #1809, .F. ) ;
#1236 = DIRECTION ( 'NONE',  ( 0.000000000000000000, -0.8386705679454241613, -0.5446390350150269732 ) ) ;
#1237 = CARTESIAN_POINT ( 'NONE',  ( 0.02755905511811023584, 0.000000000000000000, 0.2098425196850393915 ) ) ;
#1238 = VECTOR ( 'NONE', #383, 39.37007874015748143 ) ;
#1239 = PLANE ( 'NONE',  #456 ) ;
#1240 = ADVANCED_FACE ( 'NONE', ( #2996 ), #2293, .F. ) ;
#1241 = VECTOR ( 'NONE', #70, 39.37007874015748143 ) ;
#1242 = VERTEX_POINT ( 'NONE', #99 ) ;
#1243 = FACE_OUTER_BOUND ( 'NONE', #384, .T. ) ;
#1244 = CARTESIAN_POINT ( 'NONE',  ( 0.1938976377952755792, -0.1950787401574803070, 0.000000000000000000 ) ) ;
#1245 = ADVANCED_FACE ( 'NONE', ( #1080 ), #1278, .T. ) ;
#1246 = PRESENTATION_LAYER_ASSIGNMENT (  '', '', ( #36 ) ) ;
#1247 = AXIS2_PLACEMENT_3D ( 'NONE', #1027, #550, #48 ) ;
#1248 = VERTEX_POINT ( 'NONE', #854 ) ;
#1249 = DIRECTION ( 'NONE',  ( 0.7071067811865470176, 0.000000000000000000, -0.7071067811865479058 ) ) ;
#1250 = CARTESIAN_POINT ( 'NONE',  ( -0.01870078740157481156, -0.01275632637120204492, -0.1448424406283388699 ) ) ;
#1251 =( GEOMETRIC_REPRESENTATION_CONTEXT ( 3 ) GLOBAL_UNCERTAINTY_ASSIGNED_CONTEXT ( ( #1066 ) ) GLOBAL_UNIT_ASSIGNED_CONTEXT ( ( #827, #1820, #1528 ) ) REPRESENTATION_CONTEXT ( 'NONE', 'WORKASPACE' ) );
#1252 = CARTESIAN_POINT ( 'NONE',  ( -0.1307086614173225969, 0.1427165354330712788, -0.1460629921259842534 ) ) ;
#1253 = ORIENTED_EDGE ( 'NONE', *, *, #2040, .F. ) ;
#1254 = AXIS2_PLACEMENT_3D ( 'NONE', #2294, #1296, #2277 ) ;
#1255 = LINE ( 'NONE', #39, #809 ) ;
#1256 = ORIENTED_EDGE ( 'NONE', *, *, #2003, .T. ) ;
#1257 = LINE ( 'NONE', #785, #2919 ) ;
#1258 = FILL_AREA_STYLE_COLOUR ( '', #2972 ) ;
#1259 = DIRECTION ( 'NONE',  ( 0.000000000000000000, 0.000000000000000000, 1.000000000000000000 ) ) ;
#1260 = EDGE_CURVE ( 'NONE', #905, #1741, #1540, .T. ) ;
#1261 = ORIENTED_EDGE ( 'NONE', *, *, #283, .F. ) ;
#1262 = CARTESIAN_POINT ( 'NONE',  ( -0.01476377952755905665, -0.01397637795275590705, -0.09015748031496062520 ) ) ;
#1263 = DIRECTION ( 'NONE',  ( -1.000000000000000000, -8.805702923740139587E-17, 0.000000000000000000 ) ) ;
#1264 = EDGE_CURVE ( 'NONE', #1791, #2246, #594, .T. ) ;
#1265 = ORIENTED_EDGE ( 'NONE', *, *, #1630, .F. ) ;
#1266 = CARTESIAN_POINT ( 'NONE',  ( 0.1307086614173228467, 0.1679133858267712609, -0.1460629921259842534 ) ) ;
#1267 = CARTESIAN_POINT ( 'NONE',  ( 0.000000000000000000, 0.1271653543307086631, 0.000000000000000000 ) ) ;
#1268 = ORIENTED_EDGE ( 'NONE', *, *, #2511, .F. ) ;
#1269 = DIRECTION ( 'NONE',  ( 0.000000000000000000, 0.000000000000000000, 1.000000000000000000 ) ) ;
#1270 = ORIENTED_EDGE ( 'NONE', *, *, #603, .T. ) ;
#1271 = CARTESIAN_POINT ( 'NONE',  ( -0.01870078740157480462, -0.02528496125785114831, -0.1492420615953287955 ) ) ;
#1272 = LINE ( 'NONE', #1781, #2270 ) ;
#1273 = CARTESIAN_POINT ( 'NONE',  ( 0.01259842519685039526, -0.1005905511811023834, 0.08858267716535433989 ) ) ;
#1274 = ORIENTED_EDGE ( 'NONE', *, *, #1804, .T. ) ;
#1275 = PLANE ( 'NONE',  #146 ) ;
#1276 = DIRECTION ( 'NONE',  ( 0.000000000000000000, -1.000000000000000000, -0.000000000000000000 ) ) ;
#1277 = ORIENTED_EDGE ( 'NONE', *, *, #1786, .F. ) ;
#1278 = PLANE ( 'NONE',  #2627 ) ;
#1279 = CARTESIAN_POINT ( 'NONE',  ( -0.1307086614173228467, 0.1427165354330712788, -0.1460629921259842534 ) ) ;
#1280 = EDGE_CURVE ( 'NONE', #1123, #905, #2006, .T. ) ;
#1281 = DIRECTION ( 'NONE',  ( -0.000000000000000000, -1.000000000000000000, -0.000000000000000000 ) ) ;
#1282 = ORIENTED_EDGE ( 'NONE', *, *, #25, .F. ) ;
#1283 = B_SPLINE_CURVE_WITH_KNOTS ( 'NONE', 3,
 ( #2782, #3016, #2956, #2718, #2533, #815, #1271, #797 ),
 .UNSPECIFIED., .F., .F.,
 ( 4, 2, 2, 4 ),
 ( 0.0003697640756975095321, 0.0004622138888486423676, 0.0005546637019997752030, 0.0007395633283020414160 ),
 .UNSPECIFIED. ) ;
#1284 = CARTESIAN_POINT ( 'NONE',  ( 0.01870078740157484626, -0.01848667562183204521, -0.1466060583524748939 ) ) ;
#1285 = EDGE_CURVE ( 'NONE', #1593, #1628, #1980, .T. ) ;
#1286 = ORIENTED_EDGE ( 'NONE', *, *, #893, .F. ) ;
#1287 = DIRECTION ( 'NONE',  ( 0.7071067811865480168, -0.000000000000000000, 0.7071067811865470176 ) ) ;
#1288 = LINE ( 'NONE', #2265, #558 ) ;
#1289 = DIRECTION ( 'NONE',  ( 1.000000000000000000, 0.000000000000000000, 0.000000000000000000 ) ) ;
#1290 = AXIS2_PLACEMENT_3D ( 'NONE', #26, #1975, #1198 ) ;
#1291 = ORIENTED_EDGE ( 'NONE', *, *, #504, .F. ) ;
#1292 =( LENGTH_UNIT ( ) NAMED_UNIT ( * ) SI_UNIT ( $, .METRE. ) );
#1293 = CARTESIAN_POINT ( 'NONE',  ( -0.1938976377952755792, -0.1950787401574803348, 0.1281496062992125984 ) ) ;
#1294 = VERTEX_POINT ( 'NONE', #3029 ) ;
#1295 = AXIS2_PLACEMENT_3D ( 'NONE', #2275, #2255, #1994 ) ;
#1296 = DIRECTION ( 'NONE',  ( 0.000000000000000000, 0.000000000000000000, 1.000000000000000000 ) ) ;
#1297 = VECTOR ( 'NONE', #1604, 39.37007874015748143 ) ;
#1298 = COLOUR_RGB ( '',0.6470588235294117974, 0.5176470588235293491, 0.000000000000000000 ) ;
#1299 = ORIENTED_EDGE ( 'NONE', *, *, #2206, .F. ) ;
#1300 = EDGE_CURVE ( 'NONE', #1791, #2524, #3043, .T. ) ;
#1301 = CARTESIAN_POINT ( 'NONE',  ( 0.01870078740157484973, -0.01519634492771461572, -0.1448424406283375654 ) ) ;
#1302 = VECTOR ( 'NONE', #1792, 39.37007874015748143 ) ;
#1303 = ORIENTED_EDGE ( 'NONE', *, *, #2840, .F. ) ;
#1304 = CARTESIAN_POINT ( 'NONE',  ( 0.01870078740157484626, -0.008405870435638604365, -0.1471899452704160949 ) ) ;
#1305 = EDGE_CURVE ( 'NONE', #2467, #2777, #871, .T. ) ;
#1306 = VECTOR ( 'NONE', #931, 39.37007874015748143 ) ;
#1307 = CARTESIAN_POINT ( 'NONE',  ( 0.01476377952755905665, -0.01397637795275590705, -0.1098425196561238909 ) ) ;
#1308 = EDGE_LOOP ( 'NONE', ( #2849, #111, #2682, #1486 ) ) ;
#1309 = SURFACE_STYLE_FILL_AREA ( #2740 ) ;
#1310 = SURFACE_SIDE_STYLE ('',( #2707 ) ) ;
#1311 = ORIENTED_EDGE ( 'NONE', *, *, #1501, .T. ) ;
#1312 = CARTESIAN_POINT ( 'NONE',  ( 0.03291860758575437113, 0.002962325488109431807, -0.1443838085985952313 ) ) ;
#1313 = DIRECTION ( 'NONE',  ( 0.000000000000000000, 0.000000000000000000, 1.000000000000000000 ) ) ;
#1314 = ORIENTED_EDGE ( 'NONE', *, *, #2479, .T. ) ;
#1315 = CARTESIAN_POINT ( 'NONE',  ( -0.05216535433070866590, 0.06476377952755904555, 0.1281496062992125984 ) ) ;
#1316 = ADVANCED_FACE ( 'NONE', ( #412 ), #2555, .T. ) ;
#1317 = ORIENTED_EDGE ( 'NONE', *, *, #1889, .F. ) ;
#1318 = DIRECTION ( 'NONE',  ( 0.7071067811865469066, 0.000000000000000000, -0.7071067811865479058 ) ) ;
#1319 = DIRECTION ( 'NONE',  ( 0.000000000000000000, 0.000000000000000000, 1.000000000000000000 ) ) ;
#1320 = EDGE_CURVE ( 'NONE', #1861, #1608, #358, .T. ) ;
#1321 = EDGE_CURVE ( 'NONE', #439, #2554, #2368, .T. ) ;
#1322 = DIRECTION ( 'NONE',  ( 0.000000000000000000, 0.000000000000000000, -1.000000000000000000 ) ) ;
#1323 = VERTEX_POINT ( 'NONE', #1609 ) ;
#1324 = DIRECTION ( 'NONE',  ( 1.000000000000000000, 0.000000000000000000, -5.421010862427519705E-17 ) ) ;
#1325 = CARTESIAN_POINT ( 'NONE',  ( 0.03959354908004134033, -0.01397637795275590705, -0.1443838085991254461 ) ) ;
#1326 = ORIENTED_EDGE ( 'NONE', *, *, #46, .F. ) ;
#1327 = CARTESIAN_POINT ( 'NONE',  ( 0.02416059252622549183, -0.0001335306329466335587, -0.1491510089724203680 ) ) ;
#1328 = CARTESIAN_POINT ( 'NONE',  ( 0.06594488188976378729, 0.06476377952755904555, 0.1281496062992125984 ) ) ;
#1329 = ORIENTED_EDGE ( 'NONE', *, *, #2574, .T. ) ;
#1330 = CARTESIAN_POINT ( 'NONE',  ( 0.01476377952755905665, -0.01397637795275590705, -0.1443838085991254461 ) ) ;
#1331 = ORIENTED_EDGE ( 'NONE', *, *, #2845, .T. ) ;
#1332 = CARTESIAN_POINT ( 'NONE',  ( 0.01870078740157484279, -0.01397637795275590705, -0.1448424406283375931 ) ) ;
#1333 = CARTESIAN_POINT ( 'NONE',  ( -0.1702755905511811052, -0.1950787401574803348, 0.1281496062992125984 ) ) ;
#1334 = DIRECTION ( 'NONE',  ( 1.000000000000000000, 0.000000000000000000, 0.000000000000000000 ) ) ;
#1335 = ORIENTED_EDGE ( 'NONE', *, *, #1888, .T. ) ;
#1336 = EDGE_CURVE ( 'NONE', #790, #1517, #681, .T. ) ;
#1337 = DIRECTION ( 'NONE',  ( -1.000000000000000000, 7.453889935837970779E-15, 0.000000000000000000 ) ) ;
#1338 = CARTESIAN_POINT ( 'NONE',  ( -0.1055118110236224482, 0.1427165354330708902, -0.1460629921259842534 ) ) ;
#1339 = PLANE ( 'NONE',  #547 ) ;
#1340 = CIRCLE ( 'NONE', #3123, 0.05511811023622047861 ) ;
#1341 = ORIENTED_EDGE ( 'NONE', *, *, #1905, .T. ) ;
#1342 = ADVANCED_FACE ( 'NONE', ( #1376 ), #645, .F. ) ;
#1343 = DIRECTION ( 'NONE',  ( 1.000000000000000000, 0.000000000000000000, -5.421010862427519705E-17 ) ) ;
#1344 = CARTESIAN_POINT ( 'NONE',  ( -0.1702755905511811052, -0.1950787401574803348, 0.1519685039370078927 ) ) ;
#1345 = AXIS2_PLACEMENT_3D ( 'NONE', #606, #1516, #1533 ) ;
#1346 = CIRCLE ( 'NONE', #297, 0.01417322834645671353 ) ;
#1347 = ORIENTED_EDGE ( 'NONE', *, *, #1557, .F. ) ;
#1348 = DIRECTION ( 'NONE',  ( -1.000000000000000000, -0.000000000000000000, 0.000000000000000000 ) ) ;
#1349 = CARTESIAN_POINT ( 'NONE',  ( -0.1055118110236224482, 0.000000000000000000, -0.1460629921259842534 ) ) ;
#1350 = VECTOR ( 'NONE', #2091, 39.37007874015748143 ) ;
#1351 = CARTESIAN_POINT ( 'NONE',  ( 0.03974546757803416874, -0.03838672674455888278, -0.1328784837006382058 ) ) ;
#1352 = CARTESIAN_POINT ( 'NONE',  ( 0.01981313284065189251, -0.03221525974987368701, -0.1511177842646917457 ) ) ;
#1353 = EDGE_LOOP ( 'NONE', ( #2828, #870, #227, #1851 ) ) ;
#1354 = PRESENTATION_LAYER_ASSIGNMENT (  '', '', ( #1456 ) ) ;
#1355 = CARTESIAN_POINT ( 'NONE',  ( 0.05807086614173228439, -0.1271653543307086631, -0.02125984251968499744 ) ) ;
#1356 = ORIENTED_EDGE ( 'NONE', *, *, #836, .T. ) ;
#1357 = VECTOR ( 'NONE', #2239, 39.37007874015748143 ) ;
#1358 = DIRECTION ( 'NONE',  ( -1.000000000000000000, 2.710505431213800134E-15, 0.000000000000000000 ) ) ;
#1359 = EDGE_CURVE ( 'NONE', #2180, #830, #630, .T. ) ;
#1360 = B_SPLINE_CURVE_WITH_KNOTS ( 'NONE', 3,
 ( #1398, #2117, #3089, #1681, #2644, #890 ),
 .UNSPECIFIED., .F., .F.,
 ( 4, 2, 4 ),
 ( 4.056084452073439852E-15, 0.0002047898823652728143, 0.0004095797647264895740 ),
 .UNSPECIFIED. ) ;
#1361 = ORIENTED_EDGE ( 'NONE', *, *, #1826, .F. ) ;
#1362 = CARTESIAN_POINT ( 'NONE',  ( 0.01259842519685027556, 0.1679133858267712609, -0.1460629921259842534 ) ) ;
#1363 = DIRECTION ( 'NONE',  ( -1.000000000000000000, -0.000000000000000000, 5.421010862427519705E-17 ) ) ;
#1364 = ADVANCED_FACE ( 'NONE', ( #2857 ), #164, .F. ) ;
#1365 = ORIENTED_EDGE ( 'NONE', *, *, #2151, .T. ) ;
#1366 = FACE_OUTER_BOUND ( 'NONE', #834, .T. ) ;
#1367 = CARTESIAN_POINT ( 'NONE',  ( 0.03959354908139983698, -0.002375108862559348506, -0.1443838085988509434 ) ) ;
#1368 = DIRECTION ( 'NONE',  ( 1.000000000000000000, 0.000000000000000000, 0.000000000000000000 ) ) ;
#1369 = VERTEX_POINT ( 'NONE', #1473 ) ;
#1370 = DIRECTION ( 'NONE',  ( 0.000000000000000000, 0.000000000000000000, 1.000000000000000000 ) ) ;
#1371 = FACE_OUTER_BOUND ( 'NONE', #2061, .T. ) ;
#1372 = ORIENTED_EDGE ( 'NONE', *, *, #1770, .T. ) ;
#1373 = CARTESIAN_POINT ( 'NONE',  ( -0.1446850393700787329, 0.06476377952755904555, 0.02381889763779523189 ) ) ;
#1374 = DIRECTION ( 'NONE',  ( 0.000000000000000000, 0.000000000000000000, -1.000000000000000000 ) ) ;
#1375 = ORIENTED_EDGE ( 'NONE', *, *, #981, .F. ) ;
#1376 = FACE_OUTER_BOUND ( 'NONE', #2451, .T. ) ;
#1377 = CARTESIAN_POINT ( 'NONE',  ( -0.01259842519685029985, 0.1427165354330712788, -0.1460629921259842534 ) ) ;
#1378 = ORIENTED_EDGE ( 'NONE', *, *, #1015, .T. ) ;
#1379 = DIRECTION ( 'NONE',  ( 0.000000000000000000, 0.000000000000000000, -1.000000000000000000 ) ) ;
#1380 = LINE ( 'NONE', #220, #560 ) ;
#1381 = EDGE_CURVE ( 'NONE', #1578, #2986, #3114, .T. ) ;
#1382 = CARTESIAN_POINT ( 'NONE',  ( 0.02191331724755437096, -0.005610671266895987316, -0.1512698035907091842 ) ) ;
#1383 = DIRECTION ( 'NONE',  ( -1.000000000000000000, 0.000000000000000000, 0.000000000000000000 ) ) ;
#1384 = ORIENTED_EDGE ( 'NONE', *, *, #1643, .F. ) ;
#1385 = DIMENSIONAL_EXPONENTS ( 1.000000000000000000, 0.000000000000000000, 0.000000000000000000, 0.000000000000000000, 0.000000000000000000, 0.000000000000000000, 0.000000000000000000 ) ;
#1386 = EDGE_CURVE ( 'NONE', #1076, #1128, #998, .T. ) ;
#1387 = CARTESIAN_POINT ( 'NONE',  ( 0.05216535433070866590, 0.06476377952755904555, 0.1281496062992125984 ) ) ;
#1388 = CARTESIAN_POINT ( 'NONE',  ( -0.05216535433070863120, -0.1950787401574803348, 0.04940944881889763884 ) ) ;
#1389 = CARTESIAN_POINT ( 'NONE',  ( 0.09153543307086615954, -0.1950787401574803348, 0.02381889763779523536 ) ) ;
#1390 = LINE ( 'NONE', #1870, #1306 ) ;
#1391 = PLANE ( 'NONE',  #133 ) ;
#1392 = ORIENTED_EDGE ( 'NONE', *, *, #819, .T. ) ;
#1393 = CARTESIAN_POINT ( 'NONE',  ( 0.02755905511811023584, -0.08011811023622049388, 0.2098425196850393915 ) ) ;
#1394 = VECTOR ( 'NONE', #2671, 39.37007874015748143 ) ;
#1395 = ORIENTED_EDGE ( 'NONE', *, *, #1826, .T. ) ;
#1396 = VECTOR ( 'NONE', #273, 39.37007874015748143 ) ;
#1397 = DIRECTION ( 'NONE',  ( 1.000000000000000000, 0.000000000000000000, -0.000000000000000000 ) ) ;
#1398 = CARTESIAN_POINT ( 'NONE',  ( -0.03291860758733410747, 0.002962325489109459992, -0.1443838085970552965 ) ) ;
#1399 = CARTESIAN_POINT ( 'NONE',  ( 0.05333842111653669393, -0.05334645670104272430, -0.1098425196725212744 ) ) ;
#1400 = CIRCLE ( 'NONE', #955, 0.05511811023622047861 ) ;
#1401 = DIRECTION ( 'NONE',  ( 0.000000000000000000, -1.000000000000000000, -0.000000000000000000 ) ) ;
#1402 = VERTEX_POINT ( 'NONE', #2414 ) ;
#1403 = AXIS2_PLACEMENT_3D ( 'NONE', #1111, #200, #2593 ) ;
#1404 = CARTESIAN_POINT ( 'NONE',  ( 0.1702755905511811052, -0.1950787401574803348, 0.02381889763779523536 ) ) ;
#1405 = ADVANCED_FACE ( 'NONE', ( #2900 ), #2664, .F. ) ;
#1406 = VECTOR ( 'NONE', #1178, 39.37007874015748143 ) ;
#1407 = DIRECTION ( 'NONE',  ( -0.000000000000000000, -1.000000000000000000, 0.000000000000000000 ) ) ;
#1408 = AXIS2_PLACEMENT_3D ( 'NONE', #2616, #2190, #2909 ) ;
#1409 = CARTESIAN_POINT ( 'NONE',  ( -0.1938976377952755792, -0.1950787401574803348, 0.02381889763779524577 ) ) ;
#1410 = VECTOR ( 'NONE', #2687, 39.37007874015748143 ) ;
#1411 = SURFACE_STYLE_USAGE ( .BOTH. , #1849 ) ;
#1412 = AXIS2_PLACEMENT_3D ( 'NONE', #777, #2433, #1487 ) ;
#1413 = VERTEX_POINT ( 'NONE', #1201 ) ;
#1414 = CARTESIAN_POINT ( 'NONE',  ( 0.1055118110236220597, 0.1427165354330712788, 0.000000000000000000 ) ) ;
#1415 = CARTESIAN_POINT ( 'NONE',  ( 0.06988188973728602649, -0.01397637795275590705, -0.1098425196561238909 ) ) ;
#1416 = EDGE_LOOP ( 'NONE', ( #3010, #2028, #2043, #1714 ) ) ;
#1417 = LINE ( 'NONE', #1723, #2470 ) ;
#1418 = DIRECTION ( 'NONE',  ( 0.000000000000000000, -0.000000000000000000, -1.000000000000000000 ) ) ;
#1419 = LINE ( 'NONE', #987, #1654 ) ;
#1420 = VERTEX_POINT ( 'NONE', #501 ) ;
#1421 = LINE ( 'NONE', #452, #2770 ) ;
#1422 = EDGE_CURVE ( 'NONE', #568, #1874, #759, .T. ) ;
#1423 = EDGE_CURVE ( 'NONE', #640, #2848, #29, .T. ) ;
#1424 = FILL_AREA_STYLE_COLOUR ( '', #289 ) ;
#1425 = ORIENTED_EDGE ( 'NONE', *, *, #308, .F. ) ;
#1426 = DIRECTION ( 'NONE',  ( 1.000000000000000000, -7.453889935837980246E-15, 0.000000000000000000 ) ) ;
#1427 = LINE ( 'NONE', #2227, #2931 ) ;
#1428 = ORIENTED_EDGE ( 'NONE', *, *, #1465, .T. ) ;
#1429 = LINE ( 'NONE', #2403, #1757 ) ;
#1430 = DIRECTION ( 'NONE',  ( 0.000000000000000000, -0.000000000000000000, -1.000000000000000000 ) ) ;
#1431 = CARTESIAN_POINT ( 'NONE',  ( 0.01870078740157484279, -0.1271653543307086631, -0.02125984251968503908 ) ) ;
#1432 = ORIENTED_EDGE ( 'NONE', *, *, #2778, .F. ) ;
#1433 = APPLICATION_PROTOCOL_DEFINITION ( 'draft international standard', 'automotive_design', 1998, #259 ) ;
#1434 = DIRECTION ( 'NONE',  ( -0.000000000000000000, 1.000000000000000000, 0.000000000000000000 ) ) ;
#1435 = FILL_AREA_STYLE_COLOUR ( '', #3092 ) ;
#1436 = PLANE ( 'NONE',  #701 ) ;
#1437 = ADVANCED_FACE ( 'NONE', ( #2208 ), #996, .T. ) ;
#1438 = ORIENTED_EDGE ( 'NONE', *, *, #2025, .F. ) ;
#1439 = DIRECTION ( 'NONE',  ( 1.000000000000000000, 1.781189283369042886E-15, 0.000000000000000000 ) ) ;
#1440 = PLANE ( 'NONE',  #1412 ) ;
#1441 = ADVANCED_FACE ( 'NONE', ( #728 ), #1523, .F. ) ;
#1442 = ORIENTED_EDGE ( 'NONE', *, *, #2591, .T. ) ;
#1443 = CARTESIAN_POINT ( 'NONE',  ( -0.1307086614173226247, 0.1427165354330712788, -0.1460629921259842534 ) ) ;
#1444 = DIRECTION ( 'NONE',  ( 1.000000000000000000, 0.000000000000000000, 0.000000000000000000 ) ) ;
#1445 = LINE ( 'NONE', #2878, #392 ) ;
#1446 = VECTOR ( 'NONE', #1795, 39.37007874015748143 ) ;
#1447 = VERTEX_POINT ( 'NONE', #1798 ) ;
#1448 = CIRCLE ( 'NONE', #499, 0.05511811023622047861 ) ;
#1449 = DIRECTION ( 'NONE',  ( 0.000000000000000000, 9.637352644315589080E-17, 1.000000000000000000 ) ) ;
#1450 = VECTOR ( 'NONE', #1591, 39.37007874015748143 ) ;
#1451 = SURFACE_SIDE_STYLE ('',( #2679 ) ) ;
#1452 = AXIS2_PLACEMENT_3D ( 'NONE', #2538, #2568, #1089 ) ;
#1453 = DIRECTION ( 'NONE',  ( 0.000000000000000000, 0.000000000000000000, 1.000000000000000000 ) ) ;
#1454 = ORIENTED_EDGE ( 'NONE', *, *, #1787, .F. ) ;
#1455 =( GEOMETRIC_REPRESENTATION_CONTEXT ( 3 ) GLOBAL_UNCERTAINTY_ASSIGNED_CONTEXT ( ( #595 ) ) GLOBAL_UNIT_ASSIGNED_CONTEXT ( ( #3003, #2763, #817 ) ) REPRESENTATION_CONTEXT ( 'NONE', 'WORKASPACE' ) );
#1456 = STYLED_ITEM ( 'NONE', ( #2390 ), #1960 ) ;
#1457 =( NAMED_UNIT ( * ) SI_UNIT ( $, .STERADIAN. ) SOLID_ANGLE_UNIT ( ) );
#1458 = PLANE ( 'NONE',  #1007 ) ;
#1459 = EDGE_CURVE ( 'NONE', #2772, #1903, #569, .T. ) ;
#1460 = AXIS2_PLACEMENT_3D ( 'NONE', #2415, #229, #15 ) ;
#1461 = VERTEX_POINT ( 'NONE', #60 ) ;
#1462 = LINE ( 'NONE', #1680, #2672 ) ;
#1463 = CARTESIAN_POINT ( 'NONE',  ( 0.01259842519685008128, 0.1427165354330711400, -0.1460629921259842534 ) ) ;
#1464 = VECTOR ( 'NONE', #2854, 39.37007874015748143 ) ;
#1465 = EDGE_CURVE ( 'NONE', #1917, #2485, #1759, .T. ) ;
#1466 = UNCERTAINTY_MEASURE_WITH_UNIT (LENGTH_MEASURE( 1.000000000000000082E-05 ), #77, 'distance_accuracy_value', 'NONE');
#1467 = ADVANCED_FACE ( 'NONE', ( #1243 ), #1784, .F. ) ;
#1468 = CARTESIAN_POINT ( 'NONE',  ( 0.01259842519685039526, -0.1005905511811023834, 0.06338582677165355284 ) ) ;
#1469 = VERTEX_POINT ( 'NONE', #1991 ) ;
#1470 = PLANE ( 'NONE',  #2420 ) ;
#1471 = CARTESIAN_POINT ( 'NONE',  ( -0.1181102362204724532, -0.1005905511811023834, 0.000000000000000000 ) ) ;
#1472 = ORIENTED_EDGE ( 'NONE', *, *, #1117, .F. ) ;
#1473 = CARTESIAN_POINT ( 'NONE',  ( -0.01870078740157480462, -0.01397637795275766953, -0.1448424406283370103 ) ) ;
#1474 = DIRECTION ( 'NONE',  ( 0.000000000000000000, 0.000000000000000000, 1.000000000000000000 ) ) ;
#1475 = ORIENTED_EDGE ( 'NONE', *, *, #1054, .T. ) ;
#1476 = SURFACE_STYLE_FILL_AREA ( #525 ) ;
#1477 = DIRECTION ( 'NONE',  ( -0.000000000000000000, -9.637352644315589080E-17, 1.000000000000000000 ) ) ;
#1478 = DIRECTION ( 'NONE',  ( 1.000000000000000000, 0.000000000000000000, -0.000000000000000000 ) ) ;
#1479 = ORIENTED_EDGE ( 'NONE', *, *, #431, .T. ) ;
#1480 = EDGE_CURVE ( 'NONE', #1110, #1070, #291, .T. ) ;
#1481 = ADVANCED_FACE ( 'NONE', ( #2958 ), #2493, .F. ) ;
#1482 = CARTESIAN_POINT ( 'NONE',  ( -0.02755905511811023584, -0.08011811023622049388, 0.1519685039370078927 ) ) ;
#1483 = DIRECTION ( 'NONE',  ( -0.000000000000000000, -0.000000000000000000, 1.000000000000000000 ) ) ;
#1484 = EDGE_CURVE ( 'NONE', #13, #420, #3006, .T. ) ;
#1485 = CARTESIAN_POINT ( 'NONE',  ( 0.01476377952755905665, -0.01397637795275590705, -0.02125984251968504601 ) ) ;
#1486 = ORIENTED_EDGE ( 'NONE', *, *, #484, .T. ) ;
#1487 = DIRECTION ( 'NONE',  ( 1.000000000000000000, 0.000000000000000000, -5.421010862427519705E-17 ) ) ;
#1488 = VERTEX_POINT ( 'NONE', #2726 ) ;
#1489 =( LENGTH_UNIT ( ) NAMED_UNIT ( * ) SI_UNIT ( $, .METRE. ) );
#1490 = CARTESIAN_POINT ( 'NONE',  ( -0.01259842519685039526, -0.1005905511811023834, 0.06338582677165355284 ) ) ;
#1491 = CARTESIAN_POINT ( 'NONE',  ( -0.01476377952755905665, -0.01397637795275590705, -0.1098425196850393720 ) ) ;
#1492 = ORIENTED_EDGE ( 'NONE', *, *, #2206, .T. ) ;
#1493 = AXIS2_PLACEMENT_3D ( 'NONE', #147, #2802, #1020 ) ;
#1494 = CARTESIAN_POINT ( 'NONE',  ( -0.1702755905511811052, 0.06476377952755904555, 0.1281496062992125984 ) ) ;
#1495 = ADVANCED_FACE ( 'NONE', ( #2947 ), #1275, .T. ) ;
#1496 = EDGE_LOOP ( 'NONE', ( #557, #327, #2152, #1277 ) ) ;
#1497 = VECTOR ( 'NONE', #1782, 39.37007874015748143 ) ;
#1498 = DIRECTION ( 'NONE',  ( 0.000000000000000000, 0.000000000000000000, 1.000000000000000000 ) ) ;
#1499 = AXIS2_PLACEMENT_3D ( 'NONE', #3073, #2636, #914 ) ;
#1500 = DIRECTION ( 'NONE',  ( 0.000000000000000000, 0.5446390350150269732, 0.8386705679454241613 ) ) ;
#1501 = EDGE_CURVE ( 'NONE', #2392, #439, #788, .T. ) ;
#1502 = DIRECTION ( 'NONE',  ( 0.000000000000000000, -1.000000000000000000, 0.000000000000000000 ) ) ;
#1503 = STYLED_ITEM ( 'NONE', ( #1968 ), #1222 ) ;
#1504 = VERTEX_POINT ( 'NONE', #614 ) ;
#1505 = DIRECTION ( 'NONE',  ( -1.000000000000000000, -8.752388879802260299E-17, 0.000000000000000000 ) ) ;
#1506 = DIRECTION ( 'NONE',  ( -0.000000000000000000, 0.000000000000000000, 1.000000000000000000 ) ) ;
#1507 = VECTOR ( 'NONE', #1670, 39.37007874015748143 ) ;
#1508 = ORIENTED_EDGE ( 'NONE', *, *, #1386, .T. ) ;
#1509 = FILL_AREA_STYLE ('',( #1065 ) ) ;
#1510 = CARTESIAN_POINT ( 'NONE',  ( 0.1702755905511811052, -0.1950787401574803348, 0.02381889763779523536 ) ) ;
#1511 = VECTOR ( 'NONE', #2296, 39.37007874015748143 ) ;
#1512 = FACE_OUTER_BOUND ( 'NONE', #98, .T. ) ;
#1513 = ORIENTED_EDGE ( 'NONE', *, *, #2025, .T. ) ;
#1514 = LINE ( 'NONE', #1750, #2426 ) ;
#1515 = ORIENTED_EDGE ( 'NONE', *, *, #2084, .F. ) ;
#1516 = DIRECTION ( 'NONE',  ( -1.000000000000000000, 0.000000000000000000, 0.000000000000000000 ) ) ;
#1517 = VERTEX_POINT ( 'NONE', #112 ) ;
#1518 = DIRECTION ( 'NONE',  ( 2.710505431213800134E-15, 1.000000000000000000, -0.000000000000000000 ) ) ;
#1519 = CARTESIAN_POINT ( 'NONE',  ( 0.01476377952755905665, -0.01397637795275590705, -0.1098425196850393720 ) ) ;
#1520 = ORIENTED_EDGE ( 'NONE', *, *, #2319, .T. ) ;
#1521 = EDGE_CURVE ( 'NONE', #2810, #2459, #863, .T. ) ;
#1522 = ADVANCED_FACE ( 'NONE', ( #2979 ), #822, .T. ) ;
#1523 = PLANE ( 'NONE',  #764 ) ;
#1524 = B_SPLINE_CURVE_WITH_KNOTS ( 'NONE', 3,
 ( #3047, #1875, #1836, #417, #633, #889 ),
 .UNSPECIFIED., .F., .F.,
 ( 4, 2, 4 ),
 ( 1.633294363970091605E-14, 0.0002047898823439293730, 0.0004095797646715258365 ),
 .UNSPECIFIED. ) ;
#1525 = FILL_AREA_STYLE ('',( #1799 ) ) ;
#1526 = EDGE_LOOP ( 'NONE', ( #1695, #2279, #2305, #3109 ) ) ;
#1527 =( LENGTH_UNIT ( ) NAMED_UNIT ( * ) SI_UNIT ( $, .METRE. ) );
#1528 =( NAMED_UNIT ( * ) SI_UNIT ( $, .STERADIAN. ) SOLID_ANGLE_UNIT ( ) );
#1529 = LINE ( 'NONE', #408, #2708 ) ;
#1530 = EDGE_LOOP ( 'NONE', ( #1738, #2515, #2327, #629 ) ) ;
#1531 =( NAMED_UNIT ( * ) PLANE_ANGLE_UNIT ( ) SI_UNIT ( $, .RADIAN. ) );
#1532 = ORIENTED_EDGE ( 'NONE', *, *, #530, .F. ) ;
#1533 = DIRECTION ( 'NONE',  ( 0.000000000000000000, 0.000000000000000000, 1.000000000000000000 ) ) ;
#1534 = DIRECTION ( 'NONE',  ( 0.000000000000000000, 0.000000000000000000, -1.000000000000000000 ) ) ;
#1535 = ORIENTED_EDGE ( 'NONE', *, *, #2164, .F. ) ;
#1536 = PRESENTATION_STYLE_ASSIGNMENT (( #2291 ) ) ;
#1537 = CARTESIAN_POINT ( 'NONE',  ( -0.02755905511811023931, -0.1730314960629921461, 0.1519685039370078650 ) ) ;
#1538 = EDGE_CURVE ( 'NONE', #2986, #790, #626, .T. ) ;
#1539 = EDGE_LOOP ( 'NONE', ( #2105, #2321, #475, #1751 ) ) ;
#1540 = LINE ( 'NONE', #2754, #243 ) ;
#1541 = UNCERTAINTY_MEASURE_WITH_UNIT (LENGTH_MEASURE( 1.000000000000000082E-05 ), #2354, 'distance_accuracy_value', 'NONE');
#1542 = CARTESIAN_POINT ( 'NONE',  ( -0.05333842111682005754, 0.02539370079551046128, -0.1098425196725527769 ) ) ;
#1543 = EDGE_CURVE ( 'NONE', #830, #2766, #678, .T. ) ;
#1544 = VERTEX_POINT ( 'NONE', #125 ) ;
#1545 = DIRECTION ( 'NONE',  ( 1.000000000000000000, 0.000000000000000000, 0.000000000000000000 ) ) ;
#1546 = EDGE_LOOP ( 'NONE', ( #810, #1644, #181, #117 ) ) ;
#1547 = CARTESIAN_POINT ( 'NONE',  ( 0.000000000000000000, 0.000000000000000000, 0.000000000000000000 ) ) ;
#1548 = EDGE_LOOP ( 'NONE', ( #2046, #364, #2543, #434, #920, #104, #477, #2406, #1659, #954 ) ) ;
#1549 = LINE ( 'NONE', #2720, #360 ) ;
#1550 = CARTESIAN_POINT ( 'NONE',  ( 0.1307086614173228467, 0.1679133858267712609, -0.1460629921259842534 ) ) ;
#1551 = VECTOR ( 'NONE', #81, 39.37007874015748143 ) ;
#1552 =( NAMED_UNIT ( * ) PLANE_ANGLE_UNIT ( ) SI_UNIT ( $, .RADIAN. ) );
#1553 = CARTESIAN_POINT ( 'NONE',  ( -0.01259842519685039526, 0.1427165354330712788, -0.1460629921259842534 ) ) ;
#1554 = PRESENTATION_LAYER_ASSIGNMENT (  '', '', ( #2113 ) ) ;
#1555 = VERTEX_POINT ( 'NONE', #1373 ) ;
#1556 = CARTESIAN_POINT ( 'NONE',  ( -0.05807086614173229133, -0.1271653543307086631, 0.000000000000000000 ) ) ;
#1557 = EDGE_CURVE ( 'NONE', #1143, #1128, #1155, .T. ) ;
#1558 = FACE_OUTER_BOUND ( 'NONE', #16, .T. ) ;
#1559 = PRESENTATION_LAYER_ASSIGNMENT (  '', '', ( #2280 ) ) ;
#1560 = VECTOR ( 'NONE', #2466, 39.37007874015748143 ) ;
#1561 = ORIENTED_EDGE ( 'NONE', *, *, #2188, .T. ) ;
#1562 = VECTOR ( 'NONE', #1827, 39.37007874015748143 ) ;
#1563 = EDGE_CURVE ( 'NONE', #2540, #529, #2575, .T. ) ;
#1564 = CARTESIAN_POINT ( 'NONE',  ( 0.01870078740157484279, -0.01632891177375452030, -0.1454513170360800800 ) ) ;
#1565 = CONICAL_SURFACE ( 'NONE', #202, 0.05511811020972696984, 0.7198901078334353221 ) ;
#1566 = ADVANCED_FACE ( 'NONE', ( #1639 ), #385, .T. ) ;
#1567 = ORIENTED_EDGE ( 'NONE', *, *, #2953, .F. ) ;
#1568 = CARTESIAN_POINT ( 'NONE',  ( 0.01476377952755905665, -0.01397637795275590705, -0.1098425196850393720 ) ) ;
#1569 = AXIS2_PLACEMENT_3D ( 'NONE', #363, #1313, #2045 ) ;
#1570 = DIRECTION ( 'NONE',  ( 0.000000000000000000, -0.000000000000000000, -1.000000000000000000 ) ) ;
#1571 = CARTESIAN_POINT ( 'NONE',  ( -0.01870078740157480462, 0.000000000000000000, 0.000000000000000000 ) ) ;
#1572 = ORIENTED_EDGE ( 'NONE', *, *, #382, .F. ) ;
#1573 = DIRECTION ( 'NONE',  ( 0.000000000000000000, 1.000000000000000000, -0.000000000000000000 ) ) ;
#1574 = CARTESIAN_POINT ( 'NONE',  ( 0.1307086614173224581, 0.000000000000000000, -0.1460629921259842534 ) ) ;
#1575 = ORIENTED_EDGE ( 'NONE', *, *, #1060, .T. ) ;
#1576 = DIRECTION ( 'NONE',  ( -7.453889935837980246E-15, -1.000000000000000000, -0.000000000000000000 ) ) ;
#1577 = LINE ( 'NONE', #842, #2635 ) ;
#1578 = VERTEX_POINT ( 'NONE', #916 ) ;
#1579 =( LENGTH_UNIT ( ) NAMED_UNIT ( * ) SI_UNIT ( $, .METRE. ) );
#1580 = ORIENTED_EDGE ( 'NONE', *, *, #1264, .T. ) ;
#1581 = FACE_OUTER_BOUND ( 'NONE', #416, .T. ) ;
#1582 = ADVANCED_FACE ( 'NONE', ( #437 ), #2604, .T. ) ;
#1583 = LINE ( 'NONE', #2311, #1101 ) ;
#1584 = FACE_OUTER_BOUND ( 'NONE', #87, .T. ) ;
#1585 = ADVANCED_FACE ( 'NONE', ( #867 ), #2129, .F. ) ;
#1586 = VERTEX_POINT ( 'NONE', #1846 ) ;
#1587 = DIRECTION ( 'NONE',  ( 0.000000000000000000, 0.000000000000000000, 1.000000000000000000 ) ) ;
#1588 = LINE ( 'NONE', #438, #2583 ) ;
#1589 = PLANE ( 'NONE',  #339 ) ;
#1590 = ORIENTED_EDGE ( 'NONE', *, *, #1822, .T. ) ;
#1591 = DIRECTION ( 'NONE',  ( -1.000000000000000000, -0.000000000000000000, 5.421010862427519705E-17 ) ) ;
#1592 = FACE_OUTER_BOUND ( 'NONE', #397, .T. ) ;
#1593 = VERTEX_POINT ( 'NONE', #3097 ) ;
#1594 = CARTESIAN_POINT ( 'NONE',  ( -0.02893700787401593671, -0.01397637795275600073, -0.1350393700787402285 ) ) ;
#1595 = CARTESIAN_POINT ( 'NONE',  ( -0.06594488188976378729, 0.06476377952755904555, 0.1281496062992125984 ) ) ;
#1596 = CARTESIAN_POINT ( 'NONE',  ( -0.1307086614173228467, -0.1005905511811023834, 0.06338582677165355284 ) ) ;
#1597 = DIRECTION ( 'NONE',  ( 0.000000000000000000, 0.000000000000000000, 1.000000000000000000 ) ) ;
#1598 = ORIENTED_EDGE ( 'NONE', *, *, #3072, .F. ) ;
#1599 = LINE ( 'NONE', #189, #1962 ) ;
#1600 = EDGE_CURVE ( 'NONE', #1070, #1871, #2316, .T. ) ;
#1601 = DIRECTION ( 'NONE',  ( -1.000000000000000000, 0.000000000000000000, 0.000000000000000000 ) ) ;
#1602 = ORIENTED_EDGE ( 'NONE', *, *, #2989, .T. ) ;
#1603 = DIRECTION ( 'NONE',  ( -0.000000000000000000, 1.000000000000000000, 0.000000000000000000 ) ) ;
#1604 = DIRECTION ( 'NONE',  ( 1.000000000000000000, 0.000000000000000000, 0.000000000000000000 ) ) ;
#1605 = EDGE_CURVE ( 'NONE', #2608, #3055, #2353, .T. ) ;
#1606 = CARTESIAN_POINT ( 'NONE',  ( 0.1055118110236220597, -0.1005905511811023834, 0.06338582677165355284 ) ) ;
#1607 = AXIS2_PLACEMENT_3D ( 'NONE', #1928, #1942, #800 ) ;
#1608 = VERTEX_POINT ( 'NONE', #176 ) ;
#1609 = CARTESIAN_POINT ( 'NONE',  ( -0.01870078740157483932, -0.0001727780079291047789, -0.1492114446300774888 ) ) ;
#1610 = LINE ( 'NONE', #1415, #1965 ) ;
#1611 = AXIS2_PLACEMENT_3D ( 'NONE', #1547, #105, #1071 ) ;
#1612 =( GEOMETRIC_REPRESENTATION_CONTEXT ( 3 ) GLOBAL_UNCERTAINTY_ASSIGNED_CONTEXT ( ( #265 ) ) GLOBAL_UNIT_ASSIGNED_CONTEXT ( ( #313, #825, #2242 ) ) REPRESENTATION_CONTEXT ( 'NONE', 'WORKASPACE' ) );
#1613 = ORIENTED_EDGE ( 'NONE', *, *, #2567, .F. ) ;
#1614 = FACE_OUTER_BOUND ( 'NONE', #1416, .T. ) ;
#1615 = STYLED_ITEM ( 'NONE', ( #2250 ), #2914 ) ;
#1616 = PRESENTATION_LAYER_ASSIGNMENT (  '', '', ( #1154 ) ) ;
#1617 = ORIENTED_EDGE ( 'NONE', *, *, #660, .T. ) ;
#1618 = CARTESIAN_POINT ( 'NONE',  ( 0.01860377944844759240, -0.01397637795275590879, -0.1447401325263951433 ) ) ;
#1619 = ORIENTED_EDGE ( 'NONE', *, *, #545, .F. ) ;
#1620 = FACE_OUTER_BOUND ( 'NONE', #2096, .T. ) ;
#1621 = VECTOR ( 'NONE', #2095, 39.37007874015748143 ) ;
#1622 = PRESENTATION_STYLE_ASSIGNMENT (( #1122 ) ) ;
#1623 = EDGE_LOOP ( 'NONE', ( #399, #1590, #2347, #1793 ) ) ;
#1624 = LINE ( 'NONE', #2588, #2322 ) ;
#1625 = LENGTH_MEASURE_WITH_UNIT ( LENGTH_MEASURE( 0.02539999999999999897 ), #2160 );
#1626 = EDGE_CURVE ( 'NONE', #1, #2386, #3076, .T. ) ;
#1627 = EDGE_CURVE ( 'NONE', #307, #2101, #2853, .T. ) ;
#1628 = VERTEX_POINT ( 'NONE', #2817 ) ;
#1629 = DIRECTION ( 'NONE',  ( -0.000000000000000000, 1.000000000000000000, 0.000000000000000000 ) ) ;
#1630 = EDGE_CURVE ( 'NONE', #1734, #2111, #661, .T. ) ;
#1631 = EDGE_LOOP ( 'NONE', ( #2913, #1979, #1286, #888, #2789, #2014, #539, #1231, #574, #1229, #2000 ) ) ;
#1632 = DIRECTION ( 'NONE',  ( -0.000000000000000000, -1.000000000000000000, -0.000000000000000000 ) ) ;
#1633 =( NAMED_UNIT ( * ) SI_UNIT ( $, .STERADIAN. ) SOLID_ANGLE_UNIT ( ) );
#1634 = CARTESIAN_POINT ( 'NONE',  ( 0.03368870431226053674, -0.01397637795275590532, -0.1511177842647096758 ) ) ;
#1635 = CARTESIAN_POINT ( 'NONE',  ( -0.01259842519685039353, -0.1005905511811023834, 0.000000000000000000 ) ) ;
#1636 = ORIENTED_EDGE ( 'NONE', *, *, #2104, .T. ) ;
#1637 = FACE_OUTER_BOUND ( 'NONE', #670, .T. ) ;
#1638 = CARTESIAN_POINT ( 'NONE',  ( 0.03280541612187334866, 0.02539370078740157965, -0.02125984251968498356 ) ) ;
#1639 = FACE_OUTER_BOUND ( 'NONE', #3038, .T. ) ;
#1640 = CARTESIAN_POINT ( 'NONE',  ( -0.1307086614173224581, 0.1679133858267713719, -0.1460629921259842534 ) ) ;
#1641 = ORIENTED_EDGE ( 'NONE', *, *, #1940, .T. ) ;
#1642 = DIRECTION ( 'NONE',  ( 0.000000000000000000, 0.7342720682754586559, 0.6788553084056131448 ) ) ;
#1643 = EDGE_CURVE ( 'NONE', #1461, #2785, #2075, .T. ) ;
#1644 = ORIENTED_EDGE ( 'NONE', *, *, #2192, .T. ) ;
#1645 = CARTESIAN_POINT ( 'NONE',  ( 0.1307086614173228467, -0.1005905511811023834, 0.08858267716535433989 ) ) ;
#1646 = CARTESIAN_POINT ( 'NONE',  ( -0.2362204724409449064, -0.1005905511811023834, 0.000000000000000000 ) ) ;
#1647 = EDGE_CURVE ( 'NONE', #1070, #2961, #162, .T. ) ;
#1648 = CARTESIAN_POINT ( 'NONE',  ( 0.01259842519685007954, 0.1427165354330708902, 0.000000000000000000 ) ) ;
#1649 =( CONVERSION_BASED_UNIT ( 'INCH', #688 ) LENGTH_UNIT ( ) NAMED_UNIT ( #2908 ) );
#1650 = EDGE_LOOP ( 'NONE', ( #2899, #262, #2349, #2207 ) ) ;
#1651 = CARTESIAN_POINT ( 'NONE',  ( -0.1938976377952755792, -0.1950787401574803348, 0.02381889763779524577 ) ) ;
#1652 = CARTESIAN_POINT ( 'NONE',  ( 0.01259842519685027556, 0.1679133858267712609, -0.1460629921259842534 ) ) ;
#1653 = CARTESIAN_POINT ( 'NONE',  ( 0.1307086614173224581, 0.1427165354330708902, 0.000000000000000000 ) ) ;
#1654 = VECTOR ( 'NONE', #719, 39.37007874015748143 ) ;
#1655 = ORIENTED_EDGE ( 'NONE', *, *, #91, .T. ) ;
#1656 = CARTESIAN_POINT ( 'NONE',  ( -0.03169937242444714753, -0.02958069154086940752, -0.1464385887809174502 ) ) ;
#1657 = CARTESIAN_POINT ( 'NONE',  ( -0.02755905511811023584, -0.1730314960629921184, 0.1519685039370078927 ) ) ;
#1658 = CLOSED_SHELL ( 'NONE', ( #24, #3046, #743, #933, #598, #666, #488, #544, #1240, #1941, #2436, #1884, #1481, #2285, #369, #250, #2915, #896, #2820, #1316, #2940, #2649, #622, #1582, #3034, #244, #840, #2495, #2441, #757, #683, #738, #368, #226, #2609, #172, #1245, #1222, #2914, #348, #448, #1495, #874, #2189, #108, #1585, #1441, #720, #2841, #966, #2418, #192, #1566, #1182, #1091, #372, #1699, #1206, #2774, #2798, #1960, #1437, #1522, #1364, #2637, #326, #346, #995, #2396, #271, #1172, #599, #3071, #387, #565, #2170, #2534, #1074, #2399, #230, #724, #2795, #1405, #1467, #1982, #1157, #84, #2203, #1342, #469, #1092, #2220, #581, #2100, #2384 ) ) ;
#1659 = ORIENTED_EDGE ( 'NONE', *, *, #1538, .F. ) ;
#1660 = AXIS2_PLACEMENT_3D ( 'NONE', #2133, #3099, #2620 ) ;
#1661 = DIRECTION ( 'NONE',  ( 0.000000000000000000, 0.000000000000000000, -1.000000000000000000 ) ) ;
#1662 = CARTESIAN_POINT ( 'NONE',  ( 0.02755905511811023584, -0.08011811023622049388, 0.1519685039370078927 ) ) ;
#1663 = CARTESIAN_POINT ( 'NONE',  ( 0.01870078740157484279, 0.1271653543307086631, 4.268512490100414360E-18 ) ) ;
#1664 = MECHANICAL_DESIGN_GEOMETRIC_PRESENTATION_REPRESENTATION (  '', ( #2113 ), #756 ) ;
#1665 =( NAMED_UNIT ( * ) PLANE_ANGLE_UNIT ( ) SI_UNIT ( $, .RADIAN. ) );
#1666 = ORIENTED_EDGE ( 'NONE', *, *, #2596, .T. ) ;
#1667 = EDGE_CURVE ( 'NONE', #1879, #1199, #1624, .T. ) ;
#1668 = EDGE_CURVE ( 'NONE', #57, #648, #2692, .T. ) ;
#1669 = AXIS2_PLACEMENT_3D ( 'NONE', #1944, #489, #241 ) ;
#1670 = DIRECTION ( 'NONE',  ( 1.000000000000000000, 0.000000000000000000, -0.000000000000000000 ) ) ;
#1671 = CARTESIAN_POINT ( 'NONE',  ( 0.03291860758552122429, -0.03091508139336603123, -0.1443838085989881670 ) ) ;
#1672 = AXIS2_PLACEMENT_3D ( 'NONE', #1121, #1319, #895 ) ;
#1673 = CARTESIAN_POINT ( 'NONE',  ( -0.01259842519685020097, 0.1679133858267713719, -0.1460629921259842534 ) ) ;
#1674 = DIRECTION ( 'NONE',  ( 0.000000000000000000, -0.000000000000000000, -1.000000000000000000 ) ) ;
#1675 = VECTOR ( 'NONE', #1642, 39.37007874015748143 ) ;
#1676 = VERTEX_POINT ( 'NONE', #1169 ) ;
#1677 = CARTESIAN_POINT ( 'NONE',  ( -0.2362204724409449064, -0.1005905511811023834, 0.08858267716535433989 ) ) ;
#1678 = SURFACE_STYLE_USAGE ( .BOTH. , #2948 ) ;
#1679 = EDGE_LOOP ( 'NONE', ( #1691, #171, #839, #1317 ) ) ;
#1680 = CARTESIAN_POINT ( 'NONE',  ( -0.05216535433070866590, 0.06476377952755905942, 0.04940944881889763191 ) ) ;
#1681 = CARTESIAN_POINT ( 'NONE',  ( -0.02416059252702075846, -0.0001335306329682047367, -0.1491510089724535360 ) ) ;
#1682 = CARTESIAN_POINT ( 'NONE',  ( -0.01870078740157480116, -0.1271653543307086631, -0.02125984251968496275 ) ) ;
#1683 = EDGE_LOOP ( 'NONE', ( #166, #1617, #2228, #1265 ) ) ;
#1684 = EDGE_CURVE ( 'NONE', #2111, #828, #1022, .T. ) ;
#1685 = CARTESIAN_POINT ( 'NONE',  ( 0.1938976377952755792, 0.02539370078740157965, -0.02125984251968503908 ) ) ;
#1686 = DIRECTION ( 'NONE',  ( -0.000000000000000000, -0.000000000000000000, -1.000000000000000000 ) ) ;
#1687 = EDGE_CURVE ( 'NONE', #1776, #2810, #403, .T. ) ;
#1688 = EDGE_LOOP ( 'NONE', ( #1890, #3035, #591, #2282 ) ) ;
#1689 = DIRECTION ( 'NONE',  ( 0.000000000000000000, 0.000000000000000000, 1.000000000000000000 ) ) ;
#1690 = CARTESIAN_POINT ( 'NONE',  ( 0.05216535433070865202, 0.06476377952755904555, 0.02381889763779523536 ) ) ;
#1691 = ORIENTED_EDGE ( 'NONE', *, *, #428, .F. ) ;
#1692 = FACE_OUTER_BOUND ( 'NONE', #1722, .T. ) ;
#1693 = CARTESIAN_POINT ( 'NONE',  ( -0.01870078740157480462, -0.009466122803115010684, -0.1466060346774630541 ) ) ;
#1694 = LINE ( 'NONE', #1176, #286 ) ;
#1695 = ORIENTED_EDGE ( 'NONE', *, *, #3008, .T. ) ;
#1696 = FACE_OUTER_BOUND ( 'NONE', #1688, .T. ) ;
#1697 = CYLINDRICAL_SURFACE ( 'NONE', #953, 0.04330708661417324162 ) ;
#1698 = EDGE_LOOP ( 'NONE', ( #163, #375, #2832, #541 ) ) ;
#1699 = ADVANCED_FACE ( 'NONE', ( #3110 ), #282, .T. ) ;
#1700 =( NAMED_UNIT ( * ) PLANE_ANGLE_UNIT ( ) SI_UNIT ( $, .RADIAN. ) );
#1701 = CARTESIAN_POINT ( 'NONE',  ( -0.1055118110236224482, 0.1427165354330708902, -0.1460629921259842534 ) ) ;
#1702 = EDGE_LOOP ( 'NONE', ( #734, #2500, #3065, #1797 ) ) ;
#1703 = LINE ( 'NONE', #1443, #554 ) ;
#1704 = DIRECTION ( 'NONE',  ( 0.000000000000000000, 9.637352644315589080E-17, -1.000000000000000000 ) ) ;
#1705 = VECTOR ( 'NONE', #2788, 39.37007874015748143 ) ;
#1706 = DIRECTION ( 'NONE',  ( 0.000000000000000000, 1.000000000000000000, 0.000000000000000000 ) ) ;
#1707 = AXIS2_PLACEMENT_3D ( 'NONE', #402, #2127, #2864 ) ;
#1708 = EDGE_LOOP ( 'NONE', ( #2492, #2918, #2120, #2241, #2210, #1274 ) ) ;
#1709 = VECTOR ( 'NONE', #367, 39.37007874015748143 ) ;
#1710 = CARTESIAN_POINT ( 'NONE',  ( 0.01259842519685039526, -0.1005905511811023834, 0.06338582677165355284 ) ) ;
#1711 = COLOUR_RGB ( '',0.6470588235294117974, 0.5176470588235293491, 0.000000000000000000 ) ;
#1712 = VECTOR ( 'NONE', #359, 39.37007874015748143 ) ;
#1713 = VECTOR ( 'NONE', #3022, 39.37007874015748143 ) ;
#1714 = ORIENTED_EDGE ( 'NONE', *, *, #1684, .F. ) ;
#1715 = AXIS2_PLACEMENT_3D ( 'NONE', #2811, #2563, #2088 ) ;
#1716 = AXIS2_PLACEMENT_3D ( 'NONE', #2345, #2610, #2374 ) ;
#1717 = DIRECTION ( 'NONE',  ( 0.000000000000000000, 0.000000000000000000, 1.000000000000000000 ) ) ;
#1718 = PLANE ( 'NONE',  #657 ) ;
#1719 = EDGE_CURVE ( 'NONE', #1517, #3081, #212, .T. ) ;
#1720 = VECTOR ( 'NONE', #2625, 39.37007874015748143 ) ;
#1721 = EDGE_CURVE ( 'NONE', #1593, #1056, #1255, .T. ) ;
#1722 = EDGE_LOOP ( 'NONE', ( #549, #636, #1093, #2248 ) ) ;
#1723 = CARTESIAN_POINT ( 'NONE',  ( -0.2362204724409449064, 0.1427165354330712788, -0.1460629921259842534 ) ) ;
#1724 = DIRECTION ( 'NONE',  ( -7.453889935837970779E-15, -1.000000000000000000, 0.000000000000000000 ) ) ;
#1725 = VECTOR ( 'NONE', #2471, 39.37007874015748143 ) ;
#1726 = EDGE_CURVE ( 'NONE', #2101, #2357, #707, .T. ) ;
#1727 = DIRECTION ( 'NONE',  ( 1.000000000000000000, 0.000000000000000000, 0.000000000000000000 ) ) ;
#1728 = ORIENTED_EDGE ( 'NONE', *, *, #2041, .F. ) ;
#1729 = CARTESIAN_POINT ( 'NONE',  ( -0.05333842111682005754, 0.02539370079551046128, -0.1098425196725527769 ) ) ;
#1730 = DIRECTION ( 'NONE',  ( 0.000000000000000000, 1.000000000000000000, 0.000000000000000000 ) ) ;
#1731 = DIRECTION ( 'NONE',  ( 0.000000000000000000, 0.000000000000000000, 1.000000000000000000 ) ) ;
#1732 = ORIENTED_EDGE ( 'NONE', *, *, #2752, .F. ) ;
#1733 = PLANE ( 'NONE',  #2071 ) ;
#1734 = VERTEX_POINT ( 'NONE', #944 ) ;
#1735 = DIRECTION ( 'NONE',  ( -1.000000000000000000, 0.000000000000000000, 0.000000000000000000 ) ) ;
#1736 = LINE ( 'NONE', #2950, #2579 ) ;
#1737 = LINE ( 'NONE', #2700, #1902 ) ;
#1738 = ORIENTED_EDGE ( 'NONE', *, *, #6, .T. ) ;
#1739 = EDGE_CURVE ( 'NONE', #441, #1879, #1514, .T. ) ;
#1740 = CARTESIAN_POINT ( 'NONE',  ( -0.03974546757960136650, 0.01043397083953939708, -0.1328784836998801178 ) ) ;
#1741 = VERTEX_POINT ( 'NONE', #21 ) ;
#1742 = PLANE ( 'NONE',  #1800 ) ;
#1743 = DIRECTION ( 'NONE',  ( 1.000000000000000000, 0.000000000000000000, 3.252606517456509851E-16 ) ) ;
#1744 = ORIENTED_EDGE ( 'NONE', *, *, #981, .T. ) ;
#1745 = DIRECTION ( 'NONE',  ( 2.710505431213800134E-15, 1.000000000000000000, -0.000000000000000000 ) ) ;
#1746 = CARTESIAN_POINT ( 'NONE',  ( -0.04859401401517604580, -0.04812626975082141823, -0.1178809026617291394 ) ) ;
#1747 = FACE_OUTER_BOUND ( 'NONE', #377, .T. ) ;
#1748 = VERTEX_POINT ( 'NONE', #317 ) ;
#1749 = VECTOR ( 'NONE', #2439, 39.37007874015748143 ) ;
#1750 = CARTESIAN_POINT ( 'NONE',  ( 0.000000000000000000, 0.1271653543307086631, -0.02125984251968492458 ) ) ;
#1751 = ORIENTED_EDGE ( 'NONE', *, *, #857, .F. ) ;
#1752 = VECTOR ( 'NONE', #2027, 39.37007874015748143 ) ;
#1753 = DIRECTION ( 'NONE',  ( 0.000000000000000000, -0.000000000000000000, -1.000000000000000000 ) ) ;
#1754 = EDGE_CURVE ( 'NONE', #2691, #2999, #989, .T. ) ;
#1755 = EDGE_CURVE ( 'NONE', #1871, #2512, #299, .T. ) ;
#1756 = VECTOR ( 'NONE', #465, 39.37007874015748143 ) ;
#1757 = VECTOR ( 'NONE', #1219, 39.37007874015748143 ) ;
#1758 = VERTEX_POINT ( 'NONE', #1673 ) ;
#1759 = LINE ( 'NONE', #2010, #2119 ) ;
#1760 = LINE ( 'NONE', #570, #3140 ) ;
#1761 = MECHANICAL_DESIGN_GEOMETRIC_PRESENTATION_REPRESENTATION (  '', ( #1154 ), #1959 ) ;
#1762 =( GEOMETRIC_REPRESENTATION_CONTEXT ( 3 ) GLOBAL_UNCERTAINTY_ASSIGNED_CONTEXT ( ( #78 ) ) GLOBAL_UNIT_ASSIGNED_CONTEXT ( ( #2792, #1531, #829 ) ) REPRESENTATION_CONTEXT ( 'NONE', 'WORKASPACE' ) );
#1763 = ORIENTED_EDGE ( 'NONE', *, *, #1647, .T. ) ;
#1764 = VECTOR ( 'NONE', #2542, 39.37007874015748143 ) ;
#1765 = DIRECTION ( 'NONE',  ( 0.000000000000000000, 0.000000000000000000, 1.000000000000000000 ) ) ;
#1766 = ORIENTED_EDGE ( 'NONE', *, *, #857, .T. ) ;
#1767 = VECTOR ( 'NONE', #2317, 39.37007874015748143 ) ;
#1768 = ORIENTED_EDGE ( 'NONE', *, *, #2240, .T. ) ;
#1769 = PLANE ( 'NONE',  #1345 ) ;
#1770 = EDGE_CURVE ( 'NONE', #1128, #298, #608, .T. ) ;
#1771 = CARTESIAN_POINT ( 'NONE',  ( 0.02755905511811023584, -0.08011811023622049388, 0.000000000000000000 ) ) ;
#1772 = EDGE_LOOP ( 'NONE', ( #1967, #710, #1900, #106 ) ) ;
#1773 = FILL_AREA_STYLE_COLOUR ( '', #3083 ) ;
#1774 = CARTESIAN_POINT ( 'NONE',  ( 0.1938976377952755792, 0.1950787401574803348, 0.1519685039370078927 ) ) ;
#1775 = EDGE_CURVE ( 'NONE', #2653, #2180, #2618, .T. ) ;
#1776 = VERTEX_POINT ( 'NONE', #470 ) ;
#1777 = DIRECTION ( 'NONE',  ( -2.032879073410350002E-15, -1.000000000000000000, 0.000000000000000000 ) ) ;
#1778 = ORIENTED_EDGE ( 'NONE', *, *, #1459, .T. ) ;
#1779 = ORIENTED_EDGE ( 'NONE', *, *, #1386, .F. ) ;
#1780 = FACE_BOUND ( 'NONE', #231, .T. ) ;
#1781 = CARTESIAN_POINT ( 'NONE',  ( -0.1938976377952755792, -0.1950787401574803348, 0.1281496062992125984 ) ) ;
#1782 = DIRECTION ( 'NONE',  ( -1.000000000000000000, -8.805702923740139587E-17, 0.000000000000000000 ) ) ;
#1783 = ORIENTED_EDGE ( 'NONE', *, *, #1966, .T. ) ;
#1784 = PLANE ( 'NONE',  #1247 ) ;
#1785 = LINE ( 'NONE', #2521, #1712 ) ;
#1786 = EDGE_CURVE ( 'NONE', #2215, #687, #1421, .T. ) ;
#1787 = EDGE_CURVE ( 'NONE', #2055, #2966, #2715, .T. ) ;
#1788 = VERTEX_POINT ( 'NONE', #559 ) ;
#1789 = UNCERTAINTY_MEASURE_WITH_UNIT (LENGTH_MEASURE( 1.000000000000000082E-05 ), #272, 'distance_accuracy_value', 'NONE');
#1790 = DIRECTION ( 'NONE',  ( 7.453889935837970779E-15, 1.000000000000000000, -0.000000000000000000 ) ) ;
#1791 = VERTEX_POINT ( 'NONE', #2943 ) ;
#1792 = DIRECTION ( 'NONE',  ( -4.336808689942010340E-16, -0.000000000000000000, 1.000000000000000000 ) ) ;
#1793 = ORIENTED_EDGE ( 'NONE', *, *, #64, .T. ) ;
#1794 = FACE_BOUND ( 'NONE', #2695, .T. ) ;
#1795 = DIRECTION ( 'NONE',  ( 1.000000000000000000, -0.000000000000000000, 0.000000000000000000 ) ) ;
#1796 =( GEOMETRIC_REPRESENTATION_CONTEXT ( 3 ) GLOBAL_UNCERTAINTY_ASSIGNED_CONTEXT ( ( #747 ) ) GLOBAL_UNIT_ASSIGNED_CONTEXT ( ( #3112, #548, #288 ) ) REPRESENTATION_CONTEXT ( 'NONE', 'WORKASPACE' ) );
#1797 = ORIENTED_EDGE ( 'NONE', *, *, #1280, .T. ) ;
#1798 = CARTESIAN_POINT ( 'NONE',  ( -0.03959354908304959370, -0.01397637795275600073, -0.1443838085968875140 ) ) ;
#1799 = FILL_AREA_STYLE_COLOUR ( '', #818 ) ;
#1800 = AXIS2_PLACEMENT_3D ( 'NONE', #2647, #1973, #2468 ) ;
#1801 = ORIENTED_EDGE ( 'NONE', *, *, #1300, .T. ) ;
#1802 = VECTOR ( 'NONE', #1886, 39.37007874015748143 ) ;
#1803 = CARTESIAN_POINT ( 'NONE',  ( -0.05216535433070865202, -0.1950787401574803348, 0.1519685039370078927 ) ) ;
#1804 = EDGE_CURVE ( 'NONE', #2197, #1815, #2393, .T. ) ;
#1805 = PRESENTATION_LAYER_ASSIGNMENT (  '', '', ( #2877 ) ) ;
#1806 = ORIENTED_EDGE ( 'NONE', *, *, #2304, .F. ) ;
#1807 = CARTESIAN_POINT ( 'NONE',  ( 0.1055118110236220597, -0.1005905511811023834, 0.08858267716535433989 ) ) ;
#1808 = MECHANICAL_DESIGN_GEOMETRIC_PRESENTATION_REPRESENTATION (  '', ( #42 ), #1251 ) ;
#1809 = EDGE_CURVE ( 'NONE', #3093, #2459, #56, .T. ) ;
#1810 = ORIENTED_EDGE ( 'NONE', *, *, #1721, .T. ) ;
#1811 = LINE ( 'NONE', #562, #1709 ) ;
#1812 = VECTOR ( 'NONE', #1964, 39.37007874015748143 ) ;
#1813 = LINE ( 'NONE', #121, #1562 ) ;
#1814 = CARTESIAN_POINT ( 'NONE',  ( -0.02657480314960630058, -0.1950787401574803348, 0.02381889763779523536 ) ) ;
#1815 = VERTEX_POINT ( 'NONE', #795 ) ;
#1816 = DIRECTION ( 'NONE',  ( -1.000000000000000000, 0.000000000000000000, -0.000000000000000000 ) ) ;
#1817 = LINE ( 'NONE', #2619, #1046 ) ;
#1818 = LINE ( 'NONE', #1606, #1142 ) ;
#1819 = ORIENTED_EDGE ( 'NONE', *, *, #2491, .T. ) ;
#1820 =( NAMED_UNIT ( * ) PLANE_ANGLE_UNIT ( ) SI_UNIT ( $, .RADIAN. ) );
#1821 = ORIENTED_EDGE ( 'NONE', *, *, #2040, .T. ) ;
#1822 = EDGE_CURVE ( 'NONE', #2386, #3012, #2247, .T. ) ;
#1823 = LENGTH_MEASURE_WITH_UNIT ( LENGTH_MEASURE( 0.02539999999999999897 ), #1579 );
#1824 = EDGE_LOOP ( 'NONE', ( #2612, #2032, #2587, #983 ) ) ;
#1825 = CARTESIAN_POINT ( 'NONE',  ( -0.01259842519685019924, 0.1679133858267716495, 0.000000000000000000 ) ) ;
#1826 = EDGE_CURVE ( 'NONE', #1586, #2859, #85, .T. ) ;
#1827 = DIRECTION ( 'NONE',  ( 7.453889935837970779E-15, 1.000000000000000000, -0.000000000000000000 ) ) ;
#1828 = DIRECTION ( 'NONE',  ( 0.000000000000000000, 0.000000000000000000, 1.000000000000000000 ) ) ;
#1829 = ORIENTED_EDGE ( 'NONE', *, *, #1848, .T. ) ;
#1830 = DIRECTION ( 'NONE',  ( 1.000000000000000000, 0.000000000000000000, 0.000000000000000000 ) ) ;
#1831 = DIRECTION ( 'NONE',  ( 0.000000000000000000, -1.000000000000000000, -0.000000000000000000 ) ) ;
#1832 = ORIENTED_EDGE ( 'NONE', *, *, #504, .T. ) ;
#1833 = DIRECTION ( 'NONE',  ( -0.000000000000000000, -0.000000000000000000, -1.000000000000000000 ) ) ;
#1834 = CARTESIAN_POINT ( 'NONE',  ( 0.1938976377952755792, 0.02539370078740156925, -0.1098425196850393720 ) ) ;
#1835 = ORIENTED_EDGE ( 'NONE', *, *, #1285, .T. ) ;
#1836 = CARTESIAN_POINT ( 'NONE',  ( 0.02931494764416547189, -0.02867198088464951305, -0.1478378804826754322 ) ) ;
#1837 = CARTESIAN_POINT ( 'NONE',  ( -0.01870078740157479769, 0.02539370078740157965, -0.1098425196850393581 ) ) ;
#1838 = CARTESIAN_POINT ( 'NONE',  ( 0.01742387463504769390, -0.004367789045191382280, -0.1512698035907091842 ) ) ;
#1839 = CARTESIAN_POINT ( 'NONE',  ( 0.01860377944844758893, -0.01577054975495349384, -0.1447401325263951433 ) ) ;
#1840 = ORIENTED_EDGE ( 'NONE', *, *, #505, .F. ) ;
#1841 = LINE ( 'NONE', #1387, #144 ) ;
#1842 = EDGE_CURVE ( 'NONE', #2030, #529, #542, .T. ) ;
#1843 = LINE ( 'NONE', #2089, #344 ) ;
#1844 = ORIENTED_EDGE ( 'NONE', *, *, #1305, .F. ) ;
#1845 = CIRCLE ( 'NONE', #1998, 0.02482976955248228021 ) ;
#1846 = CARTESIAN_POINT ( 'NONE',  ( -0.05216535433070865202, 0.06476377952755904555, 0.04940944881889763191 ) ) ;
#1847 = FACE_OUTER_BOUND ( 'NONE', #605, .T. ) ;
#1848 = EDGE_CURVE ( 'NONE', #2999, #142, #365, .T. ) ;
#1849 = SURFACE_SIDE_STYLE ('',( #726 ) ) ;
#1850 = MECHANICAL_DESIGN_GEOMETRIC_PRESENTATION_REPRESENTATION (  '', ( #190 ), #3070 ) ;
#1851 = ORIENTED_EDGE ( 'NONE', *, *, #2935, .T. ) ;
#1852 = CARTESIAN_POINT ( 'NONE',  ( -0.02657480314960633874, 0.06476377952755904555, 0.02381889763779523536 ) ) ;
#1853 = CARTESIAN_POINT ( 'NONE',  ( -0.1938976377952755792, -0.1950787401574803348, 0.1519685039370078927 ) ) ;
#1854 = VECTOR ( 'NONE', #1988, 39.37007874015748143 ) ;
#1855 = AXIS2_PLACEMENT_3D ( 'NONE', #2015, #1745, #2710 ) ;
#1856 = EDGE_LOOP ( 'NONE', ( #866, #2172, #1040, #934 ) ) ;
#1857 = PLANE ( 'NONE',  #600 ) ;
#1858 = SURFACE_STYLE_FILL_AREA ( #717 ) ;
#1859 = PRESENTATION_LAYER_ASSIGNMENT (  '', '', ( #2011 ) ) ;
#1860 = AXIS2_PLACEMENT_3D ( 'NONE', #1389, #374, #1324 ) ;
#1861 = VERTEX_POINT ( 'NONE', #2985 ) ;
#1862 = LINE ( 'NONE', #3066, #1756 ) ;
#1863 = ORIENTED_EDGE ( 'NONE', *, *, #382, .T. ) ;
#1864 =( GEOMETRIC_REPRESENTATION_CONTEXT ( 3 ) GLOBAL_UNCERTAINTY_ASSIGNED_CONTEXT ( ( #2997 ) ) GLOBAL_UNIT_ASSIGNED_CONTEXT ( ( #183, #1906, #1633 ) ) REPRESENTATION_CONTEXT ( 'NONE', 'WORKASPACE' ) );
#1865 = CARTESIAN_POINT ( 'NONE',  ( 0.1055118110236222956, 0.1427165354330712788, -0.1460629921259842534 ) ) ;
#1866 = VECTOR ( 'NONE', #872, 39.37007874015748854 ) ;
#1867 = DIRECTION ( 'NONE',  ( 0.000000000000000000, -0.000000000000000000, -1.000000000000000000 ) ) ;
#1868 = EDGE_CURVE ( 'NONE', #1608, #3014, #2544, .T. ) ;
#1869 = AXIS2_PLACEMENT_3D ( 'NONE', #2193, #11, #1731 ) ;
#1870 = CARTESIAN_POINT ( 'NONE',  ( 0.1307086614173228467, 0.1679133858267712609, -0.1460629921259842534 ) ) ;
#1871 = VERTEX_POINT ( 'NONE', #1807 ) ;
#1872 = EDGE_CURVE ( 'NONE', #2540, #1123, #2476, .T. ) ;
#1873 = LINE ( 'NONE', #3044, #516 ) ;
#1874 = VERTEX_POINT ( 'NONE', #2531 ) ;
#1875 = CARTESIAN_POINT ( 'NONE',  ( 0.03169937242307543923, -0.02958069154020059183, -0.1464385887819473209 ) ) ;
#1876 = CARTESIAN_POINT ( 'NONE',  ( -0.1938976377952755792, 0.1950787401574803070, 0.1519685039370078927 ) ) ;
#1877 = LINE ( 'NONE', #1596, #2758 ) ;
#1878 = CARTESIAN_POINT ( 'NONE',  ( -0.01870078740157480462, -0.05334645669291339376, -0.02125984251968496275 ) ) ;
#1879 = VERTEX_POINT ( 'NONE', #118 ) ;
#1880 = LINE ( 'NONE', #1224, #93 ) ;
#1881 = CARTESIAN_POINT ( 'NONE',  ( 0.06594488188976378729, 0.06476377952755904555, 0.1017716535433070973 ) ) ;
#1882 = CARTESIAN_POINT ( 'NONE',  ( 0.1938976377952755792, 0.000000000000000000, 0.1519685039370078927 ) ) ;
#1883 = PLANE ( 'NONE',  #2179 ) ;
#1884 = ADVANCED_FACE ( 'NONE', ( #2779 ), #3033, .F. ) ;
#1885 = ORIENTED_EDGE ( 'NONE', *, *, #2706, .T. ) ;
#1886 = DIRECTION ( 'NONE',  ( 1.000000000000000000, 0.000000000000000000, -0.000000000000000000 ) ) ;
#1887 = PLANE ( 'NONE',  #2330 ) ;
#1888 = EDGE_CURVE ( 'NONE', #1909, #2766, #2067, .T. ) ;
#1889 = EDGE_CURVE ( 'NONE', #2485, #2772, #2967, .T. ) ;
#1890 = ORIENTED_EDGE ( 'NONE', *, *, #2188, .F. ) ;
#1891 = LINE ( 'NONE', #167, #1147 ) ;
#1892 = CARTESIAN_POINT ( 'NONE',  ( -0.1702755905511811052, 0.06476377952755904555, 0.04940944881889763191 ) ) ;
#1893 =( LENGTH_UNIT ( ) NAMED_UNIT ( * ) SI_UNIT ( $, .METRE. ) );
#1894 = EDGE_LOOP ( 'NONE', ( #2002, #320, #3068, #1919, #1001 ) ) ;
#1895 = DIRECTION ( 'NONE',  ( 1.000000000000000000, 0.000000000000000000, 0.000000000000000000 ) ) ;
#1896 = FACE_OUTER_BOUND ( 'NONE', #1308, .T. ) ;
#1897 = CARTESIAN_POINT ( 'NONE',  ( 0.05333842111653669393, -0.05334645670104272430, -0.1098425196725212744 ) ) ;
#1898 = MANIFOLD_SOLID_BREP ( 'Imported1', #1658 ) ;
#1899 = AXIS2_PLACEMENT_3D ( 'NONE', #1491, #808, #2951 ) ;
#1900 = ORIENTED_EDGE ( 'NONE', *, *, #1151, .T. ) ;
#1901 = CARTESIAN_POINT ( 'NONE',  ( 0.1055118110236222539, 0.1427165354330712788, -0.1460629921259842534 ) ) ;
#1902 = VECTOR ( 'NONE', #1090, 39.37007874015748143 ) ;
#1903 = VERTEX_POINT ( 'NONE', #586 ) ;
#1904 = CARTESIAN_POINT ( 'NONE',  ( 0.09153543307086615954, 0.06476377952755904555, 0.02381889763779523536 ) ) ;
#1905 = EDGE_CURVE ( 'NONE', #331, #994, #619, .T. ) ;
#1906 =( NAMED_UNIT ( * ) PLANE_ANGLE_UNIT ( ) SI_UNIT ( $, .RADIAN. ) );
#1907 = DIRECTION ( 'NONE',  ( 0.000000000000000000, -0.000000000000000000, -1.000000000000000000 ) ) ;
#1908 = COLOUR_RGB ( '',0.6470588235294117974, 0.5176470588235293491, 0.000000000000000000 ) ;
#1909 = VERTEX_POINT ( 'NONE', #2033 ) ;
#1910 = VECTOR ( 'NONE', #2337, 39.37007874015748143 ) ;
#1911 = LENGTH_MEASURE_WITH_UNIT ( LENGTH_MEASURE( 0.02539999999999999897 ), #722 );
#1912 = LINE ( 'NONE', #2175, #993 ) ;
#1913 = COLOUR_RGB ( '',0.2000000000000000111, 0.2000000000000000111, 0.2000000000000000111 ) ;
#1914 = DIRECTION ( 'NONE',  ( -1.000000000000000000, -0.000000000000000000, -0.000000000000000000 ) ) ;
#1915 = VECTOR ( 'NONE', #2139, 39.37007874015748143 ) ;
#1916 = AXIS2_PLACEMENT_3D ( 'NONE', #1918, #2182, #502 ) ;
#1917 = VERTEX_POINT ( 'NONE', #3000 ) ;
#1918 = CARTESIAN_POINT ( 'NONE',  ( 0.1938976377952755792, -0.02752355633348480685, -0.1496062992125984370 ) ) ;
#1919 = ORIENTED_EDGE ( 'NONE', *, *, #763, .T. ) ;
#1920 = DIRECTION ( 'NONE',  ( 1.000000000000000000, 0.000000000000000000, 3.252606517456509851E-16 ) ) ;
#1921 = CARTESIAN_POINT ( 'NONE',  ( 0.03280541612187334866, 0.02539370078740157965, -0.02125984251968503908 ) ) ;
#1922 = DIRECTION ( 'NONE',  ( 0.000000000000000000, 0.000000000000000000, 1.000000000000000000 ) ) ;
#1923 = PRODUCT_DEFINITION ( 'UNKNOWN', '', #2473, #341 ) ;
#1924 = ORIENTED_EDGE ( 'NONE', *, *, #2472, .T. ) ;
#1925 =( NAMED_UNIT ( * ) PLANE_ANGLE_UNIT ( ) SI_UNIT ( $, .RADIAN. ) );
#1926 = DIRECTION ( 'NONE',  ( -0.000000000000000000, -0.000000000000000000, -1.000000000000000000 ) ) ;
#1927 = EDGE_CURVE ( 'NONE', #3012, #1504, #844, .T. ) ;
#1928 = CARTESIAN_POINT ( 'NONE',  ( 0.1938976377952755792, -0.05334645669291339376, -0.1098425196850393720 ) ) ;
#1929 = VERTEX_POINT ( 'NONE', #1837 ) ;
#1930 = LINE ( 'NONE', #1014, #2431 ) ;
#1931 = ORIENTED_EDGE ( 'NONE', *, *, #1078, .F. ) ;
#1932 = CARTESIAN_POINT ( 'NONE',  ( 0.05807086614173229133, -0.01397637795275590879, -0.02125984251968504601 ) ) ;
#1933 = CARTESIAN_POINT ( 'NONE',  ( -0.02755905511811023584, -0.08011811023622049388, 0.2098425196850393915 ) ) ;
#1934 = UNCERTAINTY_MEASURE_WITH_UNIT (LENGTH_MEASURE( 1.000000000000000082E-05 ), #1649, 'distance_accuracy_value', 'NONE');
#1935 = LINE ( 'NONE', #1221, #2960 ) ;
#1936 = EDGE_LOOP ( 'NONE', ( #1768, #1106, #2496, #2995 ) ) ;
#1937 = LINE ( 'NONE', #2634, #768 ) ;
#1938 = DIRECTION ( 'NONE',  ( 1.000000000000000000, 0.000000000000000000, 0.000000000000000000 ) ) ;
#1939 = LINE ( 'NONE', #957, #255 ) ;
#1940 = EDGE_CURVE ( 'NONE', #2961, #1971, #1380, .T. ) ;
#1941 = ADVANCED_FACE ( 'NONE', ( #1614 ), #2404, .F. ) ;
#1942 = DIRECTION ( 'NONE',  ( 0.000000000000000000, -1.000000000000000000, -9.637352644315589080E-17 ) ) ;
#1943 = ORIENTED_EDGE ( 'NONE', *, *, #1946, .T. ) ;
#1944 = CARTESIAN_POINT ( 'NONE',  ( -0.01259842519685039526, -0.1005905511811023834, 0.08858267716535433989 ) ) ;
#1945 = LINE ( 'NONE', #276, #718 ) ;
#1946 = EDGE_CURVE ( 'NONE', #2336, #790, #2097, .T. ) ;
#1947 = ORIENTED_EDGE ( 'NONE', *, *, #2260, .T. ) ;
#1948 = DIRECTION ( 'NONE',  ( 0.000000000000000000, 0.000000000000000000, 1.000000000000000000 ) ) ;
#1949 = LINE ( 'NONE', #746, #1963 ) ;
#1950 = VECTOR ( 'NONE', #1209, 39.37007874015748143 ) ;
#1951 = PLANE ( 'NONE',  #75 ) ;
#1952 = ORIENTED_EDGE ( 'NONE', *, *, #3078, .F. ) ;
#1953 = CARTESIAN_POINT ( 'NONE',  ( 0.1938976377952755792, -0.02752355633348480685, -0.1496062992125984370 ) ) ;
#1954 = COLOUR_RGB ( '',0.6470588235294117974, 0.5176470588235293491, 0.000000000000000000 ) ;
#1955 = DIRECTION ( 'NONE',  ( -1.000000000000000000, 0.000000000000000000, 0.000000000000000000 ) ) ;
#1956 =( GEOMETRIC_REPRESENTATION_CONTEXT ( 3 ) GLOBAL_UNCERTAINTY_ASSIGNED_CONTEXT ( ( #826 ) ) GLOBAL_UNIT_ASSIGNED_CONTEXT ( ( #2624, #3084, #3102 ) ) REPRESENTATION_CONTEXT ( 'NONE', 'WORKASPACE' ) );
#1957 = PLANE ( 'NONE',  #2020 ) ;
#1958 = VECTOR ( 'NONE', #3098, 39.37007874015748143 ) ;
#1959 =( GEOMETRIC_REPRESENTATION_CONTEXT ( 3 ) GLOBAL_UNCERTAINTY_ASSIGNED_CONTEXT ( ( #2016 ) ) GLOBAL_UNIT_ASSIGNED_CONTEXT ( ( #837, #1552, #194 ) ) REPRESENTATION_CONTEXT ( 'NONE', 'WORKASPACE' ) );
#1960 = ADVANCED_FACE ( 'NONE', ( #1366 ), #462, .F. ) ;
#1961 = ORIENTED_EDGE ( 'NONE', *, *, #2994, .T. ) ;
#1962 = VECTOR ( 'NONE', #690, 39.37007874015748143 ) ;
#1963 = VECTOR ( 'NONE', #1704, 39.37007874015748143 ) ;
#1964 = DIRECTION ( 'NONE',  ( -0.000000000000000000, 1.000000000000000000, 0.000000000000000000 ) ) ;
#1965 = VECTOR ( 'NONE', #2342, 39.37007874015748143 ) ;
#1966 = EDGE_CURVE ( 'NONE', #1815, #1323, #1360, .T. ) ;
#1967 = ORIENTED_EDGE ( 'NONE', *, *, #2320, .F. ) ;
#1968 = PRESENTATION_STYLE_ASSIGNMENT (( #1232 ) ) ;
#1969 = CARTESIAN_POINT ( 'NONE',  ( 0.1702755905511811052, 0.06476377952755904555, 0.1281496062992125984 ) ) ;
#1970 = PLANE ( 'NONE',  #446 ) ;
#1971 = VERTEX_POINT ( 'NONE', #939 ) ;
#1972 = CARTESIAN_POINT ( 'NONE',  ( -0.1307086614173224581, 0.1679133858267713442, -0.1460629921259842534 ) ) ;
#1973 = DIRECTION ( 'NONE',  ( 1.000000000000000000, -0.000000000000000000, 0.000000000000000000 ) ) ;
#1974 = LINE ( 'NONE', #546, #762 ) ;
#1975 = DIRECTION ( 'NONE',  ( 1.000000000000000000, 8.752388879802260299E-17, -0.000000000000000000 ) ) ;
#1976 = ORIENTED_EDGE ( 'NONE', *, *, #835, .F. ) ;
#1977 = DIRECTION ( 'NONE',  ( 0.7071067811865469066, 0.000000000000000000, -0.7071067811865479058 ) ) ;
#1978 = CARTESIAN_POINT ( 'NONE',  ( 0.1055118110236220597, 0.06476377952755905942, 0.08858267716535433989 ) ) ;
#1979 = ORIENTED_EDGE ( 'NONE', *, *, #1260, .F. ) ;
#1980 = LINE ( 'NONE', #1414, #3020 ) ;
#1981 = CARTESIAN_POINT ( 'NONE',  ( -0.03291860758725419916, -0.03091508139453368748, -0.1443838085971901608 ) ) ;
#1982 = ADVANCED_FACE ( 'NONE', ( #479 ), #686, .T. ) ;
#1983 = EDGE_CURVE ( 'NONE', #3032, #783, #2273, .T. ) ;
#1984 = DIRECTION ( 'NONE',  ( -0.000000000000000000, -1.000000000000000000, -0.000000000000000000 ) ) ;
#1985 = ORIENTED_EDGE ( 'NONE', *, *, #1280, .F. ) ;
#1986 = CARTESIAN_POINT ( 'NONE',  ( -0.1938976377952755792, -0.1950787401574803348, 0.02381889763779524577 ) ) ;
#1987 = EDGE_LOOP ( 'NONE', ( #2344, #3113, #1783, #32 ) ) ;
#1988 = DIRECTION ( 'NONE',  ( 0.000000000000000000, 0.000000000000000000, 1.000000000000000000 ) ) ;
#1989 = CARTESIAN_POINT ( 'NONE',  ( 0.01476377952755905665, -0.01397637795275590705, -0.02125984251968504601 ) ) ;
#1990 = PLANE ( 'NONE',  #1607 ) ;
#1991 = CARTESIAN_POINT ( 'NONE',  ( 0.01259842519685039353, -0.1005905511811023834, 0.08858267716535433989 ) ) ;
#1992 = DIRECTION ( 'NONE',  ( -0.000000000000000000, -1.000000000000000000, 0.000000000000000000 ) ) ;
#1993 = EDGE_LOOP ( 'NONE', ( #3143, #1253, #1160, #2717 ) ) ;
#1994 = DIRECTION ( 'NONE',  ( 0.000000000000000000, 0.000000000000000000, 1.000000000000000000 ) ) ;
#1995 = FACE_OUTER_BOUND ( 'NONE', #1993, .T. ) ;
#1996 = ORIENTED_EDGE ( 'NONE', *, *, #2689, .T. ) ;
#1997 = EDGE_CURVE ( 'NONE', #2524, #1461, #205, .T. ) ;
#1998 = AXIS2_PLACEMENT_3D ( 'NONE', #2171, #2892, #1727 ) ;
#1999 = DIRECTION ( 'NONE',  ( -1.000000000000000000, -0.000000000000000000, 0.000000000000000000 ) ) ;
#2000 = ORIENTED_EDGE ( 'NONE', *, *, #148, .F. ) ;
#2001 = CARTESIAN_POINT ( 'NONE',  ( 0.01870078740157483932, -0.01163246122381911968, -0.1454469674754344799 ) ) ;
#2002 = ORIENTED_EDGE ( 'NONE', *, *, #2611, .T. ) ;
#2003 = EDGE_CURVE ( 'NONE', #3021, #3081, #3106, .T. ) ;
#2004 = VECTOR ( 'NONE', #1434, 39.37007874015748143 ) ;
#2005 = LINE ( 'NONE', #107, #1725 ) ;
#2006 = B_SPLINE_CURVE_WITH_KNOTS ( 'NONE', 3,
 ( #1312, #2773, #2541, #1327, #2306, #129 ),
 .UNSPECIFIED., .F., .F.,
 ( 4, 2, 4 ),
 ( 3.278317293173096046E-15, 0.0002047898823372961427, 0.0004095797646713139292 ),
 .UNSPECIFIED. ) ;
#2007 = FACE_OUTER_BOUND ( 'NONE', #2447, .T. ) ;
#2008 = VECTOR ( 'NONE', #1833, 39.37007874015748143 ) ;
#2009 = ORIENTED_EDGE ( 'NONE', *, *, #1465, .F. ) ;
#2010 = CARTESIAN_POINT ( 'NONE',  ( -0.1055118110236220597, 0.06476377952755905942, 0.06338582677165355284 ) ) ;
#2011 = STYLED_ITEM ( 'NONE', ( #2769 ), #2637 ) ;
#2012 = LINE ( 'NONE', #1574, #1357 ) ;
#2013 = VECTOR ( 'NONE', #68, 39.37007874015748143 ) ;
#2014 = ORIENTED_EDGE ( 'NONE', *, *, #2819, .F. ) ;
#2015 = CARTESIAN_POINT ( 'NONE',  ( -0.1055118110236220597, 0.1679133858267712609, -0.1460629921259842534 ) ) ;
#2016 = UNCERTAINTY_MEASURE_WITH_UNIT (LENGTH_MEASURE( 1.000000000000000082E-05 ), #837, 'distance_accuracy_value', 'NONE');
#2017 = FILL_AREA_STYLE ('',( #79 ) ) ;
#2018 = STYLED_ITEM ( 'NONE', ( #30 ), #2534 ) ;
#2019 = VERTEX_POINT ( 'NONE', #1207 ) ;
#2020 = AXIS2_PLACEMENT_3D ( 'NONE', #2896, #257, #23 ) ;
#2021 = ORIENTED_EDGE ( 'NONE', *, *, #1888, .F. ) ;
#2022 = LINE ( 'NONE', #351, #804 ) ;
#2023 = ORIENTED_EDGE ( 'NONE', *, *, #1927, .T. ) ;
#2024 = LINE ( 'NONE', #2535, #1049 ) ;
#2025 = EDGE_CURVE ( 'NONE', #2753, #2519, #3134, .T. ) ;
#2026 = EDGE_CURVE ( 'NONE', #1788, #2955, #563, .T. ) ;
#2027 = DIRECTION ( 'NONE',  ( -0.000000000000000000, 1.000000000000000000, 0.000000000000000000 ) ) ;
#2028 = ORIENTED_EDGE ( 'NONE', *, *, #410, .T. ) ;
#2029 = CARTESIAN_POINT ( 'NONE',  ( -0.01259842519685039526, 0.06476377952755905942, 0.06338582677165355284 ) ) ;
#2030 = VERTEX_POINT ( 'NONE', #34 ) ;
#2031 = SURFACE_STYLE_USAGE ( .BOTH. , #807 ) ;
#2032 = ORIENTED_EDGE ( 'NONE', *, *, #342, .T. ) ;
#2033 = CARTESIAN_POINT ( 'NONE',  ( -0.1055118110236224482, 0.1427165354330711400, -0.1460629921259842534 ) ) ;
#2034 = ORIENTED_EDGE ( 'NONE', *, *, #2026, .T. ) ;
#2035 = CARTESIAN_POINT ( 'NONE',  ( -0.06594488188976377341, 0.06476377952755904555, 0.02381889763779523536 ) ) ;
#2036 = VERTEX_POINT ( 'NONE', #295 ) ;
#2037 = DIRECTION ( 'NONE',  ( 0.000000000000000000, 0.000000000000000000, 1.000000000000000000 ) ) ;
#2038 = DIRECTION ( 'NONE',  ( -0.000000000000000000, -0.000000000000000000, -1.000000000000000000 ) ) ;
#2039 = ORIENTED_EDGE ( 'NONE', *, *, #781, .T. ) ;
#2040 = EDGE_CURVE ( 'NONE', #3055, #1420, #527, .T. ) ;
#2041 = EDGE_CURVE ( 'NONE', #2036, #1242, #2483, .T. ) ;
#2042 = DIRECTION ( 'NONE',  ( 0.000000000000000000, 0.000000000000000000, 1.000000000000000000 ) ) ;
#2043 = ORIENTED_EDGE ( 'NONE', *, *, #2861, .F. ) ;
#2044 =( NAMED_UNIT ( * ) SI_UNIT ( $, .STERADIAN. ) SOLID_ANGLE_UNIT ( ) );
#2045 = DIRECTION ( 'NONE',  ( 1.000000000000000000, 0.000000000000000000, 0.000000000000000000 ) ) ;
#2046 = ORIENTED_EDGE ( 'NONE', *, *, #152, .F. ) ;
#2047 = DIRECTION ( 'NONE',  ( -1.000000000000000000, -0.000000000000000000, -0.000000000000000000 ) ) ;
#2048 = ORIENTED_EDGE ( 'NONE', *, *, #703, .F. ) ;
#2049 = CARTESIAN_POINT ( 'NONE',  ( 0.03280541612187338335, -0.05334645669291340070, -0.02125984251968498356 ) ) ;
#2050 = AXIS2_PLACEMENT_3D ( 'NONE', #2632, #1922, #3120 ) ;
#2051 = CARTESIAN_POINT ( 'NONE',  ( 0.05807086614173229133, -0.01397637795275590705, -0.09015748031496062520 ) ) ;
#2052 = VECTOR ( 'NONE', #110, 39.37007874015748143 ) ;
#2053 = PLANE ( 'NONE',  #3015 ) ;
#2054 = COLOUR_RGB ( '',0.6470588235294117974, 0.5176470588235293491, 0.000000000000000000 ) ;
#2055 = VERTEX_POINT ( 'NONE', #780 ) ;
#2056 = DIRECTION ( 'NONE',  ( 4.336808689942010340E-16, 0.000000000000000000, -1.000000000000000000 ) ) ;
#2057 =( LENGTH_UNIT ( ) NAMED_UNIT ( * ) SI_UNIT ( $, .METRE. ) );
#2058 = AXIS2_PLACEMENT_3D ( 'NONE', #1036, #1287, #1318 ) ;
#2059 = FACE_OUTER_BOUND ( 'NONE', #487, .T. ) ;
#2060 = EDGE_CURVE ( 'NONE', #553, #2309, #732, .T. ) ;
#2061 = EDGE_LOOP ( 'NONE', ( #2733, #175, #1372, #1052 ) ) ;
#2062 = VECTOR ( 'NONE', #1348, 39.37007874015748143 ) ;
#2063 = DIRECTION ( 'NONE',  ( 0.000000000000000000, 1.000000000000000000, -0.000000000000000000 ) ) ;
#2064 =( GEOMETRIC_REPRESENTATION_CONTEXT ( 3 ) GLOBAL_UNCERTAINTY_ASSIGNED_CONTEXT ( ( #2526 ) ) GLOBAL_UNIT_ASSIGNED_CONTEXT ( ( #2883, #1925, #2174 ) ) REPRESENTATION_CONTEXT ( 'NONE', 'WORKASPACE' ) );
#2065 = EDGE_CURVE ( 'NONE', #1788, #853, #1736, .T. ) ;
#2066 = ORIENTED_EDGE ( 'NONE', *, *, #618, .T. ) ;
#2067 = LINE ( 'NONE', #1349, #2176 ) ;
#2068 = VECTOR ( 'NONE', #2656, 39.37007874015748143 ) ;
#2069 = CARTESIAN_POINT ( 'NONE',  ( 0.03959354908139983698, -0.01397637795275590705, -0.1443838085988509157 ) ) ;
#2070 = DIRECTION ( 'NONE',  ( 7.453889935837970779E-15, 1.000000000000000000, -0.000000000000000000 ) ) ;
#2071 = AXIS2_PLACEMENT_3D ( 'NONE', #2163, #2888, #1474 ) ;
#2072 = DIRECTION ( 'NONE',  ( 1.000000000000000000, -0.000000000000000000, 8.673617379884020681E-16 ) ) ;
#2073 = DIRECTION ( 'NONE',  ( -0.000000000000000000, 1.000000000000000000, 0.000000000000000000 ) ) ;
#2074 = ORIENTED_EDGE ( 'NONE', *, *, #1521, .T. ) ;
#2075 = LINE ( 'NONE', #882, #1910 ) ;
#2076 = CARTESIAN_POINT ( 'NONE',  ( 0.000000000000000000, -0.1005905511811023834, 0.06338582677165355284 ) ) ;
#2077 = LINE ( 'NONE', #538, #1705 ) ;
#2078 = EDGE_LOOP ( 'NONE', ( #2161, #37, #971, #960 ) ) ;
#2079 = CARTESIAN_POINT ( 'NONE',  ( -0.02931494764589527915, -0.02867198088504928702, -0.1478378804820598136 ) ) ;
#2080 = DIRECTION ( 'NONE',  ( -1.000000000000000000, -8.805702923740139587E-17, 0.000000000000000000 ) ) ;
#2081 = ORIENTED_EDGE ( 'NONE', *, *, #210, .F. ) ;
#2082 = EDGE_CURVE ( 'NONE', #783, #447, #2699, .T. ) ;
#2083 = DIRECTION ( 'NONE',  ( 0.000000000000000000, 0.000000000000000000, 1.000000000000000000 ) ) ;
#2084 = EDGE_CURVE ( 'NONE', #1323, #1369, #468, .T. ) ;
#2085 = CARTESIAN_POINT ( 'NONE',  ( -0.05216535433070865202, -0.1950787401574803348, 0.04940944881889762497 ) ) ;
#2086 = CARTESIAN_POINT ( 'NONE',  ( 0.02191331724742433956, -0.02234208463846476186, -0.1512698035905136740 ) ) ;
#2087 = VERTEX_POINT ( 'NONE', #494 ) ;
#2088 = DIRECTION ( 'NONE',  ( -1.000000000000000000, 0.000000000000000000, 0.000000000000000000 ) ) ;
#2089 = CARTESIAN_POINT ( 'NONE',  ( 0.1307086614173228467, -0.1005905511811023834, 0.06338582677165355284 ) ) ;
#2090 = EDGE_LOOP ( 'NONE', ( #2122, #1384, #651, #824, #1613, #3045, #880, #2991, #1515, #3127, #1082 ) ) ;
#2091 = DIRECTION ( 'NONE',  ( 0.000000000000000000, 1.000000000000000000, -0.000000000000000000 ) ) ;
#2092 = CARTESIAN_POINT ( 'NONE',  ( 0.05216535433070866590, -0.1950787401574803348, 0.1281496062992125984 ) ) ;
#2093 = ORIENTED_EDGE ( 'NONE', *, *, #1019, .T. ) ;
#2094 = FILL_AREA_STYLE ('',( #935 ) ) ;
#2095 = DIRECTION ( 'NONE',  ( -0.000000000000000000, -0.000000000000000000, -1.000000000000000000 ) ) ;
#2096 = EDGE_LOOP ( 'NONE', ( #2268, #2334, #2532, #2352 ) ) ;
#2097 = LINE ( 'NONE', #2807, #1104 ) ;
#2098 = ORIENTED_EDGE ( 'NONE', *, *, #2722, .T. ) ;
#2099 = CARTESIAN_POINT ( 'NONE',  ( -0.01476377952755905665, -0.01397637795275590705, -0.1350393700787401730 ) ) ;
#2100 = ADVANCED_FACE ( 'NONE', ( #249 ), #1565, .T. ) ;
#2101 = VERTEX_POINT ( 'NONE', #2422 ) ;
#2102 = LINE ( 'NONE', #2602, #2721 ) ;
#2103 = PLANE ( 'NONE',  #1499 ) ;
#2104 = EDGE_CURVE ( 'NONE', #2036, #331, #3, .T. ) ;
#2105 = ORIENTED_EDGE ( 'NONE', *, *, #2595, .T. ) ;
#2106 = AXIS2_PLACEMENT_3D ( 'NONE', #66, #2571, #2318 ) ;
#2107 = DIRECTION ( 'NONE',  ( 0.000000000000000000, -1.000000000000000000, -0.000000000000000000 ) ) ;
#2108 = CARTESIAN_POINT ( 'NONE',  ( -0.1702755905511810774, 0.06476377952755904555, 0.04940944881889763191 ) ) ;
#2109 = CARTESIAN_POINT ( 'NONE',  ( -0.01259842519685019924, 0.1679133858267716495, -0.1460629921259842534 ) ) ;
#2110 = VECTOR ( 'NONE', #474, 39.37007874015748143 ) ;
#2111 = VERTEX_POINT ( 'NONE', #1933 ) ;
#2112 = CARTESIAN_POINT ( 'NONE',  ( 0.05333842110914928381, 0.02539370078740156578, -0.1098425196850393720 ) ) ;
#2113 = STYLED_ITEM ( 'NONE', ( #185 ), #995 ) ;
#2114 = AXIS2_PLACEMENT_3D ( 'NONE', #426, #886, #1343 ) ;
#2115 = ORIENTED_EDGE ( 'NONE', *, *, #2574, .F. ) ;
#2116 = CARTESIAN_POINT ( 'NONE',  ( 0.01259842519685007954, 0.1427165354330708902, -0.1460629921259842534 ) ) ;
#2117 = CARTESIAN_POINT ( 'NONE',  ( -0.03169937242445465542, 0.001627935635365998805, -0.1464385887809044884 ) ) ;
#2118 = VECTOR ( 'NONE', #3124, 39.37007874015748143 ) ;
#2119 = VECTOR ( 'NONE', #2226, 39.37007874015748143 ) ;
#2120 = ORIENTED_EDGE ( 'NONE', *, *, #2147, .T. ) ;
#2121 = SURFACE_STYLE_USAGE ( .BOTH. , #2794 ) ;
#2122 = ORIENTED_EDGE ( 'NONE', *, *, #2611, .F. ) ;
#2123 = AXIS2_PLACEMENT_3D ( 'NONE', #3018, #2783, #2547 ) ;
#2124 = VECTOR ( 'NONE', #2904, 39.37007874015748143 ) ;
#2125 = CARTESIAN_POINT ( 'NONE',  ( 0.1307086614173228467, 0.06476377952755905942, 0.08858267716535433989 ) ) ;
#2126 = VECTOR ( 'NONE', #1141, 39.37007874015748143 ) ;
#2127 = DIRECTION ( 'NONE',  ( -2.032879073410350002E-15, -1.000000000000000000, 0.000000000000000000 ) ) ;
#2128 = AXIS2_PLACEMENT_3D ( 'NONE', #968, #945, #737 ) ;
#2129 = PLANE ( 'NONE',  #246 ) ;
#2130 = DIRECTION ( 'NONE',  ( 1.000000000000000000, -0.000000000000000000, 0.000000000000000000 ) ) ;
#2131 = EDGE_CURVE ( 'NONE', #1248, #2728, #2199, .T. ) ;
#2132 = EDGE_CURVE ( 'NONE', #2519, #2459, #1949, .T. ) ;
#2133 = CARTESIAN_POINT ( 'NONE',  ( -0.01476377952755905665, -0.01397637795275590705, -0.02125984251968504601 ) ) ;
#2134 = ORIENTED_EDGE ( 'NONE', *, *, #50, .F. ) ;
#2135 = CARTESIAN_POINT ( 'NONE',  ( -0.03291860758725419916, -0.03091508139453368748, -0.1443838085971901608 ) ) ;
#2136 = CARTESIAN_POINT ( 'NONE',  ( 0.01259842519685008648, 0.000000000000000000, -0.1460629921259842534 ) ) ;
#2137 = ORIENTED_EDGE ( 'NONE', *, *, #1181, .F. ) ;
#2138 = LINE ( 'NONE', #2358, #2062 ) ;
#2139 = DIRECTION ( 'NONE',  ( 1.000000000000000000, 0.000000000000000000, -0.000000000000000000 ) ) ;
#2140 = EDGE_LOOP ( 'NONE', ( #1341, #845, #318, #1636 ) ) ;
#2141 = FILL_AREA_STYLE ('',( #2360 ) ) ;
#2142 = EDGE_LOOP ( 'NONE', ( #612, #2066, #1395, #316 ) ) ;
#2143 = LINE ( 'NONE', #174, #80 ) ;
#2144 = DIRECTION ( 'NONE',  ( 1.000000000000000000, 8.805702923740139587E-17, -0.000000000000000000 ) ) ;
#2145 = DIRECTION ( 'NONE',  ( 1.000000000000000000, 0.000000000000000000, 0.000000000000000000 ) ) ;
#2146 = LENGTH_MEASURE_WITH_UNIT ( LENGTH_MEASURE( 0.02539999999999999897 ), #215 );
#2147 = EDGE_CURVE ( 'NONE', #1861, #521, #881, .T. ) ;
#2148 = VERTEX_POINT ( 'NONE', #1463 ) ;
#2149 = CARTESIAN_POINT ( 'NONE',  ( 0.1307086614173224581, 0.1427165354330708902, -0.1460629921259842534 ) ) ;
#2150 = DIRECTION ( 'NONE',  ( -1.000000000000000000, 0.000000000000000000, 0.000000000000000000 ) ) ;
#2151 = EDGE_CURVE ( 'NONE', #1758, #2258, #767, .T. ) ;
#2152 = ORIENTED_EDGE ( 'NONE', *, *, #2971, .T. ) ;
#2153 = PLANE ( 'NONE',  #349 ) ;
#2154 = DIRECTION ( 'NONE',  ( -0.000000000000000000, -1.000000000000000000, -0.000000000000000000 ) ) ;
#2155 = DIRECTION ( 'NONE',  ( 0.000000000000000000, -1.000000000000000000, 0.000000000000000000 ) ) ;
#2156 = VERTEX_POINT ( 'NONE', #1969 ) ;
#2157 = ADVANCED_BREP_SHAPE_REPRESENTATION ( '2157602003', ( #1898, #711 ), #2064 ) ;
#2158 = CARTESIAN_POINT ( 'NONE',  ( 0.000000000000000000, 0.1427165354330712788, -0.1460629921259842534 ) ) ;
#2159 =( CONVERSION_BASED_UNIT ( 'INCH', #943 ) LENGTH_UNIT ( ) NAMED_UNIT ( #2365 ) );
#2160 =( LENGTH_UNIT ( ) NAMED_UNIT ( * ) SI_UNIT ( $, .METRE. ) );
#2161 = ORIENTED_EDGE ( 'NONE', *, *, #1113, .T. ) ;
#2162 = DIRECTION ( 'NONE',  ( 7.453889935837980246E-15, 1.000000000000000000, 0.000000000000000000 ) ) ;
#2163 = CARTESIAN_POINT ( 'NONE',  ( -0.02755905511811023584, 0.000000000000000000, 0.000000000000000000 ) ) ;
#2164 = EDGE_CURVE ( 'NONE', #901, #2357, #2939, .T. ) ;
#2165 = VECTOR ( 'NONE', #2073, 39.37007874015748143 ) ;
#2166 = DIMENSIONAL_EXPONENTS ( 1.000000000000000000, 0.000000000000000000, 0.000000000000000000, 0.000000000000000000, 0.000000000000000000, 0.000000000000000000, 0.000000000000000000 ) ;
#2167 = ORIENTED_EDGE ( 'NONE', *, *, #2548, .T. ) ;
#2168 = VECTOR ( 'NONE', #956, 39.37007874015748143 ) ;
#2169 = DIRECTION ( 'NONE',  ( -0.000000000000000000, -9.637352644315589080E-17, -1.000000000000000000 ) ) ;
#2170 = ADVANCED_FACE ( 'NONE', ( #1081 ), #1045, .T. ) ;
#2171 = CARTESIAN_POINT ( 'NONE',  ( 0.01476377952755905665, -0.01397637795275590705, -0.1443838085991254461 ) ) ;
#2172 = ORIENTED_EDGE ( 'NONE', *, *, #2082, .T. ) ;
#2173 = AXIS2_PLACEMENT_3D ( 'NONE', #2452, #2866, #2638 ) ;
#2174 =( NAMED_UNIT ( * ) SI_UNIT ( $, .STERADIAN. ) SOLID_ANGLE_UNIT ( ) );
#2175 = CARTESIAN_POINT ( 'NONE',  ( 0.05216535433070866590, 0.06476377952755904555, 0.02381889763779523536 ) ) ;
#2176 = VECTOR ( 'NONE', #2281, 39.37007874015748143 ) ;
#2177 = CARTESIAN_POINT ( 'NONE',  ( -0.1055118110236222539, 0.1679133858267712609, -0.1460629921259842534 ) ) ;
#2178 = DIRECTION ( 'NONE',  ( 1.000000000000000000, 0.000000000000000000, -0.000000000000000000 ) ) ;
#2179 = AXIS2_PLACEMENT_3D ( 'NONE', #2092, #1374, #195 ) ;
#2180 = VERTEX_POINT ( 'NONE', #2746 ) ;
#2181 = FILL_AREA_STYLE ('',( #228 ) ) ;
#2182 = DIRECTION ( 'NONE',  ( 0.000000000000000000, -0.8386705679454241613, -0.5446390350150269732 ) ) ;
#2183 = ORIENTED_EDGE ( 'NONE', *, *, #2003, .F. ) ;
#2184 = CARTESIAN_POINT ( 'NONE',  ( -0.1307086614173228467, -0.1005905511811023834, 0.08858267716535433989 ) ) ;
#2185 = CARTESIAN_POINT ( 'NONE',  ( -0.01870078740157483932, -0.0001727780079291047789, -0.1492114446300774888 ) ) ;
#2186 = LINE ( 'NONE', #1431, #3067 ) ;
#2187 = ORIENTED_EDGE ( 'NONE', *, *, #1739, .T. ) ;
#2188 = EDGE_CURVE ( 'NONE', #1469, #331, #3011, .T. ) ;
#2189 = ADVANCED_FACE ( 'NONE', ( #100 ), #2998, .T. ) ;
#2190 = DIRECTION ( 'NONE',  ( -0.000000000000000000, -0.000000000000000000, 1.000000000000000000 ) ) ;
#2191 = CARTESIAN_POINT ( 'NONE',  ( 0.01259842519685039526, -0.1005905511811023834, 0.06338582677165355284 ) ) ;
#2192 = EDGE_CURVE ( 'NONE', #2336, #585, #631, .T. ) ;
#2193 = CARTESIAN_POINT ( 'NONE',  ( 0.05216535433070866590, -0.1950787401574803348, 0.02381889763779523536 ) ) ;
#2194 = VERTEX_POINT ( 'NONE', #1067 ) ;
#2195 = CARTESIAN_POINT ( 'NONE',  ( 0.01476377952755905665, -0.01397637795275590705, -0.09015748031496062520 ) ) ;
#2196 = CARTESIAN_POINT ( 'NONE',  ( -0.03280541612187336947, -0.05334645669291340070, -0.02125984251968500091 ) ) ;
#2197 = VERTEX_POINT ( 'NONE', #1542 ) ;
#2198 = DIRECTION ( 'NONE',  ( -3.252606517456509851E-16, 0.000000000000000000, 1.000000000000000000 ) ) ;
#2199 = LINE ( 'NONE', #53, #1410 ) ;
#2200 = FACE_BOUND ( 'NONE', #67, .T. ) ;
#2201 = ORIENTED_EDGE ( 'NONE', *, *, #65, .F. ) ;
#2202 = DIRECTION ( 'NONE',  ( 0.000000000000000000, -0.000000000000000000, -1.000000000000000000 ) ) ;
#2203 = ADVANCED_FACE ( 'NONE', ( #1592 ), #2508, .T. ) ;
#2204 = DIRECTION ( 'NONE',  ( 0.7071067811865472397, 0.000000000000000000, -0.7071067811865479058 ) ) ;
#2205 = LENGTH_MEASURE_WITH_UNIT ( LENGTH_MEASURE( 0.02539999999999999897 ), #754 );
#2206 = EDGE_CURVE ( 'NONE', #1294, #2180, #1577, .T. ) ;
#2207 = ORIENTED_EDGE ( 'NONE', *, *, #526, .F. ) ;
#2208 = FACE_OUTER_BOUND ( 'NONE', #178, .T. ) ;
#2209 = SURFACE_STYLE_FILL_AREA ( #523 ) ;
#2210 = ORIENTED_EDGE ( 'NONE', *, *, #268, .F. ) ;
#2211 = DIRECTION ( 'NONE',  ( 1.000000000000000000, 0.000000000000000000, -0.000000000000000000 ) ) ;
#2212 = CARTESIAN_POINT ( 'NONE',  ( -0.05333842111682007142, -0.05334645670102227538, -0.1098425196725527769 ) ) ;
#2213 = CARTESIAN_POINT ( 'NONE',  ( -0.05216535433070866590, -0.1950787401574803348, 0.1281496062992125984 ) ) ;
#2214 = CIRCLE ( 'NONE', #1660, 0.04330708661417324162 ) ;
#2215 = VERTEX_POINT ( 'NONE', #2755 ) ;
#2216 = CARTESIAN_POINT ( 'NONE',  ( 0.1055118110236220597, -0.1005905511811023834, 0.08858267716535433989 ) ) ;
#2217 = VECTOR ( 'NONE', #2363, 39.37007874015748143 ) ;
#2218 = CARTESIAN_POINT ( 'NONE',  ( -0.06988188976377952832, -0.01397637795275590705, -0.09015748031496062520 ) ) ;
#2219 = AXIS2_PLACEMENT_3D ( 'NONE', #2184, #2, #2229 ) ;
#2220 = ADVANCED_FACE ( 'NONE', ( #1558 ), #2527, .T. ) ;
#2221 = DIRECTION ( 'NONE',  ( 0.000000000000000000, 0.8386705679454241613, -0.5446390350150269732 ) ) ;
#2222 = VECTOR ( 'NONE', #1999, 39.37007874015748143 ) ;
#2223 = ORIENTED_EDGE ( 'NONE', *, *, #1868, .T. ) ;
#2224 = EDGE_CURVE ( 'NONE', #1120, #13, #855, .T. ) ;
#2225 = AXIS2_PLACEMENT_3D ( 'NONE', #1646, #3048, #443 ) ;
#2226 = DIRECTION ( 'NONE',  ( -0.000000000000000000, -0.000000000000000000, -1.000000000000000000 ) ) ;
#2227 = CARTESIAN_POINT ( 'NONE',  ( 0.1938976377952755792, 0.02539370078740157965, -0.02125984251968503908 ) ) ;
#2228 = ORIENTED_EDGE ( 'NONE', *, *, #978, .T. ) ;
#2229 = DIRECTION ( 'NONE',  ( 0.000000000000000000, 0.000000000000000000, -1.000000000000000000 ) ) ;
#2230 = CARTESIAN_POINT ( 'NONE',  ( -0.01259842519685039526, -0.1005905511811023834, 0.08858267716535433989 ) ) ;
#2231 = DIRECTION ( 'NONE',  ( 0.000000000000000000, -1.000000000000000000, -9.637352644315589080E-17 ) ) ;
#2232 = VERTEX_POINT ( 'NONE', #130 ) ;
#2233 = CARTESIAN_POINT ( 'NONE',  ( -0.03291860758733410747, 0.002962325489109459992, -0.1443838085970552965 ) ) ;
#2234 = ORIENTED_EDGE ( 'NONE', *, *, #1423, .T. ) ;
#2235 = DIRECTION ( 'NONE',  ( 0.000000000000000000, -0.000000000000000000, -1.000000000000000000 ) ) ;
#2236 = FILL_AREA_STYLE ('',( #1258 ) ) ;
#2237 = ORIENTED_EDGE ( 'NONE', *, *, #2666, .T. ) ;
#2238 = CARTESIAN_POINT ( 'NONE',  ( 0.01870078740157484279, -0.1271653543307086631, -0.02125984251968492458 ) ) ;
#2239 = DIRECTION ( 'NONE',  ( -0.000000000000000000, 1.000000000000000000, 0.000000000000000000 ) ) ;
#2240 = EDGE_CURVE ( 'NONE', #1544, #2030, #376, .T. ) ;
#2241 = ORIENTED_EDGE ( 'NONE', *, *, #3133, .F. ) ;
#2242 =( NAMED_UNIT ( * ) SI_UNIT ( $, .STERADIAN. ) SOLID_ANGLE_UNIT ( ) );
#2243 = PRESENTATION_STYLE_ASSIGNMENT (( #2729 ) ) ;
#2244 = EDGE_CURVE ( 'NONE', #1676, #702, #1873, .T. ) ;
#2245 = DIRECTION ( 'NONE',  ( 0.000000000000000000, -0.000000000000000000, -1.000000000000000000 ) ) ;
#2246 = VERTEX_POINT ( 'NONE', #887 ) ;
#2247 = LINE ( 'NONE', #1034, #2222 ) ;
#2248 = ORIENTED_EDGE ( 'NONE', *, *, #1543, .T. ) ;
#2249 = DIRECTION ( 'NONE',  ( -0.000000000000000000, -0.000000000000000000, 1.000000000000000000 ) ) ;
#2250 = PRESENTATION_STYLE_ASSIGNMENT (( #1073 ) ) ;
#2251 = LINE ( 'NONE', #567, #2165 ) ;
#2252 = ORIENTED_EDGE ( 'NONE', *, *, #1755, .T. ) ;
#2253 = CARTESIAN_POINT ( 'NONE',  ( -0.05216535433070866590, -0.1950787401574803348, 0.04940944881889763191 ) ) ;
#2254 = ORIENTED_EDGE ( 'NONE', *, *, #1889, .T. ) ;
#2255 = DIRECTION ( 'NONE',  ( -1.000000000000000000, 0.000000000000000000, 0.000000000000000000 ) ) ;
#2256 =( LENGTH_UNIT ( ) NAMED_UNIT ( * ) SI_UNIT ( $, .METRE. ) );
#2257 = CARTESIAN_POINT ( 'NONE',  ( 0.02755905511811023584, 0.000000000000000000, 0.1519685039370078927 ) ) ;
#2258 = VERTEX_POINT ( 'NONE', #1377 ) ;
#2259 = EDGE_CURVE ( 'NONE', #1447, #1861, #2776, .T. ) ;
#2260 = EDGE_CURVE ( 'NONE', #1402, #307, #151, .T. ) ;
#2261 = EDGE_LOOP ( 'NONE', ( #2372, #3121, #2340, #71 ) ) ;
#2262 = CARTESIAN_POINT ( 'NONE',  ( 0.01870078740157484279, -0.002667459299205865442, -0.1492420574801850142 ) ) ;
#2263 = ORIENTED_EDGE ( 'NONE', *, *, #2380, .F. ) ;
#2264 = VECTOR ( 'NONE', #419, 39.37007874015748143 ) ;
#2265 = CARTESIAN_POINT ( 'NONE',  ( 0.01259842519685007954, 0.1427165354330708902, -0.1460629921259842534 ) ) ;
#2266 = CARTESIAN_POINT ( 'NONE',  ( -0.01870078740157480462, 0.02539370078740158312, -0.1098425196850393720 ) ) ;
#2267 = PRESENTATION_LAYER_ASSIGNMENT (  '', '', ( #138 ) ) ;
#2268 = ORIENTED_EDGE ( 'NONE', *, *, #2994, .F. ) ;
#2269 = DIRECTION ( 'NONE',  ( 0.7071067811865480168, -0.000000000000000000, 0.7071067811865470176 ) ) ;
#2270 = VECTOR ( 'NONE', #2735, 39.37007874015748143 ) ;
#2271 = LINE ( 'NONE', #1774, #773 ) ;
#2272 = VECTOR ( 'NONE', #1573, 39.37007874015748143 ) ;
#2273 = CIRCLE ( 'NONE', #1716, 0.05511811023622047861 ) ;
#2274 = ORIENTED_EDGE ( 'NONE', *, *, #2894, .T. ) ;
#2275 = CARTESIAN_POINT ( 'NONE',  ( 0.02755905511811023584, 0.000000000000000000, 0.000000000000000000 ) ) ;
#2276 = UNCERTAINTY_MEASURE_WITH_UNIT (LENGTH_MEASURE( 1.000000000000000082E-05 ), #1179, 'distance_accuracy_value', 'NONE');
#2277 = DIRECTION ( 'NONE',  ( 1.000000000000000000, 0.000000000000000000, -0.000000000000000000 ) ) ;
#2278 = VECTOR ( 'NONE', #1629, 39.37007874015748143 ) ;
#2279 = ORIENTED_EDGE ( 'NONE', *, *, #2845, .F. ) ;
#2280 = STYLED_ITEM ( 'NONE', ( #1227 ), #2798 ) ;
#2281 = DIRECTION ( 'NONE',  ( -0.000000000000000000, 1.000000000000000000, 0.000000000000000000 ) ) ;
#2282 = ORIENTED_EDGE ( 'NONE', *, *, #1905, .F. ) ;
#2283 = FACE_BOUND ( 'NONE', #2685, .T. ) ;
#2284 = EDGE_CURVE ( 'NONE', #2290, #1741, #2577, .T. ) ;
#2285 = ADVANCED_FACE ( 'NONE', ( #948, #2804, #413 ), #1112, .F. ) ;
#2286 = ORIENTED_EDGE ( 'NONE', *, *, #1055, .T. ) ;
#2287 = FACE_OUTER_BOUND ( 'NONE', #2142, .T. ) ;
#2288 = CARTESIAN_POINT ( 'NONE',  ( 0.1055118110236220597, 0.06476377952755905942, 0.08858267716535433989 ) ) ;
#2289 = EDGE_CURVE ( 'NONE', #2290, #1076, #646, .T. ) ;
#2290 = VERTEX_POINT ( 'NONE', #2112 ) ;
#2291 = SURFACE_STYLE_USAGE ( .BOTH. , #580 ) ;
#2292 = ORIENTED_EDGE ( 'NONE', *, *, #2041, .T. ) ;
#2293 = PLANE ( 'NONE',  #1295 ) ;
#2294 = CARTESIAN_POINT ( 'NONE',  ( -0.01476377952755913471, -0.06909448818897637179, -0.09015748031496062520 ) ) ;
#2295 = VERTEX_POINT ( 'NONE', #1393 ) ;
#2296 = DIRECTION ( 'NONE',  ( 0.000000000000000000, -0.5446390350150259740, 0.8386705679454247164 ) ) ;
#2297 = ORIENTED_EDGE ( 'NONE', *, *, #2379, .T. ) ;
#2298 = FACE_OUTER_BOUND ( 'NONE', #429, .T. ) ;
#2299 = CARTESIAN_POINT ( 'NONE',  ( -0.01259842519685039353, 0.1427165354330710567, 0.000000000000000000 ) ) ;
#2300 = DIRECTION ( 'NONE',  ( 0.000000000000000000, 0.000000000000000000, 1.000000000000000000 ) ) ;
#2301 = EDGE_LOOP ( 'NONE', ( #620, #632, #55, #3131, #2805 ) ) ;
#2302 = CARTESIAN_POINT ( 'NONE',  ( -0.1055118110236220597, 0.1679133858267712609, -0.1460629921259842534 ) ) ;
#2303 = PLANE ( 'NONE',  #414 ) ;
#2304 = EDGE_CURVE ( 'NONE', #2148, #2554, #2369, .T. ) ;
#2305 = ORIENTED_EDGE ( 'NONE', *, *, #2778, .T. ) ;
#2306 = CARTESIAN_POINT ( 'NONE',  ( 0.02141067422811770288, -0.0001665692331746316591, -0.1492018839553649612 ) ) ;
#2307 = ORIENTED_EDGE ( 'NONE', *, *, #1060, .F. ) ;
#2308 = DIRECTION ( 'NONE',  ( 0.000000000000000000, 0.000000000000000000, 1.000000000000000000 ) ) ;
#2309 = VERTEX_POINT ( 'NONE', #2594 ) ;
#2310 = LINE ( 'NONE', #207, #2464 ) ;
#2311 = CARTESIAN_POINT ( 'NONE',  ( -0.06594488188976378729, -0.1950787401574803348, 0.1519685039370078927 ) ) ;
#2312 = AXIS2_PLACEMENT_3D ( 'NONE', #2912, #1259, #2178 ) ;
#2313 = FACE_OUTER_BOUND ( 'NONE', #1623, .T. ) ;
#2314 = AXIS2_PLACEMENT_3D ( 'NONE', #1685, #736, #1449 ) ;
#2315 = ORIENTED_EDGE ( 'NONE', *, *, #1997, .T. ) ;
#2316 = LINE ( 'NONE', #930, #2719 ) ;
#2317 = DIRECTION ( 'NONE',  ( -0.000000000000000000, -1.000000000000000000, -0.000000000000000000 ) ) ;
#2318 = DIRECTION ( 'NONE',  ( 0.000000000000000000, 0.7342720682754588779, 0.6788553084056129228 ) ) ;
#2319 = EDGE_CURVE ( 'NONE', #1758, #2392, #2324, .T. ) ;
#2320 = EDGE_CURVE ( 'NONE', #2540, #1143, #1610, .T. ) ;
#2321 = ORIENTED_EDGE ( 'NONE', *, *, #1626, .F. ) ;
#2322 = VECTOR ( 'NONE', #1407, 39.37007874015748143 ) ;
#2323 = SURFACE_STYLE_FILL_AREA ( #2094 ) ;
#2324 = LINE ( 'NONE', #2825, #305 ) ;
#2325 = VECTOR ( 'NONE', #637, 39.37007874015748143 ) ;
#2326 = MECHANICAL_DESIGN_GEOMETRIC_PRESENTATION_REPRESENTATION (  '', ( #1456 ), #1864 ) ;
#2327 = ORIENTED_EDGE ( 'NONE', *, *, #2880, .F. ) ;
#2328 = DIRECTION ( 'NONE',  ( 1.000000000000000000, 0.000000000000000000, 3.252606517456509851E-16 ) ) ;
#2329 = FILL_AREA_STYLE ('',( #378 ) ) ;
#2330 = AXIS2_PLACEMENT_3D ( 'NONE', #2858, #2150, #2872 ) ;
#2331 = ORIENTED_EDGE ( 'NONE', *, *, #1754, .T. ) ;
#2332 = DIRECTION ( 'NONE',  ( 0.000000000000000000, -0.000000000000000000, -1.000000000000000000 ) ) ;
#2333 = VECTOR ( 'NONE', #1202, 39.37007874015748143 ) ;
#2334 = ORIENTED_EDGE ( 'NONE', *, *, #124, .T. ) ;
#2335 = CARTESIAN_POINT ( 'NONE',  ( -0.01870078740157479769, 0.02539370078740158312, -0.02125984251968501132 ) ) ;
#2336 = VERTEX_POINT ( 'NONE', #427 ) ;
#2337 = DIRECTION ( 'NONE',  ( -0.000000000000000000, -0.000000000000000000, -1.000000000000000000 ) ) ;
#2338 = LINE ( 'NONE', #2383, #1767 ) ;
#2339 =( NAMED_UNIT ( * ) SI_UNIT ( $, .STERADIAN. ) SOLID_ANGLE_UNIT ( ) );
#2340 = ORIENTED_EDGE ( 'NONE', *, *, #638, .T. ) ;
#2341 = CARTESIAN_POINT ( 'NONE',  ( -0.02416059252709768998, -0.02781922527254622121, -0.1491510089724495114 ) ) ;
#2342 = DIRECTION ( 'NONE',  ( 0.6593020504297687490, 0.000000000000000000, 0.7518781858114402805 ) ) ;
#2343 = EDGE_CURVE ( 'NONE', #901, #1555, #201, .T. ) ;
#2344 = ORIENTED_EDGE ( 'NONE', *, *, #1054, .F. ) ;
#2345 = CARTESIAN_POINT ( 'NONE',  ( -0.01476377952755905665, -0.01397637795275590705, -0.09015748031496062520 ) ) ;
#2346 = EDGE_CURVE ( 'NONE', #3087, #1628, #3085, .T. ) ;
#2347 = ORIENTED_EDGE ( 'NONE', *, *, #937, .T. ) ;
#2348 = CYLINDRICAL_SURFACE ( 'NONE', #193, 0.04330708661417324162 ) ;
#2349 = ORIENTED_EDGE ( 'NONE', *, *, #3052, .F. ) ;
#2350 = CARTESIAN_POINT ( 'NONE',  ( 0.01870078740157484279, -0.1271653543307086631, 0.000000000000000000 ) ) ;
#2351 = FACE_OUTER_BOUND ( 'NONE', #2261, .T. ) ;
#2352 = ORIENTED_EDGE ( 'NONE', *, *, #2882, .T. ) ;
#2353 = LINE ( 'NONE', #1138, #457 ) ;
#2354 =( CONVERSION_BASED_UNIT ( 'INCH', #868 ) LENGTH_UNIT ( ) NAMED_UNIT ( #675 ) );
#2355 = VERTEX_POINT ( 'NONE', #165 ) ;
#2356 = CARTESIAN_POINT ( 'NONE',  ( -0.01476377952755905665, -0.01397637795275590705, -0.1443838085968875140 ) ) ;
#2357 = VERTEX_POINT ( 'NONE', #1127 ) ;
#2358 = CARTESIAN_POINT ( 'NONE',  ( -0.01476377952755913471, 0.02539370078740157272, -0.09015748031496062520 ) ) ;
#2359 = ORIENTED_EDGE ( 'NONE', *, *, #2840, .T. ) ;
#2360 = FILL_AREA_STYLE_COLOUR ( '', #1954 ) ;
#2361 = EDGE_LOOP ( 'NONE', ( #1947, #2562, #2331, #496 ) ) ;
#2362 = LINE ( 'NONE', #3094, #511 ) ;
#2363 = DIRECTION ( 'NONE',  ( 0.000000000000000000, 1.000000000000000000, 0.000000000000000000 ) ) ;
#2364 = CARTESIAN_POINT ( 'NONE',  ( 0.06594488188976378729, -0.1950787401574803348, 0.1281496062992125984 ) ) ;
#2365 = DIMENSIONAL_EXPONENTS ( 1.000000000000000000, 0.000000000000000000, 0.000000000000000000, 0.000000000000000000, 0.000000000000000000, 0.000000000000000000, 0.000000000000000000 ) ;
#2366 = STYLED_ITEM ( 'NONE', ( #2839 ), #326 ) ;
#2367 = ORIENTED_EDGE ( 'NONE', *, *, #124, .F. ) ;
#2368 = LINE ( 'NONE', #1362, #2008 ) ;
#2369 = LINE ( 'NONE', #2136, #2278 ) ;
#2370 = VECTOR ( 'NONE', #1397, 39.37007874015748143 ) ;
#2371 = VECTOR ( 'NONE', #2933, 39.37007874015748143 ) ;
#2372 = ORIENTED_EDGE ( 'NONE', *, *, #2082, .F. ) ;
#2373 = LINE ( 'NONE', #204, #2424 ) ;
#2374 = DIRECTION ( 'NONE',  ( -1.000000000000000000, 1.781189283369042886E-15, 0.000000000000000000 ) ) ;
#2375 = AXIS2_PLACEMENT_3D ( 'NONE', #1008, #540, #2382 ) ;
#2376 = LINE ( 'NONE', #137, #3017 ) ;
#2377 = ORIENTED_EDGE ( 'NONE', *, *, #2615, .F. ) ;
#2378 = AXIS2_PLACEMENT_3D ( 'NONE', #2503, #609, #335 ) ;
#2379 = EDGE_CURVE ( 'NONE', #2156, #3021, #682, .T. ) ;
#2380 = EDGE_CURVE ( 'NONE', #2572, #1734, #440, .T. ) ;
#2381 = CARTESIAN_POINT ( 'NONE',  ( 0.01476377952755905665, -0.01397637795275590705, -0.1350393700787401730 ) ) ;
#2382 = DIRECTION ( 'NONE',  ( 1.000000000000000000, 0.000000000000000000, 0.000000000000000000 ) ) ;
#2383 = CARTESIAN_POINT ( 'NONE',  ( -0.1446850393700787329, -0.1950787401574803348, 0.02381889763779523536 ) ) ;
#2384 = ADVANCED_FACE ( 'NONE', ( #3061 ), #2528, .T. ) ;
#2385 = PLANE ( 'NONE',  #2312 ) ;
#2386 = VERTEX_POINT ( 'NONE', #3103 ) ;
#2387 = DIRECTION ( 'NONE',  ( 1.000000000000000000, 0.000000000000000000, -0.000000000000000000 ) ) ;
#2388 = ORIENTED_EDGE ( 'NONE', *, *, #932, .T. ) ;
#2389 = FACE_OUTER_BOUND ( 'NONE', #938, .T. ) ;
#2390 = PRESENTATION_STYLE_ASSIGNMENT (( #3064 ) ) ;
#2391 = DIRECTION ( 'NONE',  ( 0.000000000000000000, -0.000000000000000000, -1.000000000000000000 ) ) ;
#2392 = VERTEX_POINT ( 'NONE', #3115 ) ;
#2393 = B_SPLINE_CURVE_WITH_KNOTS ( 'NONE', 3,
 ( #1729, #784, #1740, #2233 ),
 .UNSPECIFIED., .F., .F.,
 ( 4, 4 ),
 ( 7.484658778823383041E-15, 0.001167636652729694838 ),
 .UNSPECIFIED. ) ;
#2394 = LINE ( 'NONE', #223, #38 ) ;
#2395 = LINE ( 'NONE', #2852, #398 ) ;
#2396 = ADVANCED_FACE ( 'NONE', ( #936 ), #1887, .F. ) ;
#2397 = DIRECTION ( 'NONE',  ( 0.000000000000000000, 0.000000000000000000, 1.000000000000000000 ) ) ;
#2398 = VERTEX_POINT ( 'NONE', #714 ) ;
#2399 = ADVANCED_FACE ( 'NONE', ( #2556 ), #292, .T. ) ;
#2400 = CARTESIAN_POINT ( 'NONE',  ( 0.05216535433070866590, -0.1950787401574803348, 0.1017716535433070973 ) ) ;
#2401 = LINE ( 'NONE', #49, #2333 ) ;
#2402 = ORIENTED_EDGE ( 'NONE', *, *, #739, .T. ) ;
#2403 = CARTESIAN_POINT ( 'NONE',  ( -0.1702755905511811052, -0.1950787401574803348, 0.1281496062992125984 ) ) ;
#2404 = PLANE ( 'NONE',  #919 ) ;
#2405 = CARTESIAN_POINT ( 'NONE',  ( 0.01860377944844533726, -0.01397637795275590705, -0.1447401325263927563 ) ) ;
#2406 = ORIENTED_EDGE ( 'NONE', *, *, #1336, .F. ) ;
#2407 = DIMENSIONAL_EXPONENTS ( 1.000000000000000000, 0.000000000000000000, 0.000000000000000000, 0.000000000000000000, 0.000000000000000000, 0.000000000000000000, 0.000000000000000000 ) ;
#2408 = SHAPE_DEFINITION_REPRESENTATION ( #924, #2157 ) ;
#2409 = DIRECTION ( 'NONE',  ( 0.000000000000000000, 1.000000000000000000, -0.000000000000000000 ) ) ;
#2410 = CARTESIAN_POINT ( 'NONE',  ( 0.01870078740157484279, -0.05334645669291339376, -1.311287036958846598E-17 ) ) ;
#2411 = DIRECTION ( 'NONE',  ( 0.000000000000000000, -0.000000000000000000, -1.000000000000000000 ) ) ;
#2412 = AXIS2_PLACEMENT_3D ( 'NONE', #1234, #35, #884 ) ;
#2413 = ORIENTED_EDGE ( 'NONE', *, *, #1480, .T. ) ;
#2414 = CARTESIAN_POINT ( 'NONE',  ( -0.1702755905511811052, -0.1950787401574803348, 0.1281496062992125984 ) ) ;
#2415 = CARTESIAN_POINT ( 'NONE',  ( 0.000000000000000000, -0.1005905511811023834, 0.000000000000000000 ) ) ;
#2416 = AXIS2_PLACEMENT_3D ( 'NONE', #1307, #2300, #1289 ) ;
#2417 = EDGE_CURVE ( 'NONE', #2728, #119, #1180, .T. ) ;
#2418 = ADVANCED_FACE ( 'NONE', ( #260 ), #2641, .T. ) ;
#2419 = VERTEX_POINT ( 'NONE', #1244 ) ;
#2420 = AXIS2_PLACEMENT_3D ( 'NONE', #41, #22, #990 ) ;
#2421 = CARTESIAN_POINT ( 'NONE',  ( 0.01870078740157484279, 0.02539370078740158312, -0.02125984251968492458 ) ) ;
#2422 = CARTESIAN_POINT ( 'NONE',  ( -0.1446850393700787329, -0.1950787401574803348, 0.02381889763779523536 ) ) ;
#2423 = LINE ( 'NONE', #252, #1950 ) ;
#2424 = VECTOR ( 'NONE', #2829, 39.37007874015748143 ) ;
#2425 = EDGE_LOOP ( 'NONE', ( #274, #1535, #1035, #654 ) ) ;
#2426 = VECTOR ( 'NONE', #1895, 39.37007874015748143 ) ;
#2427 = CARTESIAN_POINT ( 'NONE',  ( -0.1055118110236220597, -0.1005905511811023834, 0.08858267716535433989 ) ) ;
#2428 = AXIS2_PLACEMENT_3D ( 'NONE', #589, #1518, #2489 ) ;
#2429 = VECTOR ( 'NONE', #134, 39.37007874015748143 ) ;
#2430 =( NAMED_UNIT ( * ) SI_UNIT ( $, .STERADIAN. ) SOLID_ANGLE_UNIT ( ) );
#2431 = VECTOR ( 'NONE', #1217, 39.37007874015748143 ) ;
#2432 = ORIENTED_EDGE ( 'NONE', *, *, #2935, .F. ) ;
#2433 = DIRECTION ( 'NONE',  ( 5.421010862427519705E-17, -0.000000000000000000, 1.000000000000000000 ) ) ;
#2434 = EDGE_LOOP ( 'NONE', ( #169, #1190, #2601, #1061 ) ) ;
#2435 = FACE_OUTER_BOUND ( 'NONE', #1530, .T. ) ;
#2436 = ADVANCED_FACE ( 'NONE', ( #997 ), #1733, .T. ) ;
#2437 = CARTESIAN_POINT ( 'NONE',  ( -0.01870078740157481156, -0.002633675553877380410, -0.1492416429115043242 ) ) ;
#2438 =( BOUNDED_SURFACE ( )  B_SPLINE_SURFACE ( 3, 3, ( 
 ( #445, #2600, #157, #673 ),
 ( #1352, #635, #433, #1119 ),
 ( #1100, #2086, #1132, #3050 ),
 ( #892, #653, #1839, #1618 ) ),
 .UNSPECIFIED., .F., .F., .F. ) 
 B_SPLINE_SURFACE_WITH_KNOTS ( ( 4, 4 ),
 ( 4, 4 ),
 ( 0.000000000000000000, 1.000000000000000000 ),
 ( 0.000000000000000000, 1.000000000000000000 ),
 .UNSPECIFIED. ) 
 GEOMETRIC_REPRESENTATION_ITEM ( )  RATIONAL_B_SPLINE_SURFACE ( (
 ( 1.000000000000000000, 0.8639115692444172545, 0.8639115692444172545, 1.000000000000000000),
 ( 0.7813127820063234807, 0.6749851515738042318, 0.6749851515738042318, 0.7813127820063234807),
 ( 0.7813127820063234807, 0.6749851515738042318, 0.6749851515738042318, 0.7813127820063234807),
 ( 1.000000000000000000, 0.8639115692444172545, 0.8639115692444172545, 1.000000000000000000) ) ) 
 REPRESENTATION_ITEM ( '' )  SURFACE ( )  );
#2439 = DIRECTION ( 'NONE',  ( 1.000000000000000000, 0.000000000000000000, 0.000000000000000000 ) ) ;
#2440 = ORIENTED_EDGE ( 'NONE', *, *, #1113, .F. ) ;
#2441 = ADVANCED_FACE ( 'NONE', ( #242 ), #1458, .T. ) ;
#2442 = DIRECTION ( 'NONE',  ( 0.000000000000000000, 0.000000000000000000, 1.000000000000000000 ) ) ;
#2443 =( NAMED_UNIT ( * ) PLANE_ANGLE_UNIT ( ) SI_UNIT ( $, .RADIAN. ) );
#2444 = CARTESIAN_POINT ( 'NONE',  ( -0.01870078740157480462, -0.1271653543307086631, -0.02125984251968496275 ) ) ;
#2445 = SURFACE_STYLE_USAGE ( .BOTH. , #217 ) ;
#2446 = CARTESIAN_POINT ( 'NONE',  ( 0.000000000000000000, -0.1271653543307086631, 0.000000000000000000 ) ) ;
#2447 = EDGE_LOOP ( 'NONE', ( #216, #2510, #1567, #1268 ) ) ;
#2448 = CARTESIAN_POINT ( 'NONE',  ( -0.05216535433070865202, -0.1950787401574803348, 0.1281496062992125984 ) ) ;
#2449 = CARTESIAN_POINT ( 'NONE',  ( -0.06988188976377952832, -0.01397637795275590705, -0.1350393700787401730 ) ) ;
#2450 = CARTESIAN_POINT ( 'NONE',  ( 0.01751746041881152571, -0.01075428338596333411, -0.1447401325263927563 ) ) ;
#2451 = EDGE_LOOP ( 'NONE', ( #1026, #2731, #2252, #1840 ) ) ;
#2452 = CARTESIAN_POINT ( 'NONE',  ( -0.01476377952755905665, -0.01397637795275590705, -0.09015748031496062520 ) ) ;
#2453 = DIRECTION ( 'NONE',  ( -1.000000000000000000, 0.000000000000000000, 0.000000000000000000 ) ) ;
#2454 = EDGE_CURVE ( 'NONE', #2087, #1171, #2457, .T. ) ;
#2455 = ORIENTED_EDGE ( 'NONE', *, *, #2880, .T. ) ;
#2456 = DIRECTION ( 'NONE',  ( -1.000000000000000000, 0.000000000000000000, 0.000000000000000000 ) ) ;
#2457 = LINE ( 'NONE', #2697, #254 ) ;
#2458 = VECTOR ( 'NONE', #2793, 39.37007874015748143 ) ;
#2459 = VERTEX_POINT ( 'NONE', #476 ) ;
#2460 = DIRECTION ( 'NONE',  ( -7.453889935837970779E-15, -1.000000000000000000, 0.000000000000000000 ) ) ;
#2461 = DIRECTION ( 'NONE',  ( 0.000000000000000000, 0.000000000000000000, 1.000000000000000000 ) ) ;
#2462 = VECTOR ( 'NONE', #2038, 39.37007874015748143 ) ;
#2463 = CARTESIAN_POINT ( 'NONE',  ( -0.06594488188976378729, -0.1950787401574803348, 0.1281496062992125984 ) ) ;
#2464 = VECTOR ( 'NONE', #1401, 39.37007874015748143 ) ;
#2465 = ORIENTED_EDGE ( 'NONE', *, *, #1226, .T. ) ;
#2466 = DIRECTION ( 'NONE',  ( 0.000000000000000000, 1.000000000000000000, 0.000000000000000000 ) ) ;
#2467 = VERTEX_POINT ( 'NONE', #1690 ) ;
#2468 = DIRECTION ( 'NONE',  ( 0.000000000000000000, 0.000000000000000000, -1.000000000000000000 ) ) ;
#2469 =( BOUNDED_SURFACE ( )  B_SPLINE_SURFACE ( 3, 3, ( 
 ( #2069, #1367, #206, #3049 ),
 ( #1634, #908, #891, #2599 ),
 ( #432, #1165, #1382, #1838 ),
 ( #2405, #233, #2450, #495 ) ),
 .UNSPECIFIED., .F., .F., .F. ) 
 B_SPLINE_SURFACE_WITH_KNOTS ( ( 4, 4 ),
 ( 4, 4 ),
 ( 0.000000000000000000, 1.000000000000000000 ),
 ( 0.000000000000000000, 1.000000000000000000 ),
 .UNSPECIFIED. ) 
 GEOMETRIC_REPRESENTATION_ITEM ( )  RATIONAL_B_SPLINE_SURFACE ( (
 ( 1.000000000000000000, 0.8639115692444369055, 0.8639115692444369055, 1.000000000000000000),
 ( 0.7813127819966685372, 0.6749851515654785583, 0.6749851515654785583, 0.7813127819966685372),
 ( 0.7813127819966685372, 0.6749851515654785583, 0.6749851515654785583, 0.7813127819966685372),
 ( 1.000000000000000000, 0.8639115692444369055, 0.8639115692444369055, 1.000000000000000000) ) ) 
 REPRESENTATION_ITEM ( '' )  SURFACE ( )  );
#2470 = VECTOR ( 'NONE', #2211, 39.37007874015748143 ) ;
#2471 = DIRECTION ( 'NONE',  ( -0.000000000000000000, -1.000000000000000000, -0.000000000000000000 ) ) ;
#2472 = EDGE_CURVE ( 'NONE', #2398, #3028, #1427, .T. ) ;
#2473 = PRODUCT_DEFINITION_FORMATION_WITH_SPECIFIED_SOURCE ( 'ANY', '', #415, .NOT_KNOWN. ) ;
#2474 = AXIS2_PLACEMENT_3D ( 'NONE', #1262, #1041, #2456 ) ;
#2475 = EDGE_LOOP ( 'NONE', ( #3062, #3104, #2286, #69, #1303 ) ) ;
#2476 = CIRCLE ( 'NONE', #3135, 0.02482976955248228021 ) ;
#2477 = DIRECTION ( 'NONE',  ( 8.752388879802260299E-17, -1.000000000000000000, 0.000000000000000000 ) ) ;
#2478 = DIRECTION ( 'NONE',  ( -2.032879073410350002E-15, -1.000000000000000000, 0.000000000000000000 ) ) ;
#2479 = EDGE_CURVE ( 'NONE', #2419, #1, #2401, .T. ) ;
#2480 = COLOUR_RGB ( '',0.6470588235294117974, 0.5176470588235293491, 0.000000000000000000 ) ;
#2481 = ORIENTED_EDGE ( 'NONE', *, *, #214, .T. ) ;
#2482 = LINE ( 'NONE', #63, #503 ) ;
#2483 = LINE ( 'NONE', #2230, #2723 ) ;
#2484 = CARTESIAN_POINT ( 'NONE',  ( 0.1938976377952755792, -0.05334645669291339376, -0.1098425196850393720 ) ) ;
#2485 = VERTEX_POINT ( 'NONE', #2934 ) ;
#2486 = DIRECTION ( 'NONE',  ( 0.000000000000000000, 0.5446390350150269732, -0.8386705679454241613 ) ) ;
#2487 = VERTEX_POINT ( 'NONE', #959 ) ;
#2488 = LINE ( 'NONE', #319, #2815 ) ;
#2489 = DIRECTION ( 'NONE',  ( -1.000000000000000000, 2.710505431213800134E-15, 0.000000000000000000 ) ) ;
#2490 = CARTESIAN_POINT ( 'NONE',  ( -0.06988188976377952832, -0.01397637795275590705, -0.1098425196850393720 ) ) ;
#2491 = EDGE_CURVE ( 'NONE', #1776, #2398, #729, .T. ) ;
#2492 = ORIENTED_EDGE ( 'NONE', *, *, #3009, .T. ) ;
#2493 = PLANE ( 'NONE',  #2675 ) ;
#2494 =( NAMED_UNIT ( * ) PLANE_ANGLE_UNIT ( ) SI_UNIT ( $, .RADIAN. ) );
#2495 = ADVANCED_FACE ( 'NONE', ( #1230 ), #1440, .T. ) ;
#2496 = ORIENTED_EDGE ( 'NONE', *, *, #10, .F. ) ;
#2497 = LENGTH_MEASURE_WITH_UNIT ( LENGTH_MEASURE( 0.02539999999999999897 ), #1527 );
#2498 = LINE ( 'NONE', #388, #751 ) ;
#2499 = ORIENTED_EDGE ( 'NONE', *, *, #410, .F. ) ;
#2500 = ORIENTED_EDGE ( 'NONE', *, *, #2284, .F. ) ;
#2501 = FACE_OUTER_BOUND ( 'NONE', #1526, .T. ) ;
#2502 = ORIENTED_EDGE ( 'NONE', *, *, #2289, .F. ) ;
#2503 = CARTESIAN_POINT ( 'NONE',  ( 0.02755905511811023584, -0.08011811023622049388, 0.2098425196850393915 ) ) ;
#2504 = PLANE ( 'NONE',  #394 ) ;
#2505 = CARTESIAN_POINT ( 'NONE',  ( -0.05807086614173229133, -0.01397637795275590705, -0.1350393700787401730 ) ) ;
#2506 = ORIENTED_EDGE ( 'NONE', *, *, #913, .T. ) ;
#2507 = DIRECTION ( 'NONE',  ( 0.000000000000000000, 0.5446390350150289716, 0.8386705679454227180 ) ) ;
#2508 = PLANE ( 'NONE',  #1254 ) ;
#2509 = EDGE_CURVE ( 'NONE', #521, #3014, #1930, .T. ) ;
#2510 = ORIENTED_EDGE ( 'NONE', *, *, #2936, .T. ) ;
#2511 = EDGE_CURVE ( 'NONE', #1578, #1413, #1945, .T. ) ;
#2512 = VERTEX_POINT ( 'NONE', #1978 ) ;
#2513 = COLOUR_RGB ( '',0.6470588235294117974, 0.5176470588235293491, 0.000000000000000000 ) ;
#2514 = CARTESIAN_POINT ( 'NONE',  ( -0.02755905511811023584, -0.08011811023622049388, 0.1519685039370078927 ) ) ;
#2515 = ORIENTED_EDGE ( 'NONE', *, *, #603, .F. ) ;
#2516 = VECTOR ( 'NONE', #442, 39.37007874015748143 ) ;
#2517 = LINE ( 'NONE', #1037, #506 ) ;
#2518 = DIRECTION ( 'NONE',  ( -1.000000000000000000, 2.710505431213800134E-15, 0.000000000000000000 ) ) ;
#2519 = VERTEX_POINT ( 'NONE', #2196 ) ;
#2520 = MECHANICAL_DESIGN_GEOMETRIC_PRESENTATION_REPRESENTATION (  '', ( #2280 ), #923 ) ;
#2521 = CARTESIAN_POINT ( 'NONE',  ( -0.1055118110236220597, -0.1005905511811023834, 0.06338582677165355284 ) ) ;
#2522 = VECTOR ( 'NONE', #850, 39.37007874015748854 ) ;
#2523 = MECHANICAL_DESIGN_GEOMETRIC_PRESENTATION_REPRESENTATION (  '', ( #1051 ), #1762 ) ;
#2524 = VERTEX_POINT ( 'NONE', #742 ) ;
#2525 =( NAMED_UNIT ( * ) PLANE_ANGLE_UNIT ( ) SI_UNIT ( $, .RADIAN. ) );
#2526 = UNCERTAINTY_MEASURE_WITH_UNIT (LENGTH_MEASURE( 1.000000000000000082E-05 ), #2883, 'distance_accuracy_value', 'NONE');
#2527 = CYLINDRICAL_SURFACE ( 'NONE', #1569, 0.05511811023622047861 ) ;
#2528 = CONICAL_SURFACE ( 'NONE', #44, 0.05511811020818726398, 0.7198901078244156482 ) ;
#2529 = ORIENTED_EDGE ( 'NONE', *, *, #1770, .F. ) ;
#2530 = EDGE_CURVE ( 'NONE', #1488, #1909, #2916, .T. ) ;
#2531 = CARTESIAN_POINT ( 'NONE',  ( -0.1938976377952755514, -0.1950787401574803348, 0.1519685039370078927 ) ) ;
#2532 = ORIENTED_EDGE ( 'NONE', *, *, #2060, .F. ) ;
#2533 = CARTESIAN_POINT ( 'NONE',  ( -0.01870078740157480809, -0.01954723266708203316, -0.1471901189858714487 ) ) ;
#2534 = ADVANCED_FACE ( 'NONE', ( #2665 ), #1718, .T. ) ;
#2535 = CARTESIAN_POINT ( 'NONE',  ( 0.06594488188976378729, -0.1950787401574803348, 0.1017716535433070973 ) ) ;
#2536 = CARTESIAN_POINT ( 'NONE',  ( 0.01870078740157484279, -0.01397637795275590705, -0.1448424406283375931 ) ) ;
#2537 = ORIENTED_EDGE ( 'NONE', *, *, #1667, .T. ) ;
#2538 = CARTESIAN_POINT ( 'NONE',  ( 0.1938976377952755792, 0.02539370078740157965, -0.02125984251968503908 ) ) ;
#2539 =( LENGTH_UNIT ( ) NAMED_UNIT ( * ) SI_UNIT ( $, .METRE. ) );
#2540 = VERTEX_POINT ( 'NONE', #1325 ) ;
#2541 = CARTESIAN_POINT ( 'NONE',  ( 0.02931494764448478244, 0.0007192249792189150167, -0.1478378804825503934 ) ) ;
#2542 = DIRECTION ( 'NONE',  ( -0.000000000000000000, -0.000000000000000000, -1.000000000000000000 ) ) ;
#2543 = ORIENTED_EDGE ( 'NONE', *, *, #1484, .F. ) ;
#2544 = LINE ( 'NONE', #2559, #1511 ) ;
#2545 = ORIENTED_EDGE ( 'NONE', *, *, #2319, .F. ) ;
#2546 = LINE ( 'NONE', #120, #3126 ) ;
#2547 = DIRECTION ( 'NONE',  ( 1.000000000000000000, 0.000000000000000000, 0.000000000000000000 ) ) ;
#2548 = EDGE_CURVE ( 'NONE', #1056, #393, #2012, .T. ) ;
#2549 = CARTESIAN_POINT ( 'NONE',  ( -0.01476377952755905665, -0.01397637795275590705, -0.02125984251968504601 ) ) ;
#2550 = ORIENTED_EDGE ( 'NONE', *, *, #2688, .F. ) ;
#2551 = CARTESIAN_POINT ( 'NONE',  ( 0.01870078740157484279, -0.1271653543307086631, -0.02125984251968492458 ) ) ;
#2552 = LINE ( 'NONE', #386, #3082 ) ;
#2553 = PLANE ( 'NONE',  #2106 ) ;
#2554 = VERTEX_POINT ( 'NONE', #2980 ) ;
#2555 = PLANE ( 'NONE',  #2114 ) ;
#2556 = FACE_OUTER_BOUND ( 'NONE', #859, .T. ) ;
#2557 = ORIENTED_EDGE ( 'NONE', *, *, #1305, .T. ) ;
#2558 = DIRECTION ( 'NONE',  ( -1.000000000000000000, 0.000000000000000000, -0.000000000000000000 ) ) ;
#2559 = CARTESIAN_POINT ( 'NONE',  ( -0.01870078740157480462, -0.02777997789758302957, -0.1492114446300771835 ) ) ;
#2560 = CARTESIAN_POINT ( 'NONE',  ( 0.04654136508268520017, -0.04586675547696082017, -0.1213602495476418242 ) ) ;
#2561 = FACE_OUTER_BOUND ( 'NONE', #2757, .T. ) ;
#2562 = ORIENTED_EDGE ( 'NONE', *, *, #3078, .T. ) ;
#2563 = DIRECTION ( 'NONE',  ( 0.000000000000000000, 0.000000000000000000, -1.000000000000000000 ) ) ;
#2564 = PRESENTATION_LAYER_ASSIGNMENT (  '', '', ( #991 ) ) ;
#2565 = PLANE ( 'NONE',  #3074 ) ;
#2566 = ORIENTED_EDGE ( 'NONE', *, *, #2756, .F. ) ;
#2567 = EDGE_CURVE ( 'NONE', #2753, #57, #803, .T. ) ;
#2568 = DIRECTION ( 'NONE',  ( 0.000000000000000000, 1.000000000000000000, -9.637352644315589080E-17 ) ) ;
#2569 = CARTESIAN_POINT ( 'NONE',  ( 0.09153543307086615954, 0.06476377952755904555, 0.02381889763779523536 ) ) ;
#2570 = AXIS2_PLACEMENT_3D ( 'NONE', #671, #1379, #2558 ) ;
#2571 = DIRECTION ( 'NONE',  ( 0.000000000000000000, 0.6788553084056129228, -0.7342720682754588779 ) ) ;
#2572 = VERTEX_POINT ( 'NONE', #1537 ) ;
#2573 = CIRCLE ( 'NONE', #1153, 0.04330708661417324162 ) ;
#2574 = EDGE_CURVE ( 'NONE', #357, #1248, #311, .T. ) ;
#2575 = CIRCLE ( 'NONE', #199, 0.01417322834645668751 ) ;
#2576 = CARTESIAN_POINT ( 'NONE',  ( -0.05807086614173229133, 0.000000000000000000, 0.000000000000000000 ) ) ;
#2577 = LINE ( 'NONE', #1834, #1720 ) ;
#2578 = AXIS2_PLACEMENT_3D ( 'NONE', #1333, #2072, #2835 ) ;
#2579 = VECTOR ( 'NONE', #1477, 39.37007874015748143 ) ;
#2580 = ORIENTED_EDGE ( 'NONE', *, *, #2548, .F. ) ;
#2581 = FACE_OUTER_BOUND ( 'NONE', #340, .T. ) ;
#2582 = FACE_OUTER_BOUND ( 'NONE', #1133, .T. ) ;
#2583 = VECTOR ( 'NONE', #2130, 39.37007874015748143 ) ;
#2584 = ORIENTED_EDGE ( 'NONE', *, *, #951, .F. ) ;
#2585 = DIRECTION ( 'NONE',  ( 1.000000000000000000, -0.000000000000000000, 0.000000000000000000 ) ) ;
#2586 = CYLINDRICAL_SURFACE ( 'NONE', #136, 0.05511811023622047861 ) ;
#2587 = ORIENTED_EDGE ( 'NONE', *, *, #2491, .F. ) ;
#2588 = CARTESIAN_POINT ( 'NONE',  ( 0.05807086614173229133, -0.1271653543307086631, -0.02125984251968492458 ) ) ;
#2589 = LINE ( 'NONE', #3077, #518 ) ;
#2590 =( NAMED_UNIT ( * ) PLANE_ANGLE_UNIT ( ) SI_UNIT ( $, .RADIAN. ) );
#2591 = EDGE_CURVE ( 'NONE', #2487, #2810, #2741, .T. ) ;
#2592 = ORIENTED_EDGE ( 'NONE', *, *, #1152, .T. ) ;
#2593 = DIRECTION ( 'NONE',  ( 0.000000000000000000, 0.000000000000000000, -1.000000000000000000 ) ) ;
#2594 = CARTESIAN_POINT ( 'NONE',  ( 0.03280541612187336947, 0.02539370078740156925, -0.09015748031496062520 ) ) ;
#2595 = EDGE_CURVE ( 'NONE', #2646, #2386, #2271, .T. ) ;
#2596 = EDGE_CURVE ( 'NONE', #2355, #1120, #113, .T. ) ;
#2597 = ORIENTED_EDGE ( 'NONE', *, *, #2417, .F. ) ;
#2598 = CARTESIAN_POINT ( 'NONE',  ( 0.09153543307086615954, -0.1950787401574803348, 0.02381889763779523536 ) ) ;
#2599 = CARTESIAN_POINT ( 'NONE',  ( 0.01981313284077304213, 0.004262503844792513673, -0.1511177842647096758 ) ) ;
#2600 = CARTESIAN_POINT ( 'NONE',  ( 0.03256931686148391986, -0.03481071837495886001, -0.1443838085992651676 ) ) ;
#2601 = ORIENTED_EDGE ( 'NONE', *, *, #571, .F. ) ;
#2602 = CARTESIAN_POINT ( 'NONE',  ( 0.000000000000000000, -0.1271653543307086631, 0.000000000000000000 ) ) ;
#2603 = CYLINDRICAL_SURFACE ( 'NONE', #2869, 0.05511811023622047861 ) ;
#2604 = PLANE ( 'NONE',  #1860 ) ;
#2605 = ORIENTED_EDGE ( 'NONE', *, *, #2716, .T. ) ;
#2606 = LENGTH_MEASURE_WITH_UNIT ( LENGTH_MEASURE( 0.02539999999999999897 ), #179 );
#2607 = CARTESIAN_POINT ( 'NONE',  ( -0.01476377952755905665, -0.01397637795275590705, -0.1098425196583618230 ) ) ;
#2608 = VERTEX_POINT ( 'NONE', #2029 ) ;
#2609 = ADVANCED_FACE ( 'NONE', ( #2993 ), #2303, .F. ) ;
#2610 = DIRECTION ( 'NONE',  ( -0.000000000000000000, -0.000000000000000000, 1.000000000000000000 ) ) ;
#2611 = EDGE_CURVE ( 'NONE', #2785, #3028, #1760, .T. ) ;
#2612 = ORIENTED_EDGE ( 'NONE', *, *, #2591, .F. ) ;
#2613 = SURFACE_STYLE_FILL_AREA ( #2141 ) ;
#2614 = ORIENTED_EDGE ( 'NONE', *, *, #505, .T. ) ;
#2615 = EDGE_CURVE ( 'NONE', #702, #640, #1785, .T. ) ;
#2616 = CARTESIAN_POINT ( 'NONE',  ( -0.01476377952755905665, -0.01397637795275590705, -0.1098425196850393720 ) ) ;
#2617 = PLANE ( 'NONE',  #1707 ) ;
#2618 = LINE ( 'NONE', #1972, #1000 ) ;
#2619 = CARTESIAN_POINT ( 'NONE',  ( -0.1055118110236220597, 0.1679133858267712609, -0.1460629921259842534 ) ) ;
#2620 = DIRECTION ( 'NONE',  ( -1.000000000000000000, 0.000000000000000000, 0.000000000000000000 ) ) ;
#2621 = VECTOR ( 'NONE', #2724, 39.37007874015748143 ) ;
#2622 = EDGE_LOOP ( 'NONE', ( #2957, #444, #1835, #466 ) ) ;
#2623 = B_SPLINE_CURVE_WITH_KNOTS ( 'NONE', 3,
 ( #2655, #1205, #961, #716, #745, #509, #248 ),
 .UNSPECIFIED., .F., .F.,
 ( 4, 3, 4 ),
 ( 2.068371403288071752E-17, 0.0007601709217142481193, 0.001167636660414148606 ),
 .UNSPECIFIED. ) ;
#2624 =( CONVERSION_BASED_UNIT ( 'INCH', #2606 ) LENGTH_UNIT ( ) NAMED_UNIT ( #491 ) );
#2625 = DIRECTION ( 'NONE',  ( -1.000000000000000000, 0.000000000000000000, -0.000000000000000000 ) ) ;
#2626 = VECTOR ( 'NONE', #2204, 39.37007874015748143 ) ;
#2627 = AXIS2_PLACEMENT_3D ( 'NONE', #1266, #841, #2744 ) ;
#2628 = ORIENTED_EDGE ( 'NONE', *, *, #1687, .F. ) ;
#2629 = DIRECTION ( 'NONE',  ( -1.000000000000000000, 0.000000000000000000, -0.000000000000000000 ) ) ;
#2630 = DIRECTION ( 'NONE',  ( 0.000000000000000000, -1.000000000000000000, 0.000000000000000000 ) ) ;
#2631 = VECTOR ( 'NONE', #2056, 39.37007874015748143 ) ;
#2632 = CARTESIAN_POINT ( 'NONE',  ( 0.01476377952755905665, -0.01397637795275590705, -0.09015748031496062520 ) ) ;
#2633 = ORIENTED_EDGE ( 'NONE', *, *, #2151, .F. ) ;
#2634 = CARTESIAN_POINT ( 'NONE',  ( 0.1702755905511811052, -0.1950787401574803348, 0.1281496062992125984 ) ) ;
#2635 = VECTOR ( 'NONE', #1790, 39.37007874015748143 ) ;
#2636 = DIRECTION ( 'NONE',  ( 0.000000000000000000, 0.000000000000000000, 1.000000000000000000 ) ) ;
#2637 = ADVANCED_FACE ( 'NONE', ( #851 ), #789, .T. ) ;
#2638 = DIRECTION ( 'NONE',  ( -1.000000000000000000, 3.548298019043468340E-15, 0.000000000000000000 ) ) ;
#2639 = FILL_AREA_STYLE ('',( #1435 ) ) ;
#2640 = ORIENTED_EDGE ( 'NONE', *, *, #473, .T. ) ;
#2641 = PLANE ( 'NONE',  #1916 ) ;
#2642 = ORIENTED_EDGE ( 'NONE', *, *, #428, .T. ) ;
#2643 = LINE ( 'NONE', #3132, #453 ) ;
#2644 = CARTESIAN_POINT ( 'NONE',  ( -0.02141067422847151708, -0.0001665692331738721484, -0.1492018839553637954 ) ) ;
#2645 = LINE ( 'NONE', #940, #1749 ) ;
#2646 = VERTEX_POINT ( 'NONE', #406 ) ;
#2647 = CARTESIAN_POINT ( 'NONE',  ( 0.01870078740157484279, -0.1271653543307086631, -1.311287036958846598E-17 ) ) ;
#2648 = PLANE ( 'NONE',  #2128 ) ;
#2649 = ADVANCED_FACE ( 'NONE', ( #1847 ), #1883, .T. ) ;
#2650 = EDGE_CURVE ( 'NONE', #2554, #1758, #423, .T. ) ;
#2651 = DIMENSIONAL_EXPONENTS ( 1.000000000000000000, 0.000000000000000000, 0.000000000000000000, 0.000000000000000000, 0.000000000000000000, 0.000000000000000000, 0.000000000000000000 ) ;
#2652 = SURFACE_STYLE_USAGE ( .BOTH. , #3080 ) ;
#2653 = VERTEX_POINT ( 'NONE', #1640 ) ;
#2654 = CARTESIAN_POINT ( 'NONE',  ( -0.03280541612187338335, 0.02539370078740157965, -0.02125984251968503908 ) ) ;
#2655 = CARTESIAN_POINT ( 'NONE',  ( 0.03291860758575437113, 0.002962325488109431807, -0.1443838085985952313 ) ) ;
#2656 = DIRECTION ( 'NONE',  ( -1.000000000000000000, -0.000000000000000000, -3.252606517456509851E-16 ) ) ;
#2657 = DIRECTION ( 'NONE',  ( -1.000000000000000000, 2.032879073410350002E-15, -0.000000000000000000 ) ) ;
#2658 = ORIENTED_EDGE ( 'NONE', *, *, #2650, .T. ) ;
#2659 = LINE ( 'NONE', #8, #2626 ) ;
#2660 = FACE_OUTER_BOUND ( 'NONE', #1012, .T. ) ;
#2661 = EDGE_CURVE ( 'NONE', #1748, #1110, #2801, .T. ) ;
#2662 = VECTOR ( 'NONE', #1478, 39.37007874015748143 ) ;
#2663 = ORIENTED_EDGE ( 'NONE', *, *, #3030, .T. ) ;
#2664 = PLANE ( 'NONE',  #1669 ) ;
#2665 = FACE_OUTER_BOUND ( 'NONE', #1177, .T. ) ;
#2666 = EDGE_CURVE ( 'NONE', #1903, #1917, #1588, .T. ) ;
#2667 = ORIENTED_EDGE ( 'NONE', *, *, #1211, .T. ) ;
#2668 = CARTESIAN_POINT ( 'NONE',  ( 0.06988188971193079468, -0.01397637795275590705, -0.1098425196850393720 ) ) ;
#2669 = CARTESIAN_POINT ( 'NONE',  ( -0.03736312415929814168, -0.03577937502561938377, -0.1368934532609748511 ) ) ;
#2670 = UNCERTAINTY_MEASURE_WITH_UNIT (LENGTH_MEASURE( 1.000000000000000082E-05 ), #2159, 'distance_accuracy_value', 'NONE');
#2671 = DIRECTION ( 'NONE',  ( 0.000000000000000000, 0.000000000000000000, 1.000000000000000000 ) ) ;
#2672 = VECTOR ( 'NONE', #1249, 39.37007874015748854 ) ;
#2673 = ORIENTED_EDGE ( 'NONE', *, *, #1359, .F. ) ;
#2674 =( GEOMETRIC_REPRESENTATION_CONTEXT ( 3 ) GLOBAL_UNCERTAINTY_ASSIGNED_CONTEXT ( ( #1541 ) ) GLOBAL_UNIT_ASSIGNED_CONTEXT ( ( #2354, #3040, #679 ) ) REPRESENTATION_CONTEXT ( 'NONE', 'WORKASPACE' ) );
#2675 = AXIS2_PLACEMENT_3D ( 'NONE', #324, #1505, #2477 ) ;
#2676 = DIRECTION ( 'NONE',  ( -0.000000000000000000, -0.000000000000000000, -1.000000000000000000 ) ) ;
#2677 = PLANE ( 'NONE',  #652 ) ;
#2678 = AXIS2_PLACEMENT_3D ( 'NONE', #962, #2891, #537 ) ;
#2679 = SURFACE_STYLE_FILL_AREA ( #2639 ) ;
#2680 = FACE_OUTER_BOUND ( 'NONE', #1043, .T. ) ;
#2681 = AXIS2_PLACEMENT_3D ( 'NONE', #304, #2221, #1500 ) ;
#2682 = ORIENTED_EDGE ( 'NONE', *, *, #2738, .F. ) ;
#2683 = DIRECTION ( 'NONE',  ( -1.000000000000000000, -0.000000000000000000, -0.000000000000000000 ) ) ;
#2684 = FILL_AREA_STYLE_COLOUR ( '', #2480 ) ;
#2685 = EDGE_LOOP ( 'NONE', ( #1299, #2201, #422, #2673 ) ) ;
#2686 = FILL_AREA_STYLE_COLOUR ( '', #2968 ) ;
#2687 = DIRECTION ( 'NONE',  ( -1.000000000000000000, -0.000000000000000000, 0.000000000000000000 ) ) ;
#2688 = EDGE_CURVE ( 'NONE', #2766, #2653, #1817, .T. ) ;
#2689 = EDGE_CURVE ( 'NONE', #420, #2232, #1139, .T. ) ;
#2690 = LINE ( 'NONE', #700, #2662 ) ;
#2691 = VERTEX_POINT ( 'NONE', #2108 ) ;
#2692 = LINE ( 'NONE', #531, #3130 ) ;
#2693 = FACE_OUTER_BOUND ( 'NONE', #156, .T. ) ;
#2694 = CARTESIAN_POINT ( 'NONE',  ( 0.01870078740157484279, -0.05334645669291339376, -0.02125984251968492458 ) ) ;
#2695 = EDGE_LOOP ( 'NONE', ( #2115, #977, #2597, #579 ) ) ;
#2696 = LENGTH_MEASURE_WITH_UNIT ( LENGTH_MEASURE( 0.02539999999999999897 ), #2871 );
#2697 = CARTESIAN_POINT ( 'NONE',  ( 0.02755905511811023584, -0.1730314960629921184, 0.1519685039370078927 ) ) ;
#2698 = EDGE_LOOP ( 'NONE', ( #2550, #2021, #2440, #843 ) ) ;
#2699 = LINE ( 'NONE', #2449, #2124 ) ;
#2700 = CARTESIAN_POINT ( 'NONE',  ( 0.05216535433070866590, -0.1950787401574803348, 0.02381889763779523536 ) ) ;
#2701 = ORIENTED_EDGE ( 'NONE', *, *, #1630, .T. ) ;
#2702 = EDGE_CURVE ( 'NONE', #1555, #2101, #2338, .T. ) ;
#2703 = DIRECTION ( 'NONE',  ( 0.000000000000000000, -0.000000000000000000, -1.000000000000000000 ) ) ;
#2704 = ORIENTED_EDGE ( 'NONE', *, *, #2743, .T. ) ;
#2705 = DIRECTION ( 'NONE',  ( 0.000000000000000000, -1.000000000000000000, 0.000000000000000000 ) ) ;
#2706 = EDGE_CURVE ( 'NONE', #3021, #1099, #642, .T. ) ;
#2707 = SURFACE_STYLE_FILL_AREA ( #1525 ) ;
#2708 = VECTOR ( 'NONE', #330, 39.37007874015748143 ) ;
#2709 = ORIENTED_EDGE ( 'NONE', *, *, #2819, .T. ) ;
#2710 = DIRECTION ( 'NONE',  ( -1.000000000000000000, 2.710505431213800134E-15, 0.000000000000000000 ) ) ;
#2711 = CARTESIAN_POINT ( 'NONE',  ( -0.01259842519685019924, 0.1679133858267716495, -0.1460629921259842534 ) ) ;
#2712 = DIRECTION ( 'NONE',  ( 0.000000000000000000, 0.000000000000000000, -1.000000000000000000 ) ) ;
#2713 = VECTOR ( 'NONE', #1730, 39.37007874015748143 ) ;
#2714 = ORIENTED_EDGE ( 'NONE', *, *, #2343, .F. ) ;
#2715 = LINE ( 'NONE', #225, #1406 ) ;
#2716 = EDGE_CURVE ( 'NONE', #1504, #2646, #662, .T. ) ;
#2717 = ORIENTED_EDGE ( 'NONE', *, *, #128, .F. ) ;
#2718 = CARTESIAN_POINT ( 'NONE',  ( -0.01870078740157480462, -0.01847504480367546942, -0.1465995805602577640 ) ) ;
#2719 = VECTOR ( 'NONE', #1816, 39.37007874015748143 ) ;
#2720 = CARTESIAN_POINT ( 'NONE',  ( 0.000000000000000000, -0.08011811023622049388, 0.1519685039370078927 ) ) ;
#2721 = VECTOR ( 'NONE', #3036, 39.37007874015748143 ) ;
#2722 = EDGE_CURVE ( 'NONE', #568, #1504, #1170, .T. ) ;
#2723 = VECTOR ( 'NONE', #1220, 39.37007874015748143 ) ;
#2724 = DIRECTION ( 'NONE',  ( -0.000000000000000000, -0.000000000000000000, -1.000000000000000000 ) ) ;
#2725 = VECTOR ( 'NONE', #490, 39.37007874015748143 ) ;
#2726 = CARTESIAN_POINT ( 'NONE',  ( -0.1055118110236222539, 0.1427165354330709734, 0.000000000000000000 ) ) ;
#2727 = VECTOR ( 'NONE', #338, 39.37007874015748143 ) ;
#2728 = VERTEX_POINT ( 'NONE', #3024 ) ;
#2729 = SURFACE_STYLE_USAGE ( .BOTH. , #328 ) ;
#2730 = LINE ( 'NONE', #2257, #1551 ) ;
#2731 = ORIENTED_EDGE ( 'NONE', *, *, #798, .F. ) ;
#2732 = SURFACE_STYLE_FILL_AREA ( #2329 ) ;
#2733 = ORIENTED_EDGE ( 'NONE', *, *, #409, .T. ) ;
#2734 = CARTESIAN_POINT ( 'NONE',  ( 0.1938976377952755792, -0.1950787401574803348, 0.000000000000000000 ) ) ;
#2735 = DIRECTION ( 'NONE',  ( -1.000000000000000000, -8.805702923740139587E-17, 0.000000000000000000 ) ) ;
#2736 = CARTESIAN_POINT ( 'NONE',  ( 0.1307086614173226247, 0.1679133858267712609, -0.1460629921259842534 ) ) ;
#2737 = ORIENTED_EDGE ( 'NONE', *, *, #1484, .T. ) ;
#2738 = EDGE_CURVE ( 'NONE', #1929, #2197, #3057, .T. ) ;
#2739 = EDGE_CURVE ( 'NONE', #1741, #536, #2552, .T. ) ;
#2740 = FILL_AREA_STYLE ('',( #1773 ) ) ;
#2741 = LINE ( 'NONE', #2505, #2727 ) ;
#2742 = ORIENTED_EDGE ( 'NONE', *, *, #1563, .T. ) ;
#2743 = EDGE_CURVE ( 'NONE', #1469, #1242, #2589, .T. ) ;
#2744 = DIRECTION ( 'NONE',  ( -1.000000000000000000, 2.710505431213800134E-15, 0.000000000000000000 ) ) ;
#2745 = UNCERTAINTY_MEASURE_WITH_UNIT (LENGTH_MEASURE( 1.000000000000000082E-05 ), #1042, 'distance_accuracy_value', 'NONE');
#2746 = CARTESIAN_POINT ( 'NONE',  ( -0.1307086614173225414, 0.1679133858267715662, 0.000000000000000000 ) ) ;
#2747 = ORIENTED_EDGE ( 'NONE', *, *, #951, .T. ) ;
#2748 = ORIENTED_EDGE ( 'NONE', *, *, #3072, .T. ) ;
#2749 = CARTESIAN_POINT ( 'NONE',  ( 0.01870078740157483932, -0.009477993954222706588, -0.1465994232164456457 ) ) ;
#2750 = PLANE ( 'NONE',  #2428 ) ;
#2751 = LINE ( 'NONE', #1550, #649 ) ;
#2752 = EDGE_CURVE ( 'NONE', #2019, #393, #1390, .T. ) ;
#2753 = VERTEX_POINT ( 'NONE', #2838 ) ;
#2754 = CARTESIAN_POINT ( 'NONE',  ( 0.01870078740157484279, -0.0001727780079289760570, -0.1492114446300771835 ) ) ;
#2755 = CARTESIAN_POINT ( 'NONE',  ( 0.1055118110236224482, 0.1679133858267713719, -0.1460629921259842534 ) ) ;
#2756 = EDGE_CURVE ( 'NONE', #337, #1544, #1939, .T. ) ;
#2757 = EDGE_LOOP ( 'NONE', ( #2952, #1442, #2074, #361 ) ) ;
#2758 = VECTOR ( 'NONE', #379, 39.37007874015748143 ) ;
#2759 = CARTESIAN_POINT ( 'NONE',  ( 0.01870078740157409686, -0.02777997789748662058, -0.1492114446302254815 ) ) ;
#2760 = ORIENTED_EDGE ( 'NONE', *, *, #1423, .F. ) ;
#2761 = MECHANICAL_DESIGN_GEOMETRIC_PRESENTATION_REPRESENTATION (  '', ( #2366 ), #2813 ) ;
#2762 = CARTESIAN_POINT ( 'NONE',  ( 0.01870078740157483238, -0.0001727780079289493857, -0.1492114446300773223 ) ) ;
#2763 =( NAMED_UNIT ( * ) PLANE_ANGLE_UNIT ( ) SI_UNIT ( $, .RADIAN. ) );
#2764 = CARTESIAN_POINT ( 'NONE',  ( -0.05333842111682007142, -0.05334645670102227538, -0.1098425196725527769 ) ) ;
#2765 = AXIS2_PLACEMENT_3D ( 'NONE', #2195, #3144, #1439 ) ;
#2766 = VERTEX_POINT ( 'NONE', #2177 ) ;
#2767 = CARTESIAN_POINT ( 'NONE',  ( 0.1307086614173228467, -0.1005905511811023834, 0.06338582677165355284 ) ) ;
#2768 = MECHANICAL_DESIGN_GEOMETRIC_PRESENTATION_REPRESENTATION (  '', ( #1615 ), #1455 ) ;
#2769 = PRESENTATION_STYLE_ASSIGNMENT (( #325 ) ) ;
#2770 = VECTOR ( 'NONE', #2397, 39.37007874015748143 ) ;
#2771 = COLOUR_RGB ( '',0.6470588235294117974, 0.5176470588235293491, 0.000000000000000000 ) ;
#2772 = VERTEX_POINT ( 'NONE', #2911 ) ;
#2773 = CARTESIAN_POINT ( 'NONE',  ( 0.03169937242303719205, 0.001627935634646949853, -0.1464385887820117416 ) ) ;
#2774 = ADVANCED_FACE ( 'NONE', ( #1896 ), #2648, .T. ) ;
#2775 = CARTESIAN_POINT ( 'NONE',  ( -0.06594488188976378729, -0.1950787401574803348, 0.02381889763779523536 ) ) ;
#2776 = CIRCLE ( 'NONE', #3031, 0.02482976955541844541 ) ;
#2777 = VERTEX_POINT ( 'NONE', #2867 ) ;
#2778 = EDGE_CURVE ( 'NONE', #142, #901, #708, .T. ) ;
#2779 = FACE_OUTER_BOUND ( 'NONE', #793, .T. ) ;
#2780 = EDGE_CURVE ( 'NONE', #350, #2982, #992, .T. ) ;
#2781 = ORIENTED_EDGE ( 'NONE', *, *, #798, .T. ) ;
#2782 = CARTESIAN_POINT ( 'NONE',  ( -0.01870078740157480462, -0.01397637795275766953, -0.1448424406283370103 ) ) ;
#2783 = DIRECTION ( 'NONE',  ( 0.000000000000000000, 0.000000000000000000, 1.000000000000000000 ) ) ;
#2784 = DIRECTION ( 'NONE',  ( 0.000000000000000000, 0.000000000000000000, 1.000000000000000000 ) ) ;
#2785 = VERTEX_POINT ( 'NONE', #237 ) ;
#2786 = DIRECTION ( 'NONE',  ( 0.7071067811865469066, 0.000000000000000000, -0.7071067811865479058 ) ) ;
#2787 = CARTESIAN_POINT ( 'NONE',  ( -0.1938976377952755792, 0.1950787401574803348, 0.000000000000000000 ) ) ;
#2788 = DIRECTION ( 'NONE',  ( -0.000000000000000000, -0.000000000000000000, 1.000000000000000000 ) ) ;
#2789 = ORIENTED_EDGE ( 'NONE', *, *, #2240, .F. ) ;
#2790 = CARTESIAN_POINT ( 'NONE',  ( 0.01259842519685039526, -0.1005905511811023834, 0.08858267716535433989 ) ) ;
#2791 = EDGE_LOOP ( 'NONE', ( #114, #1641, #1356, #2614 ) ) ;
#2792 =( CONVERSION_BASED_UNIT ( 'INCH', #1823 ) LENGTH_UNIT ( ) NAMED_UNIT ( #517 ) );
#2793 = DIRECTION ( 'NONE',  ( -7.453889935837980246E-15, -1.000000000000000000, -0.000000000000000000 ) ) ;
#2794 = SURFACE_SIDE_STYLE ('',( #2613 ) ) ;
#2795 = ADVANCED_FACE ( 'NONE', ( #980 ), #520, .T. ) ;
#2796 = CARTESIAN_POINT ( 'NONE',  ( 0.000000000000000000, 0.06476377952755905942, 0.1017716535433070973 ) ) ;
#2797 = CARTESIAN_POINT ( 'NONE',  ( -0.05807086614173229133, 0.1271653543307086631, -0.02125984251968503908 ) ) ;
#2798 = ADVANCED_FACE ( 'NONE', ( #485 ), #1957, .T. ) ;
#2799 = ORIENTED_EDGE ( 'NONE', *, *, #309, .T. ) ;
#2800 = DIRECTION ( 'NONE',  ( -3.252606517456509851E-16, 0.000000000000000000, 1.000000000000000000 ) ) ;
#2801 = LINE ( 'NONE', #2076, #1297 ) ;
#2802 = DIRECTION ( 'NONE',  ( 0.000000000000000000, 0.000000000000000000, 1.000000000000000000 ) ) ;
#2803 = EDGE_LOOP ( 'NONE', ( #2737, #2822, #1167, #2816 ) ) ;
#2804 = FACE_OUTER_BOUND ( 'NONE', #1125, .T. ) ;
#2805 = ORIENTED_EDGE ( 'NONE', *, *, #2260, .F. ) ;
#2806 = LINE ( 'NONE', #2598, #2516 ) ;
#2807 = CARTESIAN_POINT ( 'NONE',  ( 0.06594488188976378729, -0.1950787401574803348, 0.04940944881889763191 ) ) ;
#2808 = ORIENTED_EDGE ( 'NONE', *, *, #109, .T. ) ;
#2809 = CARTESIAN_POINT ( 'NONE',  ( 0.01259842519685039526, 0.06476377952755905942, 0.06338582677165355284 ) ) ;
#2810 = VERTEX_POINT ( 'NONE', #775 ) ;
#2811 = CARTESIAN_POINT ( 'NONE',  ( -0.01476377952755906012, -0.01397637795275600073, -0.1350393700787402285 ) ) ;
#2812 = PRODUCT_RELATED_PRODUCT_CATEGORY ( 'part', '', ( #415 ) ) ;
#2813 =( GEOMETRIC_REPRESENTATION_CONTEXT ( 3 ) GLOBAL_UNCERTAINTY_ASSIGNED_CONTEXT ( ( #4 ) ) GLOBAL_UNIT_ASSIGNED_CONTEXT ( ( #946, #2590, #2339 ) ) REPRESENTATION_CONTEXT ( 'NONE', 'WORKASPACE' ) );
#2814 = DIRECTION ( 'NONE',  ( -0.000000000000000000, -1.000000000000000000, 0.000000000000000000 ) ) ;
#2815 = VECTOR ( 'NONE', #2249, 39.37007874015748143 ) ;
#2816 = ORIENTED_EDGE ( 'NONE', *, *, #618, .F. ) ;
#2817 = CARTESIAN_POINT ( 'NONE',  ( 0.1055118110236221013, 0.1427165354330710567, 0.000000000000000000 ) ) ;
#2818 = DIRECTION ( 'NONE',  ( -0.000000000000000000, -0.000000000000000000, 1.000000000000000000 ) ) ;
#2819 = EDGE_CURVE ( 'NONE', #2834, #1544, #2930, .T. ) ;
#2820 = ADVANCED_FACE ( 'NONE', ( #2660 ), #1214, .T. ) ;
#2821 = AXIS2_PLACEMENT_3D ( 'NONE', #2920, #2903, #1735 ) ;
#2822 = ORIENTED_EDGE ( 'NONE', *, *, #269, .F. ) ;
#2823 = AXIS2_PLACEMENT_3D ( 'NONE', #1471, #725, #1674 ) ;
#2824 = VECTOR ( 'NONE', #1077, 39.37007874015748143 ) ;
#2825 = CARTESIAN_POINT ( 'NONE',  ( -0.01259842519685019924, 0.1679133858267713442, -0.1460629921259842534 ) ) ;
#2826 = CIRCLE ( 'NONE', #2123, 0.02482976955541844541 ) ;
#2827 = VECTOR ( 'NONE', #1418, 39.37007874015748143 ) ;
#2828 = ORIENTED_EDGE ( 'NONE', *, *, #2304, .T. ) ;
#2829 = DIRECTION ( 'NONE',  ( 0.000000000000000000, 1.000000000000000000, 0.000000000000000000 ) ) ;
#2830 =( LENGTH_UNIT ( ) NAMED_UNIT ( * ) SI_UNIT ( $, .METRE. ) );
#2831 =( GEOMETRIC_REPRESENTATION_CONTEXT ( 3 ) GLOBAL_UNCERTAINTY_ASSIGNED_CONTEXT ( ( #2745 ) ) GLOBAL_UNIT_ASSIGNED_CONTEXT ( ( #1042, #2494, #2959 ) ) REPRESENTATION_CONTEXT ( 'NONE', 'WORKASPACE' ) );
#2832 = ORIENTED_EDGE ( 'NONE', *, *, #329, .F. ) ;
#2833 = VECTOR ( 'NONE', #2885, 39.37007874015748143 ) ;
#2834 = VERTEX_POINT ( 'NONE', #2694 ) ;
#2835 = DIRECTION ( 'NONE',  ( 8.673617379884020681E-16, 0.000000000000000000, -1.000000000000000000 ) ) ;
#2836 = LINE ( 'NONE', #1388, #2217 ) ;
#2837 = CARTESIAN_POINT ( 'NONE',  ( 0.02893700787401579100, -0.01397637795275590705, -0.1350393700787401730 ) ) ;
#2838 = CARTESIAN_POINT ( 'NONE',  ( -0.01870078740157480116, -0.05334645669291340070, -0.02125984251968500438 ) ) ;
#2839 = PRESENTATION_STYLE_ASSIGNMENT (( #2652 ) ) ;
#2840 = EDGE_CURVE ( 'NONE', #1199, #853, #90, .T. ) ;
#2841 = ADVANCED_FACE ( 'NONE', ( #3111 ), #786, .T. ) ;
#2842 = EDGE_LOOP ( 'NONE', ( #1832, #240, #2808, #1079 ) ) ;
#2843 = DIRECTION ( 'NONE',  ( 0.7071067811865469066, 0.000000000000000000, -0.7071067811865479058 ) ) ;
#2844 = DIRECTION ( 'NONE',  ( -0.000000000000000000, -0.000000000000000000, -1.000000000000000000 ) ) ;
#2845 = EDGE_CURVE ( 'NONE', #142, #73, #2005, .T. ) ;
#2846 = EDGE_LOOP ( 'NONE', ( #1235, #267, #3042, #301, #1513, #1149 ) ) ;
#2847 = LENGTH_MEASURE_WITH_UNIT ( LENGTH_MEASURE( 0.02539999999999999897 ), #2830 );
#2848 = VERTEX_POINT ( 'NONE', #832 ) ;
#2849 = ORIENTED_EDGE ( 'NONE', *, *, #1966, .F. ) ;
#2850 = DIMENSIONAL_EXPONENTS ( 1.000000000000000000, 0.000000000000000000, 0.000000000000000000, 0.000000000000000000, 0.000000000000000000, 0.000000000000000000, 0.000000000000000000 ) ;
#2851 = CARTESIAN_POINT ( 'NONE',  ( -0.1702755905511811052, 0.06476377952755904555, 0.1281496062992125984 ) ) ;
#2852 = CARTESIAN_POINT ( 'NONE',  ( -0.1307086614173228467, -0.1005905511811023834, 0.000000000000000000 ) ) ;
#2853 = LINE ( 'NONE', #143, #141 ) ;
#2854 = DIRECTION ( 'NONE',  ( 1.000000000000000000, 8.805702923740139587E-17, -0.000000000000000000 ) ) ;
#2855 = CARTESIAN_POINT ( 'NONE',  ( 0.01259842519685039526, 0.06476377952755905942, 0.08858267716535433989 ) ) ;
#2856 = ORIENTED_EDGE ( 'NONE', *, *, #2722, .F. ) ;
#2857 = FACE_OUTER_BOUND ( 'NONE', #2698, .T. ) ;
#2858 = CARTESIAN_POINT ( 'NONE',  ( 0.1307086614173228467, -0.1005905511811023834, 0.06338582677165355284 ) ) ;
#2859 = VERTEX_POINT ( 'NONE', #564 ) ;
#2860 = CARTESIAN_POINT ( 'NONE',  ( 0.000000000000000000, 0.1271653543307086631, 0.000000000000000000 ) ) ;
#2861 = EDGE_CURVE ( 'NONE', #828, #247, #1549, .T. ) ;
#2862 = LINE ( 'NONE', #733, #1186 ) ;
#2863 = ORIENTED_EDGE ( 'NONE', *, *, #2509, .F. ) ;
#2864 = DIRECTION ( 'NONE',  ( 1.000000000000000000, -2.032879073410350002E-15, 0.000000000000000000 ) ) ;
#2865 = AXIS2_PLACEMENT_3D ( 'NONE', #1273, #1534, #72 ) ;
#2866 = DIRECTION ( 'NONE',  ( -0.000000000000000000, -0.000000000000000000, 1.000000000000000000 ) ) ;
#2867 = CARTESIAN_POINT ( 'NONE',  ( -0.02657480314960629711, 0.06476377952755904555, 0.02381889763779523536 ) ) ;
#2868 = FACE_OUTER_BOUND ( 'NONE', #1021, .T. ) ;
#2869 = AXIS2_PLACEMENT_3D ( 'NONE', #3095, #436, #1601 ) ;
#2870 = ORIENTED_EDGE ( 'NONE', *, *, #1320, .T. ) ;
#2871 =( LENGTH_UNIT ( ) NAMED_UNIT ( * ) SI_UNIT ( $, .METRE. ) );
#2872 = DIRECTION ( 'NONE',  ( 0.000000000000000000, 0.000000000000000000, 1.000000000000000000 ) ) ;
#2873 = AXIS2_PLACEMENT_3D ( 'NONE', #1184, #2198, #493 ) ;
#2874 = VECTOR ( 'NONE', #2683, 39.37007874015748143 ) ;
#2875 = ORIENTED_EDGE ( 'NONE', *, *, #1336, .T. ) ;
#2876 = DIRECTION ( 'NONE',  ( 1.000000000000000000, 0.000000000000000000, -0.000000000000000000 ) ) ;
#2877 = STYLED_ITEM ( 'NONE', ( #275 ), #1437 ) ;
#2878 = CARTESIAN_POINT ( 'NONE',  ( 0.000000000000000000, -0.1950787401574803348, 0.1519685039370078927 ) ) ;
#2879 = ORIENTED_EDGE ( 'NONE', *, *, #2289, .T. ) ;
#2880 = EDGE_CURVE ( 'NONE', #1903, #2848, #2517, .T. ) ;
#2881 = VECTOR ( 'NONE', #555, 39.37007874015748143 ) ;
#2882 = EDGE_CURVE ( 'NONE', #553, #1199, #2573, .T. ) ;
#2883 =( CONVERSION_BASED_UNIT ( 'INCH', #1911 ) LENGTH_UNIT ( ) NAMED_UNIT ( #969 ) );
#2884 = PLANE ( 'NONE',  #82 ) ;
#2885 = DIRECTION ( 'NONE',  ( 1.000000000000000000, 0.000000000000000000, 3.252606517456509851E-16 ) ) ;
#2886 = PRESENTATION_STYLE_ASSIGNMENT (( #1411 ) ) ;
#2887 = ORIENTED_EDGE ( 'NONE', *, *, #3052, .T. ) ;
#2888 = DIRECTION ( 'NONE',  ( -1.000000000000000000, 0.000000000000000000, 0.000000000000000000 ) ) ;
#2889 = EDGE_LOOP ( 'NONE', ( #2863, #1023, #2870, #2223 ) ) ;
#2890 = DIRECTION ( 'NONE',  ( 4.336808689942010340E-16, 0.000000000000000000, -1.000000000000000000 ) ) ;
#2891 = DIRECTION ( 'NONE',  ( 0.000000000000000000, 0.000000000000000000, 1.000000000000000000 ) ) ;
#2892 = DIRECTION ( 'NONE',  ( 0.000000000000000000, 0.000000000000000000, 1.000000000000000000 ) ) ;
#2893 = ORIENTED_EDGE ( 'NONE', *, *, #876, .F. ) ;
#2894 = EDGE_CURVE ( 'NONE', #2258, #2966, #1974, .T. ) ;
#2895 = CYLINDRICAL_SURFACE ( 'NONE', #704, 0.05511811023622047861 ) ;
#2896 = CARTESIAN_POINT ( 'NONE',  ( 0.1055118110236224482, 0.1679133858267716495, -0.1460629921259842534 ) ) ;
#2897 = EDGE_CURVE ( 'NONE', #73, #1402, #1272, .T. ) ;
#2898 = CARTESIAN_POINT ( 'NONE',  ( -0.1055118110236220597, -0.1005905511811023834, 0.08858267716535433989 ) ) ;
#2899 = ORIENTED_EDGE ( 'NONE', *, *, #1997, .F. ) ;
#2900 = FACE_OUTER_BOUND ( 'NONE', #101, .T. ) ;
#2901 = DIRECTION ( 'NONE',  ( 0.000000000000000000, 1.000000000000000000, -0.000000000000000000 ) ) ;
#2902 = ORIENTED_EDGE ( 'NONE', *, *, #1927, .F. ) ;
#2903 = DIRECTION ( 'NONE',  ( 0.000000000000000000, 0.000000000000000000, -1.000000000000000000 ) ) ;
#2904 = DIRECTION ( 'NONE',  ( 0.000000000000000000, 0.000000000000000000, -1.000000000000000000 ) ) ;
#2905 = APPLICATION_CONTEXT ( 'automotive_design' ) ;
#2906 = CARTESIAN_POINT ( 'NONE',  ( -0.06594488188976378729, -0.1950787401574803348, 0.1281496062992125984 ) ) ;
#2907 = ORIENTED_EDGE ( 'NONE', *, *, #2882, .F. ) ;
#2908 = DIMENSIONAL_EXPONENTS ( 1.000000000000000000, 0.000000000000000000, 0.000000000000000000, 0.000000000000000000, 0.000000000000000000, 0.000000000000000000, 0.000000000000000000 ) ;
#2909 = DIRECTION ( 'NONE',  ( -1.000000000000000000, 0.000000000000000000, 0.000000000000000000 ) ) ;
#2910 = FACE_OUTER_BOUND ( 'NONE', #680, .T. ) ;
#2911 = CARTESIAN_POINT ( 'NONE',  ( -0.1307086614173228467, 0.06476377952755905942, 0.06338582677165355284 ) ) ;
#2912 = CARTESIAN_POINT ( 'NONE',  ( -0.1181102362204724532, 0.000000000000000000, -0.1460629921259842534 ) ) ;
#2913 = ORIENTED_EDGE ( 'NONE', *, *, #2739, .F. ) ;
#2914 = ADVANCED_FACE ( 'NONE', ( #1010 ), #2750, .T. ) ;
#2915 = ADVANCED_FACE ( 'NONE', ( #321 ), #577, .F. ) ;
#2916 = LINE ( 'NONE', #1701, #771 ) ;
#2917 = VECTOR ( 'NONE', #1281, 39.37007874015748143 ) ;
#2918 = ORIENTED_EDGE ( 'NONE', *, *, #2259, .T. ) ;
#2919 = VECTOR ( 'NONE', #2970, 39.37007874015748143 ) ;
#2920 = CARTESIAN_POINT ( 'NONE',  ( -0.01476377952755906012, -0.01397637795275600073, -0.1350393700787402285 ) ) ;
#2921 = DIRECTION ( 'NONE',  ( 1.000000000000000000, 0.000000000000000000, -0.000000000000000000 ) ) ;
#2922 = DIRECTION ( 'NONE',  ( -0.7071067811865469066, -0.000000000000000000, 0.7071067811865479058 ) ) ;
#2923 = MECHANICAL_DESIGN_GEOMETRIC_PRESENTATION_REPRESENTATION (  '', ( #1503 ), #1044 ) ;
#2924 = ORIENTED_EDGE ( 'NONE', *, *, #2716, .F. ) ;
#2925 = AXIS2_PLACEMENT_3D ( 'NONE', #1338, #177, #1108 ) ;
#2926 = DIRECTION ( 'NONE',  ( -8.673617379884020681E-16, -0.000000000000000000, 1.000000000000000000 ) ) ;
#2927 = VECTOR ( 'NONE', #2703, 39.37007874015748143 ) ;
#2928 = LINE ( 'NONE', #774, #2713 ) ;
#2929 = VECTOR ( 'NONE', #791, 39.37007874015748143 ) ;
#2930 = LINE ( 'NONE', #2410, #2118 ) ;
#2931 = VECTOR ( 'NONE', #3145, 39.37007874015748143 ) ;
#2932 = EDGE_LOOP ( 'NONE', ( #947, #2234, #1270, #988 ) ) ;
#2933 = DIRECTION ( 'NONE',  ( 1.000000000000000000, 0.000000000000000000, -0.000000000000000000 ) ) ;
#2934 = CARTESIAN_POINT ( 'NONE',  ( -0.1055118110236220597, 0.06476377952755905942, 0.06338582677165355284 ) ) ;
#2935 = EDGE_CURVE ( 'NONE', #2055, #2148, #1288, .T. ) ;
#2936 = EDGE_CURVE ( 'NONE', #2986, #585, #2024, .T. ) ;
#2937 = ORIENTED_EDGE ( 'NONE', *, *, #329, .T. ) ;
#2938 = CARTESIAN_POINT ( 'NONE',  ( 0.03291860758575437113, 0.002962325488109431807, -0.1443838085985952313 ) ) ;
#2939 = LINE ( 'NONE', #2775, #610 ) ;
#2940 = ADVANCED_FACE ( 'NONE', ( #2287 ), #1239, .T. ) ;
#2941 = CARTESIAN_POINT ( 'NONE',  ( -0.01259842519685039526, -0.1005905511811023834, 0.06338582677165355284 ) ) ;
#2942 = ORIENTED_EDGE ( 'NONE', *, *, #763, .F. ) ;
#2943 = CARTESIAN_POINT ( 'NONE',  ( -0.05807086614173229133, -0.1271653543307086631, 0.000000000000000000 ) ) ;
#2944 = CARTESIAN_POINT ( 'NONE',  ( 0.06594488188976381504, -0.1950787401574803070, 0.04940944881889763191 ) ) ;
#2945 = SURFACE_SIDE_STYLE ('',( #847 ) ) ;
#2946 = DIRECTION ( 'NONE',  ( -1.000000000000000000, 0.000000000000000000, 0.000000000000000000 ) ) ;
#2947 = FACE_OUTER_BOUND ( 'NONE', #2803, .T. ) ;
#2948 = SURFACE_SIDE_STYLE ('',( #2209 ) ) ;
#2949 = ORIENTED_EDGE ( 'NONE', *, *, #1605, .T. ) ;
#2950 = CARTESIAN_POINT ( 'NONE',  ( 0.03280541612187338335, -0.05334645669291339376, -0.1098425196850393720 ) ) ;
#2951 = DIRECTION ( 'NONE',  ( -1.000000000000000000, 2.671783925053563935E-15, 0.000000000000000000 ) ) ;
#2952 = ORIENTED_EDGE ( 'NONE', *, *, #530, .T. ) ;
#2953 = EDGE_CURVE ( 'NONE', #1413, #585, #623, .T. ) ;
#2954 = DIRECTION ( 'NONE',  ( 1.000000000000000000, 0.000000000000000000, -0.000000000000000000 ) ) ;
#2955 = VERTEX_POINT ( 'NONE', #2051 ) ;
#2956 = CARTESIAN_POINT ( 'NONE',  ( -0.01870078740157480462, -0.01632048192873128412, -0.1454470615959302104 ) ) ;
#2957 = ORIENTED_EDGE ( 'NONE', *, *, #3138, .T. ) ;
#2958 = FACE_OUTER_BOUND ( 'NONE', #1539, .T. ) ;
#2959 =( NAMED_UNIT ( * ) SI_UNIT ( $, .STERADIAN. ) SOLID_ANGLE_UNIT ( ) );
#2960 = VECTOR ( 'NONE', #1907, 39.37007874015748143 ) ;
#2961 = VERTEX_POINT ( 'NONE', #2125 ) ;
#2962 = SURFACE_STYLE_FILL_AREA ( #1509 ) ;
#2963 = PRESENTATION_LAYER_ASSIGNMENT (  '', '', ( #2366 ) ) ;
#2964 = LINE ( 'NONE', #2213, #2917 ) ;
#2965 = VECTOR ( 'NONE', #2070, 39.37007874015748143 ) ;
#2966 = VERTEX_POINT ( 'NONE', #2299 ) ;
#2967 = LINE ( 'NONE', #1083, #512 ) ;
#2968 = COLOUR_RGB ( '',0.6470588235294117974, 0.5176470588235293491, 0.000000000000000000 ) ;
#2969 = ORIENTED_EDGE ( 'NONE', *, *, #1775, .F. ) ;
#2970 = DIRECTION ( 'NONE',  ( -0.000000000000000000, -0.000000000000000000, -1.000000000000000000 ) ) ;
#2971 = EDGE_CURVE ( 'NONE', #1628, #687, #1813, .T. ) ;
#2972 = COLOUR_RGB ( '',0.6470588235294117974, 0.5176470588235293491, 0.000000000000000000 ) ;
#2973 =( GEOMETRIC_REPRESENTATION_CONTEXT ( 3 ) GLOBAL_UNCERTAINTY_ASSIGNED_CONTEXT ( ( #2276 ) ) GLOBAL_UNIT_ASSIGNED_CONTEXT ( ( #1179, #1700, #1457 ) ) REPRESENTATION_CONTEXT ( 'NONE', 'WORKASPACE' ) );
#2974 =( LENGTH_UNIT ( ) NAMED_UNIT ( * ) SI_UNIT ( $, .METRE. ) );
#2975 = AXIS2_PLACEMENT_3D ( 'NONE', #396, #1116, #1097 ) ;
#2976 = DIRECTION ( 'NONE',  ( 0.000000000000000000, 0.000000000000000000, 1.000000000000000000 ) ) ;
#2977 = EDGE_LOOP ( 'NONE', ( #508, #561, #1084, #2701 ) ) ;
#2978 = AXIS2_PLACEMENT_3D ( 'NONE', #1853, #218, #2080 ) ;
#2979 = FACE_OUTER_BOUND ( 'NONE', #3075, .T. ) ;
#2980 = CARTESIAN_POINT ( 'NONE',  ( 0.01259842519685022179, 0.1679133858267712609, -0.1460629921259842534 ) ) ;
#2981 = VECTOR ( 'NONE', #627, 39.37007874015748143 ) ;
#2982 = VERTEX_POINT ( 'NONE', #1355 ) ;
#2983 = DIRECTION ( 'NONE',  ( 1.000000000000000000, -2.032879073410350002E-15, 0.000000000000000000 ) ) ;
#2984 = EDGE_LOOP ( 'NONE', ( #873, #1598, #1361, #2592, #1844, #2048, #849, #89, #2402, #1216 ) ) ;
#2985 = CARTESIAN_POINT ( 'NONE',  ( -0.03291860758725419916, -0.03091508139453368748, -0.1443838085971901608 ) ) ;
#2986 = VERTEX_POINT ( 'NONE', #159 ) ;
#2987 = CARTESIAN_POINT ( 'NONE',  ( 0.1702755905511811052, -0.1950787401574803070, 0.1519685039370078927 ) ) ;
#2988 = DIRECTION ( 'NONE',  ( -0.000000000000000000, 1.000000000000000000, 0.000000000000000000 ) ) ;
#2989 = EDGE_CURVE ( 'NONE', #2728, #350, #676, .T. ) ;
#2990 = CARTESIAN_POINT ( 'NONE',  ( 0.05216535433070866590, -0.1950787401574803348, 0.1017716535433070973 ) ) ;
#2991 = ORIENTED_EDGE ( 'NONE', *, *, #819, .F. ) ;
#2992 = LENGTH_MEASURE_WITH_UNIT ( LENGTH_MEASURE( 0.02539999999999999897 ), #1292 );
#2993 = FACE_OUTER_BOUND ( 'NONE', #404, .T. ) ;
#2994 = EDGE_CURVE ( 'NONE', #2955, #1199, #435, .T. ) ;
#2995 = ORIENTED_EDGE ( 'NONE', *, *, #2756, .T. ) ;
#2996 = FACE_OUTER_BOUND ( 'NONE', #277, .T. ) ;
#2997 = UNCERTAINTY_MEASURE_WITH_UNIT (LENGTH_MEASURE( 1.000000000000000082E-05 ), #183, 'distance_accuracy_value', 'NONE');
#2998 = PLANE ( 'NONE',  #816 ) ;
#2999 = VERTEX_POINT ( 'NONE', #2851 ) ;
#3000 = CARTESIAN_POINT ( 'NONE',  ( -0.1055118110236220597, 0.06476377952755905942, 0.08858267716535433989 ) ) ;
#3001 = EDGE_LOOP ( 'NONE', ( #1335, #51, #2465, #1016 ) ) ;
#3002 = CARTESIAN_POINT ( 'NONE',  ( 0.1055118110236220597, 0.06476377952755905942, 0.06338582677165355284 ) ) ;
#3003 =( CONVERSION_BASED_UNIT ( 'INCH', #1057 ) LENGTH_UNIT ( ) NAMED_UNIT ( #2850 ) );
#3004 = LINE ( 'NONE', #848, #1446 ) ;
#3005 = ORIENTED_EDGE ( 'NONE', *, *, #1134, .T. ) ;
#3006 = LINE ( 'NONE', #1013, #2522 ) ;
#3007 = DIRECTION ( 'NONE',  ( 1.000000000000000000, -0.000000000000000000, 0.000000000000000000 ) ) ;
#3008 = EDGE_CURVE ( 'NONE', #2357, #73, #1583, .T. ) ;
#3009 = EDGE_CURVE ( 'NONE', #1815, #1447, #2826, .T. ) ;
#3010 = ORIENTED_EDGE ( 'NONE', *, *, #978, .F. ) ;
#3011 = LINE ( 'NONE', #2790, #463 ) ;
#3012 = VERTEX_POINT ( 'NONE', #370 ) ;
#3013 = SURFACE_STYLE_USAGE ( .BOTH. , #155 ) ;
#3014 = VERTEX_POINT ( 'NONE', #381 ) ;
#3015 = AXIS2_PLACEMENT_3D ( 'NONE', #140, #1105, #879 ) ;
#3016 = CARTESIAN_POINT ( 'NONE',  ( -0.01870078740157479769, -0.01519654560194576634, -0.1448424406283397581 ) ) ;
#3017 = VECTOR ( 'NONE', #909, 39.37007874015748143 ) ;
#3018 = CARTESIAN_POINT ( 'NONE',  ( -0.01476377952755905665, -0.01397637795275590705, -0.1443838085968875140 ) ) ;
#3019 = CARTESIAN_POINT ( 'NONE',  ( -0.01870078740157480462, 0.02539370078740158312, -0.02125984251968496275 ) ) ;
#3020 = VECTOR ( 'NONE', #458, 39.37007874015748143 ) ;
#3021 = VERTEX_POINT ( 'NONE', #139 ) ;
#3022 = DIRECTION ( 'NONE',  ( -0.000000000000000000, -0.000000000000000000, -1.000000000000000000 ) ) ;
#3023 = TOROIDAL_SURFACE ( 'NONE', #1715, 0.01417322834645687486, 0.01417322834645670833 ) ;
#3024 = CARTESIAN_POINT ( 'NONE',  ( 0.01870078740157484279, -0.1271653543307086631, 0.000000000000000000 ) ) ;
#3025 = AXIS2_PLACEMENT_3D ( 'NONE', #641, #1337, #3039 ) ;
#3026 = FACE_OUTER_BOUND ( 'NONE', #1218, .T. ) ;
#3027 = VECTOR ( 'NONE', #1724, 39.37007874015748143 ) ;
#3028 = VERTEX_POINT ( 'NONE', #2335 ) ;
#3029 = CARTESIAN_POINT ( 'NONE',  ( -0.1307086614173227912, 0.1427165354330710567, 0.000000000000000000 ) ) ;
#3030 = EDGE_CURVE ( 'NONE', #298, #1788, #1599, .T. ) ;
#3031 = AXIS2_PLACEMENT_3D ( 'NONE', #2356, #668, #180 ) ;
#3032 = VERTEX_POINT ( 'NONE', #3069 ) ;
#3033 = PLANE ( 'NONE',  #2975 ) ;
#3034 = ADVANCED_FACE ( 'NONE', ( #1103 ), #1150, .T. ) ;
#3035 = ORIENTED_EDGE ( 'NONE', *, *, #168, .F. ) ;
#3036 = DIRECTION ( 'NONE',  ( -1.000000000000000000, -0.000000000000000000, 0.000000000000000000 ) ) ;
#3037 = CARTESIAN_POINT ( 'NONE',  ( 0.01870078740157484279, 0.02539370078740158312, -0.02125984251968498009 ) ) ;
#3038 = EDGE_LOOP ( 'NONE', ( #418, #765, #1931, #1819, #1924, #534 ) ) ;
#3039 = DIRECTION ( 'NONE',  ( -7.453889935837970779E-15, -1.000000000000000000, 0.000000000000000000 ) ) ;
#3040 =( NAMED_UNIT ( * ) PLANE_ANGLE_UNIT ( ) SI_UNIT ( $, .RADIAN. ) );
#3041 = FACE_OUTER_BOUND ( 'NONE', #411, .T. ) ;
#3042 = ORIENTED_EDGE ( 'NONE', *, *, #2509, .T. ) ;
#3043 = LINE ( 'NONE', #2576, #806 ) ;
#3044 = CARTESIAN_POINT ( 'NONE',  ( -0.1307086614173228467, -0.1005905511811023834, 0.06338582677165355284 ) ) ;
#3045 = ORIENTED_EDGE ( 'NONE', *, *, #918, .F. ) ;
#3046 = ADVANCED_FACE ( 'NONE', ( #1637 ), #3023, .T. ) ;
#3047 = CARTESIAN_POINT ( 'NONE',  ( 0.03291860758552122429, -0.03091508139336603123, -0.1443838085989881670 ) ) ;
#3048 = DIRECTION ( 'NONE',  ( 0.000000000000000000, -1.000000000000000000, 0.000000000000000000 ) ) ;
#3049 = CARTESIAN_POINT ( 'NONE',  ( 0.02138860264254314331, 0.009953293478168733985, -0.1443838085988509157 ) ) ;
#3050 = CARTESIAN_POINT ( 'NONE',  ( 0.02473378889424738755, -0.01397637795275591226, -0.1512698035905136185 ) ) ;
#3051 = EDGE_LOOP ( 'NONE', ( #625, #730, #821, #1479 ) ) ;
#3052 = EDGE_CURVE ( 'NONE', #648, #1791, #2102, .T. ) ;
#3053 = CARTESIAN_POINT ( 'NONE',  ( -0.05216535433070866590, -0.1950787401574803348, 0.1281496062992125984 ) ) ;
#3054 = FACE_OUTER_BOUND ( 'NONE', #2622, .T. ) ;
#3055 = VERTEX_POINT ( 'NONE', #878 ) ;
#3056 = DIRECTION ( 'NONE',  ( 0.000000000000000000, 1.000000000000000000, 0.000000000000000000 ) ) ;
#3057 = LINE ( 'NONE', #899, #2981 ) ;
#3058 = DIRECTION ( 'NONE',  ( -7.453889935837970779E-15, -1.000000000000000000, 0.000000000000000000 ) ) ;
#3059 = ORIENTED_EDGE ( 'NONE', *, *, #3096, .F. ) ;
#3060 = CARTESIAN_POINT ( 'NONE',  ( -0.02141067422857321004, -0.02778618667233907769, -0.1492018839553620191 ) ) ;
#3061 = FACE_OUTER_BOUND ( 'NONE', #1708, .T. ) ;
#3062 = ORIENTED_EDGE ( 'NONE', *, *, #46, .T. ) ;
#3063 = FACE_OUTER_BOUND ( 'NONE', #572, .T. ) ;
#3064 = SURFACE_STYLE_USAGE ( .BOTH. , #232 ) ;
#3065 = ORIENTED_EDGE ( 'NONE', *, *, #1151, .F. ) ;
#3066 = CARTESIAN_POINT ( 'NONE',  ( 0.02755905511811023584, -0.08011811023622049388, 0.2098425196850393915 ) ) ;
#3067 = VECTOR ( 'NONE', #1706, 39.37007874015748143 ) ;
#3068 = ORIENTED_EDGE ( 'NONE', *, *, #342, .F. ) ;
#3069 = CARTESIAN_POINT ( 'NONE',  ( -0.05333842114619176400, 0.02539370078740158312, -0.09015748031496062520 ) ) ;
#3070 =( GEOMETRIC_REPRESENTATION_CONTEXT ( 3 ) GLOBAL_UNCERTAINTY_ASSIGNED_CONTEXT ( ( #2670 ) ) GLOBAL_UNIT_ASSIGNED_CONTEXT ( ( #2159, #691, #1168 ) ) REPRESENTATION_CONTEXT ( 'NONE', 'WORKASPACE' ) );
#3071 = ADVANCED_FACE ( 'NONE', ( #1620 ), #401, .T. ) ;
#3072 = EDGE_CURVE ( 'NONE', #2859, #2156, #1841, .T. ) ;
#3073 = CARTESIAN_POINT ( 'NONE',  ( -0.1307086614173228467, -0.1005905511811023834, 0.06338582677165355284 ) ) ;
#3074 = AXIS2_PLACEMENT_3D ( 'NONE', #1404, #224, #1828 ) ;
#3075 = EDGE_LOOP ( 'NONE', ( #3005, #2667, #1492, #2969 ) ) ;
#3076 = LINE ( 'NONE', #1882, #507 ) ;
#3077 = CARTESIAN_POINT ( 'NONE',  ( -0.1181102362204724532, -0.1005905511811023834, 0.08858267716535433989 ) ) ;
#3078 = EDGE_CURVE ( 'NONE', #307, #2691, #2362, .T. ) ;
#3079 = MECHANICAL_DESIGN_GEOMETRIC_PRESENTATION_REPRESENTATION (  '', ( #138 ), #1612 ) ;
#3080 = SURFACE_SIDE_STYLE ('',( #3125 ) ) ;
#3081 = VERTEX_POINT ( 'NONE', #912 ) ;
#3082 = VECTOR ( 'NONE', #2818, 39.37007874015748143 ) ;
#3083 = COLOUR_RGB ( '',0.6470588235294117974, 0.5176470588235293491, 0.000000000000000000 ) ;
#3084 =( NAMED_UNIT ( * ) PLANE_ANGLE_UNIT ( ) SI_UNIT ( $, .RADIAN. ) );
#3085 = LINE ( 'NONE', #1901, #613 ) ;
#3086 = AXIS2_PLACEMENT_3D ( 'NONE', #1145, #2083, #2876 ) ;
#3087 = VERTEX_POINT ( 'NONE', #1865 ) ;
#3088 = DIRECTION ( 'NONE',  ( 7.453889935837980246E-15, 1.000000000000000000, 0.000000000000000000 ) ) ;
#3089 = CARTESIAN_POINT ( 'NONE',  ( -0.02931494764579448131, 0.0007192249795108075034, -0.1478378804821009196 ) ) ;
#3090 = VECTOR ( 'NONE', #1363, 39.37007874015748143 ) ;
#3091 = CARTESIAN_POINT ( 'NONE',  ( 0.1938976377952755792, -0.1950787401574803070, 0.1519685039370078927 ) ) ;
#3092 = COLOUR_RGB ( '',0.6470588235294117974, 0.5176470588235293491, 0.000000000000000000 ) ;
#3093 = VERTEX_POINT ( 'NONE', #928 ) ;
#3094 = CARTESIAN_POINT ( 'NONE',  ( -0.1702755905511810219, -0.1950787401574803348, 0.04940944881889763884 ) ) ;
#3095 = CARTESIAN_POINT ( 'NONE',  ( -0.01476377952755905665, -0.01397637795275590705, -0.1350393700787401730 ) ) ;
#3096 = EDGE_CURVE ( 'NONE', #357, #1879, #1880, .T. ) ;
#3097 = CARTESIAN_POINT ( 'NONE',  ( 0.1307086614173226247, 0.1427165354330709734, 0.000000000000000000 ) ) ;
#3098 = DIRECTION ( 'NONE',  ( -8.752388879802260299E-17, 1.000000000000000000, 0.000000000000000000 ) ) ;
#3099 = DIRECTION ( 'NONE',  ( 0.000000000000000000, 0.000000000000000000, -1.000000000000000000 ) ) ;
#3100 = ORIENTED_EDGE ( 'NONE', *, *, #1117, .T. ) ;
#3101 = EDGE_CURVE ( 'NONE', #2156, #2355, #1937, .T. ) ;
#3102 =( NAMED_UNIT ( * ) SI_UNIT ( $, .STERADIAN. ) SOLID_ANGLE_UNIT ( ) );
#3103 = CARTESIAN_POINT ( 'NONE',  ( 0.1938976377952755514, 0.1950787401574803348, 0.1519685039370078927 ) ) ;
#3104 = ORIENTED_EDGE ( 'NONE', *, *, #2780, .F. ) ;
#3105 = FACE_OUTER_BOUND ( 'NONE', #161, .T. ) ;
#3106 = LINE ( 'NONE', #1510, #2881 ) ;
#3107 = DIRECTION ( 'NONE',  ( 1.000000000000000000, 0.000000000000000000, -0.000000000000000000 ) ) ;
#3108 = LINE ( 'NONE', #1635, #1192 ) ;
#3109 = ORIENTED_EDGE ( 'NONE', *, *, #2164, .T. ) ;
#3110 = FACE_OUTER_BOUND ( 'NONE', #2889, .T. ) ;
#3111 = FACE_OUTER_BOUND ( 'NONE', #1702, .T. ) ;
#3112 =( CONVERSION_BASED_UNIT ( 'INCH', #2146 ) LENGTH_UNIT ( ) NAMED_UNIT ( #1204 ) );
#3113 = ORIENTED_EDGE ( 'NONE', *, *, #3009, .F. ) ;
#3114 = LINE ( 'NONE', #2400, #2371 ) ;
#3115 = CARTESIAN_POINT ( 'NONE',  ( -0.01259842519685024781, 0.1679133858267715662, 0.000000000000000000 ) ) ;
#3116 = EDGE_CURVE ( 'NONE', #2215, #3087, #2394, .T. ) ;
#3117 = DIMENSIONAL_EXPONENTS ( 1.000000000000000000, 0.000000000000000000, 0.000000000000000000, 0.000000000000000000, 0.000000000000000000, 0.000000000000000000, 0.000000000000000000 ) ;
#3118 = ORIENTED_EDGE ( 'NONE', *, *, #1600, .T. ) ;
#3119 = CARTESIAN_POINT ( 'NONE',  ( 0.1307086614173224581, 0.1427165354330711400, -0.1460629921259842534 ) ) ;
#3120 = DIRECTION ( 'NONE',  ( 1.000000000000000000, 0.000000000000000000, 0.000000000000000000 ) ) ;
#3121 = ORIENTED_EDGE ( 'NONE', *, *, #1983, .F. ) ;
#3122 = SURFACE_SIDE_STYLE ('',( #639 ) ) ;
#3123 = AXIS2_PLACEMENT_3D ( 'NONE', #1519, #2784, #1334 ) ;
#3124 = DIRECTION ( 'NONE',  ( 0.000000000000000000, 0.000000000000000000, -1.000000000000000000 ) ) ;
#3125 = SURFACE_STYLE_FILL_AREA ( #424 ) ;
#3126 = VECTOR ( 'NONE', #380, 39.37007874015748143 ) ;
#3127 = ORIENTED_EDGE ( 'NONE', *, *, #484, .F. ) ;
#3128 = DIRECTION ( 'NONE',  ( 0.000000000000000000, -1.000000000000000000, 0.000000000000000000 ) ) ;
#3129 = AXIS2_PLACEMENT_3D ( 'NONE', #974, #294, #2890 ) ;
#3130 = VECTOR ( 'NONE', #692, 39.37007874015748143 ) ;
#3131 = ORIENTED_EDGE ( 'NONE', *, *, #1627, .F. ) ;
#3132 = CARTESIAN_POINT ( 'NONE',  ( -0.1307086614173224581, 0.1679133858267716495, -0.1460629921259842534 ) ) ;
#3133 = EDGE_CURVE ( 'NONE', #447, #521, #1200, .T. ) ;
#3134 = LINE ( 'NONE', #986, #2068 ) ;
#3135 = AXIS2_PLACEMENT_3D ( 'NONE', #1330, #2308, #1545 ) ;
#3136 = PLANE ( 'NONE',  #904 ) ;
#3137 = ORIENTED_EDGE ( 'NONE', *, *, #473, .F. ) ;
#3138 = EDGE_CURVE ( 'NONE', #3087, #1056, #750, .T. ) ;
#3139 = APPLICATION_PROTOCOL_DEFINITION ( 'draft international standard', 'automotive_design', 1998, #2905 ) ;
#3140 = VECTOR ( 'NONE', #126, 39.37007874015748143 ) ;
#3141 = PLANE ( 'NONE',  #2314 ) ;
#3142 = FACE_BOUND ( 'NONE', #2140, .T. ) ;
#3143 = ORIENTED_EDGE ( 'NONE', *, *, #698, .F. ) ;
#3144 = DIRECTION ( 'NONE',  ( -0.000000000000000000, -0.000000000000000000, -1.000000000000000000 ) ) ;
#3145 = DIRECTION ( 'NONE',  ( 1.000000000000000000, -0.000000000000000000, 0.000000000000000000 ) ) ;
ENDSEC;
END-ISO-10303-21;
