ISO-10303-21;
HEADER;
FILE_DESCRIPTION(('FreeCAD Model'),'2;1');
FILE_NAME('/var/www/3D/0T/17510971.3.1.stp','2025-11-20T02:53:55',(
    'Author'),(''),'Open CASCADE STEP processor 6.9','FreeCAD','Unknown'
  );
FILE_SCHEMA(('AUTOMOTIVE_DESIGN { 1 0 10303 214 1 1 1 1 }'));
ENDSEC;
DATA;
#1 = APPLICATION_PROTOCOL_DEFINITION('international standard',
  'automotive_design',2000,#2);
#2 = APPLICATION_CONTEXT(
  'core data for automotive mechanical design processes');
#3 = SHAPE_DEFINITION_REPRESENTATION(#4,#10);
#4 = PRODUCT_DEFINITION_SHAPE('','',#5);
#5 = PRODUCT_DEFINITION('design','',#6,#9);
#6 = PRODUCT_DEFINITION_FORMATION('','',#7);
#7 = PRODUCT('ASSEMBLY','ASSEMBLY','',(#8));
#8 = PRODUCT_CONTEXT('',#2,'mechanical');
#9 = PRODUCT_DEFINITION_CONTEXT('part definition',#2,'design');
#10 = SHAPE_REPRESENTATION('',(#11,#15,#19,#23,#27,#31,#35,#39,#43,#47,
    #51,#55,#59,#63,#67,#71,#75,#79,#83,#87,#91,#95,#99,#103,#107,#111,
    #115,#119,#123,#127,#131,#135,#139,#143,#147,#151,#155,#159,#163,
    #167,#171,#175,#179,#183,#187,#191,#195,#199,#203,#207,#211,#215,
    #219,#223,#227,#231,#235,#239,#243,#247,#251,#255,#259,#263,#267,
    #271,#275,#279,#283,#287,#291,#295,#299,#303,#307,#311,#315,#319,
    #323,#327,#331,#335,#339,#343,#347,#351,#355,#359,#363,#367,#371,
    #375,#379,#383,#387,#391,#395,#399,#403,#407,#411,#415,#419,#423,
    #427,#431,#435,#439,#443,#447,#451,#455,#459,#463,#467,#471,#475,
    #479,#483,#487,#491,#495,#499,#503,#507,#511,#515,#519,#523,#527,
    #531,#535,#539,#543,#547,#551,#555,#559,#563,#567,#571,#575,#579,
    #583,#587,#591,#595,#599,#603,#607,#611,#615,#619,#623,#627,#631,
    #635,#639,#643,#647,#651,#655,#659,#663,#667,#671,#675,#679,#683,
    #687,#691,#695,#699,#703,#707,#711,#715,#719,#723,#727,#731,#735,
    #739,#743,#747,#751,#755,#759,#763,#767,#771,#775,#779,#783,#787,
    #791,#795,#799,#803,#807,#811,#815,#819,#823,#827,#831,#835,#839,
    #843,#847,#851,#855,#859,#863,#867,#871,#875,#879,#883,#887,#891,
    #895,#899,#903,#907,#911,#915,#919,#923,#927,#931,#935,#939,#943,
    #947,#951,#955,#959,#963,#967,#971,#975,#979,#983,#987,#991,#995,
    #999,#1003,#1007,#1011,#1015,#1019,#1023,#1027,#1031,#1035,#1039,
    #1043,#1047,#1051,#1055,#1059,#1063,#1067,#1071,#1075,#1079,#1083,
    #1087,#1091,#1095,#1099,#1103,#1107,#1111,#1115,#1119,#1123,#1127,
    #1131,#1135,#1139,#1143,#1147,#1151,#1155,#1159,#1163,#1167,#1171,
    #1175,#1179,#1183,#1187,#1191,#1195,#1199,#1203,#1207,#1211,#1215,
    #1219,#1223,#1227,#1231,#1235,#1239,#1243,#1247,#1251,#1255,#1259,
    #1263,#1267,#1271,#1275,#1279,#1283,#1287,#1291,#1295),#1299);
#11 = AXIS2_PLACEMENT_3D('',#12,#13,#14);
#12 = CARTESIAN_POINT('',(0.,0.,0.));
#13 = DIRECTION('',(0.,0.,1.));
#14 = DIRECTION('',(1.,0.,-0.));
#15 = AXIS2_PLACEMENT_3D('',#16,#17,#18);
#16 = CARTESIAN_POINT('',(-5.,5.,0.15));
#17 = DIRECTION('',(0.,0.,1.));
#18 = DIRECTION('',(1.,0.,0.));
#19 = AXIS2_PLACEMENT_3D('',#20,#21,#22);
#20 = CARTESIAN_POINT('',(-4.5,5.,0.15));
#21 = DIRECTION('',(0.,0.,1.));
#22 = DIRECTION('',(1.,0.,0.));
#23 = AXIS2_PLACEMENT_3D('',#24,#25,#26);
#24 = CARTESIAN_POINT('',(-4.,5.,0.15));
#25 = DIRECTION('',(0.,0.,1.));
#26 = DIRECTION('',(1.,0.,0.));
#27 = AXIS2_PLACEMENT_3D('',#28,#29,#30);
#28 = CARTESIAN_POINT('',(-3.5,5.,0.15));
#29 = DIRECTION('',(0.,0.,1.));
#30 = DIRECTION('',(1.,0.,0.));
#31 = AXIS2_PLACEMENT_3D('',#32,#33,#34);
#32 = CARTESIAN_POINT('',(-2.5,5.,0.15));
#33 = DIRECTION('',(0.,0.,1.));
#34 = DIRECTION('',(1.,0.,0.));
#35 = AXIS2_PLACEMENT_3D('',#36,#37,#38);
#36 = CARTESIAN_POINT('',(-2.,5.,0.15));
#37 = DIRECTION('',(0.,0.,1.));
#38 = DIRECTION('',(1.,0.,0.));
#39 = AXIS2_PLACEMENT_3D('',#40,#41,#42);
#40 = CARTESIAN_POINT('',(-1.,5.,0.15));
#41 = DIRECTION('',(0.,0.,1.));
#42 = DIRECTION('',(1.,0.,0.));
#43 = AXIS2_PLACEMENT_3D('',#44,#45,#46);
#44 = CARTESIAN_POINT('',(-0.5,5.,0.15));
#45 = DIRECTION('',(0.,0.,1.));
#46 = DIRECTION('',(1.,0.,0.));
#47 = AXIS2_PLACEMENT_3D('',#48,#49,#50);
#48 = CARTESIAN_POINT('',(0.5,5.,0.15));
#49 = DIRECTION('',(0.,0.,1.));
#50 = DIRECTION('',(1.,0.,0.));
#51 = AXIS2_PLACEMENT_3D('',#52,#53,#54);
#52 = CARTESIAN_POINT('',(1.,5.,0.15));
#53 = DIRECTION('',(0.,0.,1.));
#54 = DIRECTION('',(1.,0.,0.));
#55 = AXIS2_PLACEMENT_3D('',#56,#57,#58);
#56 = CARTESIAN_POINT('',(2.,5.,0.15));
#57 = DIRECTION('',(0.,0.,1.));
#58 = DIRECTION('',(1.,0.,0.));
#59 = AXIS2_PLACEMENT_3D('',#60,#61,#62);
#60 = CARTESIAN_POINT('',(2.5,5.,0.15));
#61 = DIRECTION('',(0.,0.,1.));
#62 = DIRECTION('',(1.,0.,0.));
#63 = AXIS2_PLACEMENT_3D('',#64,#65,#66);
#64 = CARTESIAN_POINT('',(3.5,5.,0.15));
#65 = DIRECTION('',(0.,0.,1.));
#66 = DIRECTION('',(1.,0.,0.));
#67 = AXIS2_PLACEMENT_3D('',#68,#69,#70);
#68 = CARTESIAN_POINT('',(4.,5.,0.15));
#69 = DIRECTION('',(0.,0.,1.));
#70 = DIRECTION('',(1.,0.,0.));
#71 = AXIS2_PLACEMENT_3D('',#72,#73,#74);
#72 = CARTESIAN_POINT('',(4.5,5.,0.15));
#73 = DIRECTION('',(0.,0.,1.));
#74 = DIRECTION('',(1.,0.,0.));
#75 = AXIS2_PLACEMENT_3D('',#76,#77,#78);
#76 = CARTESIAN_POINT('',(5.,5.,0.15));
#77 = DIRECTION('',(0.,0.,1.));
#78 = DIRECTION('',(1.,0.,0.));
#79 = AXIS2_PLACEMENT_3D('',#80,#81,#82);
#80 = CARTESIAN_POINT('',(-5.,4.5,0.15));
#81 = DIRECTION('',(0.,0.,1.));
#82 = DIRECTION('',(1.,0.,0.));
#83 = AXIS2_PLACEMENT_3D('',#84,#85,#86);
#84 = CARTESIAN_POINT('',(-4.5,4.5,0.15));
#85 = DIRECTION('',(0.,0.,1.));
#86 = DIRECTION('',(1.,0.,0.));
#87 = AXIS2_PLACEMENT_3D('',#88,#89,#90);
#88 = CARTESIAN_POINT('',(-4.,4.5,0.15));
#89 = DIRECTION('',(0.,0.,1.));
#90 = DIRECTION('',(1.,0.,0.));
#91 = AXIS2_PLACEMENT_3D('',#92,#93,#94);
#92 = CARTESIAN_POINT('',(-3.5,4.5,0.15));
#93 = DIRECTION('',(0.,0.,1.));
#94 = DIRECTION('',(1.,0.,0.));
#95 = AXIS2_PLACEMENT_3D('',#96,#97,#98);
#96 = CARTESIAN_POINT('',(-3.,4.5,0.15));
#97 = DIRECTION('',(0.,0.,1.));
#98 = DIRECTION('',(1.,0.,0.));
#99 = AXIS2_PLACEMENT_3D('',#100,#101,#102);
#100 = CARTESIAN_POINT('',(-2.5,4.5,0.15));
#101 = DIRECTION('',(0.,0.,1.));
#102 = DIRECTION('',(1.,0.,0.));
#103 = AXIS2_PLACEMENT_3D('',#104,#105,#106);
#104 = CARTESIAN_POINT('',(-2.,4.5,0.15));
#105 = DIRECTION('',(0.,0.,1.));
#106 = DIRECTION('',(1.,0.,0.));
#107 = AXIS2_PLACEMENT_3D('',#108,#109,#110);
#108 = CARTESIAN_POINT('',(-1.5,4.5,0.15));
#109 = DIRECTION('',(0.,0.,1.));
#110 = DIRECTION('',(1.,0.,0.));
#111 = AXIS2_PLACEMENT_3D('',#112,#113,#114);
#112 = CARTESIAN_POINT('',(-1.,4.5,0.15));
#113 = DIRECTION('',(0.,0.,1.));
#114 = DIRECTION('',(1.,0.,0.));
#115 = AXIS2_PLACEMENT_3D('',#116,#117,#118);
#116 = CARTESIAN_POINT('',(-0.5,4.5,0.15));
#117 = DIRECTION('',(0.,0.,1.));
#118 = DIRECTION('',(1.,0.,0.));
#119 = AXIS2_PLACEMENT_3D('',#120,#121,#122);
#120 = CARTESIAN_POINT('',(0.,4.5,0.15));
#121 = DIRECTION('',(0.,0.,1.));
#122 = DIRECTION('',(1.,0.,0.));
#123 = AXIS2_PLACEMENT_3D('',#124,#125,#126);
#124 = CARTESIAN_POINT('',(0.5,4.5,0.15));
#125 = DIRECTION('',(0.,0.,1.));
#126 = DIRECTION('',(1.,0.,0.));
#127 = AXIS2_PLACEMENT_3D('',#128,#129,#130);
#128 = CARTESIAN_POINT('',(1.,4.5,0.15));
#129 = DIRECTION('',(0.,0.,1.));
#130 = DIRECTION('',(1.,0.,0.));
#131 = AXIS2_PLACEMENT_3D('',#132,#133,#134);
#132 = CARTESIAN_POINT('',(1.5,4.5,0.15));
#133 = DIRECTION('',(0.,0.,1.));
#134 = DIRECTION('',(1.,0.,0.));
#135 = AXIS2_PLACEMENT_3D('',#136,#137,#138);
#136 = CARTESIAN_POINT('',(2.,4.5,0.15));
#137 = DIRECTION('',(0.,0.,1.));
#138 = DIRECTION('',(1.,0.,0.));
#139 = AXIS2_PLACEMENT_3D('',#140,#141,#142);
#140 = CARTESIAN_POINT('',(2.5,4.5,0.15));
#141 = DIRECTION('',(0.,0.,1.));
#142 = DIRECTION('',(1.,0.,0.));
#143 = AXIS2_PLACEMENT_3D('',#144,#145,#146);
#144 = CARTESIAN_POINT('',(3.,4.5,0.15));
#145 = DIRECTION('',(0.,0.,1.));
#146 = DIRECTION('',(1.,0.,0.));
#147 = AXIS2_PLACEMENT_3D('',#148,#149,#150);
#148 = CARTESIAN_POINT('',(3.5,4.5,0.15));
#149 = DIRECTION('',(0.,0.,1.));
#150 = DIRECTION('',(1.,0.,0.));
#151 = AXIS2_PLACEMENT_3D('',#152,#153,#154);
#152 = CARTESIAN_POINT('',(4.,4.5,0.15));
#153 = DIRECTION('',(0.,0.,1.));
#154 = DIRECTION('',(1.,0.,0.));
#155 = AXIS2_PLACEMENT_3D('',#156,#157,#158);
#156 = CARTESIAN_POINT('',(4.5,4.5,0.15));
#157 = DIRECTION('',(0.,0.,1.));
#158 = DIRECTION('',(1.,0.,0.));
#159 = AXIS2_PLACEMENT_3D('',#160,#161,#162);
#160 = CARTESIAN_POINT('',(5.,4.5,0.15));
#161 = DIRECTION('',(0.,0.,1.));
#162 = DIRECTION('',(1.,0.,0.));
#163 = AXIS2_PLACEMENT_3D('',#164,#165,#166);
#164 = CARTESIAN_POINT('',(-5.,4.,0.15));
#165 = DIRECTION('',(0.,0.,1.));
#166 = DIRECTION('',(1.,0.,0.));
#167 = AXIS2_PLACEMENT_3D('',#168,#169,#170);
#168 = CARTESIAN_POINT('',(-4.5,4.,0.15));
#169 = DIRECTION('',(0.,0.,1.));
#170 = DIRECTION('',(1.,0.,0.));
#171 = AXIS2_PLACEMENT_3D('',#172,#173,#174);
#172 = CARTESIAN_POINT('',(-4.,4.,0.15));
#173 = DIRECTION('',(0.,0.,1.));
#174 = DIRECTION('',(1.,0.,0.));
#175 = AXIS2_PLACEMENT_3D('',#176,#177,#178);
#176 = CARTESIAN_POINT('',(-3.5,4.,0.15));
#177 = DIRECTION('',(0.,0.,1.));
#178 = DIRECTION('',(1.,0.,0.));
#179 = AXIS2_PLACEMENT_3D('',#180,#181,#182);
#180 = CARTESIAN_POINT('',(-3.,4.,0.15));
#181 = DIRECTION('',(0.,0.,1.));
#182 = DIRECTION('',(1.,0.,0.));
#183 = AXIS2_PLACEMENT_3D('',#184,#185,#186);
#184 = CARTESIAN_POINT('',(-2.5,4.,0.15));
#185 = DIRECTION('',(0.,0.,1.));
#186 = DIRECTION('',(1.,0.,0.));
#187 = AXIS2_PLACEMENT_3D('',#188,#189,#190);
#188 = CARTESIAN_POINT('',(-2.,4.,0.15));
#189 = DIRECTION('',(0.,0.,1.));
#190 = DIRECTION('',(1.,0.,0.));
#191 = AXIS2_PLACEMENT_3D('',#192,#193,#194);
#192 = CARTESIAN_POINT('',(-1.5,4.,0.15));
#193 = DIRECTION('',(0.,0.,1.));
#194 = DIRECTION('',(1.,0.,0.));
#195 = AXIS2_PLACEMENT_3D('',#196,#197,#198);
#196 = CARTESIAN_POINT('',(-1.,4.,0.15));
#197 = DIRECTION('',(0.,0.,1.));
#198 = DIRECTION('',(1.,0.,0.));
#199 = AXIS2_PLACEMENT_3D('',#200,#201,#202);
#200 = CARTESIAN_POINT('',(-0.5,4.,0.15));
#201 = DIRECTION('',(0.,0.,1.));
#202 = DIRECTION('',(1.,0.,0.));
#203 = AXIS2_PLACEMENT_3D('',#204,#205,#206);
#204 = CARTESIAN_POINT('',(0.,4.,0.15));
#205 = DIRECTION('',(0.,0.,1.));
#206 = DIRECTION('',(1.,0.,0.));
#207 = AXIS2_PLACEMENT_3D('',#208,#209,#210);
#208 = CARTESIAN_POINT('',(0.5,4.,0.15));
#209 = DIRECTION('',(0.,0.,1.));
#210 = DIRECTION('',(1.,0.,0.));
#211 = AXIS2_PLACEMENT_3D('',#212,#213,#214);
#212 = CARTESIAN_POINT('',(1.,4.,0.15));
#213 = DIRECTION('',(0.,0.,1.));
#214 = DIRECTION('',(1.,0.,0.));
#215 = AXIS2_PLACEMENT_3D('',#216,#217,#218);
#216 = CARTESIAN_POINT('',(1.5,4.,0.15));
#217 = DIRECTION('',(0.,0.,1.));
#218 = DIRECTION('',(1.,0.,0.));
#219 = AXIS2_PLACEMENT_3D('',#220,#221,#222);
#220 = CARTESIAN_POINT('',(2.,4.,0.15));
#221 = DIRECTION('',(0.,0.,1.));
#222 = DIRECTION('',(1.,0.,0.));
#223 = AXIS2_PLACEMENT_3D('',#224,#225,#226);
#224 = CARTESIAN_POINT('',(2.5,4.,0.15));
#225 = DIRECTION('',(0.,0.,1.));
#226 = DIRECTION('',(1.,0.,0.));
#227 = AXIS2_PLACEMENT_3D('',#228,#229,#230);
#228 = CARTESIAN_POINT('',(3.,4.,0.15));
#229 = DIRECTION('',(0.,0.,1.));
#230 = DIRECTION('',(1.,0.,0.));
#231 = AXIS2_PLACEMENT_3D('',#232,#233,#234);
#232 = CARTESIAN_POINT('',(3.5,4.,0.15));
#233 = DIRECTION('',(0.,0.,1.));
#234 = DIRECTION('',(1.,0.,0.));
#235 = AXIS2_PLACEMENT_3D('',#236,#237,#238);
#236 = CARTESIAN_POINT('',(4.,4.,0.15));
#237 = DIRECTION('',(0.,0.,1.));
#238 = DIRECTION('',(1.,0.,0.));
#239 = AXIS2_PLACEMENT_3D('',#240,#241,#242);
#240 = CARTESIAN_POINT('',(4.5,4.,0.15));
#241 = DIRECTION('',(0.,0.,1.));
#242 = DIRECTION('',(1.,0.,0.));
#243 = AXIS2_PLACEMENT_3D('',#244,#245,#246);
#244 = CARTESIAN_POINT('',(5.,4.,0.15));
#245 = DIRECTION('',(0.,0.,1.));
#246 = DIRECTION('',(1.,0.,0.));
#247 = AXIS2_PLACEMENT_3D('',#248,#249,#250);
#248 = CARTESIAN_POINT('',(-5.,3.5,0.15));
#249 = DIRECTION('',(0.,0.,1.));
#250 = DIRECTION('',(1.,0.,0.));
#251 = AXIS2_PLACEMENT_3D('',#252,#253,#254);
#252 = CARTESIAN_POINT('',(-4.5,3.5,0.15));
#253 = DIRECTION('',(0.,0.,1.));
#254 = DIRECTION('',(1.,0.,0.));
#255 = AXIS2_PLACEMENT_3D('',#256,#257,#258);
#256 = CARTESIAN_POINT('',(-4.,3.5,0.15));
#257 = DIRECTION('',(0.,0.,1.));
#258 = DIRECTION('',(1.,0.,0.));
#259 = AXIS2_PLACEMENT_3D('',#260,#261,#262);
#260 = CARTESIAN_POINT('',(-2.5,3.5,0.15));
#261 = DIRECTION('',(0.,0.,1.));
#262 = DIRECTION('',(1.,0.,0.));
#263 = AXIS2_PLACEMENT_3D('',#264,#265,#266);
#264 = CARTESIAN_POINT('',(-1.5,3.5,0.15));
#265 = DIRECTION('',(0.,0.,1.));
#266 = DIRECTION('',(1.,0.,0.));
#267 = AXIS2_PLACEMENT_3D('',#268,#269,#270);
#268 = CARTESIAN_POINT('',(0.,3.5,0.15));
#269 = DIRECTION('',(0.,0.,1.));
#270 = DIRECTION('',(1.,0.,0.));
#271 = AXIS2_PLACEMENT_3D('',#272,#273,#274);
#272 = CARTESIAN_POINT('',(1.5,3.5,0.15));
#273 = DIRECTION('',(0.,0.,1.));
#274 = DIRECTION('',(1.,0.,0.));
#275 = AXIS2_PLACEMENT_3D('',#276,#277,#278);
#276 = CARTESIAN_POINT('',(2.5,3.5,0.15));
#277 = DIRECTION('',(0.,0.,1.));
#278 = DIRECTION('',(1.,0.,0.));
#279 = AXIS2_PLACEMENT_3D('',#280,#281,#282);
#280 = CARTESIAN_POINT('',(4.,3.5,0.15));
#281 = DIRECTION('',(0.,0.,1.));
#282 = DIRECTION('',(1.,0.,0.));
#283 = AXIS2_PLACEMENT_3D('',#284,#285,#286);
#284 = CARTESIAN_POINT('',(4.5,3.5,0.15));
#285 = DIRECTION('',(0.,0.,1.));
#286 = DIRECTION('',(1.,0.,0.));
#287 = AXIS2_PLACEMENT_3D('',#288,#289,#290);
#288 = CARTESIAN_POINT('',(5.,3.5,0.15));
#289 = DIRECTION('',(0.,0.,1.));
#290 = DIRECTION('',(1.,0.,0.));
#291 = AXIS2_PLACEMENT_3D('',#292,#293,#294);
#292 = CARTESIAN_POINT('',(-4.5,3.,0.15));
#293 = DIRECTION('',(0.,0.,1.));
#294 = DIRECTION('',(1.,0.,0.));
#295 = AXIS2_PLACEMENT_3D('',#296,#297,#298);
#296 = CARTESIAN_POINT('',(-4.,3.,0.15));
#297 = DIRECTION('',(0.,0.,1.));
#298 = DIRECTION('',(1.,0.,0.));
#299 = AXIS2_PLACEMENT_3D('',#300,#301,#302);
#300 = CARTESIAN_POINT('',(-3.,3.,0.15));
#301 = DIRECTION('',(0.,0.,1.));
#302 = DIRECTION('',(1.,0.,0.));
#303 = AXIS2_PLACEMENT_3D('',#304,#305,#306);
#304 = CARTESIAN_POINT('',(-2.5,3.,0.15));
#305 = DIRECTION('',(0.,0.,1.));
#306 = DIRECTION('',(1.,0.,0.));
#307 = AXIS2_PLACEMENT_3D('',#308,#309,#310);
#308 = CARTESIAN_POINT('',(-2.,3.,0.15));
#309 = DIRECTION('',(0.,0.,1.));
#310 = DIRECTION('',(1.,0.,0.));
#311 = AXIS2_PLACEMENT_3D('',#312,#313,#314);
#312 = CARTESIAN_POINT('',(-1.5,3.,0.15));
#313 = DIRECTION('',(0.,0.,1.));
#314 = DIRECTION('',(1.,0.,0.));
#315 = AXIS2_PLACEMENT_3D('',#316,#317,#318);
#316 = CARTESIAN_POINT('',(-1.,3.,0.15));
#317 = DIRECTION('',(0.,0.,1.));
#318 = DIRECTION('',(1.,0.,0.));
#319 = AXIS2_PLACEMENT_3D('',#320,#321,#322);
#320 = CARTESIAN_POINT('',(-0.5,3.,0.15));
#321 = DIRECTION('',(0.,0.,1.));
#322 = DIRECTION('',(1.,0.,0.));
#323 = AXIS2_PLACEMENT_3D('',#324,#325,#326);
#324 = CARTESIAN_POINT('',(0.,3.,0.15));
#325 = DIRECTION('',(0.,0.,1.));
#326 = DIRECTION('',(1.,0.,0.));
#327 = AXIS2_PLACEMENT_3D('',#328,#329,#330);
#328 = CARTESIAN_POINT('',(0.5,3.,0.15));
#329 = DIRECTION('',(0.,0.,1.));
#330 = DIRECTION('',(1.,0.,0.));
#331 = AXIS2_PLACEMENT_3D('',#332,#333,#334);
#332 = CARTESIAN_POINT('',(1.,3.,0.15));
#333 = DIRECTION('',(0.,0.,1.));
#334 = DIRECTION('',(1.,0.,0.));
#335 = AXIS2_PLACEMENT_3D('',#336,#337,#338);
#336 = CARTESIAN_POINT('',(1.5,3.,0.15));
#337 = DIRECTION('',(0.,0.,1.));
#338 = DIRECTION('',(1.,0.,0.));
#339 = AXIS2_PLACEMENT_3D('',#340,#341,#342);
#340 = CARTESIAN_POINT('',(2.,3.,0.15));
#341 = DIRECTION('',(0.,0.,1.));
#342 = DIRECTION('',(1.,0.,0.));
#343 = AXIS2_PLACEMENT_3D('',#344,#345,#346);
#344 = CARTESIAN_POINT('',(2.5,3.,0.15));
#345 = DIRECTION('',(0.,0.,1.));
#346 = DIRECTION('',(1.,0.,0.));
#347 = AXIS2_PLACEMENT_3D('',#348,#349,#350);
#348 = CARTESIAN_POINT('',(3.,3.,0.15));
#349 = DIRECTION('',(0.,0.,1.));
#350 = DIRECTION('',(1.,0.,0.));
#351 = AXIS2_PLACEMENT_3D('',#352,#353,#354);
#352 = CARTESIAN_POINT('',(4.,3.,0.15));
#353 = DIRECTION('',(0.,0.,1.));
#354 = DIRECTION('',(1.,0.,0.));
#355 = AXIS2_PLACEMENT_3D('',#356,#357,#358);
#356 = CARTESIAN_POINT('',(4.5,3.,0.15));
#357 = DIRECTION('',(0.,0.,1.));
#358 = DIRECTION('',(1.,0.,0.));
#359 = AXIS2_PLACEMENT_3D('',#360,#361,#362);
#360 = CARTESIAN_POINT('',(-5.,2.5,0.15));
#361 = DIRECTION('',(0.,0.,1.));
#362 = DIRECTION('',(1.,0.,0.));
#363 = AXIS2_PLACEMENT_3D('',#364,#365,#366);
#364 = CARTESIAN_POINT('',(-4.5,2.5,0.15));
#365 = DIRECTION('',(0.,0.,1.));
#366 = DIRECTION('',(1.,0.,0.));
#367 = AXIS2_PLACEMENT_3D('',#368,#369,#370);
#368 = CARTESIAN_POINT('',(-4.,2.5,0.15));
#369 = DIRECTION('',(0.,0.,1.));
#370 = DIRECTION('',(1.,0.,0.));
#371 = AXIS2_PLACEMENT_3D('',#372,#373,#374);
#372 = CARTESIAN_POINT('',(-3.5,2.5,0.15));
#373 = DIRECTION('',(0.,0.,1.));
#374 = DIRECTION('',(1.,0.,0.));
#375 = AXIS2_PLACEMENT_3D('',#376,#377,#378);
#376 = CARTESIAN_POINT('',(-3.,2.5,0.15));
#377 = DIRECTION('',(0.,0.,1.));
#378 = DIRECTION('',(1.,0.,0.));
#379 = AXIS2_PLACEMENT_3D('',#380,#381,#382);
#380 = CARTESIAN_POINT('',(3.,2.5,0.15));
#381 = DIRECTION('',(0.,0.,1.));
#382 = DIRECTION('',(1.,0.,0.));
#383 = AXIS2_PLACEMENT_3D('',#384,#385,#386);
#384 = CARTESIAN_POINT('',(3.5,2.5,0.15));
#385 = DIRECTION('',(0.,0.,1.));
#386 = DIRECTION('',(1.,0.,0.));
#387 = AXIS2_PLACEMENT_3D('',#388,#389,#390);
#388 = CARTESIAN_POINT('',(4.,2.5,0.15));
#389 = DIRECTION('',(0.,0.,1.));
#390 = DIRECTION('',(1.,0.,0.));
#391 = AXIS2_PLACEMENT_3D('',#392,#393,#394);
#392 = CARTESIAN_POINT('',(4.5,2.5,0.15));
#393 = DIRECTION('',(0.,0.,1.));
#394 = DIRECTION('',(1.,0.,0.));
#395 = AXIS2_PLACEMENT_3D('',#396,#397,#398);
#396 = CARTESIAN_POINT('',(5.,2.5,0.15));
#397 = DIRECTION('',(0.,0.,1.));
#398 = DIRECTION('',(1.,0.,0.));
#399 = AXIS2_PLACEMENT_3D('',#400,#401,#402);
#400 = CARTESIAN_POINT('',(-5.,2.,0.15));
#401 = DIRECTION('',(0.,0.,1.));
#402 = DIRECTION('',(1.,0.,0.));
#403 = AXIS2_PLACEMENT_3D('',#404,#405,#406);
#404 = CARTESIAN_POINT('',(-4.5,2.,0.15));
#405 = DIRECTION('',(0.,0.,1.));
#406 = DIRECTION('',(1.,0.,0.));
#407 = AXIS2_PLACEMENT_3D('',#408,#409,#410);
#408 = CARTESIAN_POINT('',(-4.,2.,0.15));
#409 = DIRECTION('',(0.,0.,1.));
#410 = DIRECTION('',(1.,0.,0.));
#411 = AXIS2_PLACEMENT_3D('',#412,#413,#414);
#412 = CARTESIAN_POINT('',(-3.,2.,0.15));
#413 = DIRECTION('',(0.,0.,1.));
#414 = DIRECTION('',(1.,0.,0.));
#415 = AXIS2_PLACEMENT_3D('',#416,#417,#418);
#416 = CARTESIAN_POINT('',(-2.,2.,0.15));
#417 = DIRECTION('',(0.,0.,1.));
#418 = DIRECTION('',(1.,0.,0.));
#419 = AXIS2_PLACEMENT_3D('',#420,#421,#422);
#420 = CARTESIAN_POINT('',(-1.5,2.,0.15));
#421 = DIRECTION('',(0.,0.,1.));
#422 = DIRECTION('',(1.,0.,0.));
#423 = AXIS2_PLACEMENT_3D('',#424,#425,#426);
#424 = CARTESIAN_POINT('',(-1.,2.,0.15));
#425 = DIRECTION('',(0.,0.,1.));
#426 = DIRECTION('',(1.,0.,0.));
#427 = AXIS2_PLACEMENT_3D('',#428,#429,#430);
#428 = CARTESIAN_POINT('',(-0.5,2.,0.15));
#429 = DIRECTION('',(0.,0.,1.));
#430 = DIRECTION('',(1.,0.,0.));
#431 = AXIS2_PLACEMENT_3D('',#432,#433,#434);
#432 = CARTESIAN_POINT('',(0.,2.,0.15));
#433 = DIRECTION('',(0.,0.,1.));
#434 = DIRECTION('',(1.,0.,0.));
#435 = AXIS2_PLACEMENT_3D('',#436,#437,#438);
#436 = CARTESIAN_POINT('',(0.5,2.,0.15));
#437 = DIRECTION('',(0.,0.,1.));
#438 = DIRECTION('',(1.,0.,0.));
#439 = AXIS2_PLACEMENT_3D('',#440,#441,#442);
#440 = CARTESIAN_POINT('',(1.,2.,0.15));
#441 = DIRECTION('',(0.,0.,1.));
#442 = DIRECTION('',(1.,0.,0.));
#443 = AXIS2_PLACEMENT_3D('',#444,#445,#446);
#444 = CARTESIAN_POINT('',(1.5,2.,0.15));
#445 = DIRECTION('',(0.,0.,1.));
#446 = DIRECTION('',(1.,0.,0.));
#447 = AXIS2_PLACEMENT_3D('',#448,#449,#450);
#448 = CARTESIAN_POINT('',(2.,2.,0.15));
#449 = DIRECTION('',(0.,0.,1.));
#450 = DIRECTION('',(1.,0.,0.));
#451 = AXIS2_PLACEMENT_3D('',#452,#453,#454);
#452 = CARTESIAN_POINT('',(3.,2.,0.15));
#453 = DIRECTION('',(0.,0.,1.));
#454 = DIRECTION('',(1.,0.,0.));
#455 = AXIS2_PLACEMENT_3D('',#456,#457,#458);
#456 = CARTESIAN_POINT('',(4.,2.,0.15));
#457 = DIRECTION('',(0.,0.,1.));
#458 = DIRECTION('',(1.,0.,0.));
#459 = AXIS2_PLACEMENT_3D('',#460,#461,#462);
#460 = CARTESIAN_POINT('',(4.5,2.,0.15));
#461 = DIRECTION('',(0.,0.,1.));
#462 = DIRECTION('',(1.,0.,0.));
#463 = AXIS2_PLACEMENT_3D('',#464,#465,#466);
#464 = CARTESIAN_POINT('',(5.,2.,0.15));
#465 = DIRECTION('',(0.,0.,1.));
#466 = DIRECTION('',(1.,0.,0.));
#467 = AXIS2_PLACEMENT_3D('',#468,#469,#470);
#468 = CARTESIAN_POINT('',(-4.5,1.5,0.15));
#469 = DIRECTION('',(0.,0.,1.));
#470 = DIRECTION('',(1.,0.,0.));
#471 = AXIS2_PLACEMENT_3D('',#472,#473,#474);
#472 = CARTESIAN_POINT('',(-4.,1.5,0.15));
#473 = DIRECTION('',(0.,0.,1.));
#474 = DIRECTION('',(1.,0.,0.));
#475 = AXIS2_PLACEMENT_3D('',#476,#477,#478);
#476 = CARTESIAN_POINT('',(-3.5,1.5,0.15));
#477 = DIRECTION('',(0.,0.,1.));
#478 = DIRECTION('',(1.,0.,0.));
#479 = AXIS2_PLACEMENT_3D('',#480,#481,#482);
#480 = CARTESIAN_POINT('',(-3.,1.5,0.15));
#481 = DIRECTION('',(0.,0.,1.));
#482 = DIRECTION('',(1.,0.,0.));
#483 = AXIS2_PLACEMENT_3D('',#484,#485,#486);
#484 = CARTESIAN_POINT('',(-2.,1.5,0.15));
#485 = DIRECTION('',(0.,0.,1.));
#486 = DIRECTION('',(1.,0.,0.));
#487 = AXIS2_PLACEMENT_3D('',#488,#489,#490);
#488 = CARTESIAN_POINT('',(2.,1.5,0.15));
#489 = DIRECTION('',(0.,0.,1.));
#490 = DIRECTION('',(1.,0.,0.));
#491 = AXIS2_PLACEMENT_3D('',#492,#493,#494);
#492 = CARTESIAN_POINT('',(3.,1.5,0.15));
#493 = DIRECTION('',(0.,0.,1.));
#494 = DIRECTION('',(1.,0.,0.));
#495 = AXIS2_PLACEMENT_3D('',#496,#497,#498);
#496 = CARTESIAN_POINT('',(3.5,1.5,0.15));
#497 = DIRECTION('',(0.,0.,1.));
#498 = DIRECTION('',(1.,0.,0.));
#499 = AXIS2_PLACEMENT_3D('',#500,#501,#502);
#500 = CARTESIAN_POINT('',(4.,1.5,0.15));
#501 = DIRECTION('',(0.,0.,1.));
#502 = DIRECTION('',(1.,0.,0.));
#503 = AXIS2_PLACEMENT_3D('',#504,#505,#506);
#504 = CARTESIAN_POINT('',(4.5,1.5,0.15));
#505 = DIRECTION('',(0.,0.,1.));
#506 = DIRECTION('',(1.,0.,0.));
#507 = AXIS2_PLACEMENT_3D('',#508,#509,#510);
#508 = CARTESIAN_POINT('',(-5.,1.,0.15));
#509 = DIRECTION('',(0.,0.,1.));
#510 = DIRECTION('',(1.,0.,0.));
#511 = AXIS2_PLACEMENT_3D('',#512,#513,#514);
#512 = CARTESIAN_POINT('',(-4.5,1.,0.15));
#513 = DIRECTION('',(0.,0.,1.));
#514 = DIRECTION('',(1.,0.,0.));
#515 = AXIS2_PLACEMENT_3D('',#516,#517,#518);
#516 = CARTESIAN_POINT('',(-4.,1.,0.15));
#517 = DIRECTION('',(0.,0.,1.));
#518 = DIRECTION('',(1.,0.,0.));
#519 = AXIS2_PLACEMENT_3D('',#520,#521,#522);
#520 = CARTESIAN_POINT('',(-3.,1.,0.15));
#521 = DIRECTION('',(0.,0.,1.));
#522 = DIRECTION('',(1.,0.,0.));
#523 = AXIS2_PLACEMENT_3D('',#524,#525,#526);
#524 = CARTESIAN_POINT('',(-2.,1.,0.15));
#525 = DIRECTION('',(0.,0.,1.));
#526 = DIRECTION('',(1.,0.,0.));
#527 = AXIS2_PLACEMENT_3D('',#528,#529,#530);
#528 = CARTESIAN_POINT('',(-1.,1.,0.15));
#529 = DIRECTION('',(0.,0.,1.));
#530 = DIRECTION('',(1.,0.,0.));
#531 = AXIS2_PLACEMENT_3D('',#532,#533,#534);
#532 = CARTESIAN_POINT('',(-0.5,1.,0.15));
#533 = DIRECTION('',(0.,0.,1.));
#534 = DIRECTION('',(1.,0.,0.));
#535 = AXIS2_PLACEMENT_3D('',#536,#537,#538);
#536 = CARTESIAN_POINT('',(0.,1.,0.15));
#537 = DIRECTION('',(0.,0.,1.));
#538 = DIRECTION('',(1.,0.,0.));
#539 = AXIS2_PLACEMENT_3D('',#540,#541,#542);
#540 = CARTESIAN_POINT('',(0.5,1.,0.15));
#541 = DIRECTION('',(0.,0.,1.));
#542 = DIRECTION('',(1.,0.,0.));
#543 = AXIS2_PLACEMENT_3D('',#544,#545,#546);
#544 = CARTESIAN_POINT('',(1.,1.,0.15));
#545 = DIRECTION('',(0.,0.,1.));
#546 = DIRECTION('',(1.,0.,0.));
#547 = AXIS2_PLACEMENT_3D('',#548,#549,#550);
#548 = CARTESIAN_POINT('',(2.,1.,0.15));
#549 = DIRECTION('',(0.,0.,1.));
#550 = DIRECTION('',(1.,0.,0.));
#551 = AXIS2_PLACEMENT_3D('',#552,#553,#554);
#552 = CARTESIAN_POINT('',(3.,1.,0.15));
#553 = DIRECTION('',(0.,0.,1.));
#554 = DIRECTION('',(1.,0.,0.));
#555 = AXIS2_PLACEMENT_3D('',#556,#557,#558);
#556 = CARTESIAN_POINT('',(4.,1.,0.15));
#557 = DIRECTION('',(0.,0.,1.));
#558 = DIRECTION('',(1.,0.,0.));
#559 = AXIS2_PLACEMENT_3D('',#560,#561,#562);
#560 = CARTESIAN_POINT('',(4.5,1.,0.15));
#561 = DIRECTION('',(0.,0.,1.));
#562 = DIRECTION('',(1.,0.,0.));
#563 = AXIS2_PLACEMENT_3D('',#564,#565,#566);
#564 = CARTESIAN_POINT('',(5.,1.,0.15));
#565 = DIRECTION('',(0.,0.,1.));
#566 = DIRECTION('',(1.,0.,0.));
#567 = AXIS2_PLACEMENT_3D('',#568,#569,#570);
#568 = CARTESIAN_POINT('',(-5.,0.5,0.15));
#569 = DIRECTION('',(0.,0.,1.));
#570 = DIRECTION('',(1.,0.,0.));
#571 = AXIS2_PLACEMENT_3D('',#572,#573,#574);
#572 = CARTESIAN_POINT('',(-4.5,0.5,0.15));
#573 = DIRECTION('',(0.,0.,1.));
#574 = DIRECTION('',(1.,0.,0.));
#575 = AXIS2_PLACEMENT_3D('',#576,#577,#578);
#576 = CARTESIAN_POINT('',(-4.,0.5,0.15));
#577 = DIRECTION('',(0.,0.,1.));
#578 = DIRECTION('',(1.,0.,0.));
#579 = AXIS2_PLACEMENT_3D('',#580,#581,#582);
#580 = CARTESIAN_POINT('',(-3.,0.5,0.15));
#581 = DIRECTION('',(0.,0.,1.));
#582 = DIRECTION('',(1.,0.,0.));
#583 = AXIS2_PLACEMENT_3D('',#584,#585,#586);
#584 = CARTESIAN_POINT('',(-2.,0.5,0.15));
#585 = DIRECTION('',(0.,0.,1.));
#586 = DIRECTION('',(1.,0.,0.));
#587 = AXIS2_PLACEMENT_3D('',#588,#589,#590);
#588 = CARTESIAN_POINT('',(-1.,0.5,0.15));
#589 = DIRECTION('',(0.,0.,1.));
#590 = DIRECTION('',(1.,0.,0.));
#591 = AXIS2_PLACEMENT_3D('',#592,#593,#594);
#592 = CARTESIAN_POINT('',(-0.5,0.5,0.15));
#593 = DIRECTION('',(0.,0.,1.));
#594 = DIRECTION('',(1.,0.,0.));
#595 = AXIS2_PLACEMENT_3D('',#596,#597,#598);
#596 = CARTESIAN_POINT('',(0.,0.5,0.15));
#597 = DIRECTION('',(0.,0.,1.));
#598 = DIRECTION('',(1.,0.,0.));
#599 = AXIS2_PLACEMENT_3D('',#600,#601,#602);
#600 = CARTESIAN_POINT('',(0.5,0.5,0.15));
#601 = DIRECTION('',(0.,0.,1.));
#602 = DIRECTION('',(1.,0.,0.));
#603 = AXIS2_PLACEMENT_3D('',#604,#605,#606);
#604 = CARTESIAN_POINT('',(1.,0.5,0.15));
#605 = DIRECTION('',(0.,0.,1.));
#606 = DIRECTION('',(1.,0.,0.));
#607 = AXIS2_PLACEMENT_3D('',#608,#609,#610);
#608 = CARTESIAN_POINT('',(2.,0.5,0.15));
#609 = DIRECTION('',(0.,0.,1.));
#610 = DIRECTION('',(1.,0.,0.));
#611 = AXIS2_PLACEMENT_3D('',#612,#613,#614);
#612 = CARTESIAN_POINT('',(3.,0.5,0.15));
#613 = DIRECTION('',(0.,0.,1.));
#614 = DIRECTION('',(1.,0.,0.));
#615 = AXIS2_PLACEMENT_3D('',#616,#617,#618);
#616 = CARTESIAN_POINT('',(4.,0.5,0.15));
#617 = DIRECTION('',(0.,0.,1.));
#618 = DIRECTION('',(1.,0.,0.));
#619 = AXIS2_PLACEMENT_3D('',#620,#621,#622);
#620 = CARTESIAN_POINT('',(4.5,0.5,0.15));
#621 = DIRECTION('',(0.,0.,1.));
#622 = DIRECTION('',(1.,0.,0.));
#623 = AXIS2_PLACEMENT_3D('',#624,#625,#626);
#624 = CARTESIAN_POINT('',(5.,0.5,0.15));
#625 = DIRECTION('',(0.,0.,1.));
#626 = DIRECTION('',(1.,0.,0.));
#627 = AXIS2_PLACEMENT_3D('',#628,#629,#630);
#628 = CARTESIAN_POINT('',(-4.5,0.,0.15));
#629 = DIRECTION('',(0.,0.,1.));
#630 = DIRECTION('',(1.,0.,0.));
#631 = AXIS2_PLACEMENT_3D('',#632,#633,#634);
#632 = CARTESIAN_POINT('',(-4.,0.,0.15));
#633 = DIRECTION('',(0.,0.,1.));
#634 = DIRECTION('',(1.,0.,0.));
#635 = AXIS2_PLACEMENT_3D('',#636,#637,#638);
#636 = CARTESIAN_POINT('',(-3.5,0.,0.15));
#637 = DIRECTION('',(0.,0.,1.));
#638 = DIRECTION('',(1.,0.,0.));
#639 = AXIS2_PLACEMENT_3D('',#640,#641,#642);
#640 = CARTESIAN_POINT('',(-3.,0.,0.15));
#641 = DIRECTION('',(0.,0.,1.));
#642 = DIRECTION('',(1.,0.,0.));
#643 = AXIS2_PLACEMENT_3D('',#644,#645,#646);
#644 = CARTESIAN_POINT('',(-2.,0.,0.15));
#645 = DIRECTION('',(0.,0.,1.));
#646 = DIRECTION('',(1.,0.,0.));
#647 = AXIS2_PLACEMENT_3D('',#648,#649,#650);
#648 = CARTESIAN_POINT('',(-1.,0.,0.15));
#649 = DIRECTION('',(0.,0.,1.));
#650 = DIRECTION('',(1.,0.,0.));
#651 = AXIS2_PLACEMENT_3D('',#652,#653,#654);
#652 = CARTESIAN_POINT('',(-0.5,0.,0.15));
#653 = DIRECTION('',(0.,0.,1.));
#654 = DIRECTION('',(1.,0.,0.));
#655 = AXIS2_PLACEMENT_3D('',#656,#657,#658);
#656 = CARTESIAN_POINT('',(0.5,0.,0.15));
#657 = DIRECTION('',(0.,0.,1.));
#658 = DIRECTION('',(1.,0.,0.));
#659 = AXIS2_PLACEMENT_3D('',#660,#661,#662);
#660 = CARTESIAN_POINT('',(1.,0.,0.15));
#661 = DIRECTION('',(0.,0.,1.));
#662 = DIRECTION('',(1.,0.,0.));
#663 = AXIS2_PLACEMENT_3D('',#664,#665,#666);
#664 = CARTESIAN_POINT('',(2.,0.,0.15));
#665 = DIRECTION('',(0.,0.,1.));
#666 = DIRECTION('',(1.,0.,0.));
#667 = AXIS2_PLACEMENT_3D('',#668,#669,#670);
#668 = CARTESIAN_POINT('',(3.,0.,0.15));
#669 = DIRECTION('',(0.,0.,1.));
#670 = DIRECTION('',(1.,0.,0.));
#671 = AXIS2_PLACEMENT_3D('',#672,#673,#674);
#672 = CARTESIAN_POINT('',(3.5,0.,0.15));
#673 = DIRECTION('',(0.,0.,1.));
#674 = DIRECTION('',(1.,0.,0.));
#675 = AXIS2_PLACEMENT_3D('',#676,#677,#678);
#676 = CARTESIAN_POINT('',(4.,0.,0.15));
#677 = DIRECTION('',(0.,0.,1.));
#678 = DIRECTION('',(1.,0.,0.));
#679 = AXIS2_PLACEMENT_3D('',#680,#681,#682);
#680 = CARTESIAN_POINT('',(4.5,0.,0.15));
#681 = DIRECTION('',(0.,0.,1.));
#682 = DIRECTION('',(1.,0.,0.));
#683 = AXIS2_PLACEMENT_3D('',#684,#685,#686);
#684 = CARTESIAN_POINT('',(-5.,-0.5,0.15));
#685 = DIRECTION('',(0.,0.,1.));
#686 = DIRECTION('',(1.,0.,0.));
#687 = AXIS2_PLACEMENT_3D('',#688,#689,#690);
#688 = CARTESIAN_POINT('',(-4.5,-0.5,0.15));
#689 = DIRECTION('',(0.,0.,1.));
#690 = DIRECTION('',(1.,0.,0.));
#691 = AXIS2_PLACEMENT_3D('',#692,#693,#694);
#692 = CARTESIAN_POINT('',(-4.,-0.5,0.15));
#693 = DIRECTION('',(0.,0.,1.));
#694 = DIRECTION('',(1.,0.,0.));
#695 = AXIS2_PLACEMENT_3D('',#696,#697,#698);
#696 = CARTESIAN_POINT('',(-3.,-0.5,0.15));
#697 = DIRECTION('',(0.,0.,1.));
#698 = DIRECTION('',(1.,0.,0.));
#699 = AXIS2_PLACEMENT_3D('',#700,#701,#702);
#700 = CARTESIAN_POINT('',(-2.,-0.5,0.15));
#701 = DIRECTION('',(0.,0.,1.));
#702 = DIRECTION('',(1.,0.,0.));
#703 = AXIS2_PLACEMENT_3D('',#704,#705,#706);
#704 = CARTESIAN_POINT('',(-1.,-0.5,0.15));
#705 = DIRECTION('',(0.,0.,1.));
#706 = DIRECTION('',(1.,0.,0.));
#707 = AXIS2_PLACEMENT_3D('',#708,#709,#710);
#708 = CARTESIAN_POINT('',(-0.5,-0.5,0.15));
#709 = DIRECTION('',(0.,0.,1.));
#710 = DIRECTION('',(1.,0.,0.));
#711 = AXIS2_PLACEMENT_3D('',#712,#713,#714);
#712 = CARTESIAN_POINT('',(0.,-0.5,0.15));
#713 = DIRECTION('',(0.,0.,1.));
#714 = DIRECTION('',(1.,0.,0.));
#715 = AXIS2_PLACEMENT_3D('',#716,#717,#718);
#716 = CARTESIAN_POINT('',(0.5,-0.5,0.15));
#717 = DIRECTION('',(0.,0.,1.));
#718 = DIRECTION('',(1.,0.,0.));
#719 = AXIS2_PLACEMENT_3D('',#720,#721,#722);
#720 = CARTESIAN_POINT('',(1.,-0.5,0.15));
#721 = DIRECTION('',(0.,0.,1.));
#722 = DIRECTION('',(1.,0.,0.));
#723 = AXIS2_PLACEMENT_3D('',#724,#725,#726);
#724 = CARTESIAN_POINT('',(2.,-0.5,0.15));
#725 = DIRECTION('',(0.,0.,1.));
#726 = DIRECTION('',(1.,0.,0.));
#727 = AXIS2_PLACEMENT_3D('',#728,#729,#730);
#728 = CARTESIAN_POINT('',(3.,-0.5,0.15));
#729 = DIRECTION('',(0.,0.,1.));
#730 = DIRECTION('',(1.,0.,0.));
#731 = AXIS2_PLACEMENT_3D('',#732,#733,#734);
#732 = CARTESIAN_POINT('',(4.,-0.5,0.15));
#733 = DIRECTION('',(0.,0.,1.));
#734 = DIRECTION('',(1.,0.,0.));
#735 = AXIS2_PLACEMENT_3D('',#736,#737,#738);
#736 = CARTESIAN_POINT('',(4.5,-0.5,0.15));
#737 = DIRECTION('',(0.,0.,1.));
#738 = DIRECTION('',(1.,0.,0.));
#739 = AXIS2_PLACEMENT_3D('',#740,#741,#742);
#740 = CARTESIAN_POINT('',(5.,-0.5,0.15));
#741 = DIRECTION('',(0.,0.,1.));
#742 = DIRECTION('',(1.,0.,0.));
#743 = AXIS2_PLACEMENT_3D('',#744,#745,#746);
#744 = CARTESIAN_POINT('',(-5.,-1.,0.15));
#745 = DIRECTION('',(0.,0.,1.));
#746 = DIRECTION('',(1.,0.,0.));
#747 = AXIS2_PLACEMENT_3D('',#748,#749,#750);
#748 = CARTESIAN_POINT('',(-4.5,-1.,0.15));
#749 = DIRECTION('',(0.,0.,1.));
#750 = DIRECTION('',(1.,0.,0.));
#751 = AXIS2_PLACEMENT_3D('',#752,#753,#754);
#752 = CARTESIAN_POINT('',(-4.,-1.,0.15));
#753 = DIRECTION('',(0.,0.,1.));
#754 = DIRECTION('',(1.,0.,0.));
#755 = AXIS2_PLACEMENT_3D('',#756,#757,#758);
#756 = CARTESIAN_POINT('',(-3.,-1.,0.15));
#757 = DIRECTION('',(0.,0.,1.));
#758 = DIRECTION('',(1.,0.,0.));
#759 = AXIS2_PLACEMENT_3D('',#760,#761,#762);
#760 = CARTESIAN_POINT('',(-2.,-1.,0.15));
#761 = DIRECTION('',(0.,0.,1.));
#762 = DIRECTION('',(1.,0.,0.));
#763 = AXIS2_PLACEMENT_3D('',#764,#765,#766);
#764 = CARTESIAN_POINT('',(-1.,-1.,0.15));
#765 = DIRECTION('',(0.,0.,1.));
#766 = DIRECTION('',(1.,0.,0.));
#767 = AXIS2_PLACEMENT_3D('',#768,#769,#770);
#768 = CARTESIAN_POINT('',(-0.5,-1.,0.15));
#769 = DIRECTION('',(0.,0.,1.));
#770 = DIRECTION('',(1.,0.,0.));
#771 = AXIS2_PLACEMENT_3D('',#772,#773,#774);
#772 = CARTESIAN_POINT('',(0.,-1.,0.15));
#773 = DIRECTION('',(0.,0.,1.));
#774 = DIRECTION('',(1.,0.,0.));
#775 = AXIS2_PLACEMENT_3D('',#776,#777,#778);
#776 = CARTESIAN_POINT('',(0.5,-1.,0.15));
#777 = DIRECTION('',(0.,0.,1.));
#778 = DIRECTION('',(1.,0.,0.));
#779 = AXIS2_PLACEMENT_3D('',#780,#781,#782);
#780 = CARTESIAN_POINT('',(1.,-1.,0.15));
#781 = DIRECTION('',(0.,0.,1.));
#782 = DIRECTION('',(1.,0.,0.));
#783 = AXIS2_PLACEMENT_3D('',#784,#785,#786);
#784 = CARTESIAN_POINT('',(2.,-1.,0.15));
#785 = DIRECTION('',(0.,0.,1.));
#786 = DIRECTION('',(1.,0.,0.));
#787 = AXIS2_PLACEMENT_3D('',#788,#789,#790);
#788 = CARTESIAN_POINT('',(3.,-1.,0.15));
#789 = DIRECTION('',(0.,0.,1.));
#790 = DIRECTION('',(1.,0.,0.));
#791 = AXIS2_PLACEMENT_3D('',#792,#793,#794);
#792 = CARTESIAN_POINT('',(4.,-1.,0.15));
#793 = DIRECTION('',(0.,0.,1.));
#794 = DIRECTION('',(1.,0.,0.));
#795 = AXIS2_PLACEMENT_3D('',#796,#797,#798);
#796 = CARTESIAN_POINT('',(4.5,-1.,0.15));
#797 = DIRECTION('',(0.,0.,1.));
#798 = DIRECTION('',(1.,0.,0.));
#799 = AXIS2_PLACEMENT_3D('',#800,#801,#802);
#800 = CARTESIAN_POINT('',(5.,-1.,0.15));
#801 = DIRECTION('',(0.,0.,1.));
#802 = DIRECTION('',(1.,0.,0.));
#803 = AXIS2_PLACEMENT_3D('',#804,#805,#806);
#804 = CARTESIAN_POINT('',(-4.5,-1.5,0.15));
#805 = DIRECTION('',(0.,0.,1.));
#806 = DIRECTION('',(1.,0.,0.));
#807 = AXIS2_PLACEMENT_3D('',#808,#809,#810);
#808 = CARTESIAN_POINT('',(-4.,-1.5,0.15));
#809 = DIRECTION('',(0.,0.,1.));
#810 = DIRECTION('',(1.,0.,0.));
#811 = AXIS2_PLACEMENT_3D('',#812,#813,#814);
#812 = CARTESIAN_POINT('',(-3.5,-1.5,0.15));
#813 = DIRECTION('',(0.,0.,1.));
#814 = DIRECTION('',(1.,0.,0.));
#815 = AXIS2_PLACEMENT_3D('',#816,#817,#818);
#816 = CARTESIAN_POINT('',(-3.,-1.5,0.15));
#817 = DIRECTION('',(0.,0.,1.));
#818 = DIRECTION('',(1.,0.,0.));
#819 = AXIS2_PLACEMENT_3D('',#820,#821,#822);
#820 = CARTESIAN_POINT('',(-2.,-1.5,0.15));
#821 = DIRECTION('',(0.,0.,1.));
#822 = DIRECTION('',(1.,0.,0.));
#823 = AXIS2_PLACEMENT_3D('',#824,#825,#826);
#824 = CARTESIAN_POINT('',(2.,-1.5,0.15));
#825 = DIRECTION('',(0.,0.,1.));
#826 = DIRECTION('',(1.,0.,0.));
#827 = AXIS2_PLACEMENT_3D('',#828,#829,#830);
#828 = CARTESIAN_POINT('',(3.,-1.5,0.15));
#829 = DIRECTION('',(0.,0.,1.));
#830 = DIRECTION('',(1.,0.,0.));
#831 = AXIS2_PLACEMENT_3D('',#832,#833,#834);
#832 = CARTESIAN_POINT('',(3.5,-1.5,0.15));
#833 = DIRECTION('',(0.,0.,1.));
#834 = DIRECTION('',(1.,0.,0.));
#835 = AXIS2_PLACEMENT_3D('',#836,#837,#838);
#836 = CARTESIAN_POINT('',(4.,-1.5,0.15));
#837 = DIRECTION('',(0.,0.,1.));
#838 = DIRECTION('',(1.,0.,0.));
#839 = AXIS2_PLACEMENT_3D('',#840,#841,#842);
#840 = CARTESIAN_POINT('',(4.5,-1.5,0.15));
#841 = DIRECTION('',(0.,0.,1.));
#842 = DIRECTION('',(1.,0.,0.));
#843 = AXIS2_PLACEMENT_3D('',#844,#845,#846);
#844 = CARTESIAN_POINT('',(-5.,-2.,0.15));
#845 = DIRECTION('',(0.,0.,1.));
#846 = DIRECTION('',(1.,0.,0.));
#847 = AXIS2_PLACEMENT_3D('',#848,#849,#850);
#848 = CARTESIAN_POINT('',(-4.5,-2.,0.15));
#849 = DIRECTION('',(0.,0.,1.));
#850 = DIRECTION('',(1.,0.,0.));
#851 = AXIS2_PLACEMENT_3D('',#852,#853,#854);
#852 = CARTESIAN_POINT('',(-4.,-2.,0.15));
#853 = DIRECTION('',(0.,0.,1.));
#854 = DIRECTION('',(1.,0.,0.));
#855 = AXIS2_PLACEMENT_3D('',#856,#857,#858);
#856 = CARTESIAN_POINT('',(-3.,-2.,0.15));
#857 = DIRECTION('',(0.,0.,1.));
#858 = DIRECTION('',(1.,0.,0.));
#859 = AXIS2_PLACEMENT_3D('',#860,#861,#862);
#860 = CARTESIAN_POINT('',(-2.,-2.,0.15));
#861 = DIRECTION('',(0.,0.,1.));
#862 = DIRECTION('',(1.,0.,0.));
#863 = AXIS2_PLACEMENT_3D('',#864,#865,#866);
#864 = CARTESIAN_POINT('',(-1.5,-2.,0.15));
#865 = DIRECTION('',(0.,0.,1.));
#866 = DIRECTION('',(1.,0.,0.));
#867 = AXIS2_PLACEMENT_3D('',#868,#869,#870);
#868 = CARTESIAN_POINT('',(-1.,-2.,0.15));
#869 = DIRECTION('',(0.,0.,1.));
#870 = DIRECTION('',(1.,0.,0.));
#871 = AXIS2_PLACEMENT_3D('',#872,#873,#874);
#872 = CARTESIAN_POINT('',(-0.5,-2.,0.15));
#873 = DIRECTION('',(0.,0.,1.));
#874 = DIRECTION('',(1.,0.,0.));
#875 = AXIS2_PLACEMENT_3D('',#876,#877,#878);
#876 = CARTESIAN_POINT('',(0.,-2.,0.15));
#877 = DIRECTION('',(0.,0.,1.));
#878 = DIRECTION('',(1.,0.,0.));
#879 = AXIS2_PLACEMENT_3D('',#880,#881,#882);
#880 = CARTESIAN_POINT('',(0.5,-2.,0.15));
#881 = DIRECTION('',(0.,0.,1.));
#882 = DIRECTION('',(1.,0.,0.));
#883 = AXIS2_PLACEMENT_3D('',#884,#885,#886);
#884 = CARTESIAN_POINT('',(1.,-2.,0.15));
#885 = DIRECTION('',(0.,0.,1.));
#886 = DIRECTION('',(1.,0.,0.));
#887 = AXIS2_PLACEMENT_3D('',#888,#889,#890);
#888 = CARTESIAN_POINT('',(1.5,-2.,0.15));
#889 = DIRECTION('',(0.,0.,1.));
#890 = DIRECTION('',(1.,0.,0.));
#891 = AXIS2_PLACEMENT_3D('',#892,#893,#894);
#892 = CARTESIAN_POINT('',(2.,-2.,0.15));
#893 = DIRECTION('',(0.,0.,1.));
#894 = DIRECTION('',(1.,0.,0.));
#895 = AXIS2_PLACEMENT_3D('',#896,#897,#898);
#896 = CARTESIAN_POINT('',(3.,-2.,0.15));
#897 = DIRECTION('',(0.,0.,1.));
#898 = DIRECTION('',(1.,0.,0.));
#899 = AXIS2_PLACEMENT_3D('',#900,#901,#902);
#900 = CARTESIAN_POINT('',(4.,-2.,0.15));
#901 = DIRECTION('',(0.,0.,1.));
#902 = DIRECTION('',(1.,0.,0.));
#903 = AXIS2_PLACEMENT_3D('',#904,#905,#906);
#904 = CARTESIAN_POINT('',(4.5,-2.,0.15));
#905 = DIRECTION('',(0.,0.,1.));
#906 = DIRECTION('',(1.,0.,0.));
#907 = AXIS2_PLACEMENT_3D('',#908,#909,#910);
#908 = CARTESIAN_POINT('',(5.,-2.,0.15));
#909 = DIRECTION('',(0.,0.,1.));
#910 = DIRECTION('',(1.,0.,0.));
#911 = AXIS2_PLACEMENT_3D('',#912,#913,#914);
#912 = CARTESIAN_POINT('',(-5.,-2.5,0.15));
#913 = DIRECTION('',(0.,0.,1.));
#914 = DIRECTION('',(1.,0.,0.));
#915 = AXIS2_PLACEMENT_3D('',#916,#917,#918);
#916 = CARTESIAN_POINT('',(-4.5,-2.5,0.15));
#917 = DIRECTION('',(0.,0.,1.));
#918 = DIRECTION('',(1.,0.,0.));
#919 = AXIS2_PLACEMENT_3D('',#920,#921,#922);
#920 = CARTESIAN_POINT('',(-4.,-2.5,0.15));
#921 = DIRECTION('',(0.,0.,1.));
#922 = DIRECTION('',(1.,0.,0.));
#923 = AXIS2_PLACEMENT_3D('',#924,#925,#926);
#924 = CARTESIAN_POINT('',(-3.5,-2.5,0.15));
#925 = DIRECTION('',(0.,0.,1.));
#926 = DIRECTION('',(1.,0.,0.));
#927 = AXIS2_PLACEMENT_3D('',#928,#929,#930);
#928 = CARTESIAN_POINT('',(-3.,-2.5,0.15));
#929 = DIRECTION('',(0.,0.,1.));
#930 = DIRECTION('',(1.,0.,0.));
#931 = AXIS2_PLACEMENT_3D('',#932,#933,#934);
#932 = CARTESIAN_POINT('',(3.,-2.5,0.15));
#933 = DIRECTION('',(0.,0.,1.));
#934 = DIRECTION('',(1.,0.,0.));
#935 = AXIS2_PLACEMENT_3D('',#936,#937,#938);
#936 = CARTESIAN_POINT('',(3.5,-2.5,0.15));
#937 = DIRECTION('',(0.,0.,1.));
#938 = DIRECTION('',(1.,0.,0.));
#939 = AXIS2_PLACEMENT_3D('',#940,#941,#942);
#940 = CARTESIAN_POINT('',(4.,-2.5,0.15));
#941 = DIRECTION('',(0.,0.,1.));
#942 = DIRECTION('',(1.,0.,0.));
#943 = AXIS2_PLACEMENT_3D('',#944,#945,#946);
#944 = CARTESIAN_POINT('',(4.5,-2.5,0.15));
#945 = DIRECTION('',(0.,0.,1.));
#946 = DIRECTION('',(1.,0.,0.));
#947 = AXIS2_PLACEMENT_3D('',#948,#949,#950);
#948 = CARTESIAN_POINT('',(5.,-2.5,0.15));
#949 = DIRECTION('',(0.,0.,1.));
#950 = DIRECTION('',(1.,0.,0.));
#951 = AXIS2_PLACEMENT_3D('',#952,#953,#954);
#952 = CARTESIAN_POINT('',(-4.5,-3.,0.15));
#953 = DIRECTION('',(0.,0.,1.));
#954 = DIRECTION('',(1.,0.,0.));
#955 = AXIS2_PLACEMENT_3D('',#956,#957,#958);
#956 = CARTESIAN_POINT('',(-4.,-3.,0.15));
#957 = DIRECTION('',(0.,0.,1.));
#958 = DIRECTION('',(1.,0.,0.));
#959 = AXIS2_PLACEMENT_3D('',#960,#961,#962);
#960 = CARTESIAN_POINT('',(-3.,-3.,0.15));
#961 = DIRECTION('',(0.,0.,1.));
#962 = DIRECTION('',(1.,0.,0.));
#963 = AXIS2_PLACEMENT_3D('',#964,#965,#966);
#964 = CARTESIAN_POINT('',(-2.5,-3.,0.15));
#965 = DIRECTION('',(0.,0.,1.));
#966 = DIRECTION('',(1.,0.,0.));
#967 = AXIS2_PLACEMENT_3D('',#968,#969,#970);
#968 = CARTESIAN_POINT('',(-2.,-3.,0.15));
#969 = DIRECTION('',(0.,0.,1.));
#970 = DIRECTION('',(1.,0.,0.));
#971 = AXIS2_PLACEMENT_3D('',#972,#973,#974);
#972 = CARTESIAN_POINT('',(-1.5,-3.,0.15));
#973 = DIRECTION('',(0.,0.,1.));
#974 = DIRECTION('',(1.,0.,0.));
#975 = AXIS2_PLACEMENT_3D('',#976,#977,#978);
#976 = CARTESIAN_POINT('',(-1.,-3.,0.15));
#977 = DIRECTION('',(0.,0.,1.));
#978 = DIRECTION('',(1.,0.,0.));
#979 = AXIS2_PLACEMENT_3D('',#980,#981,#982);
#980 = CARTESIAN_POINT('',(-0.5,-3.,0.15));
#981 = DIRECTION('',(0.,0.,1.));
#982 = DIRECTION('',(1.,0.,0.));
#983 = AXIS2_PLACEMENT_3D('',#984,#985,#986);
#984 = CARTESIAN_POINT('',(0.,-3.,0.15));
#985 = DIRECTION('',(0.,0.,1.));
#986 = DIRECTION('',(1.,0.,0.));
#987 = AXIS2_PLACEMENT_3D('',#988,#989,#990);
#988 = CARTESIAN_POINT('',(0.5,-3.,0.15));
#989 = DIRECTION('',(0.,0.,1.));
#990 = DIRECTION('',(1.,0.,0.));
#991 = AXIS2_PLACEMENT_3D('',#992,#993,#994);
#992 = CARTESIAN_POINT('',(1.,-3.,0.15));
#993 = DIRECTION('',(0.,0.,1.));
#994 = DIRECTION('',(1.,0.,0.));
#995 = AXIS2_PLACEMENT_3D('',#996,#997,#998);
#996 = CARTESIAN_POINT('',(1.5,-3.,0.15));
#997 = DIRECTION('',(0.,0.,1.));
#998 = DIRECTION('',(1.,0.,0.));
#999 = AXIS2_PLACEMENT_3D('',#1000,#1001,#1002);
#1000 = CARTESIAN_POINT('',(2.,-3.,0.15));
#1001 = DIRECTION('',(0.,0.,1.));
#1002 = DIRECTION('',(1.,0.,0.));
#1003 = AXIS2_PLACEMENT_3D('',#1004,#1005,#1006);
#1004 = CARTESIAN_POINT('',(2.5,-3.,0.15));
#1005 = DIRECTION('',(0.,0.,1.));
#1006 = DIRECTION('',(1.,0.,0.));
#1007 = AXIS2_PLACEMENT_3D('',#1008,#1009,#1010);
#1008 = CARTESIAN_POINT('',(3.,-3.,0.15));
#1009 = DIRECTION('',(0.,0.,1.));
#1010 = DIRECTION('',(1.,0.,0.));
#1011 = AXIS2_PLACEMENT_3D('',#1012,#1013,#1014);
#1012 = CARTESIAN_POINT('',(4.,-3.,0.15));
#1013 = DIRECTION('',(0.,0.,1.));
#1014 = DIRECTION('',(1.,0.,0.));
#1015 = AXIS2_PLACEMENT_3D('',#1016,#1017,#1018);
#1016 = CARTESIAN_POINT('',(4.5,-3.,0.15));
#1017 = DIRECTION('',(0.,0.,1.));
#1018 = DIRECTION('',(1.,0.,0.));
#1019 = AXIS2_PLACEMENT_3D('',#1020,#1021,#1022);
#1020 = CARTESIAN_POINT('',(-5.,-3.5,0.15));
#1021 = DIRECTION('',(0.,0.,1.));
#1022 = DIRECTION('',(1.,0.,0.));
#1023 = AXIS2_PLACEMENT_3D('',#1024,#1025,#1026);
#1024 = CARTESIAN_POINT('',(-4.5,-3.5,0.15));
#1025 = DIRECTION('',(0.,0.,1.));
#1026 = DIRECTION('',(1.,0.,0.));
#1027 = AXIS2_PLACEMENT_3D('',#1028,#1029,#1030);
#1028 = CARTESIAN_POINT('',(-4.,-3.5,0.15));
#1029 = DIRECTION('',(0.,0.,1.));
#1030 = DIRECTION('',(1.,0.,0.));
#1031 = AXIS2_PLACEMENT_3D('',#1032,#1033,#1034);
#1032 = CARTESIAN_POINT('',(-2.5,-3.5,0.15));
#1033 = DIRECTION('',(0.,0.,1.));
#1034 = DIRECTION('',(1.,0.,0.));
#1035 = AXIS2_PLACEMENT_3D('',#1036,#1037,#1038);
#1036 = CARTESIAN_POINT('',(-1.5,-3.5,0.15));
#1037 = DIRECTION('',(0.,0.,1.));
#1038 = DIRECTION('',(1.,0.,0.));
#1039 = AXIS2_PLACEMENT_3D('',#1040,#1041,#1042);
#1040 = CARTESIAN_POINT('',(0.,-3.5,0.15));
#1041 = DIRECTION('',(0.,0.,1.));
#1042 = DIRECTION('',(1.,0.,0.));
#1043 = AXIS2_PLACEMENT_3D('',#1044,#1045,#1046);
#1044 = CARTESIAN_POINT('',(1.5,-3.5,0.15));
#1045 = DIRECTION('',(0.,0.,1.));
#1046 = DIRECTION('',(1.,0.,0.));
#1047 = AXIS2_PLACEMENT_3D('',#1048,#1049,#1050);
#1048 = CARTESIAN_POINT('',(2.5,-3.5,0.15));
#1049 = DIRECTION('',(0.,0.,1.));
#1050 = DIRECTION('',(1.,0.,0.));
#1051 = AXIS2_PLACEMENT_3D('',#1052,#1053,#1054);
#1052 = CARTESIAN_POINT('',(4.,-3.5,0.15));
#1053 = DIRECTION('',(0.,0.,1.));
#1054 = DIRECTION('',(1.,0.,0.));
#1055 = AXIS2_PLACEMENT_3D('',#1056,#1057,#1058);
#1056 = CARTESIAN_POINT('',(4.5,-3.5,0.15));
#1057 = DIRECTION('',(0.,0.,1.));
#1058 = DIRECTION('',(1.,0.,0.));
#1059 = AXIS2_PLACEMENT_3D('',#1060,#1061,#1062);
#1060 = CARTESIAN_POINT('',(5.,-3.5,0.15));
#1061 = DIRECTION('',(0.,0.,1.));
#1062 = DIRECTION('',(1.,0.,0.));
#1063 = AXIS2_PLACEMENT_3D('',#1064,#1065,#1066);
#1064 = CARTESIAN_POINT('',(-5.,-4.,0.15));
#1065 = DIRECTION('',(0.,0.,1.));
#1066 = DIRECTION('',(1.,0.,0.));
#1067 = AXIS2_PLACEMENT_3D('',#1068,#1069,#1070);
#1068 = CARTESIAN_POINT('',(-4.5,-4.,0.15));
#1069 = DIRECTION('',(0.,0.,1.));
#1070 = DIRECTION('',(1.,0.,0.));
#1071 = AXIS2_PLACEMENT_3D('',#1072,#1073,#1074);
#1072 = CARTESIAN_POINT('',(-4.,-4.,0.15));
#1073 = DIRECTION('',(0.,0.,1.));
#1074 = DIRECTION('',(1.,0.,0.));
#1075 = AXIS2_PLACEMENT_3D('',#1076,#1077,#1078);
#1076 = CARTESIAN_POINT('',(-3.5,-4.,0.15));
#1077 = DIRECTION('',(0.,0.,1.));
#1078 = DIRECTION('',(1.,0.,0.));
#1079 = AXIS2_PLACEMENT_3D('',#1080,#1081,#1082);
#1080 = CARTESIAN_POINT('',(-3.,-4.,0.15));
#1081 = DIRECTION('',(0.,0.,1.));
#1082 = DIRECTION('',(1.,0.,0.));
#1083 = AXIS2_PLACEMENT_3D('',#1084,#1085,#1086);
#1084 = CARTESIAN_POINT('',(-2.5,-4.,0.15));
#1085 = DIRECTION('',(0.,0.,1.));
#1086 = DIRECTION('',(1.,0.,0.));
#1087 = AXIS2_PLACEMENT_3D('',#1088,#1089,#1090);
#1088 = CARTESIAN_POINT('',(-2.,-4.,0.15));
#1089 = DIRECTION('',(0.,0.,1.));
#1090 = DIRECTION('',(1.,0.,0.));
#1091 = AXIS2_PLACEMENT_3D('',#1092,#1093,#1094);
#1092 = CARTESIAN_POINT('',(-1.5,-4.,0.15));
#1093 = DIRECTION('',(0.,0.,1.));
#1094 = DIRECTION('',(1.,0.,0.));
#1095 = AXIS2_PLACEMENT_3D('',#1096,#1097,#1098);
#1096 = CARTESIAN_POINT('',(-1.,-4.,0.15));
#1097 = DIRECTION('',(0.,0.,1.));
#1098 = DIRECTION('',(1.,0.,0.));
#1099 = AXIS2_PLACEMENT_3D('',#1100,#1101,#1102);
#1100 = CARTESIAN_POINT('',(-0.5,-4.,0.15));
#1101 = DIRECTION('',(0.,0.,1.));
#1102 = DIRECTION('',(1.,0.,0.));
#1103 = AXIS2_PLACEMENT_3D('',#1104,#1105,#1106);
#1104 = CARTESIAN_POINT('',(0.,-4.,0.15));
#1105 = DIRECTION('',(0.,0.,1.));
#1106 = DIRECTION('',(1.,0.,0.));
#1107 = AXIS2_PLACEMENT_3D('',#1108,#1109,#1110);
#1108 = CARTESIAN_POINT('',(0.5,-4.,0.15));
#1109 = DIRECTION('',(0.,0.,1.));
#1110 = DIRECTION('',(1.,0.,0.));
#1111 = AXIS2_PLACEMENT_3D('',#1112,#1113,#1114);
#1112 = CARTESIAN_POINT('',(1.,-4.,0.15));
#1113 = DIRECTION('',(0.,0.,1.));
#1114 = DIRECTION('',(1.,0.,0.));
#1115 = AXIS2_PLACEMENT_3D('',#1116,#1117,#1118);
#1116 = CARTESIAN_POINT('',(1.5,-4.,0.15));
#1117 = DIRECTION('',(0.,0.,1.));
#1118 = DIRECTION('',(1.,0.,0.));
#1119 = AXIS2_PLACEMENT_3D('',#1120,#1121,#1122);
#1120 = CARTESIAN_POINT('',(2.,-4.,0.15));
#1121 = DIRECTION('',(0.,0.,1.));
#1122 = DIRECTION('',(1.,0.,0.));
#1123 = AXIS2_PLACEMENT_3D('',#1124,#1125,#1126);
#1124 = CARTESIAN_POINT('',(2.5,-4.,0.15));
#1125 = DIRECTION('',(0.,0.,1.));
#1126 = DIRECTION('',(1.,0.,0.));
#1127 = AXIS2_PLACEMENT_3D('',#1128,#1129,#1130);
#1128 = CARTESIAN_POINT('',(3.,-4.,0.15));
#1129 = DIRECTION('',(0.,0.,1.));
#1130 = DIRECTION('',(1.,0.,0.));
#1131 = AXIS2_PLACEMENT_3D('',#1132,#1133,#1134);
#1132 = CARTESIAN_POINT('',(3.5,-4.,0.15));
#1133 = DIRECTION('',(0.,0.,1.));
#1134 = DIRECTION('',(1.,0.,0.));
#1135 = AXIS2_PLACEMENT_3D('',#1136,#1137,#1138);
#1136 = CARTESIAN_POINT('',(4.,-4.,0.15));
#1137 = DIRECTION('',(0.,0.,1.));
#1138 = DIRECTION('',(1.,0.,0.));
#1139 = AXIS2_PLACEMENT_3D('',#1140,#1141,#1142);
#1140 = CARTESIAN_POINT('',(4.5,-4.,0.15));
#1141 = DIRECTION('',(0.,0.,1.));
#1142 = DIRECTION('',(1.,0.,0.));
#1143 = AXIS2_PLACEMENT_3D('',#1144,#1145,#1146);
#1144 = CARTESIAN_POINT('',(5.,-4.,0.15));
#1145 = DIRECTION('',(0.,0.,1.));
#1146 = DIRECTION('',(1.,0.,0.));
#1147 = AXIS2_PLACEMENT_3D('',#1148,#1149,#1150);
#1148 = CARTESIAN_POINT('',(-5.,-4.5,0.15));
#1149 = DIRECTION('',(0.,0.,1.));
#1150 = DIRECTION('',(1.,0.,0.));
#1151 = AXIS2_PLACEMENT_3D('',#1152,#1153,#1154);
#1152 = CARTESIAN_POINT('',(-4.5,-4.5,0.15));
#1153 = DIRECTION('',(0.,0.,1.));
#1154 = DIRECTION('',(1.,0.,0.));
#1155 = AXIS2_PLACEMENT_3D('',#1156,#1157,#1158);
#1156 = CARTESIAN_POINT('',(-4.,-4.5,0.15));
#1157 = DIRECTION('',(0.,0.,1.));
#1158 = DIRECTION('',(1.,0.,0.));
#1159 = AXIS2_PLACEMENT_3D('',#1160,#1161,#1162);
#1160 = CARTESIAN_POINT('',(-3.5,-4.5,0.15));
#1161 = DIRECTION('',(0.,0.,1.));
#1162 = DIRECTION('',(1.,0.,0.));
#1163 = AXIS2_PLACEMENT_3D('',#1164,#1165,#1166);
#1164 = CARTESIAN_POINT('',(-3.,-4.5,0.15));
#1165 = DIRECTION('',(0.,0.,1.));
#1166 = DIRECTION('',(1.,0.,0.));
#1167 = AXIS2_PLACEMENT_3D('',#1168,#1169,#1170);
#1168 = CARTESIAN_POINT('',(-2.5,-4.5,0.15));
#1169 = DIRECTION('',(0.,0.,1.));
#1170 = DIRECTION('',(1.,0.,0.));
#1171 = AXIS2_PLACEMENT_3D('',#1172,#1173,#1174);
#1172 = CARTESIAN_POINT('',(-2.,-4.5,0.15));
#1173 = DIRECTION('',(0.,0.,1.));
#1174 = DIRECTION('',(1.,0.,0.));
#1175 = AXIS2_PLACEMENT_3D('',#1176,#1177,#1178);
#1176 = CARTESIAN_POINT('',(-1.5,-4.5,0.15));
#1177 = DIRECTION('',(0.,0.,1.));
#1178 = DIRECTION('',(1.,0.,0.));
#1179 = AXIS2_PLACEMENT_3D('',#1180,#1181,#1182);
#1180 = CARTESIAN_POINT('',(-1.,-4.5,0.15));
#1181 = DIRECTION('',(0.,0.,1.));
#1182 = DIRECTION('',(1.,0.,0.));
#1183 = AXIS2_PLACEMENT_3D('',#1184,#1185,#1186);
#1184 = CARTESIAN_POINT('',(-0.5,-4.5,0.15));
#1185 = DIRECTION('',(0.,0.,1.));
#1186 = DIRECTION('',(1.,0.,0.));
#1187 = AXIS2_PLACEMENT_3D('',#1188,#1189,#1190);
#1188 = CARTESIAN_POINT('',(0.,-4.5,0.15));
#1189 = DIRECTION('',(0.,0.,1.));
#1190 = DIRECTION('',(1.,0.,0.));
#1191 = AXIS2_PLACEMENT_3D('',#1192,#1193,#1194);
#1192 = CARTESIAN_POINT('',(0.5,-4.5,0.15));
#1193 = DIRECTION('',(0.,0.,1.));
#1194 = DIRECTION('',(1.,0.,0.));
#1195 = AXIS2_PLACEMENT_3D('',#1196,#1197,#1198);
#1196 = CARTESIAN_POINT('',(1.,-4.5,0.15));
#1197 = DIRECTION('',(0.,0.,1.));
#1198 = DIRECTION('',(1.,0.,0.));
#1199 = AXIS2_PLACEMENT_3D('',#1200,#1201,#1202);
#1200 = CARTESIAN_POINT('',(1.5,-4.5,0.15));
#1201 = DIRECTION('',(0.,0.,1.));
#1202 = DIRECTION('',(1.,0.,0.));
#1203 = AXIS2_PLACEMENT_3D('',#1204,#1205,#1206);
#1204 = CARTESIAN_POINT('',(2.,-4.5,0.15));
#1205 = DIRECTION('',(0.,0.,1.));
#1206 = DIRECTION('',(1.,0.,0.));
#1207 = AXIS2_PLACEMENT_3D('',#1208,#1209,#1210);
#1208 = CARTESIAN_POINT('',(2.5,-4.5,0.15));
#1209 = DIRECTION('',(0.,0.,1.));
#1210 = DIRECTION('',(1.,0.,0.));
#1211 = AXIS2_PLACEMENT_3D('',#1212,#1213,#1214);
#1212 = CARTESIAN_POINT('',(3.,-4.5,0.15));
#1213 = DIRECTION('',(0.,0.,1.));
#1214 = DIRECTION('',(1.,0.,0.));
#1215 = AXIS2_PLACEMENT_3D('',#1216,#1217,#1218);
#1216 = CARTESIAN_POINT('',(3.5,-4.5,0.15));
#1217 = DIRECTION('',(0.,0.,1.));
#1218 = DIRECTION('',(1.,0.,0.));
#1219 = AXIS2_PLACEMENT_3D('',#1220,#1221,#1222);
#1220 = CARTESIAN_POINT('',(4.,-4.5,0.15));
#1221 = DIRECTION('',(0.,0.,1.));
#1222 = DIRECTION('',(1.,0.,0.));
#1223 = AXIS2_PLACEMENT_3D('',#1224,#1225,#1226);
#1224 = CARTESIAN_POINT('',(4.5,-4.5,0.15));
#1225 = DIRECTION('',(0.,0.,1.));
#1226 = DIRECTION('',(1.,0.,0.));
#1227 = AXIS2_PLACEMENT_3D('',#1228,#1229,#1230);
#1228 = CARTESIAN_POINT('',(5.,-4.5,0.15));
#1229 = DIRECTION('',(0.,0.,1.));
#1230 = DIRECTION('',(1.,0.,0.));
#1231 = AXIS2_PLACEMENT_3D('',#1232,#1233,#1234);
#1232 = CARTESIAN_POINT('',(-5.,-5.,0.15));
#1233 = DIRECTION('',(0.,0.,1.));
#1234 = DIRECTION('',(1.,0.,0.));
#1235 = AXIS2_PLACEMENT_3D('',#1236,#1237,#1238);
#1236 = CARTESIAN_POINT('',(-4.5,-5.,0.15));
#1237 = DIRECTION('',(0.,0.,1.));
#1238 = DIRECTION('',(1.,0.,0.));
#1239 = AXIS2_PLACEMENT_3D('',#1240,#1241,#1242);
#1240 = CARTESIAN_POINT('',(-4.,-5.,0.15));
#1241 = DIRECTION('',(0.,0.,1.));
#1242 = DIRECTION('',(1.,0.,0.));
#1243 = AXIS2_PLACEMENT_3D('',#1244,#1245,#1246);
#1244 = CARTESIAN_POINT('',(-3.5,-5.,0.15));
#1245 = DIRECTION('',(0.,0.,1.));
#1246 = DIRECTION('',(1.,0.,0.));
#1247 = AXIS2_PLACEMENT_3D('',#1248,#1249,#1250);
#1248 = CARTESIAN_POINT('',(-2.5,-5.,0.15));
#1249 = DIRECTION('',(0.,0.,1.));
#1250 = DIRECTION('',(1.,0.,0.));
#1251 = AXIS2_PLACEMENT_3D('',#1252,#1253,#1254);
#1252 = CARTESIAN_POINT('',(-2.,-5.,0.15));
#1253 = DIRECTION('',(0.,0.,1.));
#1254 = DIRECTION('',(1.,0.,0.));
#1255 = AXIS2_PLACEMENT_3D('',#1256,#1257,#1258);
#1256 = CARTESIAN_POINT('',(-1.,-5.,0.15));
#1257 = DIRECTION('',(0.,0.,1.));
#1258 = DIRECTION('',(1.,0.,0.));
#1259 = AXIS2_PLACEMENT_3D('',#1260,#1261,#1262);
#1260 = CARTESIAN_POINT('',(-0.5,-5.,0.15));
#1261 = DIRECTION('',(0.,0.,1.));
#1262 = DIRECTION('',(1.,0.,0.));
#1263 = AXIS2_PLACEMENT_3D('',#1264,#1265,#1266);
#1264 = CARTESIAN_POINT('',(0.5,-5.,0.15));
#1265 = DIRECTION('',(0.,0.,1.));
#1266 = DIRECTION('',(1.,0.,0.));
#1267 = AXIS2_PLACEMENT_3D('',#1268,#1269,#1270);
#1268 = CARTESIAN_POINT('',(1.,-5.,0.15));
#1269 = DIRECTION('',(0.,0.,1.));
#1270 = DIRECTION('',(1.,0.,0.));
#1271 = AXIS2_PLACEMENT_3D('',#1272,#1273,#1274);
#1272 = CARTESIAN_POINT('',(2.,-5.,0.15));
#1273 = DIRECTION('',(0.,0.,1.));
#1274 = DIRECTION('',(1.,0.,0.));
#1275 = AXIS2_PLACEMENT_3D('',#1276,#1277,#1278);
#1276 = CARTESIAN_POINT('',(2.5,-5.,0.15));
#1277 = DIRECTION('',(0.,0.,1.));
#1278 = DIRECTION('',(1.,0.,0.));
#1279 = AXIS2_PLACEMENT_3D('',#1280,#1281,#1282);
#1280 = CARTESIAN_POINT('',(3.5,-5.,0.15));
#1281 = DIRECTION('',(0.,0.,1.));
#1282 = DIRECTION('',(1.,0.,0.));
#1283 = AXIS2_PLACEMENT_3D('',#1284,#1285,#1286);
#1284 = CARTESIAN_POINT('',(4.,-5.,0.15));
#1285 = DIRECTION('',(0.,0.,1.));
#1286 = DIRECTION('',(1.,0.,0.));
#1287 = AXIS2_PLACEMENT_3D('',#1288,#1289,#1290);
#1288 = CARTESIAN_POINT('',(4.5,-5.,0.15));
#1289 = DIRECTION('',(0.,0.,1.));
#1290 = DIRECTION('',(1.,0.,0.));
#1291 = AXIS2_PLACEMENT_3D('',#1292,#1293,#1294);
#1292 = CARTESIAN_POINT('',(5.,-5.,0.15));
#1293 = DIRECTION('',(0.,0.,1.));
#1294 = DIRECTION('',(1.,0.,0.));
#1295 = AXIS2_PLACEMENT_3D('',#1296,#1297,#1298);
#1296 = CARTESIAN_POINT('',(0.,0.,0.));
#1297 = DIRECTION('',(0.,0.,1.));
#1298 = DIRECTION('',(1.,0.,0.));
#1299 = ( GEOMETRIC_REPRESENTATION_CONTEXT(3) 
GLOBAL_UNCERTAINTY_ASSIGNED_CONTEXT((#1303)) 
GLOBAL_UNIT_ASSIGNED_CONTEXT((#1300,#1301,#1302)) REPRESENTATION_CONTEXT
('Context #1','3D Context with UNIT and UNCERTAINTY') );
#1300 = ( LENGTH_UNIT() NAMED_UNIT(*) SI_UNIT(.MILLI.,.METRE.) );
#1301 = ( NAMED_UNIT(*) PLANE_ANGLE_UNIT() SI_UNIT($,.RADIAN.) );
#1302 = ( NAMED_UNIT(*) SI_UNIT($,.STERADIAN.) SOLID_ANGLE_UNIT() );
#1303 = UNCERTAINTY_MEASURE_WITH_UNIT(LENGTH_MEASURE(1.E-07),#1300,
  'distance_accuracy_value','confusion accuracy');
#1304 = PRODUCT_RELATED_PRODUCT_CATEGORY('part',$,(#7));
#1305 = ADVANCED_BREP_SHAPE_REPRESENTATION('',(#11,#1306),#1318);
#1306 = MANIFOLD_SOLID_BREP('',#1307);
#1307 = CLOSED_SHELL('',(#1308));
#1308 = ADVANCED_FACE('',(#1309),#1313,.T.);
#1309 = FACE_BOUND('',#1310,.T.);
#1310 = VERTEX_LOOP('',#1311);
#1311 = VERTEX_POINT('',#1312);
#1312 = CARTESIAN_POINT('',(9.184850993605E-18,-2.249639673993E-33,-0.15
    ));
#1313 = SPHERICAL_SURFACE('',#1314,0.15);
#1314 = AXIS2_PLACEMENT_3D('',#1315,#1316,#1317);
#1315 = CARTESIAN_POINT('',(0.,0.,0.));
#1316 = DIRECTION('',(0.,0.,1.));
#1317 = DIRECTION('',(1.,0.,-0.));
#1318 = ( GEOMETRIC_REPRESENTATION_CONTEXT(3) 
GLOBAL_UNCERTAINTY_ASSIGNED_CONTEXT((#1322)) 
GLOBAL_UNIT_ASSIGNED_CONTEXT((#1319,#1320,#1321)) REPRESENTATION_CONTEXT
('Context #1','3D Context with UNIT and UNCERTAINTY') );
#1319 = ( LENGTH_UNIT() NAMED_UNIT(*) SI_UNIT(.MILLI.,.METRE.) );
#1320 = ( NAMED_UNIT(*) PLANE_ANGLE_UNIT() SI_UNIT($,.RADIAN.) );
#1321 = ( NAMED_UNIT(*) SI_UNIT($,.STERADIAN.) SOLID_ANGLE_UNIT() );
#1322 = UNCERTAINTY_MEASURE_WITH_UNIT(LENGTH_MEASURE(1.E-07),#1319,
  'distance_accuracy_value','confusion accuracy');
#1323 = SHAPE_DEFINITION_REPRESENTATION(#1324,#1305);
#1324 = PRODUCT_DEFINITION_SHAPE('','',#1325);
#1325 = PRODUCT_DEFINITION('design','',#1326,#1329);
#1326 = PRODUCT_DEFINITION_FORMATION('','',#1327);
#1327 = PRODUCT('A1','A1','',(#1328));
#1328 = PRODUCT_CONTEXT('',#2,'mechanical');
#1329 = PRODUCT_DEFINITION_CONTEXT('part definition',#2,'design');
#1330 = CONTEXT_DEPENDENT_SHAPE_REPRESENTATION(#1331,#1333);
#1331 = ( REPRESENTATION_RELATIONSHIP('','',#1305,#10) 
REPRESENTATION_RELATIONSHIP_WITH_TRANSFORMATION(#1332) 
SHAPE_REPRESENTATION_RELATIONSHIP() );
#1332 = ITEM_DEFINED_TRANSFORMATION('','',#11,#15);
#1333 = PRODUCT_DEFINITION_SHAPE('Placement','Placement of an item',
  #1334);
#1334 = NEXT_ASSEMBLY_USAGE_OCCURRENCE('1','=>[0:1:1:2]','',#5,#1325,$);
#1335 = PRODUCT_RELATED_PRODUCT_CATEGORY('part',$,(#1327));
#1336 = ADVANCED_BREP_SHAPE_REPRESENTATION('',(#11,#1337),#1349);
#1337 = MANIFOLD_SOLID_BREP('',#1338);
#1338 = CLOSED_SHELL('',(#1339));
#1339 = ADVANCED_FACE('',(#1340),#1344,.T.);
#1340 = FACE_BOUND('',#1341,.T.);
#1341 = VERTEX_LOOP('',#1342);
#1342 = VERTEX_POINT('',#1343);
#1343 = CARTESIAN_POINT('',(9.184850993605E-18,-2.249639673993E-33,-0.15
    ));
#1344 = SPHERICAL_SURFACE('',#1345,0.15);
#1345 = AXIS2_PLACEMENT_3D('',#1346,#1347,#1348);
#1346 = CARTESIAN_POINT('',(0.,0.,0.));
#1347 = DIRECTION('',(0.,0.,1.));
#1348 = DIRECTION('',(1.,0.,-0.));
#1349 = ( GEOMETRIC_REPRESENTATION_CONTEXT(3) 
GLOBAL_UNCERTAINTY_ASSIGNED_CONTEXT((#1353)) 
GLOBAL_UNIT_ASSIGNED_CONTEXT((#1350,#1351,#1352)) REPRESENTATION_CONTEXT
('Context #1','3D Context with UNIT and UNCERTAINTY') );
#1350 = ( LENGTH_UNIT() NAMED_UNIT(*) SI_UNIT(.MILLI.,.METRE.) );
#1351 = ( NAMED_UNIT(*) PLANE_ANGLE_UNIT() SI_UNIT($,.RADIAN.) );
#1352 = ( NAMED_UNIT(*) SI_UNIT($,.STERADIAN.) SOLID_ANGLE_UNIT() );
#1353 = UNCERTAINTY_MEASURE_WITH_UNIT(LENGTH_MEASURE(1.E-07),#1350,
  'distance_accuracy_value','confusion accuracy');
#1354 = SHAPE_DEFINITION_REPRESENTATION(#1355,#1336);
#1355 = PRODUCT_DEFINITION_SHAPE('','',#1356);
#1356 = PRODUCT_DEFINITION('design','',#1357,#1360);
#1357 = PRODUCT_DEFINITION_FORMATION('','',#1358);
#1358 = PRODUCT('A2','A2','',(#1359));
#1359 = PRODUCT_CONTEXT('',#2,'mechanical');
#1360 = PRODUCT_DEFINITION_CONTEXT('part definition',#2,'design');
#1361 = CONTEXT_DEPENDENT_SHAPE_REPRESENTATION(#1362,#1364);
#1362 = ( REPRESENTATION_RELATIONSHIP('','',#1336,#10) 
REPRESENTATION_RELATIONSHIP_WITH_TRANSFORMATION(#1363) 
SHAPE_REPRESENTATION_RELATIONSHIP() );
#1363 = ITEM_DEFINED_TRANSFORMATION('','',#11,#19);
#1364 = PRODUCT_DEFINITION_SHAPE('Placement','Placement of an item',
  #1365);
#1365 = NEXT_ASSEMBLY_USAGE_OCCURRENCE('2','=>[0:1:1:3]','',#5,#1356,$);
#1366 = PRODUCT_RELATED_PRODUCT_CATEGORY('part',$,(#1358));
#1367 = ADVANCED_BREP_SHAPE_REPRESENTATION('',(#11,#1368),#1380);
#1368 = MANIFOLD_SOLID_BREP('',#1369);
#1369 = CLOSED_SHELL('',(#1370));
#1370 = ADVANCED_FACE('',(#1371),#1375,.T.);
#1371 = FACE_BOUND('',#1372,.T.);
#1372 = VERTEX_LOOP('',#1373);
#1373 = VERTEX_POINT('',#1374);
#1374 = CARTESIAN_POINT('',(9.184850993605E-18,-2.249639673993E-33,-0.15
    ));
#1375 = SPHERICAL_SURFACE('',#1376,0.15);
#1376 = AXIS2_PLACEMENT_3D('',#1377,#1378,#1379);
#1377 = CARTESIAN_POINT('',(0.,0.,0.));
#1378 = DIRECTION('',(0.,0.,1.));
#1379 = DIRECTION('',(1.,0.,-0.));
#1380 = ( GEOMETRIC_REPRESENTATION_CONTEXT(3) 
GLOBAL_UNCERTAINTY_ASSIGNED_CONTEXT((#1384)) 
GLOBAL_UNIT_ASSIGNED_CONTEXT((#1381,#1382,#1383)) REPRESENTATION_CONTEXT
('Context #1','3D Context with UNIT and UNCERTAINTY') );
#1381 = ( LENGTH_UNIT() NAMED_UNIT(*) SI_UNIT(.MILLI.,.METRE.) );
#1382 = ( NAMED_UNIT(*) PLANE_ANGLE_UNIT() SI_UNIT($,.RADIAN.) );
#1383 = ( NAMED_UNIT(*) SI_UNIT($,.STERADIAN.) SOLID_ANGLE_UNIT() );
#1384 = UNCERTAINTY_MEASURE_WITH_UNIT(LENGTH_MEASURE(1.E-07),#1381,
  'distance_accuracy_value','confusion accuracy');
#1385 = SHAPE_DEFINITION_REPRESENTATION(#1386,#1367);
#1386 = PRODUCT_DEFINITION_SHAPE('','',#1387);
#1387 = PRODUCT_DEFINITION('design','',#1388,#1391);
#1388 = PRODUCT_DEFINITION_FORMATION('','',#1389);
#1389 = PRODUCT('A3','A3','',(#1390));
#1390 = PRODUCT_CONTEXT('',#2,'mechanical');
#1391 = PRODUCT_DEFINITION_CONTEXT('part definition',#2,'design');
#1392 = CONTEXT_DEPENDENT_SHAPE_REPRESENTATION(#1393,#1395);
#1393 = ( REPRESENTATION_RELATIONSHIP('','',#1367,#10) 
REPRESENTATION_RELATIONSHIP_WITH_TRANSFORMATION(#1394) 
SHAPE_REPRESENTATION_RELATIONSHIP() );
#1394 = ITEM_DEFINED_TRANSFORMATION('','',#11,#23);
#1395 = PRODUCT_DEFINITION_SHAPE('Placement','Placement of an item',
  #1396);
#1396 = NEXT_ASSEMBLY_USAGE_OCCURRENCE('3','=>[0:1:1:4]','',#5,#1387,$);
#1397 = PRODUCT_RELATED_PRODUCT_CATEGORY('part',$,(#1389));
#1398 = ADVANCED_BREP_SHAPE_REPRESENTATION('',(#11,#1399),#1411);
#1399 = MANIFOLD_SOLID_BREP('',#1400);
#1400 = CLOSED_SHELL('',(#1401));
#1401 = ADVANCED_FACE('',(#1402),#1406,.T.);
#1402 = FACE_BOUND('',#1403,.T.);
#1403 = VERTEX_LOOP('',#1404);
#1404 = VERTEX_POINT('',#1405);
#1405 = CARTESIAN_POINT('',(9.184850993605E-18,-2.249639673993E-33,-0.15
    ));
#1406 = SPHERICAL_SURFACE('',#1407,0.15);
#1407 = AXIS2_PLACEMENT_3D('',#1408,#1409,#1410);
#1408 = CARTESIAN_POINT('',(0.,0.,0.));
#1409 = DIRECTION('',(0.,0.,1.));
#1410 = DIRECTION('',(1.,0.,-0.));
#1411 = ( GEOMETRIC_REPRESENTATION_CONTEXT(3) 
GLOBAL_UNCERTAINTY_ASSIGNED_CONTEXT((#1415)) 
GLOBAL_UNIT_ASSIGNED_CONTEXT((#1412,#1413,#1414)) REPRESENTATION_CONTEXT
('Context #1','3D Context with UNIT and UNCERTAINTY') );
#1412 = ( LENGTH_UNIT() NAMED_UNIT(*) SI_UNIT(.MILLI.,.METRE.) );
#1413 = ( NAMED_UNIT(*) PLANE_ANGLE_UNIT() SI_UNIT($,.RADIAN.) );
#1414 = ( NAMED_UNIT(*) SI_UNIT($,.STERADIAN.) SOLID_ANGLE_UNIT() );
#1415 = UNCERTAINTY_MEASURE_WITH_UNIT(LENGTH_MEASURE(1.E-07),#1412,
  'distance_accuracy_value','confusion accuracy');
#1416 = SHAPE_DEFINITION_REPRESENTATION(#1417,#1398);
#1417 = PRODUCT_DEFINITION_SHAPE('','',#1418);
#1418 = PRODUCT_DEFINITION('design','',#1419,#1422);
#1419 = PRODUCT_DEFINITION_FORMATION('','',#1420);
#1420 = PRODUCT('A4','A4','',(#1421));
#1421 = PRODUCT_CONTEXT('',#2,'mechanical');
#1422 = PRODUCT_DEFINITION_CONTEXT('part definition',#2,'design');
#1423 = CONTEXT_DEPENDENT_SHAPE_REPRESENTATION(#1424,#1426);
#1424 = ( REPRESENTATION_RELATIONSHIP('','',#1398,#10) 
REPRESENTATION_RELATIONSHIP_WITH_TRANSFORMATION(#1425) 
SHAPE_REPRESENTATION_RELATIONSHIP() );
#1425 = ITEM_DEFINED_TRANSFORMATION('','',#11,#27);
#1426 = PRODUCT_DEFINITION_SHAPE('Placement','Placement of an item',
  #1427);
#1427 = NEXT_ASSEMBLY_USAGE_OCCURRENCE('4','=>[0:1:1:5]','',#5,#1418,$);
#1428 = PRODUCT_RELATED_PRODUCT_CATEGORY('part',$,(#1420));
#1429 = ADVANCED_BREP_SHAPE_REPRESENTATION('',(#11,#1430),#1442);
#1430 = MANIFOLD_SOLID_BREP('',#1431);
#1431 = CLOSED_SHELL('',(#1432));
#1432 = ADVANCED_FACE('',(#1433),#1437,.T.);
#1433 = FACE_BOUND('',#1434,.T.);
#1434 = VERTEX_LOOP('',#1435);
#1435 = VERTEX_POINT('',#1436);
#1436 = CARTESIAN_POINT('',(9.184850993605E-18,-2.249639673993E-33,-0.15
    ));
#1437 = SPHERICAL_SURFACE('',#1438,0.15);
#1438 = AXIS2_PLACEMENT_3D('',#1439,#1440,#1441);
#1439 = CARTESIAN_POINT('',(0.,0.,0.));
#1440 = DIRECTION('',(0.,0.,1.));
#1441 = DIRECTION('',(1.,0.,-0.));
#1442 = ( GEOMETRIC_REPRESENTATION_CONTEXT(3) 
GLOBAL_UNCERTAINTY_ASSIGNED_CONTEXT((#1446)) 
GLOBAL_UNIT_ASSIGNED_CONTEXT((#1443,#1444,#1445)) REPRESENTATION_CONTEXT
('Context #1','3D Context with UNIT and UNCERTAINTY') );
#1443 = ( LENGTH_UNIT() NAMED_UNIT(*) SI_UNIT(.MILLI.,.METRE.) );
#1444 = ( NAMED_UNIT(*) PLANE_ANGLE_UNIT() SI_UNIT($,.RADIAN.) );
#1445 = ( NAMED_UNIT(*) SI_UNIT($,.STERADIAN.) SOLID_ANGLE_UNIT() );
#1446 = UNCERTAINTY_MEASURE_WITH_UNIT(LENGTH_MEASURE(1.E-07),#1443,
  'distance_accuracy_value','confusion accuracy');
#1447 = SHAPE_DEFINITION_REPRESENTATION(#1448,#1429);
#1448 = PRODUCT_DEFINITION_SHAPE('','',#1449);
#1449 = PRODUCT_DEFINITION('design','',#1450,#1453);
#1450 = PRODUCT_DEFINITION_FORMATION('','',#1451);
#1451 = PRODUCT('A6','A6','',(#1452));
#1452 = PRODUCT_CONTEXT('',#2,'mechanical');
#1453 = PRODUCT_DEFINITION_CONTEXT('part definition',#2,'design');
#1454 = CONTEXT_DEPENDENT_SHAPE_REPRESENTATION(#1455,#1457);
#1455 = ( REPRESENTATION_RELATIONSHIP('','',#1429,#10) 
REPRESENTATION_RELATIONSHIP_WITH_TRANSFORMATION(#1456) 
SHAPE_REPRESENTATION_RELATIONSHIP() );
#1456 = ITEM_DEFINED_TRANSFORMATION('','',#11,#31);
#1457 = PRODUCT_DEFINITION_SHAPE('Placement','Placement of an item',
  #1458);
#1458 = NEXT_ASSEMBLY_USAGE_OCCURRENCE('5','=>[0:1:1:6]','',#5,#1449,$);
#1459 = PRODUCT_RELATED_PRODUCT_CATEGORY('part',$,(#1451));
#1460 = ADVANCED_BREP_SHAPE_REPRESENTATION('',(#11,#1461),#1473);
#1461 = MANIFOLD_SOLID_BREP('',#1462);
#1462 = CLOSED_SHELL('',(#1463));
#1463 = ADVANCED_FACE('',(#1464),#1468,.T.);
#1464 = FACE_BOUND('',#1465,.T.);
#1465 = VERTEX_LOOP('',#1466);
#1466 = VERTEX_POINT('',#1467);
#1467 = CARTESIAN_POINT('',(9.184850993605E-18,-2.249639673993E-33,-0.15
    ));
#1468 = SPHERICAL_SURFACE('',#1469,0.15);
#1469 = AXIS2_PLACEMENT_3D('',#1470,#1471,#1472);
#1470 = CARTESIAN_POINT('',(0.,0.,0.));
#1471 = DIRECTION('',(0.,0.,1.));
#1472 = DIRECTION('',(1.,0.,-0.));
#1473 = ( GEOMETRIC_REPRESENTATION_CONTEXT(3) 
GLOBAL_UNCERTAINTY_ASSIGNED_CONTEXT((#1477)) 
GLOBAL_UNIT_ASSIGNED_CONTEXT((#1474,#1475,#1476)) REPRESENTATION_CONTEXT
('Context #1','3D Context with UNIT and UNCERTAINTY') );
#1474 = ( LENGTH_UNIT() NAMED_UNIT(*) SI_UNIT(.MILLI.,.METRE.) );
#1475 = ( NAMED_UNIT(*) PLANE_ANGLE_UNIT() SI_UNIT($,.RADIAN.) );
#1476 = ( NAMED_UNIT(*) SI_UNIT($,.STERADIAN.) SOLID_ANGLE_UNIT() );
#1477 = UNCERTAINTY_MEASURE_WITH_UNIT(LENGTH_MEASURE(1.E-07),#1474,
  'distance_accuracy_value','confusion accuracy');
#1478 = SHAPE_DEFINITION_REPRESENTATION(#1479,#1460);
#1479 = PRODUCT_DEFINITION_SHAPE('','',#1480);
#1480 = PRODUCT_DEFINITION('design','',#1481,#1484);
#1481 = PRODUCT_DEFINITION_FORMATION('','',#1482);
#1482 = PRODUCT('A7','A7','',(#1483));
#1483 = PRODUCT_CONTEXT('',#2,'mechanical');
#1484 = PRODUCT_DEFINITION_CONTEXT('part definition',#2,'design');
#1485 = CONTEXT_DEPENDENT_SHAPE_REPRESENTATION(#1486,#1488);
#1486 = ( REPRESENTATION_RELATIONSHIP('','',#1460,#10) 
REPRESENTATION_RELATIONSHIP_WITH_TRANSFORMATION(#1487) 
SHAPE_REPRESENTATION_RELATIONSHIP() );
#1487 = ITEM_DEFINED_TRANSFORMATION('','',#11,#35);
#1488 = PRODUCT_DEFINITION_SHAPE('Placement','Placement of an item',
  #1489);
#1489 = NEXT_ASSEMBLY_USAGE_OCCURRENCE('6','=>[0:1:1:7]','',#5,#1480,$);
#1490 = PRODUCT_RELATED_PRODUCT_CATEGORY('part',$,(#1482));
#1491 = ADVANCED_BREP_SHAPE_REPRESENTATION('',(#11,#1492),#1504);
#1492 = MANIFOLD_SOLID_BREP('',#1493);
#1493 = CLOSED_SHELL('',(#1494));
#1494 = ADVANCED_FACE('',(#1495),#1499,.T.);
#1495 = FACE_BOUND('',#1496,.T.);
#1496 = VERTEX_LOOP('',#1497);
#1497 = VERTEX_POINT('',#1498);
#1498 = CARTESIAN_POINT('',(9.184850993605E-18,-2.249639673993E-33,-0.15
    ));
#1499 = SPHERICAL_SURFACE('',#1500,0.15);
#1500 = AXIS2_PLACEMENT_3D('',#1501,#1502,#1503);
#1501 = CARTESIAN_POINT('',(0.,0.,0.));
#1502 = DIRECTION('',(0.,0.,1.));
#1503 = DIRECTION('',(1.,0.,-0.));
#1504 = ( GEOMETRIC_REPRESENTATION_CONTEXT(3) 
GLOBAL_UNCERTAINTY_ASSIGNED_CONTEXT((#1508)) 
GLOBAL_UNIT_ASSIGNED_CONTEXT((#1505,#1506,#1507)) REPRESENTATION_CONTEXT
('Context #1','3D Context with UNIT and UNCERTAINTY') );
#1505 = ( LENGTH_UNIT() NAMED_UNIT(*) SI_UNIT(.MILLI.,.METRE.) );
#1506 = ( NAMED_UNIT(*) PLANE_ANGLE_UNIT() SI_UNIT($,.RADIAN.) );
#1507 = ( NAMED_UNIT(*) SI_UNIT($,.STERADIAN.) SOLID_ANGLE_UNIT() );
#1508 = UNCERTAINTY_MEASURE_WITH_UNIT(LENGTH_MEASURE(1.E-07),#1505,
  'distance_accuracy_value','confusion accuracy');
#1509 = SHAPE_DEFINITION_REPRESENTATION(#1510,#1491);
#1510 = PRODUCT_DEFINITION_SHAPE('','',#1511);
#1511 = PRODUCT_DEFINITION('design','',#1512,#1515);
#1512 = PRODUCT_DEFINITION_FORMATION('','',#1513);
#1513 = PRODUCT('A9','A9','',(#1514));
#1514 = PRODUCT_CONTEXT('',#2,'mechanical');
#1515 = PRODUCT_DEFINITION_CONTEXT('part definition',#2,'design');
#1516 = CONTEXT_DEPENDENT_SHAPE_REPRESENTATION(#1517,#1519);
#1517 = ( REPRESENTATION_RELATIONSHIP('','',#1491,#10) 
REPRESENTATION_RELATIONSHIP_WITH_TRANSFORMATION(#1518) 
SHAPE_REPRESENTATION_RELATIONSHIP() );
#1518 = ITEM_DEFINED_TRANSFORMATION('','',#11,#39);
#1519 = PRODUCT_DEFINITION_SHAPE('Placement','Placement of an item',
  #1520);
#1520 = NEXT_ASSEMBLY_USAGE_OCCURRENCE('7','=>[0:1:1:8]','',#5,#1511,$);
#1521 = PRODUCT_RELATED_PRODUCT_CATEGORY('part',$,(#1513));
#1522 = ADVANCED_BREP_SHAPE_REPRESENTATION('',(#11,#1523),#1535);
#1523 = MANIFOLD_SOLID_BREP('',#1524);
#1524 = CLOSED_SHELL('',(#1525));
#1525 = ADVANCED_FACE('',(#1526),#1530,.T.);
#1526 = FACE_BOUND('',#1527,.T.);
#1527 = VERTEX_LOOP('',#1528);
#1528 = VERTEX_POINT('',#1529);
#1529 = CARTESIAN_POINT('',(9.184850993605E-18,-2.249639673993E-33,-0.15
    ));
#1530 = SPHERICAL_SURFACE('',#1531,0.15);
#1531 = AXIS2_PLACEMENT_3D('',#1532,#1533,#1534);
#1532 = CARTESIAN_POINT('',(0.,0.,0.));
#1533 = DIRECTION('',(0.,0.,1.));
#1534 = DIRECTION('',(1.,0.,-0.));
#1535 = ( GEOMETRIC_REPRESENTATION_CONTEXT(3) 
GLOBAL_UNCERTAINTY_ASSIGNED_CONTEXT((#1539)) 
GLOBAL_UNIT_ASSIGNED_CONTEXT((#1536,#1537,#1538)) REPRESENTATION_CONTEXT
('Context #1','3D Context with UNIT and UNCERTAINTY') );
#1536 = ( LENGTH_UNIT() NAMED_UNIT(*) SI_UNIT(.MILLI.,.METRE.) );
#1537 = ( NAMED_UNIT(*) PLANE_ANGLE_UNIT() SI_UNIT($,.RADIAN.) );
#1538 = ( NAMED_UNIT(*) SI_UNIT($,.STERADIAN.) SOLID_ANGLE_UNIT() );
#1539 = UNCERTAINTY_MEASURE_WITH_UNIT(LENGTH_MEASURE(1.E-07),#1536,
  'distance_accuracy_value','confusion accuracy');
#1540 = SHAPE_DEFINITION_REPRESENTATION(#1541,#1522);
#1541 = PRODUCT_DEFINITION_SHAPE('','',#1542);
#1542 = PRODUCT_DEFINITION('design','',#1543,#1546);
#1543 = PRODUCT_DEFINITION_FORMATION('','',#1544);
#1544 = PRODUCT('A10','A10','',(#1545));
#1545 = PRODUCT_CONTEXT('',#2,'mechanical');
#1546 = PRODUCT_DEFINITION_CONTEXT('part definition',#2,'design');
#1547 = CONTEXT_DEPENDENT_SHAPE_REPRESENTATION(#1548,#1550);
#1548 = ( REPRESENTATION_RELATIONSHIP('','',#1522,#10) 
REPRESENTATION_RELATIONSHIP_WITH_TRANSFORMATION(#1549) 
SHAPE_REPRESENTATION_RELATIONSHIP() );
#1549 = ITEM_DEFINED_TRANSFORMATION('','',#11,#43);
#1550 = PRODUCT_DEFINITION_SHAPE('Placement','Placement of an item',
  #1551);
#1551 = NEXT_ASSEMBLY_USAGE_OCCURRENCE('8','=>[0:1:1:9]','',#5,#1542,$);
#1552 = PRODUCT_RELATED_PRODUCT_CATEGORY('part',$,(#1544));
#1553 = ADVANCED_BREP_SHAPE_REPRESENTATION('',(#11,#1554),#1566);
#1554 = MANIFOLD_SOLID_BREP('',#1555);
#1555 = CLOSED_SHELL('',(#1556));
#1556 = ADVANCED_FACE('',(#1557),#1561,.T.);
#1557 = FACE_BOUND('',#1558,.T.);
#1558 = VERTEX_LOOP('',#1559);
#1559 = VERTEX_POINT('',#1560);
#1560 = CARTESIAN_POINT('',(9.184850993605E-18,-2.249639673993E-33,-0.15
    ));
#1561 = SPHERICAL_SURFACE('',#1562,0.15);
#1562 = AXIS2_PLACEMENT_3D('',#1563,#1564,#1565);
#1563 = CARTESIAN_POINT('',(0.,0.,0.));
#1564 = DIRECTION('',(0.,0.,1.));
#1565 = DIRECTION('',(1.,0.,-0.));
#1566 = ( GEOMETRIC_REPRESENTATION_CONTEXT(3) 
GLOBAL_UNCERTAINTY_ASSIGNED_CONTEXT((#1570)) 
GLOBAL_UNIT_ASSIGNED_CONTEXT((#1567,#1568,#1569)) REPRESENTATION_CONTEXT
('Context #1','3D Context with UNIT and UNCERTAINTY') );
#1567 = ( LENGTH_UNIT() NAMED_UNIT(*) SI_UNIT(.MILLI.,.METRE.) );
#1568 = ( NAMED_UNIT(*) PLANE_ANGLE_UNIT() SI_UNIT($,.RADIAN.) );
#1569 = ( NAMED_UNIT(*) SI_UNIT($,.STERADIAN.) SOLID_ANGLE_UNIT() );
#1570 = UNCERTAINTY_MEASURE_WITH_UNIT(LENGTH_MEASURE(1.E-07),#1567,
  'distance_accuracy_value','confusion accuracy');
#1571 = SHAPE_DEFINITION_REPRESENTATION(#1572,#1553);
#1572 = PRODUCT_DEFINITION_SHAPE('','',#1573);
#1573 = PRODUCT_DEFINITION('design','',#1574,#1577);
#1574 = PRODUCT_DEFINITION_FORMATION('','',#1575);
#1575 = PRODUCT('A12','A12','',(#1576));
#1576 = PRODUCT_CONTEXT('',#2,'mechanical');
#1577 = PRODUCT_DEFINITION_CONTEXT('part definition',#2,'design');
#1578 = CONTEXT_DEPENDENT_SHAPE_REPRESENTATION(#1579,#1581);
#1579 = ( REPRESENTATION_RELATIONSHIP('','',#1553,#10) 
REPRESENTATION_RELATIONSHIP_WITH_TRANSFORMATION(#1580) 
SHAPE_REPRESENTATION_RELATIONSHIP() );
#1580 = ITEM_DEFINED_TRANSFORMATION('','',#11,#47);
#1581 = PRODUCT_DEFINITION_SHAPE('Placement','Placement of an item',
  #1582);
#1582 = NEXT_ASSEMBLY_USAGE_OCCURRENCE('9','=>[0:1:1:10]','',#5,#1573,$
  );
#1583 = PRODUCT_RELATED_PRODUCT_CATEGORY('part',$,(#1575));
#1584 = ADVANCED_BREP_SHAPE_REPRESENTATION('',(#11,#1585),#1597);
#1585 = MANIFOLD_SOLID_BREP('',#1586);
#1586 = CLOSED_SHELL('',(#1587));
#1587 = ADVANCED_FACE('',(#1588),#1592,.T.);
#1588 = FACE_BOUND('',#1589,.T.);
#1589 = VERTEX_LOOP('',#1590);
#1590 = VERTEX_POINT('',#1591);
#1591 = CARTESIAN_POINT('',(9.184850993605E-18,-2.249639673993E-33,-0.15
    ));
#1592 = SPHERICAL_SURFACE('',#1593,0.15);
#1593 = AXIS2_PLACEMENT_3D('',#1594,#1595,#1596);
#1594 = CARTESIAN_POINT('',(0.,0.,0.));
#1595 = DIRECTION('',(0.,0.,1.));
#1596 = DIRECTION('',(1.,0.,-0.));
#1597 = ( GEOMETRIC_REPRESENTATION_CONTEXT(3) 
GLOBAL_UNCERTAINTY_ASSIGNED_CONTEXT((#1601)) 
GLOBAL_UNIT_ASSIGNED_CONTEXT((#1598,#1599,#1600)) REPRESENTATION_CONTEXT
('Context #1','3D Context with UNIT and UNCERTAINTY') );
#1598 = ( LENGTH_UNIT() NAMED_UNIT(*) SI_UNIT(.MILLI.,.METRE.) );
#1599 = ( NAMED_UNIT(*) PLANE_ANGLE_UNIT() SI_UNIT($,.RADIAN.) );
#1600 = ( NAMED_UNIT(*) SI_UNIT($,.STERADIAN.) SOLID_ANGLE_UNIT() );
#1601 = UNCERTAINTY_MEASURE_WITH_UNIT(LENGTH_MEASURE(1.E-07),#1598,
  'distance_accuracy_value','confusion accuracy');
#1602 = SHAPE_DEFINITION_REPRESENTATION(#1603,#1584);
#1603 = PRODUCT_DEFINITION_SHAPE('','',#1604);
#1604 = PRODUCT_DEFINITION('design','',#1605,#1608);
#1605 = PRODUCT_DEFINITION_FORMATION('','',#1606);
#1606 = PRODUCT('A13','A13','',(#1607));
#1607 = PRODUCT_CONTEXT('',#2,'mechanical');
#1608 = PRODUCT_DEFINITION_CONTEXT('part definition',#2,'design');
#1609 = CONTEXT_DEPENDENT_SHAPE_REPRESENTATION(#1610,#1612);
#1610 = ( REPRESENTATION_RELATIONSHIP('','',#1584,#10) 
REPRESENTATION_RELATIONSHIP_WITH_TRANSFORMATION(#1611) 
SHAPE_REPRESENTATION_RELATIONSHIP() );
#1611 = ITEM_DEFINED_TRANSFORMATION('','',#11,#51);
#1612 = PRODUCT_DEFINITION_SHAPE('Placement','Placement of an item',
  #1613);
#1613 = NEXT_ASSEMBLY_USAGE_OCCURRENCE('10','=>[0:1:1:11]','',#5,#1604,$
  );
#1614 = PRODUCT_RELATED_PRODUCT_CATEGORY('part',$,(#1606));
#1615 = ADVANCED_BREP_SHAPE_REPRESENTATION('',(#11,#1616),#1628);
#1616 = MANIFOLD_SOLID_BREP('',#1617);
#1617 = CLOSED_SHELL('',(#1618));
#1618 = ADVANCED_FACE('',(#1619),#1623,.T.);
#1619 = FACE_BOUND('',#1620,.T.);
#1620 = VERTEX_LOOP('',#1621);
#1621 = VERTEX_POINT('',#1622);
#1622 = CARTESIAN_POINT('',(9.184850993605E-18,-2.249639673993E-33,-0.15
    ));
#1623 = SPHERICAL_SURFACE('',#1624,0.15);
#1624 = AXIS2_PLACEMENT_3D('',#1625,#1626,#1627);
#1625 = CARTESIAN_POINT('',(0.,0.,0.));
#1626 = DIRECTION('',(0.,0.,1.));
#1627 = DIRECTION('',(1.,0.,-0.));
#1628 = ( GEOMETRIC_REPRESENTATION_CONTEXT(3) 
GLOBAL_UNCERTAINTY_ASSIGNED_CONTEXT((#1632)) 
GLOBAL_UNIT_ASSIGNED_CONTEXT((#1629,#1630,#1631)) REPRESENTATION_CONTEXT
('Context #1','3D Context with UNIT and UNCERTAINTY') );
#1629 = ( LENGTH_UNIT() NAMED_UNIT(*) SI_UNIT(.MILLI.,.METRE.) );
#1630 = ( NAMED_UNIT(*) PLANE_ANGLE_UNIT() SI_UNIT($,.RADIAN.) );
#1631 = ( NAMED_UNIT(*) SI_UNIT($,.STERADIAN.) SOLID_ANGLE_UNIT() );
#1632 = UNCERTAINTY_MEASURE_WITH_UNIT(LENGTH_MEASURE(1.E-07),#1629,
  'distance_accuracy_value','confusion accuracy');
#1633 = SHAPE_DEFINITION_REPRESENTATION(#1634,#1615);
#1634 = PRODUCT_DEFINITION_SHAPE('','',#1635);
#1635 = PRODUCT_DEFINITION('design','',#1636,#1639);
#1636 = PRODUCT_DEFINITION_FORMATION('','',#1637);
#1637 = PRODUCT('A15','A15','',(#1638));
#1638 = PRODUCT_CONTEXT('',#2,'mechanical');
#1639 = PRODUCT_DEFINITION_CONTEXT('part definition',#2,'design');
#1640 = CONTEXT_DEPENDENT_SHAPE_REPRESENTATION(#1641,#1643);
#1641 = ( REPRESENTATION_RELATIONSHIP('','',#1615,#10) 
REPRESENTATION_RELATIONSHIP_WITH_TRANSFORMATION(#1642) 
SHAPE_REPRESENTATION_RELATIONSHIP() );
#1642 = ITEM_DEFINED_TRANSFORMATION('','',#11,#55);
#1643 = PRODUCT_DEFINITION_SHAPE('Placement','Placement of an item',
  #1644);
#1644 = NEXT_ASSEMBLY_USAGE_OCCURRENCE('11','=>[0:1:1:12]','',#5,#1635,$
  );
#1645 = PRODUCT_RELATED_PRODUCT_CATEGORY('part',$,(#1637));
#1646 = ADVANCED_BREP_SHAPE_REPRESENTATION('',(#11,#1647),#1659);
#1647 = MANIFOLD_SOLID_BREP('',#1648);
#1648 = CLOSED_SHELL('',(#1649));
#1649 = ADVANCED_FACE('',(#1650),#1654,.T.);
#1650 = FACE_BOUND('',#1651,.T.);
#1651 = VERTEX_LOOP('',#1652);
#1652 = VERTEX_POINT('',#1653);
#1653 = CARTESIAN_POINT('',(9.184850993605E-18,-2.249639673993E-33,-0.15
    ));
#1654 = SPHERICAL_SURFACE('',#1655,0.15);
#1655 = AXIS2_PLACEMENT_3D('',#1656,#1657,#1658);
#1656 = CARTESIAN_POINT('',(0.,0.,0.));
#1657 = DIRECTION('',(0.,0.,1.));
#1658 = DIRECTION('',(1.,0.,-0.));
#1659 = ( GEOMETRIC_REPRESENTATION_CONTEXT(3) 
GLOBAL_UNCERTAINTY_ASSIGNED_CONTEXT((#1663)) 
GLOBAL_UNIT_ASSIGNED_CONTEXT((#1660,#1661,#1662)) REPRESENTATION_CONTEXT
('Context #1','3D Context with UNIT and UNCERTAINTY') );
#1660 = ( LENGTH_UNIT() NAMED_UNIT(*) SI_UNIT(.MILLI.,.METRE.) );
#1661 = ( NAMED_UNIT(*) PLANE_ANGLE_UNIT() SI_UNIT($,.RADIAN.) );
#1662 = ( NAMED_UNIT(*) SI_UNIT($,.STERADIAN.) SOLID_ANGLE_UNIT() );
#1663 = UNCERTAINTY_MEASURE_WITH_UNIT(LENGTH_MEASURE(1.E-07),#1660,
  'distance_accuracy_value','confusion accuracy');
#1664 = SHAPE_DEFINITION_REPRESENTATION(#1665,#1646);
#1665 = PRODUCT_DEFINITION_SHAPE('','',#1666);
#1666 = PRODUCT_DEFINITION('design','',#1667,#1670);
#1667 = PRODUCT_DEFINITION_FORMATION('','',#1668);
#1668 = PRODUCT('A16','A16','',(#1669));
#1669 = PRODUCT_CONTEXT('',#2,'mechanical');
#1670 = PRODUCT_DEFINITION_CONTEXT('part definition',#2,'design');
#1671 = CONTEXT_DEPENDENT_SHAPE_REPRESENTATION(#1672,#1674);
#1672 = ( REPRESENTATION_RELATIONSHIP('','',#1646,#10) 
REPRESENTATION_RELATIONSHIP_WITH_TRANSFORMATION(#1673) 
SHAPE_REPRESENTATION_RELATIONSHIP() );
#1673 = ITEM_DEFINED_TRANSFORMATION('','',#11,#59);
#1674 = PRODUCT_DEFINITION_SHAPE('Placement','Placement of an item',
  #1675);
#1675 = NEXT_ASSEMBLY_USAGE_OCCURRENCE('12','=>[0:1:1:13]','',#5,#1666,$
  );
#1676 = PRODUCT_RELATED_PRODUCT_CATEGORY('part',$,(#1668));
#1677 = ADVANCED_BREP_SHAPE_REPRESENTATION('',(#11,#1678),#1690);
#1678 = MANIFOLD_SOLID_BREP('',#1679);
#1679 = CLOSED_SHELL('',(#1680));
#1680 = ADVANCED_FACE('',(#1681),#1685,.T.);
#1681 = FACE_BOUND('',#1682,.T.);
#1682 = VERTEX_LOOP('',#1683);
#1683 = VERTEX_POINT('',#1684);
#1684 = CARTESIAN_POINT('',(9.184850993605E-18,-2.249639673993E-33,-0.15
    ));
#1685 = SPHERICAL_SURFACE('',#1686,0.15);
#1686 = AXIS2_PLACEMENT_3D('',#1687,#1688,#1689);
#1687 = CARTESIAN_POINT('',(0.,0.,0.));
#1688 = DIRECTION('',(0.,0.,1.));
#1689 = DIRECTION('',(1.,0.,-0.));
#1690 = ( GEOMETRIC_REPRESENTATION_CONTEXT(3) 
GLOBAL_UNCERTAINTY_ASSIGNED_CONTEXT((#1694)) 
GLOBAL_UNIT_ASSIGNED_CONTEXT((#1691,#1692,#1693)) REPRESENTATION_CONTEXT
('Context #1','3D Context with UNIT and UNCERTAINTY') );
#1691 = ( LENGTH_UNIT() NAMED_UNIT(*) SI_UNIT(.MILLI.,.METRE.) );
#1692 = ( NAMED_UNIT(*) PLANE_ANGLE_UNIT() SI_UNIT($,.RADIAN.) );
#1693 = ( NAMED_UNIT(*) SI_UNIT($,.STERADIAN.) SOLID_ANGLE_UNIT() );
#1694 = UNCERTAINTY_MEASURE_WITH_UNIT(LENGTH_MEASURE(1.E-07),#1691,
  'distance_accuracy_value','confusion accuracy');
#1695 = SHAPE_DEFINITION_REPRESENTATION(#1696,#1677);
#1696 = PRODUCT_DEFINITION_SHAPE('','',#1697);
#1697 = PRODUCT_DEFINITION('design','',#1698,#1701);
#1698 = PRODUCT_DEFINITION_FORMATION('','',#1699);
#1699 = PRODUCT('A18','A18','',(#1700));
#1700 = PRODUCT_CONTEXT('',#2,'mechanical');
#1701 = PRODUCT_DEFINITION_CONTEXT('part definition',#2,'design');
#1702 = CONTEXT_DEPENDENT_SHAPE_REPRESENTATION(#1703,#1705);
#1703 = ( REPRESENTATION_RELATIONSHIP('','',#1677,#10) 
REPRESENTATION_RELATIONSHIP_WITH_TRANSFORMATION(#1704) 
SHAPE_REPRESENTATION_RELATIONSHIP() );
#1704 = ITEM_DEFINED_TRANSFORMATION('','',#11,#63);
#1705 = PRODUCT_DEFINITION_SHAPE('Placement','Placement of an item',
  #1706);
#1706 = NEXT_ASSEMBLY_USAGE_OCCURRENCE('13','=>[0:1:1:14]','',#5,#1697,$
  );
#1707 = PRODUCT_RELATED_PRODUCT_CATEGORY('part',$,(#1699));
#1708 = ADVANCED_BREP_SHAPE_REPRESENTATION('',(#11,#1709),#1721);
#1709 = MANIFOLD_SOLID_BREP('',#1710);
#1710 = CLOSED_SHELL('',(#1711));
#1711 = ADVANCED_FACE('',(#1712),#1716,.T.);
#1712 = FACE_BOUND('',#1713,.T.);
#1713 = VERTEX_LOOP('',#1714);
#1714 = VERTEX_POINT('',#1715);
#1715 = CARTESIAN_POINT('',(9.184850993605E-18,-2.249639673993E-33,-0.15
    ));
#1716 = SPHERICAL_SURFACE('',#1717,0.15);
#1717 = AXIS2_PLACEMENT_3D('',#1718,#1719,#1720);
#1718 = CARTESIAN_POINT('',(0.,0.,0.));
#1719 = DIRECTION('',(0.,0.,1.));
#1720 = DIRECTION('',(1.,0.,-0.));
#1721 = ( GEOMETRIC_REPRESENTATION_CONTEXT(3) 
GLOBAL_UNCERTAINTY_ASSIGNED_CONTEXT((#1725)) 
GLOBAL_UNIT_ASSIGNED_CONTEXT((#1722,#1723,#1724)) REPRESENTATION_CONTEXT
('Context #1','3D Context with UNIT and UNCERTAINTY') );
#1722 = ( LENGTH_UNIT() NAMED_UNIT(*) SI_UNIT(.MILLI.,.METRE.) );
#1723 = ( NAMED_UNIT(*) PLANE_ANGLE_UNIT() SI_UNIT($,.RADIAN.) );
#1724 = ( NAMED_UNIT(*) SI_UNIT($,.STERADIAN.) SOLID_ANGLE_UNIT() );
#1725 = UNCERTAINTY_MEASURE_WITH_UNIT(LENGTH_MEASURE(1.E-07),#1722,
  'distance_accuracy_value','confusion accuracy');
#1726 = SHAPE_DEFINITION_REPRESENTATION(#1727,#1708);
#1727 = PRODUCT_DEFINITION_SHAPE('','',#1728);
#1728 = PRODUCT_DEFINITION('design','',#1729,#1732);
#1729 = PRODUCT_DEFINITION_FORMATION('','',#1730);
#1730 = PRODUCT('A19','A19','',(#1731));
#1731 = PRODUCT_CONTEXT('',#2,'mechanical');
#1732 = PRODUCT_DEFINITION_CONTEXT('part definition',#2,'design');
#1733 = CONTEXT_DEPENDENT_SHAPE_REPRESENTATION(#1734,#1736);
#1734 = ( REPRESENTATION_RELATIONSHIP('','',#1708,#10) 
REPRESENTATION_RELATIONSHIP_WITH_TRANSFORMATION(#1735) 
SHAPE_REPRESENTATION_RELATIONSHIP() );
#1735 = ITEM_DEFINED_TRANSFORMATION('','',#11,#67);
#1736 = PRODUCT_DEFINITION_SHAPE('Placement','Placement of an item',
  #1737);
#1737 = NEXT_ASSEMBLY_USAGE_OCCURRENCE('14','=>[0:1:1:15]','',#5,#1728,$
  );
#1738 = PRODUCT_RELATED_PRODUCT_CATEGORY('part',$,(#1730));
#1739 = ADVANCED_BREP_SHAPE_REPRESENTATION('',(#11,#1740),#1752);
#1740 = MANIFOLD_SOLID_BREP('',#1741);
#1741 = CLOSED_SHELL('',(#1742));
#1742 = ADVANCED_FACE('',(#1743),#1747,.T.);
#1743 = FACE_BOUND('',#1744,.T.);
#1744 = VERTEX_LOOP('',#1745);
#1745 = VERTEX_POINT('',#1746);
#1746 = CARTESIAN_POINT('',(9.184850993605E-18,-2.249639673993E-33,-0.15
    ));
#1747 = SPHERICAL_SURFACE('',#1748,0.15);
#1748 = AXIS2_PLACEMENT_3D('',#1749,#1750,#1751);
#1749 = CARTESIAN_POINT('',(0.,0.,0.));
#1750 = DIRECTION('',(0.,0.,1.));
#1751 = DIRECTION('',(1.,0.,-0.));
#1752 = ( GEOMETRIC_REPRESENTATION_CONTEXT(3) 
GLOBAL_UNCERTAINTY_ASSIGNED_CONTEXT((#1756)) 
GLOBAL_UNIT_ASSIGNED_CONTEXT((#1753,#1754,#1755)) REPRESENTATION_CONTEXT
('Context #1','3D Context with UNIT and UNCERTAINTY') );
#1753 = ( LENGTH_UNIT() NAMED_UNIT(*) SI_UNIT(.MILLI.,.METRE.) );
#1754 = ( NAMED_UNIT(*) PLANE_ANGLE_UNIT() SI_UNIT($,.RADIAN.) );
#1755 = ( NAMED_UNIT(*) SI_UNIT($,.STERADIAN.) SOLID_ANGLE_UNIT() );
#1756 = UNCERTAINTY_MEASURE_WITH_UNIT(LENGTH_MEASURE(1.E-07),#1753,
  'distance_accuracy_value','confusion accuracy');
#1757 = SHAPE_DEFINITION_REPRESENTATION(#1758,#1739);
#1758 = PRODUCT_DEFINITION_SHAPE('','',#1759);
#1759 = PRODUCT_DEFINITION('design','',#1760,#1763);
#1760 = PRODUCT_DEFINITION_FORMATION('','',#1761);
#1761 = PRODUCT('A20','A20','',(#1762));
#1762 = PRODUCT_CONTEXT('',#2,'mechanical');
#1763 = PRODUCT_DEFINITION_CONTEXT('part definition',#2,'design');
#1764 = CONTEXT_DEPENDENT_SHAPE_REPRESENTATION(#1765,#1767);
#1765 = ( REPRESENTATION_RELATIONSHIP('','',#1739,#10) 
REPRESENTATION_RELATIONSHIP_WITH_TRANSFORMATION(#1766) 
SHAPE_REPRESENTATION_RELATIONSHIP() );
#1766 = ITEM_DEFINED_TRANSFORMATION('','',#11,#71);
#1767 = PRODUCT_DEFINITION_SHAPE('Placement','Placement of an item',
  #1768);
#1768 = NEXT_ASSEMBLY_USAGE_OCCURRENCE('15','=>[0:1:1:16]','',#5,#1759,$
  );
#1769 = PRODUCT_RELATED_PRODUCT_CATEGORY('part',$,(#1761));
#1770 = ADVANCED_BREP_SHAPE_REPRESENTATION('',(#11,#1771),#1783);
#1771 = MANIFOLD_SOLID_BREP('',#1772);
#1772 = CLOSED_SHELL('',(#1773));
#1773 = ADVANCED_FACE('',(#1774),#1778,.T.);
#1774 = FACE_BOUND('',#1775,.T.);
#1775 = VERTEX_LOOP('',#1776);
#1776 = VERTEX_POINT('',#1777);
#1777 = CARTESIAN_POINT('',(9.184850993605E-18,-2.249639673993E-33,-0.15
    ));
#1778 = SPHERICAL_SURFACE('',#1779,0.15);
#1779 = AXIS2_PLACEMENT_3D('',#1780,#1781,#1782);
#1780 = CARTESIAN_POINT('',(0.,0.,0.));
#1781 = DIRECTION('',(0.,0.,1.));
#1782 = DIRECTION('',(1.,0.,-0.));
#1783 = ( GEOMETRIC_REPRESENTATION_CONTEXT(3) 
GLOBAL_UNCERTAINTY_ASSIGNED_CONTEXT((#1787)) 
GLOBAL_UNIT_ASSIGNED_CONTEXT((#1784,#1785,#1786)) REPRESENTATION_CONTEXT
('Context #1','3D Context with UNIT and UNCERTAINTY') );
#1784 = ( LENGTH_UNIT() NAMED_UNIT(*) SI_UNIT(.MILLI.,.METRE.) );
#1785 = ( NAMED_UNIT(*) PLANE_ANGLE_UNIT() SI_UNIT($,.RADIAN.) );
#1786 = ( NAMED_UNIT(*) SI_UNIT($,.STERADIAN.) SOLID_ANGLE_UNIT() );
#1787 = UNCERTAINTY_MEASURE_WITH_UNIT(LENGTH_MEASURE(1.E-07),#1784,
  'distance_accuracy_value','confusion accuracy');
#1788 = SHAPE_DEFINITION_REPRESENTATION(#1789,#1770);
#1789 = PRODUCT_DEFINITION_SHAPE('','',#1790);
#1790 = PRODUCT_DEFINITION('design','',#1791,#1794);
#1791 = PRODUCT_DEFINITION_FORMATION('','',#1792);
#1792 = PRODUCT('A21','A21','',(#1793));
#1793 = PRODUCT_CONTEXT('',#2,'mechanical');
#1794 = PRODUCT_DEFINITION_CONTEXT('part definition',#2,'design');
#1795 = CONTEXT_DEPENDENT_SHAPE_REPRESENTATION(#1796,#1798);
#1796 = ( REPRESENTATION_RELATIONSHIP('','',#1770,#10) 
REPRESENTATION_RELATIONSHIP_WITH_TRANSFORMATION(#1797) 
SHAPE_REPRESENTATION_RELATIONSHIP() );
#1797 = ITEM_DEFINED_TRANSFORMATION('','',#11,#75);
#1798 = PRODUCT_DEFINITION_SHAPE('Placement','Placement of an item',
  #1799);
#1799 = NEXT_ASSEMBLY_USAGE_OCCURRENCE('16','=>[0:1:1:17]','',#5,#1790,$
  );
#1800 = PRODUCT_RELATED_PRODUCT_CATEGORY('part',$,(#1792));
#1801 = ADVANCED_BREP_SHAPE_REPRESENTATION('',(#11,#1802),#1814);
#1802 = MANIFOLD_SOLID_BREP('',#1803);
#1803 = CLOSED_SHELL('',(#1804));
#1804 = ADVANCED_FACE('',(#1805),#1809,.T.);
#1805 = FACE_BOUND('',#1806,.T.);
#1806 = VERTEX_LOOP('',#1807);
#1807 = VERTEX_POINT('',#1808);
#1808 = CARTESIAN_POINT('',(9.184850993605E-18,-2.249639673993E-33,-0.15
    ));
#1809 = SPHERICAL_SURFACE('',#1810,0.15);
#1810 = AXIS2_PLACEMENT_3D('',#1811,#1812,#1813);
#1811 = CARTESIAN_POINT('',(0.,0.,0.));
#1812 = DIRECTION('',(0.,0.,1.));
#1813 = DIRECTION('',(1.,0.,-0.));
#1814 = ( GEOMETRIC_REPRESENTATION_CONTEXT(3) 
GLOBAL_UNCERTAINTY_ASSIGNED_CONTEXT((#1818)) 
GLOBAL_UNIT_ASSIGNED_CONTEXT((#1815,#1816,#1817)) REPRESENTATION_CONTEXT
('Context #1','3D Context with UNIT and UNCERTAINTY') );
#1815 = ( LENGTH_UNIT() NAMED_UNIT(*) SI_UNIT(.MILLI.,.METRE.) );
#1816 = ( NAMED_UNIT(*) PLANE_ANGLE_UNIT() SI_UNIT($,.RADIAN.) );
#1817 = ( NAMED_UNIT(*) SI_UNIT($,.STERADIAN.) SOLID_ANGLE_UNIT() );
#1818 = UNCERTAINTY_MEASURE_WITH_UNIT(LENGTH_MEASURE(1.E-07),#1815,
  'distance_accuracy_value','confusion accuracy');
#1819 = SHAPE_DEFINITION_REPRESENTATION(#1820,#1801);
#1820 = PRODUCT_DEFINITION_SHAPE('','',#1821);
#1821 = PRODUCT_DEFINITION('design','',#1822,#1825);
#1822 = PRODUCT_DEFINITION_FORMATION('','',#1823);
#1823 = PRODUCT('B1','B1','',(#1824));
#1824 = PRODUCT_CONTEXT('',#2,'mechanical');
#1825 = PRODUCT_DEFINITION_CONTEXT('part definition',#2,'design');
#1826 = CONTEXT_DEPENDENT_SHAPE_REPRESENTATION(#1827,#1829);
#1827 = ( REPRESENTATION_RELATIONSHIP('','',#1801,#10) 
REPRESENTATION_RELATIONSHIP_WITH_TRANSFORMATION(#1828) 
SHAPE_REPRESENTATION_RELATIONSHIP() );
#1828 = ITEM_DEFINED_TRANSFORMATION('','',#11,#79);
#1829 = PRODUCT_DEFINITION_SHAPE('Placement','Placement of an item',
  #1830);
#1830 = NEXT_ASSEMBLY_USAGE_OCCURRENCE('17','=>[0:1:1:18]','',#5,#1821,$
  );
#1831 = PRODUCT_RELATED_PRODUCT_CATEGORY('part',$,(#1823));
#1832 = ADVANCED_BREP_SHAPE_REPRESENTATION('',(#11,#1833),#1845);
#1833 = MANIFOLD_SOLID_BREP('',#1834);
#1834 = CLOSED_SHELL('',(#1835));
#1835 = ADVANCED_FACE('',(#1836),#1840,.T.);
#1836 = FACE_BOUND('',#1837,.T.);
#1837 = VERTEX_LOOP('',#1838);
#1838 = VERTEX_POINT('',#1839);
#1839 = CARTESIAN_POINT('',(9.184850993605E-18,-2.249639673993E-33,-0.15
    ));
#1840 = SPHERICAL_SURFACE('',#1841,0.15);
#1841 = AXIS2_PLACEMENT_3D('',#1842,#1843,#1844);
#1842 = CARTESIAN_POINT('',(0.,0.,0.));
#1843 = DIRECTION('',(0.,0.,1.));
#1844 = DIRECTION('',(1.,0.,-0.));
#1845 = ( GEOMETRIC_REPRESENTATION_CONTEXT(3) 
GLOBAL_UNCERTAINTY_ASSIGNED_CONTEXT((#1849)) 
GLOBAL_UNIT_ASSIGNED_CONTEXT((#1846,#1847,#1848)) REPRESENTATION_CONTEXT
('Context #1','3D Context with UNIT and UNCERTAINTY') );
#1846 = ( LENGTH_UNIT() NAMED_UNIT(*) SI_UNIT(.MILLI.,.METRE.) );
#1847 = ( NAMED_UNIT(*) PLANE_ANGLE_UNIT() SI_UNIT($,.RADIAN.) );
#1848 = ( NAMED_UNIT(*) SI_UNIT($,.STERADIAN.) SOLID_ANGLE_UNIT() );
#1849 = UNCERTAINTY_MEASURE_WITH_UNIT(LENGTH_MEASURE(1.E-07),#1846,
  'distance_accuracy_value','confusion accuracy');
#1850 = SHAPE_DEFINITION_REPRESENTATION(#1851,#1832);
#1851 = PRODUCT_DEFINITION_SHAPE('','',#1852);
#1852 = PRODUCT_DEFINITION('design','',#1853,#1856);
#1853 = PRODUCT_DEFINITION_FORMATION('','',#1854);
#1854 = PRODUCT('B2','B2','',(#1855));
#1855 = PRODUCT_CONTEXT('',#2,'mechanical');
#1856 = PRODUCT_DEFINITION_CONTEXT('part definition',#2,'design');
#1857 = CONTEXT_DEPENDENT_SHAPE_REPRESENTATION(#1858,#1860);
#1858 = ( REPRESENTATION_RELATIONSHIP('','',#1832,#10) 
REPRESENTATION_RELATIONSHIP_WITH_TRANSFORMATION(#1859) 
SHAPE_REPRESENTATION_RELATIONSHIP() );
#1859 = ITEM_DEFINED_TRANSFORMATION('','',#11,#83);
#1860 = PRODUCT_DEFINITION_SHAPE('Placement','Placement of an item',
  #1861);
#1861 = NEXT_ASSEMBLY_USAGE_OCCURRENCE('18','=>[0:1:1:19]','',#5,#1852,$
  );
#1862 = PRODUCT_RELATED_PRODUCT_CATEGORY('part',$,(#1854));
#1863 = ADVANCED_BREP_SHAPE_REPRESENTATION('',(#11,#1864),#1876);
#1864 = MANIFOLD_SOLID_BREP('',#1865);
#1865 = CLOSED_SHELL('',(#1866));
#1866 = ADVANCED_FACE('',(#1867),#1871,.T.);
#1867 = FACE_BOUND('',#1868,.T.);
#1868 = VERTEX_LOOP('',#1869);
#1869 = VERTEX_POINT('',#1870);
#1870 = CARTESIAN_POINT('',(9.184850993605E-18,-2.249639673993E-33,-0.15
    ));
#1871 = SPHERICAL_SURFACE('',#1872,0.15);
#1872 = AXIS2_PLACEMENT_3D('',#1873,#1874,#1875);
#1873 = CARTESIAN_POINT('',(0.,0.,0.));
#1874 = DIRECTION('',(0.,0.,1.));
#1875 = DIRECTION('',(1.,0.,-0.));
#1876 = ( GEOMETRIC_REPRESENTATION_CONTEXT(3) 
GLOBAL_UNCERTAINTY_ASSIGNED_CONTEXT((#1880)) 
GLOBAL_UNIT_ASSIGNED_CONTEXT((#1877,#1878,#1879)) REPRESENTATION_CONTEXT
('Context #1','3D Context with UNIT and UNCERTAINTY') );
#1877 = ( LENGTH_UNIT() NAMED_UNIT(*) SI_UNIT(.MILLI.,.METRE.) );
#1878 = ( NAMED_UNIT(*) PLANE_ANGLE_UNIT() SI_UNIT($,.RADIAN.) );
#1879 = ( NAMED_UNIT(*) SI_UNIT($,.STERADIAN.) SOLID_ANGLE_UNIT() );
#1880 = UNCERTAINTY_MEASURE_WITH_UNIT(LENGTH_MEASURE(1.E-07),#1877,
  'distance_accuracy_value','confusion accuracy');
#1881 = SHAPE_DEFINITION_REPRESENTATION(#1882,#1863);
#1882 = PRODUCT_DEFINITION_SHAPE('','',#1883);
#1883 = PRODUCT_DEFINITION('design','',#1884,#1887);
#1884 = PRODUCT_DEFINITION_FORMATION('','',#1885);
#1885 = PRODUCT('B3','B3','',(#1886));
#1886 = PRODUCT_CONTEXT('',#2,'mechanical');
#1887 = PRODUCT_DEFINITION_CONTEXT('part definition',#2,'design');
#1888 = CONTEXT_DEPENDENT_SHAPE_REPRESENTATION(#1889,#1891);
#1889 = ( REPRESENTATION_RELATIONSHIP('','',#1863,#10) 
REPRESENTATION_RELATIONSHIP_WITH_TRANSFORMATION(#1890) 
SHAPE_REPRESENTATION_RELATIONSHIP() );
#1890 = ITEM_DEFINED_TRANSFORMATION('','',#11,#87);
#1891 = PRODUCT_DEFINITION_SHAPE('Placement','Placement of an item',
  #1892);
#1892 = NEXT_ASSEMBLY_USAGE_OCCURRENCE('19','=>[0:1:1:20]','',#5,#1883,$
  );
#1893 = PRODUCT_RELATED_PRODUCT_CATEGORY('part',$,(#1885));
#1894 = ADVANCED_BREP_SHAPE_REPRESENTATION('',(#11,#1895),#1907);
#1895 = MANIFOLD_SOLID_BREP('',#1896);
#1896 = CLOSED_SHELL('',(#1897));
#1897 = ADVANCED_FACE('',(#1898),#1902,.T.);
#1898 = FACE_BOUND('',#1899,.T.);
#1899 = VERTEX_LOOP('',#1900);
#1900 = VERTEX_POINT('',#1901);
#1901 = CARTESIAN_POINT('',(9.184850993605E-18,-2.249639673993E-33,-0.15
    ));
#1902 = SPHERICAL_SURFACE('',#1903,0.15);
#1903 = AXIS2_PLACEMENT_3D('',#1904,#1905,#1906);
#1904 = CARTESIAN_POINT('',(0.,0.,0.));
#1905 = DIRECTION('',(0.,0.,1.));
#1906 = DIRECTION('',(1.,0.,-0.));
#1907 = ( GEOMETRIC_REPRESENTATION_CONTEXT(3) 
GLOBAL_UNCERTAINTY_ASSIGNED_CONTEXT((#1911)) 
GLOBAL_UNIT_ASSIGNED_CONTEXT((#1908,#1909,#1910)) REPRESENTATION_CONTEXT
('Context #1','3D Context with UNIT and UNCERTAINTY') );
#1908 = ( LENGTH_UNIT() NAMED_UNIT(*) SI_UNIT(.MILLI.,.METRE.) );
#1909 = ( NAMED_UNIT(*) PLANE_ANGLE_UNIT() SI_UNIT($,.RADIAN.) );
#1910 = ( NAMED_UNIT(*) SI_UNIT($,.STERADIAN.) SOLID_ANGLE_UNIT() );
#1911 = UNCERTAINTY_MEASURE_WITH_UNIT(LENGTH_MEASURE(1.E-07),#1908,
  'distance_accuracy_value','confusion accuracy');
#1912 = SHAPE_DEFINITION_REPRESENTATION(#1913,#1894);
#1913 = PRODUCT_DEFINITION_SHAPE('','',#1914);
#1914 = PRODUCT_DEFINITION('design','',#1915,#1918);
#1915 = PRODUCT_DEFINITION_FORMATION('','',#1916);
#1916 = PRODUCT('B4','B4','',(#1917));
#1917 = PRODUCT_CONTEXT('',#2,'mechanical');
#1918 = PRODUCT_DEFINITION_CONTEXT('part definition',#2,'design');
#1919 = CONTEXT_DEPENDENT_SHAPE_REPRESENTATION(#1920,#1922);
#1920 = ( REPRESENTATION_RELATIONSHIP('','',#1894,#10) 
REPRESENTATION_RELATIONSHIP_WITH_TRANSFORMATION(#1921) 
SHAPE_REPRESENTATION_RELATIONSHIP() );
#1921 = ITEM_DEFINED_TRANSFORMATION('','',#11,#91);
#1922 = PRODUCT_DEFINITION_SHAPE('Placement','Placement of an item',
  #1923);
#1923 = NEXT_ASSEMBLY_USAGE_OCCURRENCE('20','=>[0:1:1:21]','',#5,#1914,$
  );
#1924 = PRODUCT_RELATED_PRODUCT_CATEGORY('part',$,(#1916));
#1925 = ADVANCED_BREP_SHAPE_REPRESENTATION('',(#11,#1926),#1938);
#1926 = MANIFOLD_SOLID_BREP('',#1927);
#1927 = CLOSED_SHELL('',(#1928));
#1928 = ADVANCED_FACE('',(#1929),#1933,.T.);
#1929 = FACE_BOUND('',#1930,.T.);
#1930 = VERTEX_LOOP('',#1931);
#1931 = VERTEX_POINT('',#1932);
#1932 = CARTESIAN_POINT('',(9.184850993605E-18,-2.249639673993E-33,-0.15
    ));
#1933 = SPHERICAL_SURFACE('',#1934,0.15);
#1934 = AXIS2_PLACEMENT_3D('',#1935,#1936,#1937);
#1935 = CARTESIAN_POINT('',(0.,0.,0.));
#1936 = DIRECTION('',(0.,0.,1.));
#1937 = DIRECTION('',(1.,0.,-0.));
#1938 = ( GEOMETRIC_REPRESENTATION_CONTEXT(3) 
GLOBAL_UNCERTAINTY_ASSIGNED_CONTEXT((#1942)) 
GLOBAL_UNIT_ASSIGNED_CONTEXT((#1939,#1940,#1941)) REPRESENTATION_CONTEXT
('Context #1','3D Context with UNIT and UNCERTAINTY') );
#1939 = ( LENGTH_UNIT() NAMED_UNIT(*) SI_UNIT(.MILLI.,.METRE.) );
#1940 = ( NAMED_UNIT(*) PLANE_ANGLE_UNIT() SI_UNIT($,.RADIAN.) );
#1941 = ( NAMED_UNIT(*) SI_UNIT($,.STERADIAN.) SOLID_ANGLE_UNIT() );
#1942 = UNCERTAINTY_MEASURE_WITH_UNIT(LENGTH_MEASURE(1.E-07),#1939,
  'distance_accuracy_value','confusion accuracy');
#1943 = SHAPE_DEFINITION_REPRESENTATION(#1944,#1925);
#1944 = PRODUCT_DEFINITION_SHAPE('','',#1945);
#1945 = PRODUCT_DEFINITION('design','',#1946,#1949);
#1946 = PRODUCT_DEFINITION_FORMATION('','',#1947);
#1947 = PRODUCT('B5','B5','',(#1948));
#1948 = PRODUCT_CONTEXT('',#2,'mechanical');
#1949 = PRODUCT_DEFINITION_CONTEXT('part definition',#2,'design');
#1950 = CONTEXT_DEPENDENT_SHAPE_REPRESENTATION(#1951,#1953);
#1951 = ( REPRESENTATION_RELATIONSHIP('','',#1925,#10) 
REPRESENTATION_RELATIONSHIP_WITH_TRANSFORMATION(#1952) 
SHAPE_REPRESENTATION_RELATIONSHIP() );
#1952 = ITEM_DEFINED_TRANSFORMATION('','',#11,#95);
#1953 = PRODUCT_DEFINITION_SHAPE('Placement','Placement of an item',
  #1954);
#1954 = NEXT_ASSEMBLY_USAGE_OCCURRENCE('21','=>[0:1:1:22]','',#5,#1945,$
  );
#1955 = PRODUCT_RELATED_PRODUCT_CATEGORY('part',$,(#1947));
#1956 = ADVANCED_BREP_SHAPE_REPRESENTATION('',(#11,#1957),#1969);
#1957 = MANIFOLD_SOLID_BREP('',#1958);
#1958 = CLOSED_SHELL('',(#1959));
#1959 = ADVANCED_FACE('',(#1960),#1964,.T.);
#1960 = FACE_BOUND('',#1961,.T.);
#1961 = VERTEX_LOOP('',#1962);
#1962 = VERTEX_POINT('',#1963);
#1963 = CARTESIAN_POINT('',(9.184850993605E-18,-2.249639673993E-33,-0.15
    ));
#1964 = SPHERICAL_SURFACE('',#1965,0.15);
#1965 = AXIS2_PLACEMENT_3D('',#1966,#1967,#1968);
#1966 = CARTESIAN_POINT('',(0.,0.,0.));
#1967 = DIRECTION('',(0.,0.,1.));
#1968 = DIRECTION('',(1.,0.,-0.));
#1969 = ( GEOMETRIC_REPRESENTATION_CONTEXT(3) 
GLOBAL_UNCERTAINTY_ASSIGNED_CONTEXT((#1973)) 
GLOBAL_UNIT_ASSIGNED_CONTEXT((#1970,#1971,#1972)) REPRESENTATION_CONTEXT
('Context #1','3D Context with UNIT and UNCERTAINTY') );
#1970 = ( LENGTH_UNIT() NAMED_UNIT(*) SI_UNIT(.MILLI.,.METRE.) );
#1971 = ( NAMED_UNIT(*) PLANE_ANGLE_UNIT() SI_UNIT($,.RADIAN.) );
#1972 = ( NAMED_UNIT(*) SI_UNIT($,.STERADIAN.) SOLID_ANGLE_UNIT() );
#1973 = UNCERTAINTY_MEASURE_WITH_UNIT(LENGTH_MEASURE(1.E-07),#1970,
  'distance_accuracy_value','confusion accuracy');
#1974 = SHAPE_DEFINITION_REPRESENTATION(#1975,#1956);
#1975 = PRODUCT_DEFINITION_SHAPE('','',#1976);
#1976 = PRODUCT_DEFINITION('design','',#1977,#1980);
#1977 = PRODUCT_DEFINITION_FORMATION('','',#1978);
#1978 = PRODUCT('B6','B6','',(#1979));
#1979 = PRODUCT_CONTEXT('',#2,'mechanical');
#1980 = PRODUCT_DEFINITION_CONTEXT('part definition',#2,'design');
#1981 = CONTEXT_DEPENDENT_SHAPE_REPRESENTATION(#1982,#1984);
#1982 = ( REPRESENTATION_RELATIONSHIP('','',#1956,#10) 
REPRESENTATION_RELATIONSHIP_WITH_TRANSFORMATION(#1983) 
SHAPE_REPRESENTATION_RELATIONSHIP() );
#1983 = ITEM_DEFINED_TRANSFORMATION('','',#11,#99);
#1984 = PRODUCT_DEFINITION_SHAPE('Placement','Placement of an item',
  #1985);
#1985 = NEXT_ASSEMBLY_USAGE_OCCURRENCE('22','=>[0:1:1:23]','',#5,#1976,$
  );
#1986 = PRODUCT_RELATED_PRODUCT_CATEGORY('part',$,(#1978));
#1987 = ADVANCED_BREP_SHAPE_REPRESENTATION('',(#11,#1988),#2000);
#1988 = MANIFOLD_SOLID_BREP('',#1989);
#1989 = CLOSED_SHELL('',(#1990));
#1990 = ADVANCED_FACE('',(#1991),#1995,.T.);
#1991 = FACE_BOUND('',#1992,.T.);
#1992 = VERTEX_LOOP('',#1993);
#1993 = VERTEX_POINT('',#1994);
#1994 = CARTESIAN_POINT('',(9.184850993605E-18,-2.249639673993E-33,-0.15
    ));
#1995 = SPHERICAL_SURFACE('',#1996,0.15);
#1996 = AXIS2_PLACEMENT_3D('',#1997,#1998,#1999);
#1997 = CARTESIAN_POINT('',(0.,0.,0.));
#1998 = DIRECTION('',(0.,0.,1.));
#1999 = DIRECTION('',(1.,0.,-0.));
#2000 = ( GEOMETRIC_REPRESENTATION_CONTEXT(3) 
GLOBAL_UNCERTAINTY_ASSIGNED_CONTEXT((#2004)) 
GLOBAL_UNIT_ASSIGNED_CONTEXT((#2001,#2002,#2003)) REPRESENTATION_CONTEXT
('Context #1','3D Context with UNIT and UNCERTAINTY') );
#2001 = ( LENGTH_UNIT() NAMED_UNIT(*) SI_UNIT(.MILLI.,.METRE.) );
#2002 = ( NAMED_UNIT(*) PLANE_ANGLE_UNIT() SI_UNIT($,.RADIAN.) );
#2003 = ( NAMED_UNIT(*) SI_UNIT($,.STERADIAN.) SOLID_ANGLE_UNIT() );
#2004 = UNCERTAINTY_MEASURE_WITH_UNIT(LENGTH_MEASURE(1.E-07),#2001,
  'distance_accuracy_value','confusion accuracy');
#2005 = SHAPE_DEFINITION_REPRESENTATION(#2006,#1987);
#2006 = PRODUCT_DEFINITION_SHAPE('','',#2007);
#2007 = PRODUCT_DEFINITION('design','',#2008,#2011);
#2008 = PRODUCT_DEFINITION_FORMATION('','',#2009);
#2009 = PRODUCT('B7','B7','',(#2010));
#2010 = PRODUCT_CONTEXT('',#2,'mechanical');
#2011 = PRODUCT_DEFINITION_CONTEXT('part definition',#2,'design');
#2012 = CONTEXT_DEPENDENT_SHAPE_REPRESENTATION(#2013,#2015);
#2013 = ( REPRESENTATION_RELATIONSHIP('','',#1987,#10) 
REPRESENTATION_RELATIONSHIP_WITH_TRANSFORMATION(#2014) 
SHAPE_REPRESENTATION_RELATIONSHIP() );
#2014 = ITEM_DEFINED_TRANSFORMATION('','',#11,#103);
#2015 = PRODUCT_DEFINITION_SHAPE('Placement','Placement of an item',
  #2016);
#2016 = NEXT_ASSEMBLY_USAGE_OCCURRENCE('23','=>[0:1:1:24]','',#5,#2007,$
  );
#2017 = PRODUCT_RELATED_PRODUCT_CATEGORY('part',$,(#2009));
#2018 = ADVANCED_BREP_SHAPE_REPRESENTATION('',(#11,#2019),#2031);
#2019 = MANIFOLD_SOLID_BREP('',#2020);
#2020 = CLOSED_SHELL('',(#2021));
#2021 = ADVANCED_FACE('',(#2022),#2026,.T.);
#2022 = FACE_BOUND('',#2023,.T.);
#2023 = VERTEX_LOOP('',#2024);
#2024 = VERTEX_POINT('',#2025);
#2025 = CARTESIAN_POINT('',(9.184850993605E-18,-2.249639673993E-33,-0.15
    ));
#2026 = SPHERICAL_SURFACE('',#2027,0.15);
#2027 = AXIS2_PLACEMENT_3D('',#2028,#2029,#2030);
#2028 = CARTESIAN_POINT('',(0.,0.,0.));
#2029 = DIRECTION('',(0.,0.,1.));
#2030 = DIRECTION('',(1.,0.,-0.));
#2031 = ( GEOMETRIC_REPRESENTATION_CONTEXT(3) 
GLOBAL_UNCERTAINTY_ASSIGNED_CONTEXT((#2035)) 
GLOBAL_UNIT_ASSIGNED_CONTEXT((#2032,#2033,#2034)) REPRESENTATION_CONTEXT
('Context #1','3D Context with UNIT and UNCERTAINTY') );
#2032 = ( LENGTH_UNIT() NAMED_UNIT(*) SI_UNIT(.MILLI.,.METRE.) );
#2033 = ( NAMED_UNIT(*) PLANE_ANGLE_UNIT() SI_UNIT($,.RADIAN.) );
#2034 = ( NAMED_UNIT(*) SI_UNIT($,.STERADIAN.) SOLID_ANGLE_UNIT() );
#2035 = UNCERTAINTY_MEASURE_WITH_UNIT(LENGTH_MEASURE(1.E-07),#2032,
  'distance_accuracy_value','confusion accuracy');
#2036 = SHAPE_DEFINITION_REPRESENTATION(#2037,#2018);
#2037 = PRODUCT_DEFINITION_SHAPE('','',#2038);
#2038 = PRODUCT_DEFINITION('design','',#2039,#2042);
#2039 = PRODUCT_DEFINITION_FORMATION('','',#2040);
#2040 = PRODUCT('B8','B8','',(#2041));
#2041 = PRODUCT_CONTEXT('',#2,'mechanical');
#2042 = PRODUCT_DEFINITION_CONTEXT('part definition',#2,'design');
#2043 = CONTEXT_DEPENDENT_SHAPE_REPRESENTATION(#2044,#2046);
#2044 = ( REPRESENTATION_RELATIONSHIP('','',#2018,#10) 
REPRESENTATION_RELATIONSHIP_WITH_TRANSFORMATION(#2045) 
SHAPE_REPRESENTATION_RELATIONSHIP() );
#2045 = ITEM_DEFINED_TRANSFORMATION('','',#11,#107);
#2046 = PRODUCT_DEFINITION_SHAPE('Placement','Placement of an item',
  #2047);
#2047 = NEXT_ASSEMBLY_USAGE_OCCURRENCE('24','=>[0:1:1:25]','',#5,#2038,$
  );
#2048 = PRODUCT_RELATED_PRODUCT_CATEGORY('part',$,(#2040));
#2049 = ADVANCED_BREP_SHAPE_REPRESENTATION('',(#11,#2050),#2062);
#2050 = MANIFOLD_SOLID_BREP('',#2051);
#2051 = CLOSED_SHELL('',(#2052));
#2052 = ADVANCED_FACE('',(#2053),#2057,.T.);
#2053 = FACE_BOUND('',#2054,.T.);
#2054 = VERTEX_LOOP('',#2055);
#2055 = VERTEX_POINT('',#2056);
#2056 = CARTESIAN_POINT('',(9.184850993605E-18,-2.249639673993E-33,-0.15
    ));
#2057 = SPHERICAL_SURFACE('',#2058,0.15);
#2058 = AXIS2_PLACEMENT_3D('',#2059,#2060,#2061);
#2059 = CARTESIAN_POINT('',(0.,0.,0.));
#2060 = DIRECTION('',(0.,0.,1.));
#2061 = DIRECTION('',(1.,0.,-0.));
#2062 = ( GEOMETRIC_REPRESENTATION_CONTEXT(3) 
GLOBAL_UNCERTAINTY_ASSIGNED_CONTEXT((#2066)) 
GLOBAL_UNIT_ASSIGNED_CONTEXT((#2063,#2064,#2065)) REPRESENTATION_CONTEXT
('Context #1','3D Context with UNIT and UNCERTAINTY') );
#2063 = ( LENGTH_UNIT() NAMED_UNIT(*) SI_UNIT(.MILLI.,.METRE.) );
#2064 = ( NAMED_UNIT(*) PLANE_ANGLE_UNIT() SI_UNIT($,.RADIAN.) );
#2065 = ( NAMED_UNIT(*) SI_UNIT($,.STERADIAN.) SOLID_ANGLE_UNIT() );
#2066 = UNCERTAINTY_MEASURE_WITH_UNIT(LENGTH_MEASURE(1.E-07),#2063,
  'distance_accuracy_value','confusion accuracy');
#2067 = SHAPE_DEFINITION_REPRESENTATION(#2068,#2049);
#2068 = PRODUCT_DEFINITION_SHAPE('','',#2069);
#2069 = PRODUCT_DEFINITION('design','',#2070,#2073);
#2070 = PRODUCT_DEFINITION_FORMATION('','',#2071);
#2071 = PRODUCT('B9','B9','',(#2072));
#2072 = PRODUCT_CONTEXT('',#2,'mechanical');
#2073 = PRODUCT_DEFINITION_CONTEXT('part definition',#2,'design');
#2074 = CONTEXT_DEPENDENT_SHAPE_REPRESENTATION(#2075,#2077);
#2075 = ( REPRESENTATION_RELATIONSHIP('','',#2049,#10) 
REPRESENTATION_RELATIONSHIP_WITH_TRANSFORMATION(#2076) 
SHAPE_REPRESENTATION_RELATIONSHIP() );
#2076 = ITEM_DEFINED_TRANSFORMATION('','',#11,#111);
#2077 = PRODUCT_DEFINITION_SHAPE('Placement','Placement of an item',
  #2078);
#2078 = NEXT_ASSEMBLY_USAGE_OCCURRENCE('25','=>[0:1:1:26]','',#5,#2069,$
  );
#2079 = PRODUCT_RELATED_PRODUCT_CATEGORY('part',$,(#2071));
#2080 = ADVANCED_BREP_SHAPE_REPRESENTATION('',(#11,#2081),#2093);
#2081 = MANIFOLD_SOLID_BREP('',#2082);
#2082 = CLOSED_SHELL('',(#2083));
#2083 = ADVANCED_FACE('',(#2084),#2088,.T.);
#2084 = FACE_BOUND('',#2085,.T.);
#2085 = VERTEX_LOOP('',#2086);
#2086 = VERTEX_POINT('',#2087);
#2087 = CARTESIAN_POINT('',(9.184850993605E-18,-2.249639673993E-33,-0.15
    ));
#2088 = SPHERICAL_SURFACE('',#2089,0.15);
#2089 = AXIS2_PLACEMENT_3D('',#2090,#2091,#2092);
#2090 = CARTESIAN_POINT('',(0.,0.,0.));
#2091 = DIRECTION('',(0.,0.,1.));
#2092 = DIRECTION('',(1.,0.,-0.));
#2093 = ( GEOMETRIC_REPRESENTATION_CONTEXT(3) 
GLOBAL_UNCERTAINTY_ASSIGNED_CONTEXT((#2097)) 
GLOBAL_UNIT_ASSIGNED_CONTEXT((#2094,#2095,#2096)) REPRESENTATION_CONTEXT
('Context #1','3D Context with UNIT and UNCERTAINTY') );
#2094 = ( LENGTH_UNIT() NAMED_UNIT(*) SI_UNIT(.MILLI.,.METRE.) );
#2095 = ( NAMED_UNIT(*) PLANE_ANGLE_UNIT() SI_UNIT($,.RADIAN.) );
#2096 = ( NAMED_UNIT(*) SI_UNIT($,.STERADIAN.) SOLID_ANGLE_UNIT() );
#2097 = UNCERTAINTY_MEASURE_WITH_UNIT(LENGTH_MEASURE(1.E-07),#2094,
  'distance_accuracy_value','confusion accuracy');
#2098 = SHAPE_DEFINITION_REPRESENTATION(#2099,#2080);
#2099 = PRODUCT_DEFINITION_SHAPE('','',#2100);
#2100 = PRODUCT_DEFINITION('design','',#2101,#2104);
#2101 = PRODUCT_DEFINITION_FORMATION('','',#2102);
#2102 = PRODUCT('B10','B10','',(#2103));
#2103 = PRODUCT_CONTEXT('',#2,'mechanical');
#2104 = PRODUCT_DEFINITION_CONTEXT('part definition',#2,'design');
#2105 = CONTEXT_DEPENDENT_SHAPE_REPRESENTATION(#2106,#2108);
#2106 = ( REPRESENTATION_RELATIONSHIP('','',#2080,#10) 
REPRESENTATION_RELATIONSHIP_WITH_TRANSFORMATION(#2107) 
SHAPE_REPRESENTATION_RELATIONSHIP() );
#2107 = ITEM_DEFINED_TRANSFORMATION('','',#11,#115);
#2108 = PRODUCT_DEFINITION_SHAPE('Placement','Placement of an item',
  #2109);
#2109 = NEXT_ASSEMBLY_USAGE_OCCURRENCE('26','=>[0:1:1:27]','',#5,#2100,$
  );
#2110 = PRODUCT_RELATED_PRODUCT_CATEGORY('part',$,(#2102));
#2111 = ADVANCED_BREP_SHAPE_REPRESENTATION('',(#11,#2112),#2124);
#2112 = MANIFOLD_SOLID_BREP('',#2113);
#2113 = CLOSED_SHELL('',(#2114));
#2114 = ADVANCED_FACE('',(#2115),#2119,.T.);
#2115 = FACE_BOUND('',#2116,.T.);
#2116 = VERTEX_LOOP('',#2117);
#2117 = VERTEX_POINT('',#2118);
#2118 = CARTESIAN_POINT('',(9.184850993605E-18,-2.249639673993E-33,-0.15
    ));
#2119 = SPHERICAL_SURFACE('',#2120,0.15);
#2120 = AXIS2_PLACEMENT_3D('',#2121,#2122,#2123);
#2121 = CARTESIAN_POINT('',(0.,0.,0.));
#2122 = DIRECTION('',(0.,0.,1.));
#2123 = DIRECTION('',(1.,0.,-0.));
#2124 = ( GEOMETRIC_REPRESENTATION_CONTEXT(3) 
GLOBAL_UNCERTAINTY_ASSIGNED_CONTEXT((#2128)) 
GLOBAL_UNIT_ASSIGNED_CONTEXT((#2125,#2126,#2127)) REPRESENTATION_CONTEXT
('Context #1','3D Context with UNIT and UNCERTAINTY') );
#2125 = ( LENGTH_UNIT() NAMED_UNIT(*) SI_UNIT(.MILLI.,.METRE.) );
#2126 = ( NAMED_UNIT(*) PLANE_ANGLE_UNIT() SI_UNIT($,.RADIAN.) );
#2127 = ( NAMED_UNIT(*) SI_UNIT($,.STERADIAN.) SOLID_ANGLE_UNIT() );
#2128 = UNCERTAINTY_MEASURE_WITH_UNIT(LENGTH_MEASURE(1.E-07),#2125,
  'distance_accuracy_value','confusion accuracy');
#2129 = SHAPE_DEFINITION_REPRESENTATION(#2130,#2111);
#2130 = PRODUCT_DEFINITION_SHAPE('','',#2131);
#2131 = PRODUCT_DEFINITION('design','',#2132,#2135);
#2132 = PRODUCT_DEFINITION_FORMATION('','',#2133);
#2133 = PRODUCT('B11','B11','',(#2134));
#2134 = PRODUCT_CONTEXT('',#2,'mechanical');
#2135 = PRODUCT_DEFINITION_CONTEXT('part definition',#2,'design');
#2136 = CONTEXT_DEPENDENT_SHAPE_REPRESENTATION(#2137,#2139);
#2137 = ( REPRESENTATION_RELATIONSHIP('','',#2111,#10) 
REPRESENTATION_RELATIONSHIP_WITH_TRANSFORMATION(#2138) 
SHAPE_REPRESENTATION_RELATIONSHIP() );
#2138 = ITEM_DEFINED_TRANSFORMATION('','',#11,#119);
#2139 = PRODUCT_DEFINITION_SHAPE('Placement','Placement of an item',
  #2140);
#2140 = NEXT_ASSEMBLY_USAGE_OCCURRENCE('27','=>[0:1:1:28]','',#5,#2131,$
  );
#2141 = PRODUCT_RELATED_PRODUCT_CATEGORY('part',$,(#2133));
#2142 = ADVANCED_BREP_SHAPE_REPRESENTATION('',(#11,#2143),#2155);
#2143 = MANIFOLD_SOLID_BREP('',#2144);
#2144 = CLOSED_SHELL('',(#2145));
#2145 = ADVANCED_FACE('',(#2146),#2150,.T.);
#2146 = FACE_BOUND('',#2147,.T.);
#2147 = VERTEX_LOOP('',#2148);
#2148 = VERTEX_POINT('',#2149);
#2149 = CARTESIAN_POINT('',(9.184850993605E-18,-2.249639673993E-33,-0.15
    ));
#2150 = SPHERICAL_SURFACE('',#2151,0.15);
#2151 = AXIS2_PLACEMENT_3D('',#2152,#2153,#2154);
#2152 = CARTESIAN_POINT('',(0.,0.,0.));
#2153 = DIRECTION('',(0.,0.,1.));
#2154 = DIRECTION('',(1.,0.,-0.));
#2155 = ( GEOMETRIC_REPRESENTATION_CONTEXT(3) 
GLOBAL_UNCERTAINTY_ASSIGNED_CONTEXT((#2159)) 
GLOBAL_UNIT_ASSIGNED_CONTEXT((#2156,#2157,#2158)) REPRESENTATION_CONTEXT
('Context #1','3D Context with UNIT and UNCERTAINTY') );
#2156 = ( LENGTH_UNIT() NAMED_UNIT(*) SI_UNIT(.MILLI.,.METRE.) );
#2157 = ( NAMED_UNIT(*) PLANE_ANGLE_UNIT() SI_UNIT($,.RADIAN.) );
#2158 = ( NAMED_UNIT(*) SI_UNIT($,.STERADIAN.) SOLID_ANGLE_UNIT() );
#2159 = UNCERTAINTY_MEASURE_WITH_UNIT(LENGTH_MEASURE(1.E-07),#2156,
  'distance_accuracy_value','confusion accuracy');
#2160 = SHAPE_DEFINITION_REPRESENTATION(#2161,#2142);
#2161 = PRODUCT_DEFINITION_SHAPE('','',#2162);
#2162 = PRODUCT_DEFINITION('design','',#2163,#2166);
#2163 = PRODUCT_DEFINITION_FORMATION('','',#2164);
#2164 = PRODUCT('B12','B12','',(#2165));
#2165 = PRODUCT_CONTEXT('',#2,'mechanical');
#2166 = PRODUCT_DEFINITION_CONTEXT('part definition',#2,'design');
#2167 = CONTEXT_DEPENDENT_SHAPE_REPRESENTATION(#2168,#2170);
#2168 = ( REPRESENTATION_RELATIONSHIP('','',#2142,#10) 
REPRESENTATION_RELATIONSHIP_WITH_TRANSFORMATION(#2169) 
SHAPE_REPRESENTATION_RELATIONSHIP() );
#2169 = ITEM_DEFINED_TRANSFORMATION('','',#11,#123);
#2170 = PRODUCT_DEFINITION_SHAPE('Placement','Placement of an item',
  #2171);
#2171 = NEXT_ASSEMBLY_USAGE_OCCURRENCE('28','=>[0:1:1:29]','',#5,#2162,$
  );
#2172 = PRODUCT_RELATED_PRODUCT_CATEGORY('part',$,(#2164));
#2173 = ADVANCED_BREP_SHAPE_REPRESENTATION('',(#11,#2174),#2186);
#2174 = MANIFOLD_SOLID_BREP('',#2175);
#2175 = CLOSED_SHELL('',(#2176));
#2176 = ADVANCED_FACE('',(#2177),#2181,.T.);
#2177 = FACE_BOUND('',#2178,.T.);
#2178 = VERTEX_LOOP('',#2179);
#2179 = VERTEX_POINT('',#2180);
#2180 = CARTESIAN_POINT('',(9.184850993605E-18,-2.249639673993E-33,-0.15
    ));
#2181 = SPHERICAL_SURFACE('',#2182,0.15);
#2182 = AXIS2_PLACEMENT_3D('',#2183,#2184,#2185);
#2183 = CARTESIAN_POINT('',(0.,0.,0.));
#2184 = DIRECTION('',(0.,0.,1.));
#2185 = DIRECTION('',(1.,0.,-0.));
#2186 = ( GEOMETRIC_REPRESENTATION_CONTEXT(3) 
GLOBAL_UNCERTAINTY_ASSIGNED_CONTEXT((#2190)) 
GLOBAL_UNIT_ASSIGNED_CONTEXT((#2187,#2188,#2189)) REPRESENTATION_CONTEXT
('Context #1','3D Context with UNIT and UNCERTAINTY') );
#2187 = ( LENGTH_UNIT() NAMED_UNIT(*) SI_UNIT(.MILLI.,.METRE.) );
#2188 = ( NAMED_UNIT(*) PLANE_ANGLE_UNIT() SI_UNIT($,.RADIAN.) );
#2189 = ( NAMED_UNIT(*) SI_UNIT($,.STERADIAN.) SOLID_ANGLE_UNIT() );
#2190 = UNCERTAINTY_MEASURE_WITH_UNIT(LENGTH_MEASURE(1.E-07),#2187,
  'distance_accuracy_value','confusion accuracy');
#2191 = SHAPE_DEFINITION_REPRESENTATION(#2192,#2173);
#2192 = PRODUCT_DEFINITION_SHAPE('','',#2193);
#2193 = PRODUCT_DEFINITION('design','',#2194,#2197);
#2194 = PRODUCT_DEFINITION_FORMATION('','',#2195);
#2195 = PRODUCT('B13','B13','',(#2196));
#2196 = PRODUCT_CONTEXT('',#2,'mechanical');
#2197 = PRODUCT_DEFINITION_CONTEXT('part definition',#2,'design');
#2198 = CONTEXT_DEPENDENT_SHAPE_REPRESENTATION(#2199,#2201);
#2199 = ( REPRESENTATION_RELATIONSHIP('','',#2173,#10) 
REPRESENTATION_RELATIONSHIP_WITH_TRANSFORMATION(#2200) 
SHAPE_REPRESENTATION_RELATIONSHIP() );
#2200 = ITEM_DEFINED_TRANSFORMATION('','',#11,#127);
#2201 = PRODUCT_DEFINITION_SHAPE('Placement','Placement of an item',
  #2202);
#2202 = NEXT_ASSEMBLY_USAGE_OCCURRENCE('29','=>[0:1:1:30]','',#5,#2193,$
  );
#2203 = PRODUCT_RELATED_PRODUCT_CATEGORY('part',$,(#2195));
#2204 = ADVANCED_BREP_SHAPE_REPRESENTATION('',(#11,#2205),#2217);
#2205 = MANIFOLD_SOLID_BREP('',#2206);
#2206 = CLOSED_SHELL('',(#2207));
#2207 = ADVANCED_FACE('',(#2208),#2212,.T.);
#2208 = FACE_BOUND('',#2209,.T.);
#2209 = VERTEX_LOOP('',#2210);
#2210 = VERTEX_POINT('',#2211);
#2211 = CARTESIAN_POINT('',(9.184850993605E-18,-2.249639673993E-33,-0.15
    ));
#2212 = SPHERICAL_SURFACE('',#2213,0.15);
#2213 = AXIS2_PLACEMENT_3D('',#2214,#2215,#2216);
#2214 = CARTESIAN_POINT('',(0.,0.,0.));
#2215 = DIRECTION('',(0.,0.,1.));
#2216 = DIRECTION('',(1.,0.,-0.));
#2217 = ( GEOMETRIC_REPRESENTATION_CONTEXT(3) 
GLOBAL_UNCERTAINTY_ASSIGNED_CONTEXT((#2221)) 
GLOBAL_UNIT_ASSIGNED_CONTEXT((#2218,#2219,#2220)) REPRESENTATION_CONTEXT
('Context #1','3D Context with UNIT and UNCERTAINTY') );
#2218 = ( LENGTH_UNIT() NAMED_UNIT(*) SI_UNIT(.MILLI.,.METRE.) );
#2219 = ( NAMED_UNIT(*) PLANE_ANGLE_UNIT() SI_UNIT($,.RADIAN.) );
#2220 = ( NAMED_UNIT(*) SI_UNIT($,.STERADIAN.) SOLID_ANGLE_UNIT() );
#2221 = UNCERTAINTY_MEASURE_WITH_UNIT(LENGTH_MEASURE(1.E-07),#2218,
  'distance_accuracy_value','confusion accuracy');
#2222 = SHAPE_DEFINITION_REPRESENTATION(#2223,#2204);
#2223 = PRODUCT_DEFINITION_SHAPE('','',#2224);
#2224 = PRODUCT_DEFINITION('design','',#2225,#2228);
#2225 = PRODUCT_DEFINITION_FORMATION('','',#2226);
#2226 = PRODUCT('B14','B14','',(#2227));
#2227 = PRODUCT_CONTEXT('',#2,'mechanical');
#2228 = PRODUCT_DEFINITION_CONTEXT('part definition',#2,'design');
#2229 = CONTEXT_DEPENDENT_SHAPE_REPRESENTATION(#2230,#2232);
#2230 = ( REPRESENTATION_RELATIONSHIP('','',#2204,#10) 
REPRESENTATION_RELATIONSHIP_WITH_TRANSFORMATION(#2231) 
SHAPE_REPRESENTATION_RELATIONSHIP() );
#2231 = ITEM_DEFINED_TRANSFORMATION('','',#11,#131);
#2232 = PRODUCT_DEFINITION_SHAPE('Placement','Placement of an item',
  #2233);
#2233 = NEXT_ASSEMBLY_USAGE_OCCURRENCE('30','=>[0:1:1:31]','',#5,#2224,$
  );
#2234 = PRODUCT_RELATED_PRODUCT_CATEGORY('part',$,(#2226));
#2235 = ADVANCED_BREP_SHAPE_REPRESENTATION('',(#11,#2236),#2248);
#2236 = MANIFOLD_SOLID_BREP('',#2237);
#2237 = CLOSED_SHELL('',(#2238));
#2238 = ADVANCED_FACE('',(#2239),#2243,.T.);
#2239 = FACE_BOUND('',#2240,.T.);
#2240 = VERTEX_LOOP('',#2241);
#2241 = VERTEX_POINT('',#2242);
#2242 = CARTESIAN_POINT('',(9.184850993605E-18,-2.249639673993E-33,-0.15
    ));
#2243 = SPHERICAL_SURFACE('',#2244,0.15);
#2244 = AXIS2_PLACEMENT_3D('',#2245,#2246,#2247);
#2245 = CARTESIAN_POINT('',(0.,0.,0.));
#2246 = DIRECTION('',(0.,0.,1.));
#2247 = DIRECTION('',(1.,0.,-0.));
#2248 = ( GEOMETRIC_REPRESENTATION_CONTEXT(3) 
GLOBAL_UNCERTAINTY_ASSIGNED_CONTEXT((#2252)) 
GLOBAL_UNIT_ASSIGNED_CONTEXT((#2249,#2250,#2251)) REPRESENTATION_CONTEXT
('Context #1','3D Context with UNIT and UNCERTAINTY') );
#2249 = ( LENGTH_UNIT() NAMED_UNIT(*) SI_UNIT(.MILLI.,.METRE.) );
#2250 = ( NAMED_UNIT(*) PLANE_ANGLE_UNIT() SI_UNIT($,.RADIAN.) );
#2251 = ( NAMED_UNIT(*) SI_UNIT($,.STERADIAN.) SOLID_ANGLE_UNIT() );
#2252 = UNCERTAINTY_MEASURE_WITH_UNIT(LENGTH_MEASURE(1.E-07),#2249,
  'distance_accuracy_value','confusion accuracy');
#2253 = SHAPE_DEFINITION_REPRESENTATION(#2254,#2235);
#2254 = PRODUCT_DEFINITION_SHAPE('','',#2255);
#2255 = PRODUCT_DEFINITION('design','',#2256,#2259);
#2256 = PRODUCT_DEFINITION_FORMATION('','',#2257);
#2257 = PRODUCT('B15','B15','',(#2258));
#2258 = PRODUCT_CONTEXT('',#2,'mechanical');
#2259 = PRODUCT_DEFINITION_CONTEXT('part definition',#2,'design');
#2260 = CONTEXT_DEPENDENT_SHAPE_REPRESENTATION(#2261,#2263);
#2261 = ( REPRESENTATION_RELATIONSHIP('','',#2235,#10) 
REPRESENTATION_RELATIONSHIP_WITH_TRANSFORMATION(#2262) 
SHAPE_REPRESENTATION_RELATIONSHIP() );
#2262 = ITEM_DEFINED_TRANSFORMATION('','',#11,#135);
#2263 = PRODUCT_DEFINITION_SHAPE('Placement','Placement of an item',
  #2264);
#2264 = NEXT_ASSEMBLY_USAGE_OCCURRENCE('31','=>[0:1:1:32]','',#5,#2255,$
  );
#2265 = PRODUCT_RELATED_PRODUCT_CATEGORY('part',$,(#2257));
#2266 = ADVANCED_BREP_SHAPE_REPRESENTATION('',(#11,#2267),#2279);
#2267 = MANIFOLD_SOLID_BREP('',#2268);
#2268 = CLOSED_SHELL('',(#2269));
#2269 = ADVANCED_FACE('',(#2270),#2274,.T.);
#2270 = FACE_BOUND('',#2271,.T.);
#2271 = VERTEX_LOOP('',#2272);
#2272 = VERTEX_POINT('',#2273);
#2273 = CARTESIAN_POINT('',(9.184850993605E-18,-2.249639673993E-33,-0.15
    ));
#2274 = SPHERICAL_SURFACE('',#2275,0.15);
#2275 = AXIS2_PLACEMENT_3D('',#2276,#2277,#2278);
#2276 = CARTESIAN_POINT('',(0.,0.,0.));
#2277 = DIRECTION('',(0.,0.,1.));
#2278 = DIRECTION('',(1.,0.,-0.));
#2279 = ( GEOMETRIC_REPRESENTATION_CONTEXT(3) 
GLOBAL_UNCERTAINTY_ASSIGNED_CONTEXT((#2283)) 
GLOBAL_UNIT_ASSIGNED_CONTEXT((#2280,#2281,#2282)) REPRESENTATION_CONTEXT
('Context #1','3D Context with UNIT and UNCERTAINTY') );
#2280 = ( LENGTH_UNIT() NAMED_UNIT(*) SI_UNIT(.MILLI.,.METRE.) );
#2281 = ( NAMED_UNIT(*) PLANE_ANGLE_UNIT() SI_UNIT($,.RADIAN.) );
#2282 = ( NAMED_UNIT(*) SI_UNIT($,.STERADIAN.) SOLID_ANGLE_UNIT() );
#2283 = UNCERTAINTY_MEASURE_WITH_UNIT(LENGTH_MEASURE(1.E-07),#2280,
  'distance_accuracy_value','confusion accuracy');
#2284 = SHAPE_DEFINITION_REPRESENTATION(#2285,#2266);
#2285 = PRODUCT_DEFINITION_SHAPE('','',#2286);
#2286 = PRODUCT_DEFINITION('design','',#2287,#2290);
#2287 = PRODUCT_DEFINITION_FORMATION('','',#2288);
#2288 = PRODUCT('B16','B16','',(#2289));
#2289 = PRODUCT_CONTEXT('',#2,'mechanical');
#2290 = PRODUCT_DEFINITION_CONTEXT('part definition',#2,'design');
#2291 = CONTEXT_DEPENDENT_SHAPE_REPRESENTATION(#2292,#2294);
#2292 = ( REPRESENTATION_RELATIONSHIP('','',#2266,#10) 
REPRESENTATION_RELATIONSHIP_WITH_TRANSFORMATION(#2293) 
SHAPE_REPRESENTATION_RELATIONSHIP() );
#2293 = ITEM_DEFINED_TRANSFORMATION('','',#11,#139);
#2294 = PRODUCT_DEFINITION_SHAPE('Placement','Placement of an item',
  #2295);
#2295 = NEXT_ASSEMBLY_USAGE_OCCURRENCE('32','=>[0:1:1:33]','',#5,#2286,$
  );
#2296 = PRODUCT_RELATED_PRODUCT_CATEGORY('part',$,(#2288));
#2297 = ADVANCED_BREP_SHAPE_REPRESENTATION('',(#11,#2298),#2310);
#2298 = MANIFOLD_SOLID_BREP('',#2299);
#2299 = CLOSED_SHELL('',(#2300));
#2300 = ADVANCED_FACE('',(#2301),#2305,.T.);
#2301 = FACE_BOUND('',#2302,.T.);
#2302 = VERTEX_LOOP('',#2303);
#2303 = VERTEX_POINT('',#2304);
#2304 = CARTESIAN_POINT('',(9.184850993605E-18,-2.249639673993E-33,-0.15
    ));
#2305 = SPHERICAL_SURFACE('',#2306,0.15);
#2306 = AXIS2_PLACEMENT_3D('',#2307,#2308,#2309);
#2307 = CARTESIAN_POINT('',(0.,0.,0.));
#2308 = DIRECTION('',(0.,0.,1.));
#2309 = DIRECTION('',(1.,0.,-0.));
#2310 = ( GEOMETRIC_REPRESENTATION_CONTEXT(3) 
GLOBAL_UNCERTAINTY_ASSIGNED_CONTEXT((#2314)) 
GLOBAL_UNIT_ASSIGNED_CONTEXT((#2311,#2312,#2313)) REPRESENTATION_CONTEXT
('Context #1','3D Context with UNIT and UNCERTAINTY') );
#2311 = ( LENGTH_UNIT() NAMED_UNIT(*) SI_UNIT(.MILLI.,.METRE.) );
#2312 = ( NAMED_UNIT(*) PLANE_ANGLE_UNIT() SI_UNIT($,.RADIAN.) );
#2313 = ( NAMED_UNIT(*) SI_UNIT($,.STERADIAN.) SOLID_ANGLE_UNIT() );
#2314 = UNCERTAINTY_MEASURE_WITH_UNIT(LENGTH_MEASURE(1.E-07),#2311,
  'distance_accuracy_value','confusion accuracy');
#2315 = SHAPE_DEFINITION_REPRESENTATION(#2316,#2297);
#2316 = PRODUCT_DEFINITION_SHAPE('','',#2317);
#2317 = PRODUCT_DEFINITION('design','',#2318,#2321);
#2318 = PRODUCT_DEFINITION_FORMATION('','',#2319);
#2319 = PRODUCT('B17','B17','',(#2320));
#2320 = PRODUCT_CONTEXT('',#2,'mechanical');
#2321 = PRODUCT_DEFINITION_CONTEXT('part definition',#2,'design');
#2322 = CONTEXT_DEPENDENT_SHAPE_REPRESENTATION(#2323,#2325);
#2323 = ( REPRESENTATION_RELATIONSHIP('','',#2297,#10) 
REPRESENTATION_RELATIONSHIP_WITH_TRANSFORMATION(#2324) 
SHAPE_REPRESENTATION_RELATIONSHIP() );
#2324 = ITEM_DEFINED_TRANSFORMATION('','',#11,#143);
#2325 = PRODUCT_DEFINITION_SHAPE('Placement','Placement of an item',
  #2326);
#2326 = NEXT_ASSEMBLY_USAGE_OCCURRENCE('33','=>[0:1:1:34]','',#5,#2317,$
  );
#2327 = PRODUCT_RELATED_PRODUCT_CATEGORY('part',$,(#2319));
#2328 = ADVANCED_BREP_SHAPE_REPRESENTATION('',(#11,#2329),#2341);
#2329 = MANIFOLD_SOLID_BREP('',#2330);
#2330 = CLOSED_SHELL('',(#2331));
#2331 = ADVANCED_FACE('',(#2332),#2336,.T.);
#2332 = FACE_BOUND('',#2333,.T.);
#2333 = VERTEX_LOOP('',#2334);
#2334 = VERTEX_POINT('',#2335);
#2335 = CARTESIAN_POINT('',(9.184850993605E-18,-2.249639673993E-33,-0.15
    ));
#2336 = SPHERICAL_SURFACE('',#2337,0.15);
#2337 = AXIS2_PLACEMENT_3D('',#2338,#2339,#2340);
#2338 = CARTESIAN_POINT('',(0.,0.,0.));
#2339 = DIRECTION('',(0.,0.,1.));
#2340 = DIRECTION('',(1.,0.,-0.));
#2341 = ( GEOMETRIC_REPRESENTATION_CONTEXT(3) 
GLOBAL_UNCERTAINTY_ASSIGNED_CONTEXT((#2345)) 
GLOBAL_UNIT_ASSIGNED_CONTEXT((#2342,#2343,#2344)) REPRESENTATION_CONTEXT
('Context #1','3D Context with UNIT and UNCERTAINTY') );
#2342 = ( LENGTH_UNIT() NAMED_UNIT(*) SI_UNIT(.MILLI.,.METRE.) );
#2343 = ( NAMED_UNIT(*) PLANE_ANGLE_UNIT() SI_UNIT($,.RADIAN.) );
#2344 = ( NAMED_UNIT(*) SI_UNIT($,.STERADIAN.) SOLID_ANGLE_UNIT() );
#2345 = UNCERTAINTY_MEASURE_WITH_UNIT(LENGTH_MEASURE(1.E-07),#2342,
  'distance_accuracy_value','confusion accuracy');
#2346 = SHAPE_DEFINITION_REPRESENTATION(#2347,#2328);
#2347 = PRODUCT_DEFINITION_SHAPE('','',#2348);
#2348 = PRODUCT_DEFINITION('design','',#2349,#2352);
#2349 = PRODUCT_DEFINITION_FORMATION('','',#2350);
#2350 = PRODUCT('B18','B18','',(#2351));
#2351 = PRODUCT_CONTEXT('',#2,'mechanical');
#2352 = PRODUCT_DEFINITION_CONTEXT('part definition',#2,'design');
#2353 = CONTEXT_DEPENDENT_SHAPE_REPRESENTATION(#2354,#2356);
#2354 = ( REPRESENTATION_RELATIONSHIP('','',#2328,#10) 
REPRESENTATION_RELATIONSHIP_WITH_TRANSFORMATION(#2355) 
SHAPE_REPRESENTATION_RELATIONSHIP() );
#2355 = ITEM_DEFINED_TRANSFORMATION('','',#11,#147);
#2356 = PRODUCT_DEFINITION_SHAPE('Placement','Placement of an item',
  #2357);
#2357 = NEXT_ASSEMBLY_USAGE_OCCURRENCE('34','=>[0:1:1:35]','',#5,#2348,$
  );
#2358 = PRODUCT_RELATED_PRODUCT_CATEGORY('part',$,(#2350));
#2359 = ADVANCED_BREP_SHAPE_REPRESENTATION('',(#11,#2360),#2372);
#2360 = MANIFOLD_SOLID_BREP('',#2361);
#2361 = CLOSED_SHELL('',(#2362));
#2362 = ADVANCED_FACE('',(#2363),#2367,.T.);
#2363 = FACE_BOUND('',#2364,.T.);
#2364 = VERTEX_LOOP('',#2365);
#2365 = VERTEX_POINT('',#2366);
#2366 = CARTESIAN_POINT('',(9.184850993605E-18,-2.249639673993E-33,-0.15
    ));
#2367 = SPHERICAL_SURFACE('',#2368,0.15);
#2368 = AXIS2_PLACEMENT_3D('',#2369,#2370,#2371);
#2369 = CARTESIAN_POINT('',(0.,0.,0.));
#2370 = DIRECTION('',(0.,0.,1.));
#2371 = DIRECTION('',(1.,0.,-0.));
#2372 = ( GEOMETRIC_REPRESENTATION_CONTEXT(3) 
GLOBAL_UNCERTAINTY_ASSIGNED_CONTEXT((#2376)) 
GLOBAL_UNIT_ASSIGNED_CONTEXT((#2373,#2374,#2375)) REPRESENTATION_CONTEXT
('Context #1','3D Context with UNIT and UNCERTAINTY') );
#2373 = ( LENGTH_UNIT() NAMED_UNIT(*) SI_UNIT(.MILLI.,.METRE.) );
#2374 = ( NAMED_UNIT(*) PLANE_ANGLE_UNIT() SI_UNIT($,.RADIAN.) );
#2375 = ( NAMED_UNIT(*) SI_UNIT($,.STERADIAN.) SOLID_ANGLE_UNIT() );
#2376 = UNCERTAINTY_MEASURE_WITH_UNIT(LENGTH_MEASURE(1.E-07),#2373,
  'distance_accuracy_value','confusion accuracy');
#2377 = SHAPE_DEFINITION_REPRESENTATION(#2378,#2359);
#2378 = PRODUCT_DEFINITION_SHAPE('','',#2379);
#2379 = PRODUCT_DEFINITION('design','',#2380,#2383);
#2380 = PRODUCT_DEFINITION_FORMATION('','',#2381);
#2381 = PRODUCT('B19','B19','',(#2382));
#2382 = PRODUCT_CONTEXT('',#2,'mechanical');
#2383 = PRODUCT_DEFINITION_CONTEXT('part definition',#2,'design');
#2384 = CONTEXT_DEPENDENT_SHAPE_REPRESENTATION(#2385,#2387);
#2385 = ( REPRESENTATION_RELATIONSHIP('','',#2359,#10) 
REPRESENTATION_RELATIONSHIP_WITH_TRANSFORMATION(#2386) 
SHAPE_REPRESENTATION_RELATIONSHIP() );
#2386 = ITEM_DEFINED_TRANSFORMATION('','',#11,#151);
#2387 = PRODUCT_DEFINITION_SHAPE('Placement','Placement of an item',
  #2388);
#2388 = NEXT_ASSEMBLY_USAGE_OCCURRENCE('35','=>[0:1:1:36]','',#5,#2379,$
  );
#2389 = PRODUCT_RELATED_PRODUCT_CATEGORY('part',$,(#2381));
#2390 = ADVANCED_BREP_SHAPE_REPRESENTATION('',(#11,#2391),#2403);
#2391 = MANIFOLD_SOLID_BREP('',#2392);
#2392 = CLOSED_SHELL('',(#2393));
#2393 = ADVANCED_FACE('',(#2394),#2398,.T.);
#2394 = FACE_BOUND('',#2395,.T.);
#2395 = VERTEX_LOOP('',#2396);
#2396 = VERTEX_POINT('',#2397);
#2397 = CARTESIAN_POINT('',(9.184850993605E-18,-2.249639673993E-33,-0.15
    ));
#2398 = SPHERICAL_SURFACE('',#2399,0.15);
#2399 = AXIS2_PLACEMENT_3D('',#2400,#2401,#2402);
#2400 = CARTESIAN_POINT('',(0.,0.,0.));
#2401 = DIRECTION('',(0.,0.,1.));
#2402 = DIRECTION('',(1.,0.,-0.));
#2403 = ( GEOMETRIC_REPRESENTATION_CONTEXT(3) 
GLOBAL_UNCERTAINTY_ASSIGNED_CONTEXT((#2407)) 
GLOBAL_UNIT_ASSIGNED_CONTEXT((#2404,#2405,#2406)) REPRESENTATION_CONTEXT
('Context #1','3D Context with UNIT and UNCERTAINTY') );
#2404 = ( LENGTH_UNIT() NAMED_UNIT(*) SI_UNIT(.MILLI.,.METRE.) );
#2405 = ( NAMED_UNIT(*) PLANE_ANGLE_UNIT() SI_UNIT($,.RADIAN.) );
#2406 = ( NAMED_UNIT(*) SI_UNIT($,.STERADIAN.) SOLID_ANGLE_UNIT() );
#2407 = UNCERTAINTY_MEASURE_WITH_UNIT(LENGTH_MEASURE(1.E-07),#2404,
  'distance_accuracy_value','confusion accuracy');
#2408 = SHAPE_DEFINITION_REPRESENTATION(#2409,#2390);
#2409 = PRODUCT_DEFINITION_SHAPE('','',#2410);
#2410 = PRODUCT_DEFINITION('design','',#2411,#2414);
#2411 = PRODUCT_DEFINITION_FORMATION('','',#2412);
#2412 = PRODUCT('B20','B20','',(#2413));
#2413 = PRODUCT_CONTEXT('',#2,'mechanical');
#2414 = PRODUCT_DEFINITION_CONTEXT('part definition',#2,'design');
#2415 = CONTEXT_DEPENDENT_SHAPE_REPRESENTATION(#2416,#2418);
#2416 = ( REPRESENTATION_RELATIONSHIP('','',#2390,#10) 
REPRESENTATION_RELATIONSHIP_WITH_TRANSFORMATION(#2417) 
SHAPE_REPRESENTATION_RELATIONSHIP() );
#2417 = ITEM_DEFINED_TRANSFORMATION('','',#11,#155);
#2418 = PRODUCT_DEFINITION_SHAPE('Placement','Placement of an item',
  #2419);
#2419 = NEXT_ASSEMBLY_USAGE_OCCURRENCE('36','=>[0:1:1:37]','',#5,#2410,$
  );
#2420 = PRODUCT_RELATED_PRODUCT_CATEGORY('part',$,(#2412));
#2421 = ADVANCED_BREP_SHAPE_REPRESENTATION('',(#11,#2422),#2434);
#2422 = MANIFOLD_SOLID_BREP('',#2423);
#2423 = CLOSED_SHELL('',(#2424));
#2424 = ADVANCED_FACE('',(#2425),#2429,.T.);
#2425 = FACE_BOUND('',#2426,.T.);
#2426 = VERTEX_LOOP('',#2427);
#2427 = VERTEX_POINT('',#2428);
#2428 = CARTESIAN_POINT('',(9.184850993605E-18,-2.249639673993E-33,-0.15
    ));
#2429 = SPHERICAL_SURFACE('',#2430,0.15);
#2430 = AXIS2_PLACEMENT_3D('',#2431,#2432,#2433);
#2431 = CARTESIAN_POINT('',(0.,0.,0.));
#2432 = DIRECTION('',(0.,0.,1.));
#2433 = DIRECTION('',(1.,0.,-0.));
#2434 = ( GEOMETRIC_REPRESENTATION_CONTEXT(3) 
GLOBAL_UNCERTAINTY_ASSIGNED_CONTEXT((#2438)) 
GLOBAL_UNIT_ASSIGNED_CONTEXT((#2435,#2436,#2437)) REPRESENTATION_CONTEXT
('Context #1','3D Context with UNIT and UNCERTAINTY') );
#2435 = ( LENGTH_UNIT() NAMED_UNIT(*) SI_UNIT(.MILLI.,.METRE.) );
#2436 = ( NAMED_UNIT(*) PLANE_ANGLE_UNIT() SI_UNIT($,.RADIAN.) );
#2437 = ( NAMED_UNIT(*) SI_UNIT($,.STERADIAN.) SOLID_ANGLE_UNIT() );
#2438 = UNCERTAINTY_MEASURE_WITH_UNIT(LENGTH_MEASURE(1.E-07),#2435,
  'distance_accuracy_value','confusion accuracy');
#2439 = SHAPE_DEFINITION_REPRESENTATION(#2440,#2421);
#2440 = PRODUCT_DEFINITION_SHAPE('','',#2441);
#2441 = PRODUCT_DEFINITION('design','',#2442,#2445);
#2442 = PRODUCT_DEFINITION_FORMATION('','',#2443);
#2443 = PRODUCT('B21','B21','',(#2444));
#2444 = PRODUCT_CONTEXT('',#2,'mechanical');
#2445 = PRODUCT_DEFINITION_CONTEXT('part definition',#2,'design');
#2446 = CONTEXT_DEPENDENT_SHAPE_REPRESENTATION(#2447,#2449);
#2447 = ( REPRESENTATION_RELATIONSHIP('','',#2421,#10) 
REPRESENTATION_RELATIONSHIP_WITH_TRANSFORMATION(#2448) 
SHAPE_REPRESENTATION_RELATIONSHIP() );
#2448 = ITEM_DEFINED_TRANSFORMATION('','',#11,#159);
#2449 = PRODUCT_DEFINITION_SHAPE('Placement','Placement of an item',
  #2450);
#2450 = NEXT_ASSEMBLY_USAGE_OCCURRENCE('37','=>[0:1:1:38]','',#5,#2441,$
  );
#2451 = PRODUCT_RELATED_PRODUCT_CATEGORY('part',$,(#2443));
#2452 = ADVANCED_BREP_SHAPE_REPRESENTATION('',(#11,#2453),#2465);
#2453 = MANIFOLD_SOLID_BREP('',#2454);
#2454 = CLOSED_SHELL('',(#2455));
#2455 = ADVANCED_FACE('',(#2456),#2460,.T.);
#2456 = FACE_BOUND('',#2457,.T.);
#2457 = VERTEX_LOOP('',#2458);
#2458 = VERTEX_POINT('',#2459);
#2459 = CARTESIAN_POINT('',(9.184850993605E-18,-2.249639673993E-33,-0.15
    ));
#2460 = SPHERICAL_SURFACE('',#2461,0.15);
#2461 = AXIS2_PLACEMENT_3D('',#2462,#2463,#2464);
#2462 = CARTESIAN_POINT('',(0.,0.,0.));
#2463 = DIRECTION('',(0.,0.,1.));
#2464 = DIRECTION('',(1.,0.,-0.));
#2465 = ( GEOMETRIC_REPRESENTATION_CONTEXT(3) 
GLOBAL_UNCERTAINTY_ASSIGNED_CONTEXT((#2469)) 
GLOBAL_UNIT_ASSIGNED_CONTEXT((#2466,#2467,#2468)) REPRESENTATION_CONTEXT
('Context #1','3D Context with UNIT and UNCERTAINTY') );
#2466 = ( LENGTH_UNIT() NAMED_UNIT(*) SI_UNIT(.MILLI.,.METRE.) );
#2467 = ( NAMED_UNIT(*) PLANE_ANGLE_UNIT() SI_UNIT($,.RADIAN.) );
#2468 = ( NAMED_UNIT(*) SI_UNIT($,.STERADIAN.) SOLID_ANGLE_UNIT() );
#2469 = UNCERTAINTY_MEASURE_WITH_UNIT(LENGTH_MEASURE(1.E-07),#2466,
  'distance_accuracy_value','confusion accuracy');
#2470 = SHAPE_DEFINITION_REPRESENTATION(#2471,#2452);
#2471 = PRODUCT_DEFINITION_SHAPE('','',#2472);
#2472 = PRODUCT_DEFINITION('design','',#2473,#2476);
#2473 = PRODUCT_DEFINITION_FORMATION('','',#2474);
#2474 = PRODUCT('C1','C1','',(#2475));
#2475 = PRODUCT_CONTEXT('',#2,'mechanical');
#2476 = PRODUCT_DEFINITION_CONTEXT('part definition',#2,'design');
#2477 = CONTEXT_DEPENDENT_SHAPE_REPRESENTATION(#2478,#2480);
#2478 = ( REPRESENTATION_RELATIONSHIP('','',#2452,#10) 
REPRESENTATION_RELATIONSHIP_WITH_TRANSFORMATION(#2479) 
SHAPE_REPRESENTATION_RELATIONSHIP() );
#2479 = ITEM_DEFINED_TRANSFORMATION('','',#11,#163);
#2480 = PRODUCT_DEFINITION_SHAPE('Placement','Placement of an item',
  #2481);
#2481 = NEXT_ASSEMBLY_USAGE_OCCURRENCE('38','=>[0:1:1:39]','',#5,#2472,$
  );
#2482 = PRODUCT_RELATED_PRODUCT_CATEGORY('part',$,(#2474));
#2483 = ADVANCED_BREP_SHAPE_REPRESENTATION('',(#11,#2484),#2496);
#2484 = MANIFOLD_SOLID_BREP('',#2485);
#2485 = CLOSED_SHELL('',(#2486));
#2486 = ADVANCED_FACE('',(#2487),#2491,.T.);
#2487 = FACE_BOUND('',#2488,.T.);
#2488 = VERTEX_LOOP('',#2489);
#2489 = VERTEX_POINT('',#2490);
#2490 = CARTESIAN_POINT('',(9.184850993605E-18,-2.249639673993E-33,-0.15
    ));
#2491 = SPHERICAL_SURFACE('',#2492,0.15);
#2492 = AXIS2_PLACEMENT_3D('',#2493,#2494,#2495);
#2493 = CARTESIAN_POINT('',(0.,0.,0.));
#2494 = DIRECTION('',(0.,0.,1.));
#2495 = DIRECTION('',(1.,0.,-0.));
#2496 = ( GEOMETRIC_REPRESENTATION_CONTEXT(3) 
GLOBAL_UNCERTAINTY_ASSIGNED_CONTEXT((#2500)) 
GLOBAL_UNIT_ASSIGNED_CONTEXT((#2497,#2498,#2499)) REPRESENTATION_CONTEXT
('Context #1','3D Context with UNIT and UNCERTAINTY') );
#2497 = ( LENGTH_UNIT() NAMED_UNIT(*) SI_UNIT(.MILLI.,.METRE.) );
#2498 = ( NAMED_UNIT(*) PLANE_ANGLE_UNIT() SI_UNIT($,.RADIAN.) );
#2499 = ( NAMED_UNIT(*) SI_UNIT($,.STERADIAN.) SOLID_ANGLE_UNIT() );
#2500 = UNCERTAINTY_MEASURE_WITH_UNIT(LENGTH_MEASURE(1.E-07),#2497,
  'distance_accuracy_value','confusion accuracy');
#2501 = SHAPE_DEFINITION_REPRESENTATION(#2502,#2483);
#2502 = PRODUCT_DEFINITION_SHAPE('','',#2503);
#2503 = PRODUCT_DEFINITION('design','',#2504,#2507);
#2504 = PRODUCT_DEFINITION_FORMATION('','',#2505);
#2505 = PRODUCT('C2','C2','',(#2506));
#2506 = PRODUCT_CONTEXT('',#2,'mechanical');
#2507 = PRODUCT_DEFINITION_CONTEXT('part definition',#2,'design');
#2508 = CONTEXT_DEPENDENT_SHAPE_REPRESENTATION(#2509,#2511);
#2509 = ( REPRESENTATION_RELATIONSHIP('','',#2483,#10) 
REPRESENTATION_RELATIONSHIP_WITH_TRANSFORMATION(#2510) 
SHAPE_REPRESENTATION_RELATIONSHIP() );
#2510 = ITEM_DEFINED_TRANSFORMATION('','',#11,#167);
#2511 = PRODUCT_DEFINITION_SHAPE('Placement','Placement of an item',
  #2512);
#2512 = NEXT_ASSEMBLY_USAGE_OCCURRENCE('39','=>[0:1:1:40]','',#5,#2503,$
  );
#2513 = PRODUCT_RELATED_PRODUCT_CATEGORY('part',$,(#2505));
#2514 = ADVANCED_BREP_SHAPE_REPRESENTATION('',(#11,#2515),#2527);
#2515 = MANIFOLD_SOLID_BREP('',#2516);
#2516 = CLOSED_SHELL('',(#2517));
#2517 = ADVANCED_FACE('',(#2518),#2522,.T.);
#2518 = FACE_BOUND('',#2519,.T.);
#2519 = VERTEX_LOOP('',#2520);
#2520 = VERTEX_POINT('',#2521);
#2521 = CARTESIAN_POINT('',(9.184850993605E-18,-2.249639673993E-33,-0.15
    ));
#2522 = SPHERICAL_SURFACE('',#2523,0.15);
#2523 = AXIS2_PLACEMENT_3D('',#2524,#2525,#2526);
#2524 = CARTESIAN_POINT('',(0.,0.,0.));
#2525 = DIRECTION('',(0.,0.,1.));
#2526 = DIRECTION('',(1.,0.,-0.));
#2527 = ( GEOMETRIC_REPRESENTATION_CONTEXT(3) 
GLOBAL_UNCERTAINTY_ASSIGNED_CONTEXT((#2531)) 
GLOBAL_UNIT_ASSIGNED_CONTEXT((#2528,#2529,#2530)) REPRESENTATION_CONTEXT
('Context #1','3D Context with UNIT and UNCERTAINTY') );
#2528 = ( LENGTH_UNIT() NAMED_UNIT(*) SI_UNIT(.MILLI.,.METRE.) );
#2529 = ( NAMED_UNIT(*) PLANE_ANGLE_UNIT() SI_UNIT($,.RADIAN.) );
#2530 = ( NAMED_UNIT(*) SI_UNIT($,.STERADIAN.) SOLID_ANGLE_UNIT() );
#2531 = UNCERTAINTY_MEASURE_WITH_UNIT(LENGTH_MEASURE(1.E-07),#2528,
  'distance_accuracy_value','confusion accuracy');
#2532 = SHAPE_DEFINITION_REPRESENTATION(#2533,#2514);
#2533 = PRODUCT_DEFINITION_SHAPE('','',#2534);
#2534 = PRODUCT_DEFINITION('design','',#2535,#2538);
#2535 = PRODUCT_DEFINITION_FORMATION('','',#2536);
#2536 = PRODUCT('C3','C3','',(#2537));
#2537 = PRODUCT_CONTEXT('',#2,'mechanical');
#2538 = PRODUCT_DEFINITION_CONTEXT('part definition',#2,'design');
#2539 = CONTEXT_DEPENDENT_SHAPE_REPRESENTATION(#2540,#2542);
#2540 = ( REPRESENTATION_RELATIONSHIP('','',#2514,#10) 
REPRESENTATION_RELATIONSHIP_WITH_TRANSFORMATION(#2541) 
SHAPE_REPRESENTATION_RELATIONSHIP() );
#2541 = ITEM_DEFINED_TRANSFORMATION('','',#11,#171);
#2542 = PRODUCT_DEFINITION_SHAPE('Placement','Placement of an item',
  #2543);
#2543 = NEXT_ASSEMBLY_USAGE_OCCURRENCE('40','=>[0:1:1:41]','',#5,#2534,$
  );
#2544 = PRODUCT_RELATED_PRODUCT_CATEGORY('part',$,(#2536));
#2545 = ADVANCED_BREP_SHAPE_REPRESENTATION('',(#11,#2546),#2558);
#2546 = MANIFOLD_SOLID_BREP('',#2547);
#2547 = CLOSED_SHELL('',(#2548));
#2548 = ADVANCED_FACE('',(#2549),#2553,.T.);
#2549 = FACE_BOUND('',#2550,.T.);
#2550 = VERTEX_LOOP('',#2551);
#2551 = VERTEX_POINT('',#2552);
#2552 = CARTESIAN_POINT('',(9.184850993605E-18,-2.249639673993E-33,-0.15
    ));
#2553 = SPHERICAL_SURFACE('',#2554,0.15);
#2554 = AXIS2_PLACEMENT_3D('',#2555,#2556,#2557);
#2555 = CARTESIAN_POINT('',(0.,0.,0.));
#2556 = DIRECTION('',(0.,0.,1.));
#2557 = DIRECTION('',(1.,0.,-0.));
#2558 = ( GEOMETRIC_REPRESENTATION_CONTEXT(3) 
GLOBAL_UNCERTAINTY_ASSIGNED_CONTEXT((#2562)) 
GLOBAL_UNIT_ASSIGNED_CONTEXT((#2559,#2560,#2561)) REPRESENTATION_CONTEXT
('Context #1','3D Context with UNIT and UNCERTAINTY') );
#2559 = ( LENGTH_UNIT() NAMED_UNIT(*) SI_UNIT(.MILLI.,.METRE.) );
#2560 = ( NAMED_UNIT(*) PLANE_ANGLE_UNIT() SI_UNIT($,.RADIAN.) );
#2561 = ( NAMED_UNIT(*) SI_UNIT($,.STERADIAN.) SOLID_ANGLE_UNIT() );
#2562 = UNCERTAINTY_MEASURE_WITH_UNIT(LENGTH_MEASURE(1.E-07),#2559,
  'distance_accuracy_value','confusion accuracy');
#2563 = SHAPE_DEFINITION_REPRESENTATION(#2564,#2545);
#2564 = PRODUCT_DEFINITION_SHAPE('','',#2565);
#2565 = PRODUCT_DEFINITION('design','',#2566,#2569);
#2566 = PRODUCT_DEFINITION_FORMATION('','',#2567);
#2567 = PRODUCT('C4','C4','',(#2568));
#2568 = PRODUCT_CONTEXT('',#2,'mechanical');
#2569 = PRODUCT_DEFINITION_CONTEXT('part definition',#2,'design');
#2570 = CONTEXT_DEPENDENT_SHAPE_REPRESENTATION(#2571,#2573);
#2571 = ( REPRESENTATION_RELATIONSHIP('','',#2545,#10) 
REPRESENTATION_RELATIONSHIP_WITH_TRANSFORMATION(#2572) 
SHAPE_REPRESENTATION_RELATIONSHIP() );
#2572 = ITEM_DEFINED_TRANSFORMATION('','',#11,#175);
#2573 = PRODUCT_DEFINITION_SHAPE('Placement','Placement of an item',
  #2574);
#2574 = NEXT_ASSEMBLY_USAGE_OCCURRENCE('41','=>[0:1:1:42]','',#5,#2565,$
  );
#2575 = PRODUCT_RELATED_PRODUCT_CATEGORY('part',$,(#2567));
#2576 = ADVANCED_BREP_SHAPE_REPRESENTATION('',(#11,#2577),#2589);
#2577 = MANIFOLD_SOLID_BREP('',#2578);
#2578 = CLOSED_SHELL('',(#2579));
#2579 = ADVANCED_FACE('',(#2580),#2584,.T.);
#2580 = FACE_BOUND('',#2581,.T.);
#2581 = VERTEX_LOOP('',#2582);
#2582 = VERTEX_POINT('',#2583);
#2583 = CARTESIAN_POINT('',(9.184850993605E-18,-2.249639673993E-33,-0.15
    ));
#2584 = SPHERICAL_SURFACE('',#2585,0.15);
#2585 = AXIS2_PLACEMENT_3D('',#2586,#2587,#2588);
#2586 = CARTESIAN_POINT('',(0.,0.,0.));
#2587 = DIRECTION('',(0.,0.,1.));
#2588 = DIRECTION('',(1.,0.,-0.));
#2589 = ( GEOMETRIC_REPRESENTATION_CONTEXT(3) 
GLOBAL_UNCERTAINTY_ASSIGNED_CONTEXT((#2593)) 
GLOBAL_UNIT_ASSIGNED_CONTEXT((#2590,#2591,#2592)) REPRESENTATION_CONTEXT
('Context #1','3D Context with UNIT and UNCERTAINTY') );
#2590 = ( LENGTH_UNIT() NAMED_UNIT(*) SI_UNIT(.MILLI.,.METRE.) );
#2591 = ( NAMED_UNIT(*) PLANE_ANGLE_UNIT() SI_UNIT($,.RADIAN.) );
#2592 = ( NAMED_UNIT(*) SI_UNIT($,.STERADIAN.) SOLID_ANGLE_UNIT() );
#2593 = UNCERTAINTY_MEASURE_WITH_UNIT(LENGTH_MEASURE(1.E-07),#2590,
  'distance_accuracy_value','confusion accuracy');
#2594 = SHAPE_DEFINITION_REPRESENTATION(#2595,#2576);
#2595 = PRODUCT_DEFINITION_SHAPE('','',#2596);
#2596 = PRODUCT_DEFINITION('design','',#2597,#2600);
#2597 = PRODUCT_DEFINITION_FORMATION('','',#2598);
#2598 = PRODUCT('C5','C5','',(#2599));
#2599 = PRODUCT_CONTEXT('',#2,'mechanical');
#2600 = PRODUCT_DEFINITION_CONTEXT('part definition',#2,'design');
#2601 = CONTEXT_DEPENDENT_SHAPE_REPRESENTATION(#2602,#2604);
#2602 = ( REPRESENTATION_RELATIONSHIP('','',#2576,#10) 
REPRESENTATION_RELATIONSHIP_WITH_TRANSFORMATION(#2603) 
SHAPE_REPRESENTATION_RELATIONSHIP() );
#2603 = ITEM_DEFINED_TRANSFORMATION('','',#11,#179);
#2604 = PRODUCT_DEFINITION_SHAPE('Placement','Placement of an item',
  #2605);
#2605 = NEXT_ASSEMBLY_USAGE_OCCURRENCE('42','=>[0:1:1:43]','',#5,#2596,$
  );
#2606 = PRODUCT_RELATED_PRODUCT_CATEGORY('part',$,(#2598));
#2607 = ADVANCED_BREP_SHAPE_REPRESENTATION('',(#11,#2608),#2620);
#2608 = MANIFOLD_SOLID_BREP('',#2609);
#2609 = CLOSED_SHELL('',(#2610));
#2610 = ADVANCED_FACE('',(#2611),#2615,.T.);
#2611 = FACE_BOUND('',#2612,.T.);
#2612 = VERTEX_LOOP('',#2613);
#2613 = VERTEX_POINT('',#2614);
#2614 = CARTESIAN_POINT('',(9.184850993605E-18,-2.249639673993E-33,-0.15
    ));
#2615 = SPHERICAL_SURFACE('',#2616,0.15);
#2616 = AXIS2_PLACEMENT_3D('',#2617,#2618,#2619);
#2617 = CARTESIAN_POINT('',(0.,0.,0.));
#2618 = DIRECTION('',(0.,0.,1.));
#2619 = DIRECTION('',(1.,0.,-0.));
#2620 = ( GEOMETRIC_REPRESENTATION_CONTEXT(3) 
GLOBAL_UNCERTAINTY_ASSIGNED_CONTEXT((#2624)) 
GLOBAL_UNIT_ASSIGNED_CONTEXT((#2621,#2622,#2623)) REPRESENTATION_CONTEXT
('Context #1','3D Context with UNIT and UNCERTAINTY') );
#2621 = ( LENGTH_UNIT() NAMED_UNIT(*) SI_UNIT(.MILLI.,.METRE.) );
#2622 = ( NAMED_UNIT(*) PLANE_ANGLE_UNIT() SI_UNIT($,.RADIAN.) );
#2623 = ( NAMED_UNIT(*) SI_UNIT($,.STERADIAN.) SOLID_ANGLE_UNIT() );
#2624 = UNCERTAINTY_MEASURE_WITH_UNIT(LENGTH_MEASURE(1.E-07),#2621,
  'distance_accuracy_value','confusion accuracy');
#2625 = SHAPE_DEFINITION_REPRESENTATION(#2626,#2607);
#2626 = PRODUCT_DEFINITION_SHAPE('','',#2627);
#2627 = PRODUCT_DEFINITION('design','',#2628,#2631);
#2628 = PRODUCT_DEFINITION_FORMATION('','',#2629);
#2629 = PRODUCT('C6','C6','',(#2630));
#2630 = PRODUCT_CONTEXT('',#2,'mechanical');
#2631 = PRODUCT_DEFINITION_CONTEXT('part definition',#2,'design');
#2632 = CONTEXT_DEPENDENT_SHAPE_REPRESENTATION(#2633,#2635);
#2633 = ( REPRESENTATION_RELATIONSHIP('','',#2607,#10) 
REPRESENTATION_RELATIONSHIP_WITH_TRANSFORMATION(#2634) 
SHAPE_REPRESENTATION_RELATIONSHIP() );
#2634 = ITEM_DEFINED_TRANSFORMATION('','',#11,#183);
#2635 = PRODUCT_DEFINITION_SHAPE('Placement','Placement of an item',
  #2636);
#2636 = NEXT_ASSEMBLY_USAGE_OCCURRENCE('43','=>[0:1:1:44]','',#5,#2627,$
  );
#2637 = PRODUCT_RELATED_PRODUCT_CATEGORY('part',$,(#2629));
#2638 = ADVANCED_BREP_SHAPE_REPRESENTATION('',(#11,#2639),#2651);
#2639 = MANIFOLD_SOLID_BREP('',#2640);
#2640 = CLOSED_SHELL('',(#2641));
#2641 = ADVANCED_FACE('',(#2642),#2646,.T.);
#2642 = FACE_BOUND('',#2643,.T.);
#2643 = VERTEX_LOOP('',#2644);
#2644 = VERTEX_POINT('',#2645);
#2645 = CARTESIAN_POINT('',(9.184850993605E-18,-2.249639673993E-33,-0.15
    ));
#2646 = SPHERICAL_SURFACE('',#2647,0.15);
#2647 = AXIS2_PLACEMENT_3D('',#2648,#2649,#2650);
#2648 = CARTESIAN_POINT('',(0.,0.,0.));
#2649 = DIRECTION('',(0.,0.,1.));
#2650 = DIRECTION('',(1.,0.,-0.));
#2651 = ( GEOMETRIC_REPRESENTATION_CONTEXT(3) 
GLOBAL_UNCERTAINTY_ASSIGNED_CONTEXT((#2655)) 
GLOBAL_UNIT_ASSIGNED_CONTEXT((#2652,#2653,#2654)) REPRESENTATION_CONTEXT
('Context #1','3D Context with UNIT and UNCERTAINTY') );
#2652 = ( LENGTH_UNIT() NAMED_UNIT(*) SI_UNIT(.MILLI.,.METRE.) );
#2653 = ( NAMED_UNIT(*) PLANE_ANGLE_UNIT() SI_UNIT($,.RADIAN.) );
#2654 = ( NAMED_UNIT(*) SI_UNIT($,.STERADIAN.) SOLID_ANGLE_UNIT() );
#2655 = UNCERTAINTY_MEASURE_WITH_UNIT(LENGTH_MEASURE(1.E-07),#2652,
  'distance_accuracy_value','confusion accuracy');
#2656 = SHAPE_DEFINITION_REPRESENTATION(#2657,#2638);
#2657 = PRODUCT_DEFINITION_SHAPE('','',#2658);
#2658 = PRODUCT_DEFINITION('design','',#2659,#2662);
#2659 = PRODUCT_DEFINITION_FORMATION('','',#2660);
#2660 = PRODUCT('C7','C7','',(#2661));
#2661 = PRODUCT_CONTEXT('',#2,'mechanical');
#2662 = PRODUCT_DEFINITION_CONTEXT('part definition',#2,'design');
#2663 = CONTEXT_DEPENDENT_SHAPE_REPRESENTATION(#2664,#2666);
#2664 = ( REPRESENTATION_RELATIONSHIP('','',#2638,#10) 
REPRESENTATION_RELATIONSHIP_WITH_TRANSFORMATION(#2665) 
SHAPE_REPRESENTATION_RELATIONSHIP() );
#2665 = ITEM_DEFINED_TRANSFORMATION('','',#11,#187);
#2666 = PRODUCT_DEFINITION_SHAPE('Placement','Placement of an item',
  #2667);
#2667 = NEXT_ASSEMBLY_USAGE_OCCURRENCE('44','=>[0:1:1:45]','',#5,#2658,$
  );
#2668 = PRODUCT_RELATED_PRODUCT_CATEGORY('part',$,(#2660));
#2669 = ADVANCED_BREP_SHAPE_REPRESENTATION('',(#11,#2670),#2682);
#2670 = MANIFOLD_SOLID_BREP('',#2671);
#2671 = CLOSED_SHELL('',(#2672));
#2672 = ADVANCED_FACE('',(#2673),#2677,.T.);
#2673 = FACE_BOUND('',#2674,.T.);
#2674 = VERTEX_LOOP('',#2675);
#2675 = VERTEX_POINT('',#2676);
#2676 = CARTESIAN_POINT('',(9.184850993605E-18,-2.249639673993E-33,-0.15
    ));
#2677 = SPHERICAL_SURFACE('',#2678,0.15);
#2678 = AXIS2_PLACEMENT_3D('',#2679,#2680,#2681);
#2679 = CARTESIAN_POINT('',(0.,0.,0.));
#2680 = DIRECTION('',(0.,0.,1.));
#2681 = DIRECTION('',(1.,0.,-0.));
#2682 = ( GEOMETRIC_REPRESENTATION_CONTEXT(3) 
GLOBAL_UNCERTAINTY_ASSIGNED_CONTEXT((#2686)) 
GLOBAL_UNIT_ASSIGNED_CONTEXT((#2683,#2684,#2685)) REPRESENTATION_CONTEXT
('Context #1','3D Context with UNIT and UNCERTAINTY') );
#2683 = ( LENGTH_UNIT() NAMED_UNIT(*) SI_UNIT(.MILLI.,.METRE.) );
#2684 = ( NAMED_UNIT(*) PLANE_ANGLE_UNIT() SI_UNIT($,.RADIAN.) );
#2685 = ( NAMED_UNIT(*) SI_UNIT($,.STERADIAN.) SOLID_ANGLE_UNIT() );
#2686 = UNCERTAINTY_MEASURE_WITH_UNIT(LENGTH_MEASURE(1.E-07),#2683,
  'distance_accuracy_value','confusion accuracy');
#2687 = SHAPE_DEFINITION_REPRESENTATION(#2688,#2669);
#2688 = PRODUCT_DEFINITION_SHAPE('','',#2689);
#2689 = PRODUCT_DEFINITION('design','',#2690,#2693);
#2690 = PRODUCT_DEFINITION_FORMATION('','',#2691);
#2691 = PRODUCT('C8','C8','',(#2692));
#2692 = PRODUCT_CONTEXT('',#2,'mechanical');
#2693 = PRODUCT_DEFINITION_CONTEXT('part definition',#2,'design');
#2694 = CONTEXT_DEPENDENT_SHAPE_REPRESENTATION(#2695,#2697);
#2695 = ( REPRESENTATION_RELATIONSHIP('','',#2669,#10) 
REPRESENTATION_RELATIONSHIP_WITH_TRANSFORMATION(#2696) 
SHAPE_REPRESENTATION_RELATIONSHIP() );
#2696 = ITEM_DEFINED_TRANSFORMATION('','',#11,#191);
#2697 = PRODUCT_DEFINITION_SHAPE('Placement','Placement of an item',
  #2698);
#2698 = NEXT_ASSEMBLY_USAGE_OCCURRENCE('45','=>[0:1:1:46]','',#5,#2689,$
  );
#2699 = PRODUCT_RELATED_PRODUCT_CATEGORY('part',$,(#2691));
#2700 = ADVANCED_BREP_SHAPE_REPRESENTATION('',(#11,#2701),#2713);
#2701 = MANIFOLD_SOLID_BREP('',#2702);
#2702 = CLOSED_SHELL('',(#2703));
#2703 = ADVANCED_FACE('',(#2704),#2708,.T.);
#2704 = FACE_BOUND('',#2705,.T.);
#2705 = VERTEX_LOOP('',#2706);
#2706 = VERTEX_POINT('',#2707);
#2707 = CARTESIAN_POINT('',(9.184850993605E-18,-2.249639673993E-33,-0.15
    ));
#2708 = SPHERICAL_SURFACE('',#2709,0.15);
#2709 = AXIS2_PLACEMENT_3D('',#2710,#2711,#2712);
#2710 = CARTESIAN_POINT('',(0.,0.,0.));
#2711 = DIRECTION('',(0.,0.,1.));
#2712 = DIRECTION('',(1.,0.,-0.));
#2713 = ( GEOMETRIC_REPRESENTATION_CONTEXT(3) 
GLOBAL_UNCERTAINTY_ASSIGNED_CONTEXT((#2717)) 
GLOBAL_UNIT_ASSIGNED_CONTEXT((#2714,#2715,#2716)) REPRESENTATION_CONTEXT
('Context #1','3D Context with UNIT and UNCERTAINTY') );
#2714 = ( LENGTH_UNIT() NAMED_UNIT(*) SI_UNIT(.MILLI.,.METRE.) );
#2715 = ( NAMED_UNIT(*) PLANE_ANGLE_UNIT() SI_UNIT($,.RADIAN.) );
#2716 = ( NAMED_UNIT(*) SI_UNIT($,.STERADIAN.) SOLID_ANGLE_UNIT() );
#2717 = UNCERTAINTY_MEASURE_WITH_UNIT(LENGTH_MEASURE(1.E-07),#2714,
  'distance_accuracy_value','confusion accuracy');
#2718 = SHAPE_DEFINITION_REPRESENTATION(#2719,#2700);
#2719 = PRODUCT_DEFINITION_SHAPE('','',#2720);
#2720 = PRODUCT_DEFINITION('design','',#2721,#2724);
#2721 = PRODUCT_DEFINITION_FORMATION('','',#2722);
#2722 = PRODUCT('C9','C9','',(#2723));
#2723 = PRODUCT_CONTEXT('',#2,'mechanical');
#2724 = PRODUCT_DEFINITION_CONTEXT('part definition',#2,'design');
#2725 = CONTEXT_DEPENDENT_SHAPE_REPRESENTATION(#2726,#2728);
#2726 = ( REPRESENTATION_RELATIONSHIP('','',#2700,#10) 
REPRESENTATION_RELATIONSHIP_WITH_TRANSFORMATION(#2727) 
SHAPE_REPRESENTATION_RELATIONSHIP() );
#2727 = ITEM_DEFINED_TRANSFORMATION('','',#11,#195);
#2728 = PRODUCT_DEFINITION_SHAPE('Placement','Placement of an item',
  #2729);
#2729 = NEXT_ASSEMBLY_USAGE_OCCURRENCE('46','=>[0:1:1:47]','',#5,#2720,$
  );
#2730 = PRODUCT_RELATED_PRODUCT_CATEGORY('part',$,(#2722));
#2731 = ADVANCED_BREP_SHAPE_REPRESENTATION('',(#11,#2732),#2744);
#2732 = MANIFOLD_SOLID_BREP('',#2733);
#2733 = CLOSED_SHELL('',(#2734));
#2734 = ADVANCED_FACE('',(#2735),#2739,.T.);
#2735 = FACE_BOUND('',#2736,.T.);
#2736 = VERTEX_LOOP('',#2737);
#2737 = VERTEX_POINT('',#2738);
#2738 = CARTESIAN_POINT('',(9.184850993605E-18,-2.249639673993E-33,-0.15
    ));
#2739 = SPHERICAL_SURFACE('',#2740,0.15);
#2740 = AXIS2_PLACEMENT_3D('',#2741,#2742,#2743);
#2741 = CARTESIAN_POINT('',(0.,0.,0.));
#2742 = DIRECTION('',(0.,0.,1.));
#2743 = DIRECTION('',(1.,0.,-0.));
#2744 = ( GEOMETRIC_REPRESENTATION_CONTEXT(3) 
GLOBAL_UNCERTAINTY_ASSIGNED_CONTEXT((#2748)) 
GLOBAL_UNIT_ASSIGNED_CONTEXT((#2745,#2746,#2747)) REPRESENTATION_CONTEXT
('Context #1','3D Context with UNIT and UNCERTAINTY') );
#2745 = ( LENGTH_UNIT() NAMED_UNIT(*) SI_UNIT(.MILLI.,.METRE.) );
#2746 = ( NAMED_UNIT(*) PLANE_ANGLE_UNIT() SI_UNIT($,.RADIAN.) );
#2747 = ( NAMED_UNIT(*) SI_UNIT($,.STERADIAN.) SOLID_ANGLE_UNIT() );
#2748 = UNCERTAINTY_MEASURE_WITH_UNIT(LENGTH_MEASURE(1.E-07),#2745,
  'distance_accuracy_value','confusion accuracy');
#2749 = SHAPE_DEFINITION_REPRESENTATION(#2750,#2731);
#2750 = PRODUCT_DEFINITION_SHAPE('','',#2751);
#2751 = PRODUCT_DEFINITION('design','',#2752,#2755);
#2752 = PRODUCT_DEFINITION_FORMATION('','',#2753);
#2753 = PRODUCT('C10','C10','',(#2754));
#2754 = PRODUCT_CONTEXT('',#2,'mechanical');
#2755 = PRODUCT_DEFINITION_CONTEXT('part definition',#2,'design');
#2756 = CONTEXT_DEPENDENT_SHAPE_REPRESENTATION(#2757,#2759);
#2757 = ( REPRESENTATION_RELATIONSHIP('','',#2731,#10) 
REPRESENTATION_RELATIONSHIP_WITH_TRANSFORMATION(#2758) 
SHAPE_REPRESENTATION_RELATIONSHIP() );
#2758 = ITEM_DEFINED_TRANSFORMATION('','',#11,#199);
#2759 = PRODUCT_DEFINITION_SHAPE('Placement','Placement of an item',
  #2760);
#2760 = NEXT_ASSEMBLY_USAGE_OCCURRENCE('47','=>[0:1:1:48]','',#5,#2751,$
  );
#2761 = PRODUCT_RELATED_PRODUCT_CATEGORY('part',$,(#2753));
#2762 = ADVANCED_BREP_SHAPE_REPRESENTATION('',(#11,#2763),#2775);
#2763 = MANIFOLD_SOLID_BREP('',#2764);
#2764 = CLOSED_SHELL('',(#2765));
#2765 = ADVANCED_FACE('',(#2766),#2770,.T.);
#2766 = FACE_BOUND('',#2767,.T.);
#2767 = VERTEX_LOOP('',#2768);
#2768 = VERTEX_POINT('',#2769);
#2769 = CARTESIAN_POINT('',(9.184850993605E-18,-2.249639673993E-33,-0.15
    ));
#2770 = SPHERICAL_SURFACE('',#2771,0.15);
#2771 = AXIS2_PLACEMENT_3D('',#2772,#2773,#2774);
#2772 = CARTESIAN_POINT('',(0.,0.,0.));
#2773 = DIRECTION('',(0.,0.,1.));
#2774 = DIRECTION('',(1.,0.,-0.));
#2775 = ( GEOMETRIC_REPRESENTATION_CONTEXT(3) 
GLOBAL_UNCERTAINTY_ASSIGNED_CONTEXT((#2779)) 
GLOBAL_UNIT_ASSIGNED_CONTEXT((#2776,#2777,#2778)) REPRESENTATION_CONTEXT
('Context #1','3D Context with UNIT and UNCERTAINTY') );
#2776 = ( LENGTH_UNIT() NAMED_UNIT(*) SI_UNIT(.MILLI.,.METRE.) );
#2777 = ( NAMED_UNIT(*) PLANE_ANGLE_UNIT() SI_UNIT($,.RADIAN.) );
#2778 = ( NAMED_UNIT(*) SI_UNIT($,.STERADIAN.) SOLID_ANGLE_UNIT() );
#2779 = UNCERTAINTY_MEASURE_WITH_UNIT(LENGTH_MEASURE(1.E-07),#2776,
  'distance_accuracy_value','confusion accuracy');
#2780 = SHAPE_DEFINITION_REPRESENTATION(#2781,#2762);
#2781 = PRODUCT_DEFINITION_SHAPE('','',#2782);
#2782 = PRODUCT_DEFINITION('design','',#2783,#2786);
#2783 = PRODUCT_DEFINITION_FORMATION('','',#2784);
#2784 = PRODUCT('C11','C11','',(#2785));
#2785 = PRODUCT_CONTEXT('',#2,'mechanical');
#2786 = PRODUCT_DEFINITION_CONTEXT('part definition',#2,'design');
#2787 = CONTEXT_DEPENDENT_SHAPE_REPRESENTATION(#2788,#2790);
#2788 = ( REPRESENTATION_RELATIONSHIP('','',#2762,#10) 
REPRESENTATION_RELATIONSHIP_WITH_TRANSFORMATION(#2789) 
SHAPE_REPRESENTATION_RELATIONSHIP() );
#2789 = ITEM_DEFINED_TRANSFORMATION('','',#11,#203);
#2790 = PRODUCT_DEFINITION_SHAPE('Placement','Placement of an item',
  #2791);
#2791 = NEXT_ASSEMBLY_USAGE_OCCURRENCE('48','=>[0:1:1:49]','',#5,#2782,$
  );
#2792 = PRODUCT_RELATED_PRODUCT_CATEGORY('part',$,(#2784));
#2793 = ADVANCED_BREP_SHAPE_REPRESENTATION('',(#11,#2794),#2806);
#2794 = MANIFOLD_SOLID_BREP('',#2795);
#2795 = CLOSED_SHELL('',(#2796));
#2796 = ADVANCED_FACE('',(#2797),#2801,.T.);
#2797 = FACE_BOUND('',#2798,.T.);
#2798 = VERTEX_LOOP('',#2799);
#2799 = VERTEX_POINT('',#2800);
#2800 = CARTESIAN_POINT('',(9.184850993605E-18,-2.249639673993E-33,-0.15
    ));
#2801 = SPHERICAL_SURFACE('',#2802,0.15);
#2802 = AXIS2_PLACEMENT_3D('',#2803,#2804,#2805);
#2803 = CARTESIAN_POINT('',(0.,0.,0.));
#2804 = DIRECTION('',(0.,0.,1.));
#2805 = DIRECTION('',(1.,0.,-0.));
#2806 = ( GEOMETRIC_REPRESENTATION_CONTEXT(3) 
GLOBAL_UNCERTAINTY_ASSIGNED_CONTEXT((#2810)) 
GLOBAL_UNIT_ASSIGNED_CONTEXT((#2807,#2808,#2809)) REPRESENTATION_CONTEXT
('Context #1','3D Context with UNIT and UNCERTAINTY') );
#2807 = ( LENGTH_UNIT() NAMED_UNIT(*) SI_UNIT(.MILLI.,.METRE.) );
#2808 = ( NAMED_UNIT(*) PLANE_ANGLE_UNIT() SI_UNIT($,.RADIAN.) );
#2809 = ( NAMED_UNIT(*) SI_UNIT($,.STERADIAN.) SOLID_ANGLE_UNIT() );
#2810 = UNCERTAINTY_MEASURE_WITH_UNIT(LENGTH_MEASURE(1.E-07),#2807,
  'distance_accuracy_value','confusion accuracy');
#2811 = SHAPE_DEFINITION_REPRESENTATION(#2812,#2793);
#2812 = PRODUCT_DEFINITION_SHAPE('','',#2813);
#2813 = PRODUCT_DEFINITION('design','',#2814,#2817);
#2814 = PRODUCT_DEFINITION_FORMATION('','',#2815);
#2815 = PRODUCT('C12','C12','',(#2816));
#2816 = PRODUCT_CONTEXT('',#2,'mechanical');
#2817 = PRODUCT_DEFINITION_CONTEXT('part definition',#2,'design');
#2818 = CONTEXT_DEPENDENT_SHAPE_REPRESENTATION(#2819,#2821);
#2819 = ( REPRESENTATION_RELATIONSHIP('','',#2793,#10) 
REPRESENTATION_RELATIONSHIP_WITH_TRANSFORMATION(#2820) 
SHAPE_REPRESENTATION_RELATIONSHIP() );
#2820 = ITEM_DEFINED_TRANSFORMATION('','',#11,#207);
#2821 = PRODUCT_DEFINITION_SHAPE('Placement','Placement of an item',
  #2822);
#2822 = NEXT_ASSEMBLY_USAGE_OCCURRENCE('49','=>[0:1:1:50]','',#5,#2813,$
  );
#2823 = PRODUCT_RELATED_PRODUCT_CATEGORY('part',$,(#2815));
#2824 = ADVANCED_BREP_SHAPE_REPRESENTATION('',(#11,#2825),#2837);
#2825 = MANIFOLD_SOLID_BREP('',#2826);
#2826 = CLOSED_SHELL('',(#2827));
#2827 = ADVANCED_FACE('',(#2828),#2832,.T.);
#2828 = FACE_BOUND('',#2829,.T.);
#2829 = VERTEX_LOOP('',#2830);
#2830 = VERTEX_POINT('',#2831);
#2831 = CARTESIAN_POINT('',(9.184850993605E-18,-2.249639673993E-33,-0.15
    ));
#2832 = SPHERICAL_SURFACE('',#2833,0.15);
#2833 = AXIS2_PLACEMENT_3D('',#2834,#2835,#2836);
#2834 = CARTESIAN_POINT('',(0.,0.,0.));
#2835 = DIRECTION('',(0.,0.,1.));
#2836 = DIRECTION('',(1.,0.,-0.));
#2837 = ( GEOMETRIC_REPRESENTATION_CONTEXT(3) 
GLOBAL_UNCERTAINTY_ASSIGNED_CONTEXT((#2841)) 
GLOBAL_UNIT_ASSIGNED_CONTEXT((#2838,#2839,#2840)) REPRESENTATION_CONTEXT
('Context #1','3D Context with UNIT and UNCERTAINTY') );
#2838 = ( LENGTH_UNIT() NAMED_UNIT(*) SI_UNIT(.MILLI.,.METRE.) );
#2839 = ( NAMED_UNIT(*) PLANE_ANGLE_UNIT() SI_UNIT($,.RADIAN.) );
#2840 = ( NAMED_UNIT(*) SI_UNIT($,.STERADIAN.) SOLID_ANGLE_UNIT() );
#2841 = UNCERTAINTY_MEASURE_WITH_UNIT(LENGTH_MEASURE(1.E-07),#2838,
  'distance_accuracy_value','confusion accuracy');
#2842 = SHAPE_DEFINITION_REPRESENTATION(#2843,#2824);
#2843 = PRODUCT_DEFINITION_SHAPE('','',#2844);
#2844 = PRODUCT_DEFINITION('design','',#2845,#2848);
#2845 = PRODUCT_DEFINITION_FORMATION('','',#2846);
#2846 = PRODUCT('C13','C13','',(#2847));
#2847 = PRODUCT_CONTEXT('',#2,'mechanical');
#2848 = PRODUCT_DEFINITION_CONTEXT('part definition',#2,'design');
#2849 = CONTEXT_DEPENDENT_SHAPE_REPRESENTATION(#2850,#2852);
#2850 = ( REPRESENTATION_RELATIONSHIP('','',#2824,#10) 
REPRESENTATION_RELATIONSHIP_WITH_TRANSFORMATION(#2851) 
SHAPE_REPRESENTATION_RELATIONSHIP() );
#2851 = ITEM_DEFINED_TRANSFORMATION('','',#11,#211);
#2852 = PRODUCT_DEFINITION_SHAPE('Placement','Placement of an item',
  #2853);
#2853 = NEXT_ASSEMBLY_USAGE_OCCURRENCE('50','=>[0:1:1:51]','',#5,#2844,$
  );
#2854 = PRODUCT_RELATED_PRODUCT_CATEGORY('part',$,(#2846));
#2855 = ADVANCED_BREP_SHAPE_REPRESENTATION('',(#11,#2856),#2868);
#2856 = MANIFOLD_SOLID_BREP('',#2857);
#2857 = CLOSED_SHELL('',(#2858));
#2858 = ADVANCED_FACE('',(#2859),#2863,.T.);
#2859 = FACE_BOUND('',#2860,.T.);
#2860 = VERTEX_LOOP('',#2861);
#2861 = VERTEX_POINT('',#2862);
#2862 = CARTESIAN_POINT('',(9.184850993605E-18,-2.249639673993E-33,-0.15
    ));
#2863 = SPHERICAL_SURFACE('',#2864,0.15);
#2864 = AXIS2_PLACEMENT_3D('',#2865,#2866,#2867);
#2865 = CARTESIAN_POINT('',(0.,0.,0.));
#2866 = DIRECTION('',(0.,0.,1.));
#2867 = DIRECTION('',(1.,0.,-0.));
#2868 = ( GEOMETRIC_REPRESENTATION_CONTEXT(3) 
GLOBAL_UNCERTAINTY_ASSIGNED_CONTEXT((#2872)) 
GLOBAL_UNIT_ASSIGNED_CONTEXT((#2869,#2870,#2871)) REPRESENTATION_CONTEXT
('Context #1','3D Context with UNIT and UNCERTAINTY') );
#2869 = ( LENGTH_UNIT() NAMED_UNIT(*) SI_UNIT(.MILLI.,.METRE.) );
#2870 = ( NAMED_UNIT(*) PLANE_ANGLE_UNIT() SI_UNIT($,.RADIAN.) );
#2871 = ( NAMED_UNIT(*) SI_UNIT($,.STERADIAN.) SOLID_ANGLE_UNIT() );
#2872 = UNCERTAINTY_MEASURE_WITH_UNIT(LENGTH_MEASURE(1.E-07),#2869,
  'distance_accuracy_value','confusion accuracy');
#2873 = SHAPE_DEFINITION_REPRESENTATION(#2874,#2855);
#2874 = PRODUCT_DEFINITION_SHAPE('','',#2875);
#2875 = PRODUCT_DEFINITION('design','',#2876,#2879);
#2876 = PRODUCT_DEFINITION_FORMATION('','',#2877);
#2877 = PRODUCT('C14','C14','',(#2878));
#2878 = PRODUCT_CONTEXT('',#2,'mechanical');
#2879 = PRODUCT_DEFINITION_CONTEXT('part definition',#2,'design');
#2880 = CONTEXT_DEPENDENT_SHAPE_REPRESENTATION(#2881,#2883);
#2881 = ( REPRESENTATION_RELATIONSHIP('','',#2855,#10) 
REPRESENTATION_RELATIONSHIP_WITH_TRANSFORMATION(#2882) 
SHAPE_REPRESENTATION_RELATIONSHIP() );
#2882 = ITEM_DEFINED_TRANSFORMATION('','',#11,#215);
#2883 = PRODUCT_DEFINITION_SHAPE('Placement','Placement of an item',
  #2884);
#2884 = NEXT_ASSEMBLY_USAGE_OCCURRENCE('51','=>[0:1:1:52]','',#5,#2875,$
  );
#2885 = PRODUCT_RELATED_PRODUCT_CATEGORY('part',$,(#2877));
#2886 = ADVANCED_BREP_SHAPE_REPRESENTATION('',(#11,#2887),#2899);
#2887 = MANIFOLD_SOLID_BREP('',#2888);
#2888 = CLOSED_SHELL('',(#2889));
#2889 = ADVANCED_FACE('',(#2890),#2894,.T.);
#2890 = FACE_BOUND('',#2891,.T.);
#2891 = VERTEX_LOOP('',#2892);
#2892 = VERTEX_POINT('',#2893);
#2893 = CARTESIAN_POINT('',(9.184850993605E-18,-2.249639673993E-33,-0.15
    ));
#2894 = SPHERICAL_SURFACE('',#2895,0.15);
#2895 = AXIS2_PLACEMENT_3D('',#2896,#2897,#2898);
#2896 = CARTESIAN_POINT('',(0.,0.,0.));
#2897 = DIRECTION('',(0.,0.,1.));
#2898 = DIRECTION('',(1.,0.,-0.));
#2899 = ( GEOMETRIC_REPRESENTATION_CONTEXT(3) 
GLOBAL_UNCERTAINTY_ASSIGNED_CONTEXT((#2903)) 
GLOBAL_UNIT_ASSIGNED_CONTEXT((#2900,#2901,#2902)) REPRESENTATION_CONTEXT
('Context #1','3D Context with UNIT and UNCERTAINTY') );
#2900 = ( LENGTH_UNIT() NAMED_UNIT(*) SI_UNIT(.MILLI.,.METRE.) );
#2901 = ( NAMED_UNIT(*) PLANE_ANGLE_UNIT() SI_UNIT($,.RADIAN.) );
#2902 = ( NAMED_UNIT(*) SI_UNIT($,.STERADIAN.) SOLID_ANGLE_UNIT() );
#2903 = UNCERTAINTY_MEASURE_WITH_UNIT(LENGTH_MEASURE(1.E-07),#2900,
  'distance_accuracy_value','confusion accuracy');
#2904 = SHAPE_DEFINITION_REPRESENTATION(#2905,#2886);
#2905 = PRODUCT_DEFINITION_SHAPE('','',#2906);
#2906 = PRODUCT_DEFINITION('design','',#2907,#2910);
#2907 = PRODUCT_DEFINITION_FORMATION('','',#2908);
#2908 = PRODUCT('C15','C15','',(#2909));
#2909 = PRODUCT_CONTEXT('',#2,'mechanical');
#2910 = PRODUCT_DEFINITION_CONTEXT('part definition',#2,'design');
#2911 = CONTEXT_DEPENDENT_SHAPE_REPRESENTATION(#2912,#2914);
#2912 = ( REPRESENTATION_RELATIONSHIP('','',#2886,#10) 
REPRESENTATION_RELATIONSHIP_WITH_TRANSFORMATION(#2913) 
SHAPE_REPRESENTATION_RELATIONSHIP() );
#2913 = ITEM_DEFINED_TRANSFORMATION('','',#11,#219);
#2914 = PRODUCT_DEFINITION_SHAPE('Placement','Placement of an item',
  #2915);
#2915 = NEXT_ASSEMBLY_USAGE_OCCURRENCE('52','=>[0:1:1:53]','',#5,#2906,$
  );
#2916 = PRODUCT_RELATED_PRODUCT_CATEGORY('part',$,(#2908));
#2917 = ADVANCED_BREP_SHAPE_REPRESENTATION('',(#11,#2918),#2930);
#2918 = MANIFOLD_SOLID_BREP('',#2919);
#2919 = CLOSED_SHELL('',(#2920));
#2920 = ADVANCED_FACE('',(#2921),#2925,.T.);
#2921 = FACE_BOUND('',#2922,.T.);
#2922 = VERTEX_LOOP('',#2923);
#2923 = VERTEX_POINT('',#2924);
#2924 = CARTESIAN_POINT('',(9.184850993605E-18,-2.249639673993E-33,-0.15
    ));
#2925 = SPHERICAL_SURFACE('',#2926,0.15);
#2926 = AXIS2_PLACEMENT_3D('',#2927,#2928,#2929);
#2927 = CARTESIAN_POINT('',(0.,0.,0.));
#2928 = DIRECTION('',(0.,0.,1.));
#2929 = DIRECTION('',(1.,0.,-0.));
#2930 = ( GEOMETRIC_REPRESENTATION_CONTEXT(3) 
GLOBAL_UNCERTAINTY_ASSIGNED_CONTEXT((#2934)) 
GLOBAL_UNIT_ASSIGNED_CONTEXT((#2931,#2932,#2933)) REPRESENTATION_CONTEXT
('Context #1','3D Context with UNIT and UNCERTAINTY') );
#2931 = ( LENGTH_UNIT() NAMED_UNIT(*) SI_UNIT(.MILLI.,.METRE.) );
#2932 = ( NAMED_UNIT(*) PLANE_ANGLE_UNIT() SI_UNIT($,.RADIAN.) );
#2933 = ( NAMED_UNIT(*) SI_UNIT($,.STERADIAN.) SOLID_ANGLE_UNIT() );
#2934 = UNCERTAINTY_MEASURE_WITH_UNIT(LENGTH_MEASURE(1.E-07),#2931,
  'distance_accuracy_value','confusion accuracy');
#2935 = SHAPE_DEFINITION_REPRESENTATION(#2936,#2917);
#2936 = PRODUCT_DEFINITION_SHAPE('','',#2937);
#2937 = PRODUCT_DEFINITION('design','',#2938,#2941);
#2938 = PRODUCT_DEFINITION_FORMATION('','',#2939);
#2939 = PRODUCT('C16','C16','',(#2940));
#2940 = PRODUCT_CONTEXT('',#2,'mechanical');
#2941 = PRODUCT_DEFINITION_CONTEXT('part definition',#2,'design');
#2942 = CONTEXT_DEPENDENT_SHAPE_REPRESENTATION(#2943,#2945);
#2943 = ( REPRESENTATION_RELATIONSHIP('','',#2917,#10) 
REPRESENTATION_RELATIONSHIP_WITH_TRANSFORMATION(#2944) 
SHAPE_REPRESENTATION_RELATIONSHIP() );
#2944 = ITEM_DEFINED_TRANSFORMATION('','',#11,#223);
#2945 = PRODUCT_DEFINITION_SHAPE('Placement','Placement of an item',
  #2946);
#2946 = NEXT_ASSEMBLY_USAGE_OCCURRENCE('53','=>[0:1:1:54]','',#5,#2937,$
  );
#2947 = PRODUCT_RELATED_PRODUCT_CATEGORY('part',$,(#2939));
#2948 = ADVANCED_BREP_SHAPE_REPRESENTATION('',(#11,#2949),#2961);
#2949 = MANIFOLD_SOLID_BREP('',#2950);
#2950 = CLOSED_SHELL('',(#2951));
#2951 = ADVANCED_FACE('',(#2952),#2956,.T.);
#2952 = FACE_BOUND('',#2953,.T.);
#2953 = VERTEX_LOOP('',#2954);
#2954 = VERTEX_POINT('',#2955);
#2955 = CARTESIAN_POINT('',(9.184850993605E-18,-2.249639673993E-33,-0.15
    ));
#2956 = SPHERICAL_SURFACE('',#2957,0.15);
#2957 = AXIS2_PLACEMENT_3D('',#2958,#2959,#2960);
#2958 = CARTESIAN_POINT('',(0.,0.,0.));
#2959 = DIRECTION('',(0.,0.,1.));
#2960 = DIRECTION('',(1.,0.,-0.));
#2961 = ( GEOMETRIC_REPRESENTATION_CONTEXT(3) 
GLOBAL_UNCERTAINTY_ASSIGNED_CONTEXT((#2965)) 
GLOBAL_UNIT_ASSIGNED_CONTEXT((#2962,#2963,#2964)) REPRESENTATION_CONTEXT
('Context #1','3D Context with UNIT and UNCERTAINTY') );
#2962 = ( LENGTH_UNIT() NAMED_UNIT(*) SI_UNIT(.MILLI.,.METRE.) );
#2963 = ( NAMED_UNIT(*) PLANE_ANGLE_UNIT() SI_UNIT($,.RADIAN.) );
#2964 = ( NAMED_UNIT(*) SI_UNIT($,.STERADIAN.) SOLID_ANGLE_UNIT() );
#2965 = UNCERTAINTY_MEASURE_WITH_UNIT(LENGTH_MEASURE(1.E-07),#2962,
  'distance_accuracy_value','confusion accuracy');
#2966 = SHAPE_DEFINITION_REPRESENTATION(#2967,#2948);
#2967 = PRODUCT_DEFINITION_SHAPE('','',#2968);
#2968 = PRODUCT_DEFINITION('design','',#2969,#2972);
#2969 = PRODUCT_DEFINITION_FORMATION('','',#2970);
#2970 = PRODUCT('C17','C17','',(#2971));
#2971 = PRODUCT_CONTEXT('',#2,'mechanical');
#2972 = PRODUCT_DEFINITION_CONTEXT('part definition',#2,'design');
#2973 = CONTEXT_DEPENDENT_SHAPE_REPRESENTATION(#2974,#2976);
#2974 = ( REPRESENTATION_RELATIONSHIP('','',#2948,#10) 
REPRESENTATION_RELATIONSHIP_WITH_TRANSFORMATION(#2975) 
SHAPE_REPRESENTATION_RELATIONSHIP() );
#2975 = ITEM_DEFINED_TRANSFORMATION('','',#11,#227);
#2976 = PRODUCT_DEFINITION_SHAPE('Placement','Placement of an item',
  #2977);
#2977 = NEXT_ASSEMBLY_USAGE_OCCURRENCE('54','=>[0:1:1:55]','',#5,#2968,$
  );
#2978 = PRODUCT_RELATED_PRODUCT_CATEGORY('part',$,(#2970));
#2979 = ADVANCED_BREP_SHAPE_REPRESENTATION('',(#11,#2980),#2992);
#2980 = MANIFOLD_SOLID_BREP('',#2981);
#2981 = CLOSED_SHELL('',(#2982));
#2982 = ADVANCED_FACE('',(#2983),#2987,.T.);
#2983 = FACE_BOUND('',#2984,.T.);
#2984 = VERTEX_LOOP('',#2985);
#2985 = VERTEX_POINT('',#2986);
#2986 = CARTESIAN_POINT('',(9.184850993605E-18,-2.249639673993E-33,-0.15
    ));
#2987 = SPHERICAL_SURFACE('',#2988,0.15);
#2988 = AXIS2_PLACEMENT_3D('',#2989,#2990,#2991);
#2989 = CARTESIAN_POINT('',(0.,0.,0.));
#2990 = DIRECTION('',(0.,0.,1.));
#2991 = DIRECTION('',(1.,0.,-0.));
#2992 = ( GEOMETRIC_REPRESENTATION_CONTEXT(3) 
GLOBAL_UNCERTAINTY_ASSIGNED_CONTEXT((#2996)) 
GLOBAL_UNIT_ASSIGNED_CONTEXT((#2993,#2994,#2995)) REPRESENTATION_CONTEXT
('Context #1','3D Context with UNIT and UNCERTAINTY') );
#2993 = ( LENGTH_UNIT() NAMED_UNIT(*) SI_UNIT(.MILLI.,.METRE.) );
#2994 = ( NAMED_UNIT(*) PLANE_ANGLE_UNIT() SI_UNIT($,.RADIAN.) );
#2995 = ( NAMED_UNIT(*) SI_UNIT($,.STERADIAN.) SOLID_ANGLE_UNIT() );
#2996 = UNCERTAINTY_MEASURE_WITH_UNIT(LENGTH_MEASURE(1.E-07),#2993,
  'distance_accuracy_value','confusion accuracy');
#2997 = SHAPE_DEFINITION_REPRESENTATION(#2998,#2979);
#2998 = PRODUCT_DEFINITION_SHAPE('','',#2999);
#2999 = PRODUCT_DEFINITION('design','',#3000,#3003);
#3000 = PRODUCT_DEFINITION_FORMATION('','',#3001);
#3001 = PRODUCT('C18','C18','',(#3002));
#3002 = PRODUCT_CONTEXT('',#2,'mechanical');
#3003 = PRODUCT_DEFINITION_CONTEXT('part definition',#2,'design');
#3004 = CONTEXT_DEPENDENT_SHAPE_REPRESENTATION(#3005,#3007);
#3005 = ( REPRESENTATION_RELATIONSHIP('','',#2979,#10) 
REPRESENTATION_RELATIONSHIP_WITH_TRANSFORMATION(#3006) 
SHAPE_REPRESENTATION_RELATIONSHIP() );
#3006 = ITEM_DEFINED_TRANSFORMATION('','',#11,#231);
#3007 = PRODUCT_DEFINITION_SHAPE('Placement','Placement of an item',
  #3008);
#3008 = NEXT_ASSEMBLY_USAGE_OCCURRENCE('55','=>[0:1:1:56]','',#5,#2999,$
  );
#3009 = PRODUCT_RELATED_PRODUCT_CATEGORY('part',$,(#3001));
#3010 = ADVANCED_BREP_SHAPE_REPRESENTATION('',(#11,#3011),#3023);
#3011 = MANIFOLD_SOLID_BREP('',#3012);
#3012 = CLOSED_SHELL('',(#3013));
#3013 = ADVANCED_FACE('',(#3014),#3018,.T.);
#3014 = FACE_BOUND('',#3015,.T.);
#3015 = VERTEX_LOOP('',#3016);
#3016 = VERTEX_POINT('',#3017);
#3017 = CARTESIAN_POINT('',(9.184850993605E-18,-2.249639673993E-33,-0.15
    ));
#3018 = SPHERICAL_SURFACE('',#3019,0.15);
#3019 = AXIS2_PLACEMENT_3D('',#3020,#3021,#3022);
#3020 = CARTESIAN_POINT('',(0.,0.,0.));
#3021 = DIRECTION('',(0.,0.,1.));
#3022 = DIRECTION('',(1.,0.,-0.));
#3023 = ( GEOMETRIC_REPRESENTATION_CONTEXT(3) 
GLOBAL_UNCERTAINTY_ASSIGNED_CONTEXT((#3027)) 
GLOBAL_UNIT_ASSIGNED_CONTEXT((#3024,#3025,#3026)) REPRESENTATION_CONTEXT
('Context #1','3D Context with UNIT and UNCERTAINTY') );
#3024 = ( LENGTH_UNIT() NAMED_UNIT(*) SI_UNIT(.MILLI.,.METRE.) );
#3025 = ( NAMED_UNIT(*) PLANE_ANGLE_UNIT() SI_UNIT($,.RADIAN.) );
#3026 = ( NAMED_UNIT(*) SI_UNIT($,.STERADIAN.) SOLID_ANGLE_UNIT() );
#3027 = UNCERTAINTY_MEASURE_WITH_UNIT(LENGTH_MEASURE(1.E-07),#3024,
  'distance_accuracy_value','confusion accuracy');
#3028 = SHAPE_DEFINITION_REPRESENTATION(#3029,#3010);
#3029 = PRODUCT_DEFINITION_SHAPE('','',#3030);
#3030 = PRODUCT_DEFINITION('design','',#3031,#3034);
#3031 = PRODUCT_DEFINITION_FORMATION('','',#3032);
#3032 = PRODUCT('C19','C19','',(#3033));
#3033 = PRODUCT_CONTEXT('',#2,'mechanical');
#3034 = PRODUCT_DEFINITION_CONTEXT('part definition',#2,'design');
#3035 = CONTEXT_DEPENDENT_SHAPE_REPRESENTATION(#3036,#3038);
#3036 = ( REPRESENTATION_RELATIONSHIP('','',#3010,#10) 
REPRESENTATION_RELATIONSHIP_WITH_TRANSFORMATION(#3037) 
SHAPE_REPRESENTATION_RELATIONSHIP() );
#3037 = ITEM_DEFINED_TRANSFORMATION('','',#11,#235);
#3038 = PRODUCT_DEFINITION_SHAPE('Placement','Placement of an item',
  #3039);
#3039 = NEXT_ASSEMBLY_USAGE_OCCURRENCE('56','=>[0:1:1:57]','',#5,#3030,$
  );
#3040 = PRODUCT_RELATED_PRODUCT_CATEGORY('part',$,(#3032));
#3041 = ADVANCED_BREP_SHAPE_REPRESENTATION('',(#11,#3042),#3054);
#3042 = MANIFOLD_SOLID_BREP('',#3043);
#3043 = CLOSED_SHELL('',(#3044));
#3044 = ADVANCED_FACE('',(#3045),#3049,.T.);
#3045 = FACE_BOUND('',#3046,.T.);
#3046 = VERTEX_LOOP('',#3047);
#3047 = VERTEX_POINT('',#3048);
#3048 = CARTESIAN_POINT('',(9.184850993605E-18,-2.249639673993E-33,-0.15
    ));
#3049 = SPHERICAL_SURFACE('',#3050,0.15);
#3050 = AXIS2_PLACEMENT_3D('',#3051,#3052,#3053);
#3051 = CARTESIAN_POINT('',(0.,0.,0.));
#3052 = DIRECTION('',(0.,0.,1.));
#3053 = DIRECTION('',(1.,0.,-0.));
#3054 = ( GEOMETRIC_REPRESENTATION_CONTEXT(3) 
GLOBAL_UNCERTAINTY_ASSIGNED_CONTEXT((#3058)) 
GLOBAL_UNIT_ASSIGNED_CONTEXT((#3055,#3056,#3057)) REPRESENTATION_CONTEXT
('Context #1','3D Context with UNIT and UNCERTAINTY') );
#3055 = ( LENGTH_UNIT() NAMED_UNIT(*) SI_UNIT(.MILLI.,.METRE.) );
#3056 = ( NAMED_UNIT(*) PLANE_ANGLE_UNIT() SI_UNIT($,.RADIAN.) );
#3057 = ( NAMED_UNIT(*) SI_UNIT($,.STERADIAN.) SOLID_ANGLE_UNIT() );
#3058 = UNCERTAINTY_MEASURE_WITH_UNIT(LENGTH_MEASURE(1.E-07),#3055,
  'distance_accuracy_value','confusion accuracy');
#3059 = SHAPE_DEFINITION_REPRESENTATION(#3060,#3041);
#3060 = PRODUCT_DEFINITION_SHAPE('','',#3061);
#3061 = PRODUCT_DEFINITION('design','',#3062,#3065);
#3062 = PRODUCT_DEFINITION_FORMATION('','',#3063);
#3063 = PRODUCT('C20','C20','',(#3064));
#3064 = PRODUCT_CONTEXT('',#2,'mechanical');
#3065 = PRODUCT_DEFINITION_CONTEXT('part definition',#2,'design');
#3066 = CONTEXT_DEPENDENT_SHAPE_REPRESENTATION(#3067,#3069);
#3067 = ( REPRESENTATION_RELATIONSHIP('','',#3041,#10) 
REPRESENTATION_RELATIONSHIP_WITH_TRANSFORMATION(#3068) 
SHAPE_REPRESENTATION_RELATIONSHIP() );
#3068 = ITEM_DEFINED_TRANSFORMATION('','',#11,#239);
#3069 = PRODUCT_DEFINITION_SHAPE('Placement','Placement of an item',
  #3070);
#3070 = NEXT_ASSEMBLY_USAGE_OCCURRENCE('57','=>[0:1:1:58]','',#5,#3061,$
  );
#3071 = PRODUCT_RELATED_PRODUCT_CATEGORY('part',$,(#3063));
#3072 = ADVANCED_BREP_SHAPE_REPRESENTATION('',(#11,#3073),#3085);
#3073 = MANIFOLD_SOLID_BREP('',#3074);
#3074 = CLOSED_SHELL('',(#3075));
#3075 = ADVANCED_FACE('',(#3076),#3080,.T.);
#3076 = FACE_BOUND('',#3077,.T.);
#3077 = VERTEX_LOOP('',#3078);
#3078 = VERTEX_POINT('',#3079);
#3079 = CARTESIAN_POINT('',(9.184850993605E-18,-2.249639673993E-33,-0.15
    ));
#3080 = SPHERICAL_SURFACE('',#3081,0.15);
#3081 = AXIS2_PLACEMENT_3D('',#3082,#3083,#3084);
#3082 = CARTESIAN_POINT('',(0.,0.,0.));
#3083 = DIRECTION('',(0.,0.,1.));
#3084 = DIRECTION('',(1.,0.,-0.));
#3085 = ( GEOMETRIC_REPRESENTATION_CONTEXT(3) 
GLOBAL_UNCERTAINTY_ASSIGNED_CONTEXT((#3089)) 
GLOBAL_UNIT_ASSIGNED_CONTEXT((#3086,#3087,#3088)) REPRESENTATION_CONTEXT
('Context #1','3D Context with UNIT and UNCERTAINTY') );
#3086 = ( LENGTH_UNIT() NAMED_UNIT(*) SI_UNIT(.MILLI.,.METRE.) );
#3087 = ( NAMED_UNIT(*) PLANE_ANGLE_UNIT() SI_UNIT($,.RADIAN.) );
#3088 = ( NAMED_UNIT(*) SI_UNIT($,.STERADIAN.) SOLID_ANGLE_UNIT() );
#3089 = UNCERTAINTY_MEASURE_WITH_UNIT(LENGTH_MEASURE(1.E-07),#3086,
  'distance_accuracy_value','confusion accuracy');
#3090 = SHAPE_DEFINITION_REPRESENTATION(#3091,#3072);
#3091 = PRODUCT_DEFINITION_SHAPE('','',#3092);
#3092 = PRODUCT_DEFINITION('design','',#3093,#3096);
#3093 = PRODUCT_DEFINITION_FORMATION('','',#3094);
#3094 = PRODUCT('C21','C21','',(#3095));
#3095 = PRODUCT_CONTEXT('',#2,'mechanical');
#3096 = PRODUCT_DEFINITION_CONTEXT('part definition',#2,'design');
#3097 = CONTEXT_DEPENDENT_SHAPE_REPRESENTATION(#3098,#3100);
#3098 = ( REPRESENTATION_RELATIONSHIP('','',#3072,#10) 
REPRESENTATION_RELATIONSHIP_WITH_TRANSFORMATION(#3099) 
SHAPE_REPRESENTATION_RELATIONSHIP() );
#3099 = ITEM_DEFINED_TRANSFORMATION('','',#11,#243);
#3100 = PRODUCT_DEFINITION_SHAPE('Placement','Placement of an item',
  #3101);
#3101 = NEXT_ASSEMBLY_USAGE_OCCURRENCE('58','=>[0:1:1:59]','',#5,#3092,$
  );
#3102 = PRODUCT_RELATED_PRODUCT_CATEGORY('part',$,(#3094));
#3103 = ADVANCED_BREP_SHAPE_REPRESENTATION('',(#11,#3104),#3116);
#3104 = MANIFOLD_SOLID_BREP('',#3105);
#3105 = CLOSED_SHELL('',(#3106));
#3106 = ADVANCED_FACE('',(#3107),#3111,.T.);
#3107 = FACE_BOUND('',#3108,.T.);
#3108 = VERTEX_LOOP('',#3109);
#3109 = VERTEX_POINT('',#3110);
#3110 = CARTESIAN_POINT('',(9.184850993605E-18,-2.249639673993E-33,-0.15
    ));
#3111 = SPHERICAL_SURFACE('',#3112,0.15);
#3112 = AXIS2_PLACEMENT_3D('',#3113,#3114,#3115);
#3113 = CARTESIAN_POINT('',(0.,0.,0.));
#3114 = DIRECTION('',(0.,0.,1.));
#3115 = DIRECTION('',(1.,0.,-0.));
#3116 = ( GEOMETRIC_REPRESENTATION_CONTEXT(3) 
GLOBAL_UNCERTAINTY_ASSIGNED_CONTEXT((#3120)) 
GLOBAL_UNIT_ASSIGNED_CONTEXT((#3117,#3118,#3119)) REPRESENTATION_CONTEXT
('Context #1','3D Context with UNIT and UNCERTAINTY') );
#3117 = ( LENGTH_UNIT() NAMED_UNIT(*) SI_UNIT(.MILLI.,.METRE.) );
#3118 = ( NAMED_UNIT(*) PLANE_ANGLE_UNIT() SI_UNIT($,.RADIAN.) );
#3119 = ( NAMED_UNIT(*) SI_UNIT($,.STERADIAN.) SOLID_ANGLE_UNIT() );
#3120 = UNCERTAINTY_MEASURE_WITH_UNIT(LENGTH_MEASURE(1.E-07),#3117,
  'distance_accuracy_value','confusion accuracy');
#3121 = SHAPE_DEFINITION_REPRESENTATION(#3122,#3103);
#3122 = PRODUCT_DEFINITION_SHAPE('','',#3123);
#3123 = PRODUCT_DEFINITION('design','',#3124,#3127);
#3124 = PRODUCT_DEFINITION_FORMATION('','',#3125);
#3125 = PRODUCT('D1','D1','',(#3126));
#3126 = PRODUCT_CONTEXT('',#2,'mechanical');
#3127 = PRODUCT_DEFINITION_CONTEXT('part definition',#2,'design');
#3128 = CONTEXT_DEPENDENT_SHAPE_REPRESENTATION(#3129,#3131);
#3129 = ( REPRESENTATION_RELATIONSHIP('','',#3103,#10) 
REPRESENTATION_RELATIONSHIP_WITH_TRANSFORMATION(#3130) 
SHAPE_REPRESENTATION_RELATIONSHIP() );
#3130 = ITEM_DEFINED_TRANSFORMATION('','',#11,#247);
#3131 = PRODUCT_DEFINITION_SHAPE('Placement','Placement of an item',
  #3132);
#3132 = NEXT_ASSEMBLY_USAGE_OCCURRENCE('59','=>[0:1:1:60]','',#5,#3123,$
  );
#3133 = PRODUCT_RELATED_PRODUCT_CATEGORY('part',$,(#3125));
#3134 = ADVANCED_BREP_SHAPE_REPRESENTATION('',(#11,#3135),#3147);
#3135 = MANIFOLD_SOLID_BREP('',#3136);
#3136 = CLOSED_SHELL('',(#3137));
#3137 = ADVANCED_FACE('',(#3138),#3142,.T.);
#3138 = FACE_BOUND('',#3139,.T.);
#3139 = VERTEX_LOOP('',#3140);
#3140 = VERTEX_POINT('',#3141);
#3141 = CARTESIAN_POINT('',(9.184850993605E-18,-2.249639673993E-33,-0.15
    ));
#3142 = SPHERICAL_SURFACE('',#3143,0.15);
#3143 = AXIS2_PLACEMENT_3D('',#3144,#3145,#3146);
#3144 = CARTESIAN_POINT('',(0.,0.,0.));
#3145 = DIRECTION('',(0.,0.,1.));
#3146 = DIRECTION('',(1.,0.,-0.));
#3147 = ( GEOMETRIC_REPRESENTATION_CONTEXT(3) 
GLOBAL_UNCERTAINTY_ASSIGNED_CONTEXT((#3151)) 
GLOBAL_UNIT_ASSIGNED_CONTEXT((#3148,#3149,#3150)) REPRESENTATION_CONTEXT
('Context #1','3D Context with UNIT and UNCERTAINTY') );
#3148 = ( LENGTH_UNIT() NAMED_UNIT(*) SI_UNIT(.MILLI.,.METRE.) );
#3149 = ( NAMED_UNIT(*) PLANE_ANGLE_UNIT() SI_UNIT($,.RADIAN.) );
#3150 = ( NAMED_UNIT(*) SI_UNIT($,.STERADIAN.) SOLID_ANGLE_UNIT() );
#3151 = UNCERTAINTY_MEASURE_WITH_UNIT(LENGTH_MEASURE(1.E-07),#3148,
  'distance_accuracy_value','confusion accuracy');
#3152 = SHAPE_DEFINITION_REPRESENTATION(#3153,#3134);
#3153 = PRODUCT_DEFINITION_SHAPE('','',#3154);
#3154 = PRODUCT_DEFINITION('design','',#3155,#3158);
#3155 = PRODUCT_DEFINITION_FORMATION('','',#3156);
#3156 = PRODUCT('D2','D2','',(#3157));
#3157 = PRODUCT_CONTEXT('',#2,'mechanical');
#3158 = PRODUCT_DEFINITION_CONTEXT('part definition',#2,'design');
#3159 = CONTEXT_DEPENDENT_SHAPE_REPRESENTATION(#3160,#3162);
#3160 = ( REPRESENTATION_RELATIONSHIP('','',#3134,#10) 
REPRESENTATION_RELATIONSHIP_WITH_TRANSFORMATION(#3161) 
SHAPE_REPRESENTATION_RELATIONSHIP() );
#3161 = ITEM_DEFINED_TRANSFORMATION('','',#11,#251);
#3162 = PRODUCT_DEFINITION_SHAPE('Placement','Placement of an item',
  #3163);
#3163 = NEXT_ASSEMBLY_USAGE_OCCURRENCE('60','=>[0:1:1:61]','',#5,#3154,$
  );
#3164 = PRODUCT_RELATED_PRODUCT_CATEGORY('part',$,(#3156));
#3165 = ADVANCED_BREP_SHAPE_REPRESENTATION('',(#11,#3166),#3178);
#3166 = MANIFOLD_SOLID_BREP('',#3167);
#3167 = CLOSED_SHELL('',(#3168));
#3168 = ADVANCED_FACE('',(#3169),#3173,.T.);
#3169 = FACE_BOUND('',#3170,.T.);
#3170 = VERTEX_LOOP('',#3171);
#3171 = VERTEX_POINT('',#3172);
#3172 = CARTESIAN_POINT('',(9.184850993605E-18,-2.249639673993E-33,-0.15
    ));
#3173 = SPHERICAL_SURFACE('',#3174,0.15);
#3174 = AXIS2_PLACEMENT_3D('',#3175,#3176,#3177);
#3175 = CARTESIAN_POINT('',(0.,0.,0.));
#3176 = DIRECTION('',(0.,0.,1.));
#3177 = DIRECTION('',(1.,0.,-0.));
#3178 = ( GEOMETRIC_REPRESENTATION_CONTEXT(3) 
GLOBAL_UNCERTAINTY_ASSIGNED_CONTEXT((#3182)) 
GLOBAL_UNIT_ASSIGNED_CONTEXT((#3179,#3180,#3181)) REPRESENTATION_CONTEXT
('Context #1','3D Context with UNIT and UNCERTAINTY') );
#3179 = ( LENGTH_UNIT() NAMED_UNIT(*) SI_UNIT(.MILLI.,.METRE.) );
#3180 = ( NAMED_UNIT(*) PLANE_ANGLE_UNIT() SI_UNIT($,.RADIAN.) );
#3181 = ( NAMED_UNIT(*) SI_UNIT($,.STERADIAN.) SOLID_ANGLE_UNIT() );
#3182 = UNCERTAINTY_MEASURE_WITH_UNIT(LENGTH_MEASURE(1.E-07),#3179,
  'distance_accuracy_value','confusion accuracy');
#3183 = SHAPE_DEFINITION_REPRESENTATION(#3184,#3165);
#3184 = PRODUCT_DEFINITION_SHAPE('','',#3185);
#3185 = PRODUCT_DEFINITION('design','',#3186,#3189);
#3186 = PRODUCT_DEFINITION_FORMATION('','',#3187);
#3187 = PRODUCT('D3','D3','',(#3188));
#3188 = PRODUCT_CONTEXT('',#2,'mechanical');
#3189 = PRODUCT_DEFINITION_CONTEXT('part definition',#2,'design');
#3190 = CONTEXT_DEPENDENT_SHAPE_REPRESENTATION(#3191,#3193);
#3191 = ( REPRESENTATION_RELATIONSHIP('','',#3165,#10) 
REPRESENTATION_RELATIONSHIP_WITH_TRANSFORMATION(#3192) 
SHAPE_REPRESENTATION_RELATIONSHIP() );
#3192 = ITEM_DEFINED_TRANSFORMATION('','',#11,#255);
#3193 = PRODUCT_DEFINITION_SHAPE('Placement','Placement of an item',
  #3194);
#3194 = NEXT_ASSEMBLY_USAGE_OCCURRENCE('61','=>[0:1:1:62]','',#5,#3185,$
  );
#3195 = PRODUCT_RELATED_PRODUCT_CATEGORY('part',$,(#3187));
#3196 = ADVANCED_BREP_SHAPE_REPRESENTATION('',(#11,#3197),#3209);
#3197 = MANIFOLD_SOLID_BREP('',#3198);
#3198 = CLOSED_SHELL('',(#3199));
#3199 = ADVANCED_FACE('',(#3200),#3204,.T.);
#3200 = FACE_BOUND('',#3201,.T.);
#3201 = VERTEX_LOOP('',#3202);
#3202 = VERTEX_POINT('',#3203);
#3203 = CARTESIAN_POINT('',(9.184850993605E-18,-2.249639673993E-33,-0.15
    ));
#3204 = SPHERICAL_SURFACE('',#3205,0.15);
#3205 = AXIS2_PLACEMENT_3D('',#3206,#3207,#3208);
#3206 = CARTESIAN_POINT('',(0.,0.,0.));
#3207 = DIRECTION('',(0.,0.,1.));
#3208 = DIRECTION('',(1.,0.,-0.));
#3209 = ( GEOMETRIC_REPRESENTATION_CONTEXT(3) 
GLOBAL_UNCERTAINTY_ASSIGNED_CONTEXT((#3213)) 
GLOBAL_UNIT_ASSIGNED_CONTEXT((#3210,#3211,#3212)) REPRESENTATION_CONTEXT
('Context #1','3D Context with UNIT and UNCERTAINTY') );
#3210 = ( LENGTH_UNIT() NAMED_UNIT(*) SI_UNIT(.MILLI.,.METRE.) );
#3211 = ( NAMED_UNIT(*) PLANE_ANGLE_UNIT() SI_UNIT($,.RADIAN.) );
#3212 = ( NAMED_UNIT(*) SI_UNIT($,.STERADIAN.) SOLID_ANGLE_UNIT() );
#3213 = UNCERTAINTY_MEASURE_WITH_UNIT(LENGTH_MEASURE(1.E-07),#3210,
  'distance_accuracy_value','confusion accuracy');
#3214 = SHAPE_DEFINITION_REPRESENTATION(#3215,#3196);
#3215 = PRODUCT_DEFINITION_SHAPE('','',#3216);
#3216 = PRODUCT_DEFINITION('design','',#3217,#3220);
#3217 = PRODUCT_DEFINITION_FORMATION('','',#3218);
#3218 = PRODUCT('D6','D6','',(#3219));
#3219 = PRODUCT_CONTEXT('',#2,'mechanical');
#3220 = PRODUCT_DEFINITION_CONTEXT('part definition',#2,'design');
#3221 = CONTEXT_DEPENDENT_SHAPE_REPRESENTATION(#3222,#3224);
#3222 = ( REPRESENTATION_RELATIONSHIP('','',#3196,#10) 
REPRESENTATION_RELATIONSHIP_WITH_TRANSFORMATION(#3223) 
SHAPE_REPRESENTATION_RELATIONSHIP() );
#3223 = ITEM_DEFINED_TRANSFORMATION('','',#11,#259);
#3224 = PRODUCT_DEFINITION_SHAPE('Placement','Placement of an item',
  #3225);
#3225 = NEXT_ASSEMBLY_USAGE_OCCURRENCE('62','=>[0:1:1:63]','',#5,#3216,$
  );
#3226 = PRODUCT_RELATED_PRODUCT_CATEGORY('part',$,(#3218));
#3227 = ADVANCED_BREP_SHAPE_REPRESENTATION('',(#11,#3228),#3240);
#3228 = MANIFOLD_SOLID_BREP('',#3229);
#3229 = CLOSED_SHELL('',(#3230));
#3230 = ADVANCED_FACE('',(#3231),#3235,.T.);
#3231 = FACE_BOUND('',#3232,.T.);
#3232 = VERTEX_LOOP('',#3233);
#3233 = VERTEX_POINT('',#3234);
#3234 = CARTESIAN_POINT('',(9.184850993605E-18,-2.249639673993E-33,-0.15
    ));
#3235 = SPHERICAL_SURFACE('',#3236,0.15);
#3236 = AXIS2_PLACEMENT_3D('',#3237,#3238,#3239);
#3237 = CARTESIAN_POINT('',(0.,0.,0.));
#3238 = DIRECTION('',(0.,0.,1.));
#3239 = DIRECTION('',(1.,0.,-0.));
#3240 = ( GEOMETRIC_REPRESENTATION_CONTEXT(3) 
GLOBAL_UNCERTAINTY_ASSIGNED_CONTEXT((#3244)) 
GLOBAL_UNIT_ASSIGNED_CONTEXT((#3241,#3242,#3243)) REPRESENTATION_CONTEXT
('Context #1','3D Context with UNIT and UNCERTAINTY') );
#3241 = ( LENGTH_UNIT() NAMED_UNIT(*) SI_UNIT(.MILLI.,.METRE.) );
#3242 = ( NAMED_UNIT(*) PLANE_ANGLE_UNIT() SI_UNIT($,.RADIAN.) );
#3243 = ( NAMED_UNIT(*) SI_UNIT($,.STERADIAN.) SOLID_ANGLE_UNIT() );
#3244 = UNCERTAINTY_MEASURE_WITH_UNIT(LENGTH_MEASURE(1.E-07),#3241,
  'distance_accuracy_value','confusion accuracy');
#3245 = SHAPE_DEFINITION_REPRESENTATION(#3246,#3227);
#3246 = PRODUCT_DEFINITION_SHAPE('','',#3247);
#3247 = PRODUCT_DEFINITION('design','',#3248,#3251);
#3248 = PRODUCT_DEFINITION_FORMATION('','',#3249);
#3249 = PRODUCT('D8','D8','',(#3250));
#3250 = PRODUCT_CONTEXT('',#2,'mechanical');
#3251 = PRODUCT_DEFINITION_CONTEXT('part definition',#2,'design');
#3252 = CONTEXT_DEPENDENT_SHAPE_REPRESENTATION(#3253,#3255);
#3253 = ( REPRESENTATION_RELATIONSHIP('','',#3227,#10) 
REPRESENTATION_RELATIONSHIP_WITH_TRANSFORMATION(#3254) 
SHAPE_REPRESENTATION_RELATIONSHIP() );
#3254 = ITEM_DEFINED_TRANSFORMATION('','',#11,#263);
#3255 = PRODUCT_DEFINITION_SHAPE('Placement','Placement of an item',
  #3256);
#3256 = NEXT_ASSEMBLY_USAGE_OCCURRENCE('63','=>[0:1:1:64]','',#5,#3247,$
  );
#3257 = PRODUCT_RELATED_PRODUCT_CATEGORY('part',$,(#3249));
#3258 = ADVANCED_BREP_SHAPE_REPRESENTATION('',(#11,#3259),#3271);
#3259 = MANIFOLD_SOLID_BREP('',#3260);
#3260 = CLOSED_SHELL('',(#3261));
#3261 = ADVANCED_FACE('',(#3262),#3266,.T.);
#3262 = FACE_BOUND('',#3263,.T.);
#3263 = VERTEX_LOOP('',#3264);
#3264 = VERTEX_POINT('',#3265);
#3265 = CARTESIAN_POINT('',(9.184850993605E-18,-2.249639673993E-33,-0.15
    ));
#3266 = SPHERICAL_SURFACE('',#3267,0.15);
#3267 = AXIS2_PLACEMENT_3D('',#3268,#3269,#3270);
#3268 = CARTESIAN_POINT('',(0.,0.,0.));
#3269 = DIRECTION('',(0.,0.,1.));
#3270 = DIRECTION('',(1.,0.,-0.));
#3271 = ( GEOMETRIC_REPRESENTATION_CONTEXT(3) 
GLOBAL_UNCERTAINTY_ASSIGNED_CONTEXT((#3275)) 
GLOBAL_UNIT_ASSIGNED_CONTEXT((#3272,#3273,#3274)) REPRESENTATION_CONTEXT
('Context #1','3D Context with UNIT and UNCERTAINTY') );
#3272 = ( LENGTH_UNIT() NAMED_UNIT(*) SI_UNIT(.MILLI.,.METRE.) );
#3273 = ( NAMED_UNIT(*) PLANE_ANGLE_UNIT() SI_UNIT($,.RADIAN.) );
#3274 = ( NAMED_UNIT(*) SI_UNIT($,.STERADIAN.) SOLID_ANGLE_UNIT() );
#3275 = UNCERTAINTY_MEASURE_WITH_UNIT(LENGTH_MEASURE(1.E-07),#3272,
  'distance_accuracy_value','confusion accuracy');
#3276 = SHAPE_DEFINITION_REPRESENTATION(#3277,#3258);
#3277 = PRODUCT_DEFINITION_SHAPE('','',#3278);
#3278 = PRODUCT_DEFINITION('design','',#3279,#3282);
#3279 = PRODUCT_DEFINITION_FORMATION('','',#3280);
#3280 = PRODUCT('D11','D11','',(#3281));
#3281 = PRODUCT_CONTEXT('',#2,'mechanical');
#3282 = PRODUCT_DEFINITION_CONTEXT('part definition',#2,'design');
#3283 = CONTEXT_DEPENDENT_SHAPE_REPRESENTATION(#3284,#3286);
#3284 = ( REPRESENTATION_RELATIONSHIP('','',#3258,#10) 
REPRESENTATION_RELATIONSHIP_WITH_TRANSFORMATION(#3285) 
SHAPE_REPRESENTATION_RELATIONSHIP() );
#3285 = ITEM_DEFINED_TRANSFORMATION('','',#11,#267);
#3286 = PRODUCT_DEFINITION_SHAPE('Placement','Placement of an item',
  #3287);
#3287 = NEXT_ASSEMBLY_USAGE_OCCURRENCE('64','=>[0:1:1:65]','',#5,#3278,$
  );
#3288 = PRODUCT_RELATED_PRODUCT_CATEGORY('part',$,(#3280));
#3289 = ADVANCED_BREP_SHAPE_REPRESENTATION('',(#11,#3290),#3302);
#3290 = MANIFOLD_SOLID_BREP('',#3291);
#3291 = CLOSED_SHELL('',(#3292));
#3292 = ADVANCED_FACE('',(#3293),#3297,.T.);
#3293 = FACE_BOUND('',#3294,.T.);
#3294 = VERTEX_LOOP('',#3295);
#3295 = VERTEX_POINT('',#3296);
#3296 = CARTESIAN_POINT('',(9.184850993605E-18,-2.249639673993E-33,-0.15
    ));
#3297 = SPHERICAL_SURFACE('',#3298,0.15);
#3298 = AXIS2_PLACEMENT_3D('',#3299,#3300,#3301);
#3299 = CARTESIAN_POINT('',(0.,0.,0.));
#3300 = DIRECTION('',(0.,0.,1.));
#3301 = DIRECTION('',(1.,0.,-0.));
#3302 = ( GEOMETRIC_REPRESENTATION_CONTEXT(3) 
GLOBAL_UNCERTAINTY_ASSIGNED_CONTEXT((#3306)) 
GLOBAL_UNIT_ASSIGNED_CONTEXT((#3303,#3304,#3305)) REPRESENTATION_CONTEXT
('Context #1','3D Context with UNIT and UNCERTAINTY') );
#3303 = ( LENGTH_UNIT() NAMED_UNIT(*) SI_UNIT(.MILLI.,.METRE.) );
#3304 = ( NAMED_UNIT(*) PLANE_ANGLE_UNIT() SI_UNIT($,.RADIAN.) );
#3305 = ( NAMED_UNIT(*) SI_UNIT($,.STERADIAN.) SOLID_ANGLE_UNIT() );
#3306 = UNCERTAINTY_MEASURE_WITH_UNIT(LENGTH_MEASURE(1.E-07),#3303,
  'distance_accuracy_value','confusion accuracy');
#3307 = SHAPE_DEFINITION_REPRESENTATION(#3308,#3289);
#3308 = PRODUCT_DEFINITION_SHAPE('','',#3309);
#3309 = PRODUCT_DEFINITION('design','',#3310,#3313);
#3310 = PRODUCT_DEFINITION_FORMATION('','',#3311);
#3311 = PRODUCT('D14','D14','',(#3312));
#3312 = PRODUCT_CONTEXT('',#2,'mechanical');
#3313 = PRODUCT_DEFINITION_CONTEXT('part definition',#2,'design');
#3314 = CONTEXT_DEPENDENT_SHAPE_REPRESENTATION(#3315,#3317);
#3315 = ( REPRESENTATION_RELATIONSHIP('','',#3289,#10) 
REPRESENTATION_RELATIONSHIP_WITH_TRANSFORMATION(#3316) 
SHAPE_REPRESENTATION_RELATIONSHIP() );
#3316 = ITEM_DEFINED_TRANSFORMATION('','',#11,#271);
#3317 = PRODUCT_DEFINITION_SHAPE('Placement','Placement of an item',
  #3318);
#3318 = NEXT_ASSEMBLY_USAGE_OCCURRENCE('65','=>[0:1:1:66]','',#5,#3309,$
  );
#3319 = PRODUCT_RELATED_PRODUCT_CATEGORY('part',$,(#3311));
#3320 = ADVANCED_BREP_SHAPE_REPRESENTATION('',(#11,#3321),#3333);
#3321 = MANIFOLD_SOLID_BREP('',#3322);
#3322 = CLOSED_SHELL('',(#3323));
#3323 = ADVANCED_FACE('',(#3324),#3328,.T.);
#3324 = FACE_BOUND('',#3325,.T.);
#3325 = VERTEX_LOOP('',#3326);
#3326 = VERTEX_POINT('',#3327);
#3327 = CARTESIAN_POINT('',(9.184850993605E-18,-2.249639673993E-33,-0.15
    ));
#3328 = SPHERICAL_SURFACE('',#3329,0.15);
#3329 = AXIS2_PLACEMENT_3D('',#3330,#3331,#3332);
#3330 = CARTESIAN_POINT('',(0.,0.,0.));
#3331 = DIRECTION('',(0.,0.,1.));
#3332 = DIRECTION('',(1.,0.,-0.));
#3333 = ( GEOMETRIC_REPRESENTATION_CONTEXT(3) 
GLOBAL_UNCERTAINTY_ASSIGNED_CONTEXT((#3337)) 
GLOBAL_UNIT_ASSIGNED_CONTEXT((#3334,#3335,#3336)) REPRESENTATION_CONTEXT
('Context #1','3D Context with UNIT and UNCERTAINTY') );
#3334 = ( LENGTH_UNIT() NAMED_UNIT(*) SI_UNIT(.MILLI.,.METRE.) );
#3335 = ( NAMED_UNIT(*) PLANE_ANGLE_UNIT() SI_UNIT($,.RADIAN.) );
#3336 = ( NAMED_UNIT(*) SI_UNIT($,.STERADIAN.) SOLID_ANGLE_UNIT() );
#3337 = UNCERTAINTY_MEASURE_WITH_UNIT(LENGTH_MEASURE(1.E-07),#3334,
  'distance_accuracy_value','confusion accuracy');
#3338 = SHAPE_DEFINITION_REPRESENTATION(#3339,#3320);
#3339 = PRODUCT_DEFINITION_SHAPE('','',#3340);
#3340 = PRODUCT_DEFINITION('design','',#3341,#3344);
#3341 = PRODUCT_DEFINITION_FORMATION('','',#3342);
#3342 = PRODUCT('D16','D16','',(#3343));
#3343 = PRODUCT_CONTEXT('',#2,'mechanical');
#3344 = PRODUCT_DEFINITION_CONTEXT('part definition',#2,'design');
#3345 = CONTEXT_DEPENDENT_SHAPE_REPRESENTATION(#3346,#3348);
#3346 = ( REPRESENTATION_RELATIONSHIP('','',#3320,#10) 
REPRESENTATION_RELATIONSHIP_WITH_TRANSFORMATION(#3347) 
SHAPE_REPRESENTATION_RELATIONSHIP() );
#3347 = ITEM_DEFINED_TRANSFORMATION('','',#11,#275);
#3348 = PRODUCT_DEFINITION_SHAPE('Placement','Placement of an item',
  #3349);
#3349 = NEXT_ASSEMBLY_USAGE_OCCURRENCE('66','=>[0:1:1:67]','',#5,#3340,$
  );
#3350 = PRODUCT_RELATED_PRODUCT_CATEGORY('part',$,(#3342));
#3351 = ADVANCED_BREP_SHAPE_REPRESENTATION('',(#11,#3352),#3364);
#3352 = MANIFOLD_SOLID_BREP('',#3353);
#3353 = CLOSED_SHELL('',(#3354));
#3354 = ADVANCED_FACE('',(#3355),#3359,.T.);
#3355 = FACE_BOUND('',#3356,.T.);
#3356 = VERTEX_LOOP('',#3357);
#3357 = VERTEX_POINT('',#3358);
#3358 = CARTESIAN_POINT('',(9.184850993605E-18,-2.249639673993E-33,-0.15
    ));
#3359 = SPHERICAL_SURFACE('',#3360,0.15);
#3360 = AXIS2_PLACEMENT_3D('',#3361,#3362,#3363);
#3361 = CARTESIAN_POINT('',(0.,0.,0.));
#3362 = DIRECTION('',(0.,0.,1.));
#3363 = DIRECTION('',(1.,0.,-0.));
#3364 = ( GEOMETRIC_REPRESENTATION_CONTEXT(3) 
GLOBAL_UNCERTAINTY_ASSIGNED_CONTEXT((#3368)) 
GLOBAL_UNIT_ASSIGNED_CONTEXT((#3365,#3366,#3367)) REPRESENTATION_CONTEXT
('Context #1','3D Context with UNIT and UNCERTAINTY') );
#3365 = ( LENGTH_UNIT() NAMED_UNIT(*) SI_UNIT(.MILLI.,.METRE.) );
#3366 = ( NAMED_UNIT(*) PLANE_ANGLE_UNIT() SI_UNIT($,.RADIAN.) );
#3367 = ( NAMED_UNIT(*) SI_UNIT($,.STERADIAN.) SOLID_ANGLE_UNIT() );
#3368 = UNCERTAINTY_MEASURE_WITH_UNIT(LENGTH_MEASURE(1.E-07),#3365,
  'distance_accuracy_value','confusion accuracy');
#3369 = SHAPE_DEFINITION_REPRESENTATION(#3370,#3351);
#3370 = PRODUCT_DEFINITION_SHAPE('','',#3371);
#3371 = PRODUCT_DEFINITION('design','',#3372,#3375);
#3372 = PRODUCT_DEFINITION_FORMATION('','',#3373);
#3373 = PRODUCT('D19','D19','',(#3374));
#3374 = PRODUCT_CONTEXT('',#2,'mechanical');
#3375 = PRODUCT_DEFINITION_CONTEXT('part definition',#2,'design');
#3376 = CONTEXT_DEPENDENT_SHAPE_REPRESENTATION(#3377,#3379);
#3377 = ( REPRESENTATION_RELATIONSHIP('','',#3351,#10) 
REPRESENTATION_RELATIONSHIP_WITH_TRANSFORMATION(#3378) 
SHAPE_REPRESENTATION_RELATIONSHIP() );
#3378 = ITEM_DEFINED_TRANSFORMATION('','',#11,#279);
#3379 = PRODUCT_DEFINITION_SHAPE('Placement','Placement of an item',
  #3380);
#3380 = NEXT_ASSEMBLY_USAGE_OCCURRENCE('67','=>[0:1:1:68]','',#5,#3371,$
  );
#3381 = PRODUCT_RELATED_PRODUCT_CATEGORY('part',$,(#3373));
#3382 = ADVANCED_BREP_SHAPE_REPRESENTATION('',(#11,#3383),#3395);
#3383 = MANIFOLD_SOLID_BREP('',#3384);
#3384 = CLOSED_SHELL('',(#3385));
#3385 = ADVANCED_FACE('',(#3386),#3390,.T.);
#3386 = FACE_BOUND('',#3387,.T.);
#3387 = VERTEX_LOOP('',#3388);
#3388 = VERTEX_POINT('',#3389);
#3389 = CARTESIAN_POINT('',(9.184850993605E-18,-2.249639673993E-33,-0.15
    ));
#3390 = SPHERICAL_SURFACE('',#3391,0.15);
#3391 = AXIS2_PLACEMENT_3D('',#3392,#3393,#3394);
#3392 = CARTESIAN_POINT('',(0.,0.,0.));
#3393 = DIRECTION('',(0.,0.,1.));
#3394 = DIRECTION('',(1.,0.,-0.));
#3395 = ( GEOMETRIC_REPRESENTATION_CONTEXT(3) 
GLOBAL_UNCERTAINTY_ASSIGNED_CONTEXT((#3399)) 
GLOBAL_UNIT_ASSIGNED_CONTEXT((#3396,#3397,#3398)) REPRESENTATION_CONTEXT
('Context #1','3D Context with UNIT and UNCERTAINTY') );
#3396 = ( LENGTH_UNIT() NAMED_UNIT(*) SI_UNIT(.MILLI.,.METRE.) );
#3397 = ( NAMED_UNIT(*) PLANE_ANGLE_UNIT() SI_UNIT($,.RADIAN.) );
#3398 = ( NAMED_UNIT(*) SI_UNIT($,.STERADIAN.) SOLID_ANGLE_UNIT() );
#3399 = UNCERTAINTY_MEASURE_WITH_UNIT(LENGTH_MEASURE(1.E-07),#3396,
  'distance_accuracy_value','confusion accuracy');
#3400 = SHAPE_DEFINITION_REPRESENTATION(#3401,#3382);
#3401 = PRODUCT_DEFINITION_SHAPE('','',#3402);
#3402 = PRODUCT_DEFINITION('design','',#3403,#3406);
#3403 = PRODUCT_DEFINITION_FORMATION('','',#3404);
#3404 = PRODUCT('D20','D20','',(#3405));
#3405 = PRODUCT_CONTEXT('',#2,'mechanical');
#3406 = PRODUCT_DEFINITION_CONTEXT('part definition',#2,'design');
#3407 = CONTEXT_DEPENDENT_SHAPE_REPRESENTATION(#3408,#3410);
#3408 = ( REPRESENTATION_RELATIONSHIP('','',#3382,#10) 
REPRESENTATION_RELATIONSHIP_WITH_TRANSFORMATION(#3409) 
SHAPE_REPRESENTATION_RELATIONSHIP() );
#3409 = ITEM_DEFINED_TRANSFORMATION('','',#11,#283);
#3410 = PRODUCT_DEFINITION_SHAPE('Placement','Placement of an item',
  #3411);
#3411 = NEXT_ASSEMBLY_USAGE_OCCURRENCE('68','=>[0:1:1:69]','',#5,#3402,$
  );
#3412 = PRODUCT_RELATED_PRODUCT_CATEGORY('part',$,(#3404));
#3413 = ADVANCED_BREP_SHAPE_REPRESENTATION('',(#11,#3414),#3426);
#3414 = MANIFOLD_SOLID_BREP('',#3415);
#3415 = CLOSED_SHELL('',(#3416));
#3416 = ADVANCED_FACE('',(#3417),#3421,.T.);
#3417 = FACE_BOUND('',#3418,.T.);
#3418 = VERTEX_LOOP('',#3419);
#3419 = VERTEX_POINT('',#3420);
#3420 = CARTESIAN_POINT('',(9.184850993605E-18,-2.249639673993E-33,-0.15
    ));
#3421 = SPHERICAL_SURFACE('',#3422,0.15);
#3422 = AXIS2_PLACEMENT_3D('',#3423,#3424,#3425);
#3423 = CARTESIAN_POINT('',(0.,0.,0.));
#3424 = DIRECTION('',(0.,0.,1.));
#3425 = DIRECTION('',(1.,0.,-0.));
#3426 = ( GEOMETRIC_REPRESENTATION_CONTEXT(3) 
GLOBAL_UNCERTAINTY_ASSIGNED_CONTEXT((#3430)) 
GLOBAL_UNIT_ASSIGNED_CONTEXT((#3427,#3428,#3429)) REPRESENTATION_CONTEXT
('Context #1','3D Context with UNIT and UNCERTAINTY') );
#3427 = ( LENGTH_UNIT() NAMED_UNIT(*) SI_UNIT(.MILLI.,.METRE.) );
#3428 = ( NAMED_UNIT(*) PLANE_ANGLE_UNIT() SI_UNIT($,.RADIAN.) );
#3429 = ( NAMED_UNIT(*) SI_UNIT($,.STERADIAN.) SOLID_ANGLE_UNIT() );
#3430 = UNCERTAINTY_MEASURE_WITH_UNIT(LENGTH_MEASURE(1.E-07),#3427,
  'distance_accuracy_value','confusion accuracy');
#3431 = SHAPE_DEFINITION_REPRESENTATION(#3432,#3413);
#3432 = PRODUCT_DEFINITION_SHAPE('','',#3433);
#3433 = PRODUCT_DEFINITION('design','',#3434,#3437);
#3434 = PRODUCT_DEFINITION_FORMATION('','',#3435);
#3435 = PRODUCT('D21','D21','',(#3436));
#3436 = PRODUCT_CONTEXT('',#2,'mechanical');
#3437 = PRODUCT_DEFINITION_CONTEXT('part definition',#2,'design');
#3438 = CONTEXT_DEPENDENT_SHAPE_REPRESENTATION(#3439,#3441);
#3439 = ( REPRESENTATION_RELATIONSHIP('','',#3413,#10) 
REPRESENTATION_RELATIONSHIP_WITH_TRANSFORMATION(#3440) 
SHAPE_REPRESENTATION_RELATIONSHIP() );
#3440 = ITEM_DEFINED_TRANSFORMATION('','',#11,#287);
#3441 = PRODUCT_DEFINITION_SHAPE('Placement','Placement of an item',
  #3442);
#3442 = NEXT_ASSEMBLY_USAGE_OCCURRENCE('69','=>[0:1:1:70]','',#5,#3433,$
  );
#3443 = PRODUCT_RELATED_PRODUCT_CATEGORY('part',$,(#3435));
#3444 = ADVANCED_BREP_SHAPE_REPRESENTATION('',(#11,#3445),#3457);
#3445 = MANIFOLD_SOLID_BREP('',#3446);
#3446 = CLOSED_SHELL('',(#3447));
#3447 = ADVANCED_FACE('',(#3448),#3452,.T.);
#3448 = FACE_BOUND('',#3449,.T.);
#3449 = VERTEX_LOOP('',#3450);
#3450 = VERTEX_POINT('',#3451);
#3451 = CARTESIAN_POINT('',(9.184850993605E-18,-2.249639673993E-33,-0.15
    ));
#3452 = SPHERICAL_SURFACE('',#3453,0.15);
#3453 = AXIS2_PLACEMENT_3D('',#3454,#3455,#3456);
#3454 = CARTESIAN_POINT('',(0.,0.,0.));
#3455 = DIRECTION('',(0.,0.,1.));
#3456 = DIRECTION('',(1.,0.,-0.));
#3457 = ( GEOMETRIC_REPRESENTATION_CONTEXT(3) 
GLOBAL_UNCERTAINTY_ASSIGNED_CONTEXT((#3461)) 
GLOBAL_UNIT_ASSIGNED_CONTEXT((#3458,#3459,#3460)) REPRESENTATION_CONTEXT
('Context #1','3D Context with UNIT and UNCERTAINTY') );
#3458 = ( LENGTH_UNIT() NAMED_UNIT(*) SI_UNIT(.MILLI.,.METRE.) );
#3459 = ( NAMED_UNIT(*) PLANE_ANGLE_UNIT() SI_UNIT($,.RADIAN.) );
#3460 = ( NAMED_UNIT(*) SI_UNIT($,.STERADIAN.) SOLID_ANGLE_UNIT() );
#3461 = UNCERTAINTY_MEASURE_WITH_UNIT(LENGTH_MEASURE(1.E-07),#3458,
  'distance_accuracy_value','confusion accuracy');
#3462 = SHAPE_DEFINITION_REPRESENTATION(#3463,#3444);
#3463 = PRODUCT_DEFINITION_SHAPE('','',#3464);
#3464 = PRODUCT_DEFINITION('design','',#3465,#3468);
#3465 = PRODUCT_DEFINITION_FORMATION('','',#3466);
#3466 = PRODUCT('E2','E2','',(#3467));
#3467 = PRODUCT_CONTEXT('',#2,'mechanical');
#3468 = PRODUCT_DEFINITION_CONTEXT('part definition',#2,'design');
#3469 = CONTEXT_DEPENDENT_SHAPE_REPRESENTATION(#3470,#3472);
#3470 = ( REPRESENTATION_RELATIONSHIP('','',#3444,#10) 
REPRESENTATION_RELATIONSHIP_WITH_TRANSFORMATION(#3471) 
SHAPE_REPRESENTATION_RELATIONSHIP() );
#3471 = ITEM_DEFINED_TRANSFORMATION('','',#11,#291);
#3472 = PRODUCT_DEFINITION_SHAPE('Placement','Placement of an item',
  #3473);
#3473 = NEXT_ASSEMBLY_USAGE_OCCURRENCE('70','=>[0:1:1:71]','',#5,#3464,$
  );
#3474 = PRODUCT_RELATED_PRODUCT_CATEGORY('part',$,(#3466));
#3475 = ADVANCED_BREP_SHAPE_REPRESENTATION('',(#11,#3476),#3488);
#3476 = MANIFOLD_SOLID_BREP('',#3477);
#3477 = CLOSED_SHELL('',(#3478));
#3478 = ADVANCED_FACE('',(#3479),#3483,.T.);
#3479 = FACE_BOUND('',#3480,.T.);
#3480 = VERTEX_LOOP('',#3481);
#3481 = VERTEX_POINT('',#3482);
#3482 = CARTESIAN_POINT('',(9.184850993605E-18,-2.249639673993E-33,-0.15
    ));
#3483 = SPHERICAL_SURFACE('',#3484,0.15);
#3484 = AXIS2_PLACEMENT_3D('',#3485,#3486,#3487);
#3485 = CARTESIAN_POINT('',(0.,0.,0.));
#3486 = DIRECTION('',(0.,0.,1.));
#3487 = DIRECTION('',(1.,0.,-0.));
#3488 = ( GEOMETRIC_REPRESENTATION_CONTEXT(3) 
GLOBAL_UNCERTAINTY_ASSIGNED_CONTEXT((#3492)) 
GLOBAL_UNIT_ASSIGNED_CONTEXT((#3489,#3490,#3491)) REPRESENTATION_CONTEXT
('Context #1','3D Context with UNIT and UNCERTAINTY') );
#3489 = ( LENGTH_UNIT() NAMED_UNIT(*) SI_UNIT(.MILLI.,.METRE.) );
#3490 = ( NAMED_UNIT(*) PLANE_ANGLE_UNIT() SI_UNIT($,.RADIAN.) );
#3491 = ( NAMED_UNIT(*) SI_UNIT($,.STERADIAN.) SOLID_ANGLE_UNIT() );
#3492 = UNCERTAINTY_MEASURE_WITH_UNIT(LENGTH_MEASURE(1.E-07),#3489,
  'distance_accuracy_value','confusion accuracy');
#3493 = SHAPE_DEFINITION_REPRESENTATION(#3494,#3475);
#3494 = PRODUCT_DEFINITION_SHAPE('','',#3495);
#3495 = PRODUCT_DEFINITION('design','',#3496,#3499);
#3496 = PRODUCT_DEFINITION_FORMATION('','',#3497);
#3497 = PRODUCT('E3','E3','',(#3498));
#3498 = PRODUCT_CONTEXT('',#2,'mechanical');
#3499 = PRODUCT_DEFINITION_CONTEXT('part definition',#2,'design');
#3500 = CONTEXT_DEPENDENT_SHAPE_REPRESENTATION(#3501,#3503);
#3501 = ( REPRESENTATION_RELATIONSHIP('','',#3475,#10) 
REPRESENTATION_RELATIONSHIP_WITH_TRANSFORMATION(#3502) 
SHAPE_REPRESENTATION_RELATIONSHIP() );
#3502 = ITEM_DEFINED_TRANSFORMATION('','',#11,#295);
#3503 = PRODUCT_DEFINITION_SHAPE('Placement','Placement of an item',
  #3504);
#3504 = NEXT_ASSEMBLY_USAGE_OCCURRENCE('71','=>[0:1:1:72]','',#5,#3495,$
  );
#3505 = PRODUCT_RELATED_PRODUCT_CATEGORY('part',$,(#3497));
#3506 = ADVANCED_BREP_SHAPE_REPRESENTATION('',(#11,#3507),#3519);
#3507 = MANIFOLD_SOLID_BREP('',#3508);
#3508 = CLOSED_SHELL('',(#3509));
#3509 = ADVANCED_FACE('',(#3510),#3514,.T.);
#3510 = FACE_BOUND('',#3511,.T.);
#3511 = VERTEX_LOOP('',#3512);
#3512 = VERTEX_POINT('',#3513);
#3513 = CARTESIAN_POINT('',(9.184850993605E-18,-2.249639673993E-33,-0.15
    ));
#3514 = SPHERICAL_SURFACE('',#3515,0.15);
#3515 = AXIS2_PLACEMENT_3D('',#3516,#3517,#3518);
#3516 = CARTESIAN_POINT('',(0.,0.,0.));
#3517 = DIRECTION('',(0.,0.,1.));
#3518 = DIRECTION('',(1.,0.,-0.));
#3519 = ( GEOMETRIC_REPRESENTATION_CONTEXT(3) 
GLOBAL_UNCERTAINTY_ASSIGNED_CONTEXT((#3523)) 
GLOBAL_UNIT_ASSIGNED_CONTEXT((#3520,#3521,#3522)) REPRESENTATION_CONTEXT
('Context #1','3D Context with UNIT and UNCERTAINTY') );
#3520 = ( LENGTH_UNIT() NAMED_UNIT(*) SI_UNIT(.MILLI.,.METRE.) );
#3521 = ( NAMED_UNIT(*) PLANE_ANGLE_UNIT() SI_UNIT($,.RADIAN.) );
#3522 = ( NAMED_UNIT(*) SI_UNIT($,.STERADIAN.) SOLID_ANGLE_UNIT() );
#3523 = UNCERTAINTY_MEASURE_WITH_UNIT(LENGTH_MEASURE(1.E-07),#3520,
  'distance_accuracy_value','confusion accuracy');
#3524 = SHAPE_DEFINITION_REPRESENTATION(#3525,#3506);
#3525 = PRODUCT_DEFINITION_SHAPE('','',#3526);
#3526 = PRODUCT_DEFINITION('design','',#3527,#3530);
#3527 = PRODUCT_DEFINITION_FORMATION('','',#3528);
#3528 = PRODUCT('E5','E5','',(#3529));
#3529 = PRODUCT_CONTEXT('',#2,'mechanical');
#3530 = PRODUCT_DEFINITION_CONTEXT('part definition',#2,'design');
#3531 = CONTEXT_DEPENDENT_SHAPE_REPRESENTATION(#3532,#3534);
#3532 = ( REPRESENTATION_RELATIONSHIP('','',#3506,#10) 
REPRESENTATION_RELATIONSHIP_WITH_TRANSFORMATION(#3533) 
SHAPE_REPRESENTATION_RELATIONSHIP() );
#3533 = ITEM_DEFINED_TRANSFORMATION('','',#11,#299);
#3534 = PRODUCT_DEFINITION_SHAPE('Placement','Placement of an item',
  #3535);
#3535 = NEXT_ASSEMBLY_USAGE_OCCURRENCE('72','=>[0:1:1:73]','',#5,#3526,$
  );
#3536 = PRODUCT_RELATED_PRODUCT_CATEGORY('part',$,(#3528));
#3537 = ADVANCED_BREP_SHAPE_REPRESENTATION('',(#11,#3538),#3550);
#3538 = MANIFOLD_SOLID_BREP('',#3539);
#3539 = CLOSED_SHELL('',(#3540));
#3540 = ADVANCED_FACE('',(#3541),#3545,.T.);
#3541 = FACE_BOUND('',#3542,.T.);
#3542 = VERTEX_LOOP('',#3543);
#3543 = VERTEX_POINT('',#3544);
#3544 = CARTESIAN_POINT('',(9.184850993605E-18,-2.249639673993E-33,-0.15
    ));
#3545 = SPHERICAL_SURFACE('',#3546,0.15);
#3546 = AXIS2_PLACEMENT_3D('',#3547,#3548,#3549);
#3547 = CARTESIAN_POINT('',(0.,0.,0.));
#3548 = DIRECTION('',(0.,0.,1.));
#3549 = DIRECTION('',(1.,0.,-0.));
#3550 = ( GEOMETRIC_REPRESENTATION_CONTEXT(3) 
GLOBAL_UNCERTAINTY_ASSIGNED_CONTEXT((#3554)) 
GLOBAL_UNIT_ASSIGNED_CONTEXT((#3551,#3552,#3553)) REPRESENTATION_CONTEXT
('Context #1','3D Context with UNIT and UNCERTAINTY') );
#3551 = ( LENGTH_UNIT() NAMED_UNIT(*) SI_UNIT(.MILLI.,.METRE.) );
#3552 = ( NAMED_UNIT(*) PLANE_ANGLE_UNIT() SI_UNIT($,.RADIAN.) );
#3553 = ( NAMED_UNIT(*) SI_UNIT($,.STERADIAN.) SOLID_ANGLE_UNIT() );
#3554 = UNCERTAINTY_MEASURE_WITH_UNIT(LENGTH_MEASURE(1.E-07),#3551,
  'distance_accuracy_value','confusion accuracy');
#3555 = SHAPE_DEFINITION_REPRESENTATION(#3556,#3537);
#3556 = PRODUCT_DEFINITION_SHAPE('','',#3557);
#3557 = PRODUCT_DEFINITION('design','',#3558,#3561);
#3558 = PRODUCT_DEFINITION_FORMATION('','',#3559);
#3559 = PRODUCT('E6','E6','',(#3560));
#3560 = PRODUCT_CONTEXT('',#2,'mechanical');
#3561 = PRODUCT_DEFINITION_CONTEXT('part definition',#2,'design');
#3562 = CONTEXT_DEPENDENT_SHAPE_REPRESENTATION(#3563,#3565);
#3563 = ( REPRESENTATION_RELATIONSHIP('','',#3537,#10) 
REPRESENTATION_RELATIONSHIP_WITH_TRANSFORMATION(#3564) 
SHAPE_REPRESENTATION_RELATIONSHIP() );
#3564 = ITEM_DEFINED_TRANSFORMATION('','',#11,#303);
#3565 = PRODUCT_DEFINITION_SHAPE('Placement','Placement of an item',
  #3566);
#3566 = NEXT_ASSEMBLY_USAGE_OCCURRENCE('73','=>[0:1:1:74]','',#5,#3557,$
  );
#3567 = PRODUCT_RELATED_PRODUCT_CATEGORY('part',$,(#3559));
#3568 = ADVANCED_BREP_SHAPE_REPRESENTATION('',(#11,#3569),#3581);
#3569 = MANIFOLD_SOLID_BREP('',#3570);
#3570 = CLOSED_SHELL('',(#3571));
#3571 = ADVANCED_FACE('',(#3572),#3576,.T.);
#3572 = FACE_BOUND('',#3573,.T.);
#3573 = VERTEX_LOOP('',#3574);
#3574 = VERTEX_POINT('',#3575);
#3575 = CARTESIAN_POINT('',(9.184850993605E-18,-2.249639673993E-33,-0.15
    ));
#3576 = SPHERICAL_SURFACE('',#3577,0.15);
#3577 = AXIS2_PLACEMENT_3D('',#3578,#3579,#3580);
#3578 = CARTESIAN_POINT('',(0.,0.,0.));
#3579 = DIRECTION('',(0.,0.,1.));
#3580 = DIRECTION('',(1.,0.,-0.));
#3581 = ( GEOMETRIC_REPRESENTATION_CONTEXT(3) 
GLOBAL_UNCERTAINTY_ASSIGNED_CONTEXT((#3585)) 
GLOBAL_UNIT_ASSIGNED_CONTEXT((#3582,#3583,#3584)) REPRESENTATION_CONTEXT
('Context #1','3D Context with UNIT and UNCERTAINTY') );
#3582 = ( LENGTH_UNIT() NAMED_UNIT(*) SI_UNIT(.MILLI.,.METRE.) );
#3583 = ( NAMED_UNIT(*) PLANE_ANGLE_UNIT() SI_UNIT($,.RADIAN.) );
#3584 = ( NAMED_UNIT(*) SI_UNIT($,.STERADIAN.) SOLID_ANGLE_UNIT() );
#3585 = UNCERTAINTY_MEASURE_WITH_UNIT(LENGTH_MEASURE(1.E-07),#3582,
  'distance_accuracy_value','confusion accuracy');
#3586 = SHAPE_DEFINITION_REPRESENTATION(#3587,#3568);
#3587 = PRODUCT_DEFINITION_SHAPE('','',#3588);
#3588 = PRODUCT_DEFINITION('design','',#3589,#3592);
#3589 = PRODUCT_DEFINITION_FORMATION('','',#3590);
#3590 = PRODUCT('E7','E7','',(#3591));
#3591 = PRODUCT_CONTEXT('',#2,'mechanical');
#3592 = PRODUCT_DEFINITION_CONTEXT('part definition',#2,'design');
#3593 = CONTEXT_DEPENDENT_SHAPE_REPRESENTATION(#3594,#3596);
#3594 = ( REPRESENTATION_RELATIONSHIP('','',#3568,#10) 
REPRESENTATION_RELATIONSHIP_WITH_TRANSFORMATION(#3595) 
SHAPE_REPRESENTATION_RELATIONSHIP() );
#3595 = ITEM_DEFINED_TRANSFORMATION('','',#11,#307);
#3596 = PRODUCT_DEFINITION_SHAPE('Placement','Placement of an item',
  #3597);
#3597 = NEXT_ASSEMBLY_USAGE_OCCURRENCE('74','=>[0:1:1:75]','',#5,#3588,$
  );
#3598 = PRODUCT_RELATED_PRODUCT_CATEGORY('part',$,(#3590));
#3599 = ADVANCED_BREP_SHAPE_REPRESENTATION('',(#11,#3600),#3612);
#3600 = MANIFOLD_SOLID_BREP('',#3601);
#3601 = CLOSED_SHELL('',(#3602));
#3602 = ADVANCED_FACE('',(#3603),#3607,.T.);
#3603 = FACE_BOUND('',#3604,.T.);
#3604 = VERTEX_LOOP('',#3605);
#3605 = VERTEX_POINT('',#3606);
#3606 = CARTESIAN_POINT('',(9.184850993605E-18,-2.249639673993E-33,-0.15
    ));
#3607 = SPHERICAL_SURFACE('',#3608,0.15);
#3608 = AXIS2_PLACEMENT_3D('',#3609,#3610,#3611);
#3609 = CARTESIAN_POINT('',(0.,0.,0.));
#3610 = DIRECTION('',(0.,0.,1.));
#3611 = DIRECTION('',(1.,0.,-0.));
#3612 = ( GEOMETRIC_REPRESENTATION_CONTEXT(3) 
GLOBAL_UNCERTAINTY_ASSIGNED_CONTEXT((#3616)) 
GLOBAL_UNIT_ASSIGNED_CONTEXT((#3613,#3614,#3615)) REPRESENTATION_CONTEXT
('Context #1','3D Context with UNIT and UNCERTAINTY') );
#3613 = ( LENGTH_UNIT() NAMED_UNIT(*) SI_UNIT(.MILLI.,.METRE.) );
#3614 = ( NAMED_UNIT(*) PLANE_ANGLE_UNIT() SI_UNIT($,.RADIAN.) );
#3615 = ( NAMED_UNIT(*) SI_UNIT($,.STERADIAN.) SOLID_ANGLE_UNIT() );
#3616 = UNCERTAINTY_MEASURE_WITH_UNIT(LENGTH_MEASURE(1.E-07),#3613,
  'distance_accuracy_value','confusion accuracy');
#3617 = SHAPE_DEFINITION_REPRESENTATION(#3618,#3599);
#3618 = PRODUCT_DEFINITION_SHAPE('','',#3619);
#3619 = PRODUCT_DEFINITION('design','',#3620,#3623);
#3620 = PRODUCT_DEFINITION_FORMATION('','',#3621);
#3621 = PRODUCT('E8','E8','',(#3622));
#3622 = PRODUCT_CONTEXT('',#2,'mechanical');
#3623 = PRODUCT_DEFINITION_CONTEXT('part definition',#2,'design');
#3624 = CONTEXT_DEPENDENT_SHAPE_REPRESENTATION(#3625,#3627);
#3625 = ( REPRESENTATION_RELATIONSHIP('','',#3599,#10) 
REPRESENTATION_RELATIONSHIP_WITH_TRANSFORMATION(#3626) 
SHAPE_REPRESENTATION_RELATIONSHIP() );
#3626 = ITEM_DEFINED_TRANSFORMATION('','',#11,#311);
#3627 = PRODUCT_DEFINITION_SHAPE('Placement','Placement of an item',
  #3628);
#3628 = NEXT_ASSEMBLY_USAGE_OCCURRENCE('75','=>[0:1:1:76]','',#5,#3619,$
  );
#3629 = PRODUCT_RELATED_PRODUCT_CATEGORY('part',$,(#3621));
#3630 = ADVANCED_BREP_SHAPE_REPRESENTATION('',(#11,#3631),#3643);
#3631 = MANIFOLD_SOLID_BREP('',#3632);
#3632 = CLOSED_SHELL('',(#3633));
#3633 = ADVANCED_FACE('',(#3634),#3638,.T.);
#3634 = FACE_BOUND('',#3635,.T.);
#3635 = VERTEX_LOOP('',#3636);
#3636 = VERTEX_POINT('',#3637);
#3637 = CARTESIAN_POINT('',(9.184850993605E-18,-2.249639673993E-33,-0.15
    ));
#3638 = SPHERICAL_SURFACE('',#3639,0.15);
#3639 = AXIS2_PLACEMENT_3D('',#3640,#3641,#3642);
#3640 = CARTESIAN_POINT('',(0.,0.,0.));
#3641 = DIRECTION('',(0.,0.,1.));
#3642 = DIRECTION('',(1.,0.,-0.));
#3643 = ( GEOMETRIC_REPRESENTATION_CONTEXT(3) 
GLOBAL_UNCERTAINTY_ASSIGNED_CONTEXT((#3647)) 
GLOBAL_UNIT_ASSIGNED_CONTEXT((#3644,#3645,#3646)) REPRESENTATION_CONTEXT
('Context #1','3D Context with UNIT and UNCERTAINTY') );
#3644 = ( LENGTH_UNIT() NAMED_UNIT(*) SI_UNIT(.MILLI.,.METRE.) );
#3645 = ( NAMED_UNIT(*) PLANE_ANGLE_UNIT() SI_UNIT($,.RADIAN.) );
#3646 = ( NAMED_UNIT(*) SI_UNIT($,.STERADIAN.) SOLID_ANGLE_UNIT() );
#3647 = UNCERTAINTY_MEASURE_WITH_UNIT(LENGTH_MEASURE(1.E-07),#3644,
  'distance_accuracy_value','confusion accuracy');
#3648 = SHAPE_DEFINITION_REPRESENTATION(#3649,#3630);
#3649 = PRODUCT_DEFINITION_SHAPE('','',#3650);
#3650 = PRODUCT_DEFINITION('design','',#3651,#3654);
#3651 = PRODUCT_DEFINITION_FORMATION('','',#3652);
#3652 = PRODUCT('E9','E9','',(#3653));
#3653 = PRODUCT_CONTEXT('',#2,'mechanical');
#3654 = PRODUCT_DEFINITION_CONTEXT('part definition',#2,'design');
#3655 = CONTEXT_DEPENDENT_SHAPE_REPRESENTATION(#3656,#3658);
#3656 = ( REPRESENTATION_RELATIONSHIP('','',#3630,#10) 
REPRESENTATION_RELATIONSHIP_WITH_TRANSFORMATION(#3657) 
SHAPE_REPRESENTATION_RELATIONSHIP() );
#3657 = ITEM_DEFINED_TRANSFORMATION('','',#11,#315);
#3658 = PRODUCT_DEFINITION_SHAPE('Placement','Placement of an item',
  #3659);
#3659 = NEXT_ASSEMBLY_USAGE_OCCURRENCE('76','=>[0:1:1:77]','',#5,#3650,$
  );
#3660 = PRODUCT_RELATED_PRODUCT_CATEGORY('part',$,(#3652));
#3661 = ADVANCED_BREP_SHAPE_REPRESENTATION('',(#11,#3662),#3674);
#3662 = MANIFOLD_SOLID_BREP('',#3663);
#3663 = CLOSED_SHELL('',(#3664));
#3664 = ADVANCED_FACE('',(#3665),#3669,.T.);
#3665 = FACE_BOUND('',#3666,.T.);
#3666 = VERTEX_LOOP('',#3667);
#3667 = VERTEX_POINT('',#3668);
#3668 = CARTESIAN_POINT('',(9.184850993605E-18,-2.249639673993E-33,-0.15
    ));
#3669 = SPHERICAL_SURFACE('',#3670,0.15);
#3670 = AXIS2_PLACEMENT_3D('',#3671,#3672,#3673);
#3671 = CARTESIAN_POINT('',(0.,0.,0.));
#3672 = DIRECTION('',(0.,0.,1.));
#3673 = DIRECTION('',(1.,0.,-0.));
#3674 = ( GEOMETRIC_REPRESENTATION_CONTEXT(3) 
GLOBAL_UNCERTAINTY_ASSIGNED_CONTEXT((#3678)) 
GLOBAL_UNIT_ASSIGNED_CONTEXT((#3675,#3676,#3677)) REPRESENTATION_CONTEXT
('Context #1','3D Context with UNIT and UNCERTAINTY') );
#3675 = ( LENGTH_UNIT() NAMED_UNIT(*) SI_UNIT(.MILLI.,.METRE.) );
#3676 = ( NAMED_UNIT(*) PLANE_ANGLE_UNIT() SI_UNIT($,.RADIAN.) );
#3677 = ( NAMED_UNIT(*) SI_UNIT($,.STERADIAN.) SOLID_ANGLE_UNIT() );
#3678 = UNCERTAINTY_MEASURE_WITH_UNIT(LENGTH_MEASURE(1.E-07),#3675,
  'distance_accuracy_value','confusion accuracy');
#3679 = SHAPE_DEFINITION_REPRESENTATION(#3680,#3661);
#3680 = PRODUCT_DEFINITION_SHAPE('','',#3681);
#3681 = PRODUCT_DEFINITION('design','',#3682,#3685);
#3682 = PRODUCT_DEFINITION_FORMATION('','',#3683);
#3683 = PRODUCT('E10','E10','',(#3684));
#3684 = PRODUCT_CONTEXT('',#2,'mechanical');
#3685 = PRODUCT_DEFINITION_CONTEXT('part definition',#2,'design');
#3686 = CONTEXT_DEPENDENT_SHAPE_REPRESENTATION(#3687,#3689);
#3687 = ( REPRESENTATION_RELATIONSHIP('','',#3661,#10) 
REPRESENTATION_RELATIONSHIP_WITH_TRANSFORMATION(#3688) 
SHAPE_REPRESENTATION_RELATIONSHIP() );
#3688 = ITEM_DEFINED_TRANSFORMATION('','',#11,#319);
#3689 = PRODUCT_DEFINITION_SHAPE('Placement','Placement of an item',
  #3690);
#3690 = NEXT_ASSEMBLY_USAGE_OCCURRENCE('77','=>[0:1:1:78]','',#5,#3681,$
  );
#3691 = PRODUCT_RELATED_PRODUCT_CATEGORY('part',$,(#3683));
#3692 = ADVANCED_BREP_SHAPE_REPRESENTATION('',(#11,#3693),#3705);
#3693 = MANIFOLD_SOLID_BREP('',#3694);
#3694 = CLOSED_SHELL('',(#3695));
#3695 = ADVANCED_FACE('',(#3696),#3700,.T.);
#3696 = FACE_BOUND('',#3697,.T.);
#3697 = VERTEX_LOOP('',#3698);
#3698 = VERTEX_POINT('',#3699);
#3699 = CARTESIAN_POINT('',(9.184850993605E-18,-2.249639673993E-33,-0.15
    ));
#3700 = SPHERICAL_SURFACE('',#3701,0.15);
#3701 = AXIS2_PLACEMENT_3D('',#3702,#3703,#3704);
#3702 = CARTESIAN_POINT('',(0.,0.,0.));
#3703 = DIRECTION('',(0.,0.,1.));
#3704 = DIRECTION('',(1.,0.,-0.));
#3705 = ( GEOMETRIC_REPRESENTATION_CONTEXT(3) 
GLOBAL_UNCERTAINTY_ASSIGNED_CONTEXT((#3709)) 
GLOBAL_UNIT_ASSIGNED_CONTEXT((#3706,#3707,#3708)) REPRESENTATION_CONTEXT
('Context #1','3D Context with UNIT and UNCERTAINTY') );
#3706 = ( LENGTH_UNIT() NAMED_UNIT(*) SI_UNIT(.MILLI.,.METRE.) );
#3707 = ( NAMED_UNIT(*) PLANE_ANGLE_UNIT() SI_UNIT($,.RADIAN.) );
#3708 = ( NAMED_UNIT(*) SI_UNIT($,.STERADIAN.) SOLID_ANGLE_UNIT() );
#3709 = UNCERTAINTY_MEASURE_WITH_UNIT(LENGTH_MEASURE(1.E-07),#3706,
  'distance_accuracy_value','confusion accuracy');
#3710 = SHAPE_DEFINITION_REPRESENTATION(#3711,#3692);
#3711 = PRODUCT_DEFINITION_SHAPE('','',#3712);
#3712 = PRODUCT_DEFINITION('design','',#3713,#3716);
#3713 = PRODUCT_DEFINITION_FORMATION('','',#3714);
#3714 = PRODUCT('E11','E11','',(#3715));
#3715 = PRODUCT_CONTEXT('',#2,'mechanical');
#3716 = PRODUCT_DEFINITION_CONTEXT('part definition',#2,'design');
#3717 = CONTEXT_DEPENDENT_SHAPE_REPRESENTATION(#3718,#3720);
#3718 = ( REPRESENTATION_RELATIONSHIP('','',#3692,#10) 
REPRESENTATION_RELATIONSHIP_WITH_TRANSFORMATION(#3719) 
SHAPE_REPRESENTATION_RELATIONSHIP() );
#3719 = ITEM_DEFINED_TRANSFORMATION('','',#11,#323);
#3720 = PRODUCT_DEFINITION_SHAPE('Placement','Placement of an item',
  #3721);
#3721 = NEXT_ASSEMBLY_USAGE_OCCURRENCE('78','=>[0:1:1:79]','',#5,#3712,$
  );
#3722 = PRODUCT_RELATED_PRODUCT_CATEGORY('part',$,(#3714));
#3723 = ADVANCED_BREP_SHAPE_REPRESENTATION('',(#11,#3724),#3736);
#3724 = MANIFOLD_SOLID_BREP('',#3725);
#3725 = CLOSED_SHELL('',(#3726));
#3726 = ADVANCED_FACE('',(#3727),#3731,.T.);
#3727 = FACE_BOUND('',#3728,.T.);
#3728 = VERTEX_LOOP('',#3729);
#3729 = VERTEX_POINT('',#3730);
#3730 = CARTESIAN_POINT('',(9.184850993605E-18,-2.249639673993E-33,-0.15
    ));
#3731 = SPHERICAL_SURFACE('',#3732,0.15);
#3732 = AXIS2_PLACEMENT_3D('',#3733,#3734,#3735);
#3733 = CARTESIAN_POINT('',(0.,0.,0.));
#3734 = DIRECTION('',(0.,0.,1.));
#3735 = DIRECTION('',(1.,0.,-0.));
#3736 = ( GEOMETRIC_REPRESENTATION_CONTEXT(3) 
GLOBAL_UNCERTAINTY_ASSIGNED_CONTEXT((#3740)) 
GLOBAL_UNIT_ASSIGNED_CONTEXT((#3737,#3738,#3739)) REPRESENTATION_CONTEXT
('Context #1','3D Context with UNIT and UNCERTAINTY') );
#3737 = ( LENGTH_UNIT() NAMED_UNIT(*) SI_UNIT(.MILLI.,.METRE.) );
#3738 = ( NAMED_UNIT(*) PLANE_ANGLE_UNIT() SI_UNIT($,.RADIAN.) );
#3739 = ( NAMED_UNIT(*) SI_UNIT($,.STERADIAN.) SOLID_ANGLE_UNIT() );
#3740 = UNCERTAINTY_MEASURE_WITH_UNIT(LENGTH_MEASURE(1.E-07),#3737,
  'distance_accuracy_value','confusion accuracy');
#3741 = SHAPE_DEFINITION_REPRESENTATION(#3742,#3723);
#3742 = PRODUCT_DEFINITION_SHAPE('','',#3743);
#3743 = PRODUCT_DEFINITION('design','',#3744,#3747);
#3744 = PRODUCT_DEFINITION_FORMATION('','',#3745);
#3745 = PRODUCT('E12','E12','',(#3746));
#3746 = PRODUCT_CONTEXT('',#2,'mechanical');
#3747 = PRODUCT_DEFINITION_CONTEXT('part definition',#2,'design');
#3748 = CONTEXT_DEPENDENT_SHAPE_REPRESENTATION(#3749,#3751);
#3749 = ( REPRESENTATION_RELATIONSHIP('','',#3723,#10) 
REPRESENTATION_RELATIONSHIP_WITH_TRANSFORMATION(#3750) 
SHAPE_REPRESENTATION_RELATIONSHIP() );
#3750 = ITEM_DEFINED_TRANSFORMATION('','',#11,#327);
#3751 = PRODUCT_DEFINITION_SHAPE('Placement','Placement of an item',
  #3752);
#3752 = NEXT_ASSEMBLY_USAGE_OCCURRENCE('79','=>[0:1:1:80]','',#5,#3743,$
  );
#3753 = PRODUCT_RELATED_PRODUCT_CATEGORY('part',$,(#3745));
#3754 = ADVANCED_BREP_SHAPE_REPRESENTATION('',(#11,#3755),#3767);
#3755 = MANIFOLD_SOLID_BREP('',#3756);
#3756 = CLOSED_SHELL('',(#3757));
#3757 = ADVANCED_FACE('',(#3758),#3762,.T.);
#3758 = FACE_BOUND('',#3759,.T.);
#3759 = VERTEX_LOOP('',#3760);
#3760 = VERTEX_POINT('',#3761);
#3761 = CARTESIAN_POINT('',(9.184850993605E-18,-2.249639673993E-33,-0.15
    ));
#3762 = SPHERICAL_SURFACE('',#3763,0.15);
#3763 = AXIS2_PLACEMENT_3D('',#3764,#3765,#3766);
#3764 = CARTESIAN_POINT('',(0.,0.,0.));
#3765 = DIRECTION('',(0.,0.,1.));
#3766 = DIRECTION('',(1.,0.,-0.));
#3767 = ( GEOMETRIC_REPRESENTATION_CONTEXT(3) 
GLOBAL_UNCERTAINTY_ASSIGNED_CONTEXT((#3771)) 
GLOBAL_UNIT_ASSIGNED_CONTEXT((#3768,#3769,#3770)) REPRESENTATION_CONTEXT
('Context #1','3D Context with UNIT and UNCERTAINTY') );
#3768 = ( LENGTH_UNIT() NAMED_UNIT(*) SI_UNIT(.MILLI.,.METRE.) );
#3769 = ( NAMED_UNIT(*) PLANE_ANGLE_UNIT() SI_UNIT($,.RADIAN.) );
#3770 = ( NAMED_UNIT(*) SI_UNIT($,.STERADIAN.) SOLID_ANGLE_UNIT() );
#3771 = UNCERTAINTY_MEASURE_WITH_UNIT(LENGTH_MEASURE(1.E-07),#3768,
  'distance_accuracy_value','confusion accuracy');
#3772 = SHAPE_DEFINITION_REPRESENTATION(#3773,#3754);
#3773 = PRODUCT_DEFINITION_SHAPE('','',#3774);
#3774 = PRODUCT_DEFINITION('design','',#3775,#3778);
#3775 = PRODUCT_DEFINITION_FORMATION('','',#3776);
#3776 = PRODUCT('E13','E13','',(#3777));
#3777 = PRODUCT_CONTEXT('',#2,'mechanical');
#3778 = PRODUCT_DEFINITION_CONTEXT('part definition',#2,'design');
#3779 = CONTEXT_DEPENDENT_SHAPE_REPRESENTATION(#3780,#3782);
#3780 = ( REPRESENTATION_RELATIONSHIP('','',#3754,#10) 
REPRESENTATION_RELATIONSHIP_WITH_TRANSFORMATION(#3781) 
SHAPE_REPRESENTATION_RELATIONSHIP() );
#3781 = ITEM_DEFINED_TRANSFORMATION('','',#11,#331);
#3782 = PRODUCT_DEFINITION_SHAPE('Placement','Placement of an item',
  #3783);
#3783 = NEXT_ASSEMBLY_USAGE_OCCURRENCE('80','=>[0:1:1:81]','',#5,#3774,$
  );
#3784 = PRODUCT_RELATED_PRODUCT_CATEGORY('part',$,(#3776));
#3785 = ADVANCED_BREP_SHAPE_REPRESENTATION('',(#11,#3786),#3798);
#3786 = MANIFOLD_SOLID_BREP('',#3787);
#3787 = CLOSED_SHELL('',(#3788));
#3788 = ADVANCED_FACE('',(#3789),#3793,.T.);
#3789 = FACE_BOUND('',#3790,.T.);
#3790 = VERTEX_LOOP('',#3791);
#3791 = VERTEX_POINT('',#3792);
#3792 = CARTESIAN_POINT('',(9.184850993605E-18,-2.249639673993E-33,-0.15
    ));
#3793 = SPHERICAL_SURFACE('',#3794,0.15);
#3794 = AXIS2_PLACEMENT_3D('',#3795,#3796,#3797);
#3795 = CARTESIAN_POINT('',(0.,0.,0.));
#3796 = DIRECTION('',(0.,0.,1.));
#3797 = DIRECTION('',(1.,0.,-0.));
#3798 = ( GEOMETRIC_REPRESENTATION_CONTEXT(3) 
GLOBAL_UNCERTAINTY_ASSIGNED_CONTEXT((#3802)) 
GLOBAL_UNIT_ASSIGNED_CONTEXT((#3799,#3800,#3801)) REPRESENTATION_CONTEXT
('Context #1','3D Context with UNIT and UNCERTAINTY') );
#3799 = ( LENGTH_UNIT() NAMED_UNIT(*) SI_UNIT(.MILLI.,.METRE.) );
#3800 = ( NAMED_UNIT(*) PLANE_ANGLE_UNIT() SI_UNIT($,.RADIAN.) );
#3801 = ( NAMED_UNIT(*) SI_UNIT($,.STERADIAN.) SOLID_ANGLE_UNIT() );
#3802 = UNCERTAINTY_MEASURE_WITH_UNIT(LENGTH_MEASURE(1.E-07),#3799,
  'distance_accuracy_value','confusion accuracy');
#3803 = SHAPE_DEFINITION_REPRESENTATION(#3804,#3785);
#3804 = PRODUCT_DEFINITION_SHAPE('','',#3805);
#3805 = PRODUCT_DEFINITION('design','',#3806,#3809);
#3806 = PRODUCT_DEFINITION_FORMATION('','',#3807);
#3807 = PRODUCT('E14','E14','',(#3808));
#3808 = PRODUCT_CONTEXT('',#2,'mechanical');
#3809 = PRODUCT_DEFINITION_CONTEXT('part definition',#2,'design');
#3810 = CONTEXT_DEPENDENT_SHAPE_REPRESENTATION(#3811,#3813);
#3811 = ( REPRESENTATION_RELATIONSHIP('','',#3785,#10) 
REPRESENTATION_RELATIONSHIP_WITH_TRANSFORMATION(#3812) 
SHAPE_REPRESENTATION_RELATIONSHIP() );
#3812 = ITEM_DEFINED_TRANSFORMATION('','',#11,#335);
#3813 = PRODUCT_DEFINITION_SHAPE('Placement','Placement of an item',
  #3814);
#3814 = NEXT_ASSEMBLY_USAGE_OCCURRENCE('81','=>[0:1:1:82]','',#5,#3805,$
  );
#3815 = PRODUCT_RELATED_PRODUCT_CATEGORY('part',$,(#3807));
#3816 = ADVANCED_BREP_SHAPE_REPRESENTATION('',(#11,#3817),#3829);
#3817 = MANIFOLD_SOLID_BREP('',#3818);
#3818 = CLOSED_SHELL('',(#3819));
#3819 = ADVANCED_FACE('',(#3820),#3824,.T.);
#3820 = FACE_BOUND('',#3821,.T.);
#3821 = VERTEX_LOOP('',#3822);
#3822 = VERTEX_POINT('',#3823);
#3823 = CARTESIAN_POINT('',(9.184850993605E-18,-2.249639673993E-33,-0.15
    ));
#3824 = SPHERICAL_SURFACE('',#3825,0.15);
#3825 = AXIS2_PLACEMENT_3D('',#3826,#3827,#3828);
#3826 = CARTESIAN_POINT('',(0.,0.,0.));
#3827 = DIRECTION('',(0.,0.,1.));
#3828 = DIRECTION('',(1.,0.,-0.));
#3829 = ( GEOMETRIC_REPRESENTATION_CONTEXT(3) 
GLOBAL_UNCERTAINTY_ASSIGNED_CONTEXT((#3833)) 
GLOBAL_UNIT_ASSIGNED_CONTEXT((#3830,#3831,#3832)) REPRESENTATION_CONTEXT
('Context #1','3D Context with UNIT and UNCERTAINTY') );
#3830 = ( LENGTH_UNIT() NAMED_UNIT(*) SI_UNIT(.MILLI.,.METRE.) );
#3831 = ( NAMED_UNIT(*) PLANE_ANGLE_UNIT() SI_UNIT($,.RADIAN.) );
#3832 = ( NAMED_UNIT(*) SI_UNIT($,.STERADIAN.) SOLID_ANGLE_UNIT() );
#3833 = UNCERTAINTY_MEASURE_WITH_UNIT(LENGTH_MEASURE(1.E-07),#3830,
  'distance_accuracy_value','confusion accuracy');
#3834 = SHAPE_DEFINITION_REPRESENTATION(#3835,#3816);
#3835 = PRODUCT_DEFINITION_SHAPE('','',#3836);
#3836 = PRODUCT_DEFINITION('design','',#3837,#3840);
#3837 = PRODUCT_DEFINITION_FORMATION('','',#3838);
#3838 = PRODUCT('E15','E15','',(#3839));
#3839 = PRODUCT_CONTEXT('',#2,'mechanical');
#3840 = PRODUCT_DEFINITION_CONTEXT('part definition',#2,'design');
#3841 = CONTEXT_DEPENDENT_SHAPE_REPRESENTATION(#3842,#3844);
#3842 = ( REPRESENTATION_RELATIONSHIP('','',#3816,#10) 
REPRESENTATION_RELATIONSHIP_WITH_TRANSFORMATION(#3843) 
SHAPE_REPRESENTATION_RELATIONSHIP() );
#3843 = ITEM_DEFINED_TRANSFORMATION('','',#11,#339);
#3844 = PRODUCT_DEFINITION_SHAPE('Placement','Placement of an item',
  #3845);
#3845 = NEXT_ASSEMBLY_USAGE_OCCURRENCE('82','=>[0:1:1:83]','',#5,#3836,$
  );
#3846 = PRODUCT_RELATED_PRODUCT_CATEGORY('part',$,(#3838));
#3847 = ADVANCED_BREP_SHAPE_REPRESENTATION('',(#11,#3848),#3860);
#3848 = MANIFOLD_SOLID_BREP('',#3849);
#3849 = CLOSED_SHELL('',(#3850));
#3850 = ADVANCED_FACE('',(#3851),#3855,.T.);
#3851 = FACE_BOUND('',#3852,.T.);
#3852 = VERTEX_LOOP('',#3853);
#3853 = VERTEX_POINT('',#3854);
#3854 = CARTESIAN_POINT('',(9.184850993605E-18,-2.249639673993E-33,-0.15
    ));
#3855 = SPHERICAL_SURFACE('',#3856,0.15);
#3856 = AXIS2_PLACEMENT_3D('',#3857,#3858,#3859);
#3857 = CARTESIAN_POINT('',(0.,0.,0.));
#3858 = DIRECTION('',(0.,0.,1.));
#3859 = DIRECTION('',(1.,0.,-0.));
#3860 = ( GEOMETRIC_REPRESENTATION_CONTEXT(3) 
GLOBAL_UNCERTAINTY_ASSIGNED_CONTEXT((#3864)) 
GLOBAL_UNIT_ASSIGNED_CONTEXT((#3861,#3862,#3863)) REPRESENTATION_CONTEXT
('Context #1','3D Context with UNIT and UNCERTAINTY') );
#3861 = ( LENGTH_UNIT() NAMED_UNIT(*) SI_UNIT(.MILLI.,.METRE.) );
#3862 = ( NAMED_UNIT(*) PLANE_ANGLE_UNIT() SI_UNIT($,.RADIAN.) );
#3863 = ( NAMED_UNIT(*) SI_UNIT($,.STERADIAN.) SOLID_ANGLE_UNIT() );
#3864 = UNCERTAINTY_MEASURE_WITH_UNIT(LENGTH_MEASURE(1.E-07),#3861,
  'distance_accuracy_value','confusion accuracy');
#3865 = SHAPE_DEFINITION_REPRESENTATION(#3866,#3847);
#3866 = PRODUCT_DEFINITION_SHAPE('','',#3867);
#3867 = PRODUCT_DEFINITION('design','',#3868,#3871);
#3868 = PRODUCT_DEFINITION_FORMATION('','',#3869);
#3869 = PRODUCT('E16','E16','',(#3870));
#3870 = PRODUCT_CONTEXT('',#2,'mechanical');
#3871 = PRODUCT_DEFINITION_CONTEXT('part definition',#2,'design');
#3872 = CONTEXT_DEPENDENT_SHAPE_REPRESENTATION(#3873,#3875);
#3873 = ( REPRESENTATION_RELATIONSHIP('','',#3847,#10) 
REPRESENTATION_RELATIONSHIP_WITH_TRANSFORMATION(#3874) 
SHAPE_REPRESENTATION_RELATIONSHIP() );
#3874 = ITEM_DEFINED_TRANSFORMATION('','',#11,#343);
#3875 = PRODUCT_DEFINITION_SHAPE('Placement','Placement of an item',
  #3876);
#3876 = NEXT_ASSEMBLY_USAGE_OCCURRENCE('83','=>[0:1:1:84]','',#5,#3867,$
  );
#3877 = PRODUCT_RELATED_PRODUCT_CATEGORY('part',$,(#3869));
#3878 = ADVANCED_BREP_SHAPE_REPRESENTATION('',(#11,#3879),#3891);
#3879 = MANIFOLD_SOLID_BREP('',#3880);
#3880 = CLOSED_SHELL('',(#3881));
#3881 = ADVANCED_FACE('',(#3882),#3886,.T.);
#3882 = FACE_BOUND('',#3883,.T.);
#3883 = VERTEX_LOOP('',#3884);
#3884 = VERTEX_POINT('',#3885);
#3885 = CARTESIAN_POINT('',(9.184850993605E-18,-2.249639673993E-33,-0.15
    ));
#3886 = SPHERICAL_SURFACE('',#3887,0.15);
#3887 = AXIS2_PLACEMENT_3D('',#3888,#3889,#3890);
#3888 = CARTESIAN_POINT('',(0.,0.,0.));
#3889 = DIRECTION('',(0.,0.,1.));
#3890 = DIRECTION('',(1.,0.,-0.));
#3891 = ( GEOMETRIC_REPRESENTATION_CONTEXT(3) 
GLOBAL_UNCERTAINTY_ASSIGNED_CONTEXT((#3895)) 
GLOBAL_UNIT_ASSIGNED_CONTEXT((#3892,#3893,#3894)) REPRESENTATION_CONTEXT
('Context #1','3D Context with UNIT and UNCERTAINTY') );
#3892 = ( LENGTH_UNIT() NAMED_UNIT(*) SI_UNIT(.MILLI.,.METRE.) );
#3893 = ( NAMED_UNIT(*) PLANE_ANGLE_UNIT() SI_UNIT($,.RADIAN.) );
#3894 = ( NAMED_UNIT(*) SI_UNIT($,.STERADIAN.) SOLID_ANGLE_UNIT() );
#3895 = UNCERTAINTY_MEASURE_WITH_UNIT(LENGTH_MEASURE(1.E-07),#3892,
  'distance_accuracy_value','confusion accuracy');
#3896 = SHAPE_DEFINITION_REPRESENTATION(#3897,#3878);
#3897 = PRODUCT_DEFINITION_SHAPE('','',#3898);
#3898 = PRODUCT_DEFINITION('design','',#3899,#3902);
#3899 = PRODUCT_DEFINITION_FORMATION('','',#3900);
#3900 = PRODUCT('E17','E17','',(#3901));
#3901 = PRODUCT_CONTEXT('',#2,'mechanical');
#3902 = PRODUCT_DEFINITION_CONTEXT('part definition',#2,'design');
#3903 = CONTEXT_DEPENDENT_SHAPE_REPRESENTATION(#3904,#3906);
#3904 = ( REPRESENTATION_RELATIONSHIP('','',#3878,#10) 
REPRESENTATION_RELATIONSHIP_WITH_TRANSFORMATION(#3905) 
SHAPE_REPRESENTATION_RELATIONSHIP() );
#3905 = ITEM_DEFINED_TRANSFORMATION('','',#11,#347);
#3906 = PRODUCT_DEFINITION_SHAPE('Placement','Placement of an item',
  #3907);
#3907 = NEXT_ASSEMBLY_USAGE_OCCURRENCE('84','=>[0:1:1:85]','',#5,#3898,$
  );
#3908 = PRODUCT_RELATED_PRODUCT_CATEGORY('part',$,(#3900));
#3909 = ADVANCED_BREP_SHAPE_REPRESENTATION('',(#11,#3910),#3922);
#3910 = MANIFOLD_SOLID_BREP('',#3911);
#3911 = CLOSED_SHELL('',(#3912));
#3912 = ADVANCED_FACE('',(#3913),#3917,.T.);
#3913 = FACE_BOUND('',#3914,.T.);
#3914 = VERTEX_LOOP('',#3915);
#3915 = VERTEX_POINT('',#3916);
#3916 = CARTESIAN_POINT('',(9.184850993605E-18,-2.249639673993E-33,-0.15
    ));
#3917 = SPHERICAL_SURFACE('',#3918,0.15);
#3918 = AXIS2_PLACEMENT_3D('',#3919,#3920,#3921);
#3919 = CARTESIAN_POINT('',(0.,0.,0.));
#3920 = DIRECTION('',(0.,0.,1.));
#3921 = DIRECTION('',(1.,0.,-0.));
#3922 = ( GEOMETRIC_REPRESENTATION_CONTEXT(3) 
GLOBAL_UNCERTAINTY_ASSIGNED_CONTEXT((#3926)) 
GLOBAL_UNIT_ASSIGNED_CONTEXT((#3923,#3924,#3925)) REPRESENTATION_CONTEXT
('Context #1','3D Context with UNIT and UNCERTAINTY') );
#3923 = ( LENGTH_UNIT() NAMED_UNIT(*) SI_UNIT(.MILLI.,.METRE.) );
#3924 = ( NAMED_UNIT(*) PLANE_ANGLE_UNIT() SI_UNIT($,.RADIAN.) );
#3925 = ( NAMED_UNIT(*) SI_UNIT($,.STERADIAN.) SOLID_ANGLE_UNIT() );
#3926 = UNCERTAINTY_MEASURE_WITH_UNIT(LENGTH_MEASURE(1.E-07),#3923,
  'distance_accuracy_value','confusion accuracy');
#3927 = SHAPE_DEFINITION_REPRESENTATION(#3928,#3909);
#3928 = PRODUCT_DEFINITION_SHAPE('','',#3929);
#3929 = PRODUCT_DEFINITION('design','',#3930,#3933);
#3930 = PRODUCT_DEFINITION_FORMATION('','',#3931);
#3931 = PRODUCT('E19','E19','',(#3932));
#3932 = PRODUCT_CONTEXT('',#2,'mechanical');
#3933 = PRODUCT_DEFINITION_CONTEXT('part definition',#2,'design');
#3934 = CONTEXT_DEPENDENT_SHAPE_REPRESENTATION(#3935,#3937);
#3935 = ( REPRESENTATION_RELATIONSHIP('','',#3909,#10) 
REPRESENTATION_RELATIONSHIP_WITH_TRANSFORMATION(#3936) 
SHAPE_REPRESENTATION_RELATIONSHIP() );
#3936 = ITEM_DEFINED_TRANSFORMATION('','',#11,#351);
#3937 = PRODUCT_DEFINITION_SHAPE('Placement','Placement of an item',
  #3938);
#3938 = NEXT_ASSEMBLY_USAGE_OCCURRENCE('85','=>[0:1:1:86]','',#5,#3929,$
  );
#3939 = PRODUCT_RELATED_PRODUCT_CATEGORY('part',$,(#3931));
#3940 = ADVANCED_BREP_SHAPE_REPRESENTATION('',(#11,#3941),#3953);
#3941 = MANIFOLD_SOLID_BREP('',#3942);
#3942 = CLOSED_SHELL('',(#3943));
#3943 = ADVANCED_FACE('',(#3944),#3948,.T.);
#3944 = FACE_BOUND('',#3945,.T.);
#3945 = VERTEX_LOOP('',#3946);
#3946 = VERTEX_POINT('',#3947);
#3947 = CARTESIAN_POINT('',(9.184850993605E-18,-2.249639673993E-33,-0.15
    ));
#3948 = SPHERICAL_SURFACE('',#3949,0.15);
#3949 = AXIS2_PLACEMENT_3D('',#3950,#3951,#3952);
#3950 = CARTESIAN_POINT('',(0.,0.,0.));
#3951 = DIRECTION('',(0.,0.,1.));
#3952 = DIRECTION('',(1.,0.,-0.));
#3953 = ( GEOMETRIC_REPRESENTATION_CONTEXT(3) 
GLOBAL_UNCERTAINTY_ASSIGNED_CONTEXT((#3957)) 
GLOBAL_UNIT_ASSIGNED_CONTEXT((#3954,#3955,#3956)) REPRESENTATION_CONTEXT
('Context #1','3D Context with UNIT and UNCERTAINTY') );
#3954 = ( LENGTH_UNIT() NAMED_UNIT(*) SI_UNIT(.MILLI.,.METRE.) );
#3955 = ( NAMED_UNIT(*) PLANE_ANGLE_UNIT() SI_UNIT($,.RADIAN.) );
#3956 = ( NAMED_UNIT(*) SI_UNIT($,.STERADIAN.) SOLID_ANGLE_UNIT() );
#3957 = UNCERTAINTY_MEASURE_WITH_UNIT(LENGTH_MEASURE(1.E-07),#3954,
  'distance_accuracy_value','confusion accuracy');
#3958 = SHAPE_DEFINITION_REPRESENTATION(#3959,#3940);
#3959 = PRODUCT_DEFINITION_SHAPE('','',#3960);
#3960 = PRODUCT_DEFINITION('design','',#3961,#3964);
#3961 = PRODUCT_DEFINITION_FORMATION('','',#3962);
#3962 = PRODUCT('E20','E20','',(#3963));
#3963 = PRODUCT_CONTEXT('',#2,'mechanical');
#3964 = PRODUCT_DEFINITION_CONTEXT('part definition',#2,'design');
#3965 = CONTEXT_DEPENDENT_SHAPE_REPRESENTATION(#3966,#3968);
#3966 = ( REPRESENTATION_RELATIONSHIP('','',#3940,#10) 
REPRESENTATION_RELATIONSHIP_WITH_TRANSFORMATION(#3967) 
SHAPE_REPRESENTATION_RELATIONSHIP() );
#3967 = ITEM_DEFINED_TRANSFORMATION('','',#11,#355);
#3968 = PRODUCT_DEFINITION_SHAPE('Placement','Placement of an item',
  #3969);
#3969 = NEXT_ASSEMBLY_USAGE_OCCURRENCE('86','=>[0:1:1:87]','',#5,#3960,$
  );
#3970 = PRODUCT_RELATED_PRODUCT_CATEGORY('part',$,(#3962));
#3971 = ADVANCED_BREP_SHAPE_REPRESENTATION('',(#11,#3972),#3984);
#3972 = MANIFOLD_SOLID_BREP('',#3973);
#3973 = CLOSED_SHELL('',(#3974));
#3974 = ADVANCED_FACE('',(#3975),#3979,.T.);
#3975 = FACE_BOUND('',#3976,.T.);
#3976 = VERTEX_LOOP('',#3977);
#3977 = VERTEX_POINT('',#3978);
#3978 = CARTESIAN_POINT('',(9.184850993605E-18,-2.249639673993E-33,-0.15
    ));
#3979 = SPHERICAL_SURFACE('',#3980,0.15);
#3980 = AXIS2_PLACEMENT_3D('',#3981,#3982,#3983);
#3981 = CARTESIAN_POINT('',(0.,0.,0.));
#3982 = DIRECTION('',(0.,0.,1.));
#3983 = DIRECTION('',(1.,0.,-0.));
#3984 = ( GEOMETRIC_REPRESENTATION_CONTEXT(3) 
GLOBAL_UNCERTAINTY_ASSIGNED_CONTEXT((#3988)) 
GLOBAL_UNIT_ASSIGNED_CONTEXT((#3985,#3986,#3987)) REPRESENTATION_CONTEXT
('Context #1','3D Context with UNIT and UNCERTAINTY') );
#3985 = ( LENGTH_UNIT() NAMED_UNIT(*) SI_UNIT(.MILLI.,.METRE.) );
#3986 = ( NAMED_UNIT(*) PLANE_ANGLE_UNIT() SI_UNIT($,.RADIAN.) );
#3987 = ( NAMED_UNIT(*) SI_UNIT($,.STERADIAN.) SOLID_ANGLE_UNIT() );
#3988 = UNCERTAINTY_MEASURE_WITH_UNIT(LENGTH_MEASURE(1.E-07),#3985,
  'distance_accuracy_value','confusion accuracy');
#3989 = SHAPE_DEFINITION_REPRESENTATION(#3990,#3971);
#3990 = PRODUCT_DEFINITION_SHAPE('','',#3991);
#3991 = PRODUCT_DEFINITION('design','',#3992,#3995);
#3992 = PRODUCT_DEFINITION_FORMATION('','',#3993);
#3993 = PRODUCT('F1','F1','',(#3994));
#3994 = PRODUCT_CONTEXT('',#2,'mechanical');
#3995 = PRODUCT_DEFINITION_CONTEXT('part definition',#2,'design');
#3996 = CONTEXT_DEPENDENT_SHAPE_REPRESENTATION(#3997,#3999);
#3997 = ( REPRESENTATION_RELATIONSHIP('','',#3971,#10) 
REPRESENTATION_RELATIONSHIP_WITH_TRANSFORMATION(#3998) 
SHAPE_REPRESENTATION_RELATIONSHIP() );
#3998 = ITEM_DEFINED_TRANSFORMATION('','',#11,#359);
#3999 = PRODUCT_DEFINITION_SHAPE('Placement','Placement of an item',
  #4000);
#4000 = NEXT_ASSEMBLY_USAGE_OCCURRENCE('87','=>[0:1:1:88]','',#5,#3991,$
  );
#4001 = PRODUCT_RELATED_PRODUCT_CATEGORY('part',$,(#3993));
#4002 = ADVANCED_BREP_SHAPE_REPRESENTATION('',(#11,#4003),#4015);
#4003 = MANIFOLD_SOLID_BREP('',#4004);
#4004 = CLOSED_SHELL('',(#4005));
#4005 = ADVANCED_FACE('',(#4006),#4010,.T.);
#4006 = FACE_BOUND('',#4007,.T.);
#4007 = VERTEX_LOOP('',#4008);
#4008 = VERTEX_POINT('',#4009);
#4009 = CARTESIAN_POINT('',(9.184850993605E-18,-2.249639673993E-33,-0.15
    ));
#4010 = SPHERICAL_SURFACE('',#4011,0.15);
#4011 = AXIS2_PLACEMENT_3D('',#4012,#4013,#4014);
#4012 = CARTESIAN_POINT('',(0.,0.,0.));
#4013 = DIRECTION('',(0.,0.,1.));
#4014 = DIRECTION('',(1.,0.,-0.));
#4015 = ( GEOMETRIC_REPRESENTATION_CONTEXT(3) 
GLOBAL_UNCERTAINTY_ASSIGNED_CONTEXT((#4019)) 
GLOBAL_UNIT_ASSIGNED_CONTEXT((#4016,#4017,#4018)) REPRESENTATION_CONTEXT
('Context #1','3D Context with UNIT and UNCERTAINTY') );
#4016 = ( LENGTH_UNIT() NAMED_UNIT(*) SI_UNIT(.MILLI.,.METRE.) );
#4017 = ( NAMED_UNIT(*) PLANE_ANGLE_UNIT() SI_UNIT($,.RADIAN.) );
#4018 = ( NAMED_UNIT(*) SI_UNIT($,.STERADIAN.) SOLID_ANGLE_UNIT() );
#4019 = UNCERTAINTY_MEASURE_WITH_UNIT(LENGTH_MEASURE(1.E-07),#4016,
  'distance_accuracy_value','confusion accuracy');
#4020 = SHAPE_DEFINITION_REPRESENTATION(#4021,#4002);
#4021 = PRODUCT_DEFINITION_SHAPE('','',#4022);
#4022 = PRODUCT_DEFINITION('design','',#4023,#4026);
#4023 = PRODUCT_DEFINITION_FORMATION('','',#4024);
#4024 = PRODUCT('F2','F2','',(#4025));
#4025 = PRODUCT_CONTEXT('',#2,'mechanical');
#4026 = PRODUCT_DEFINITION_CONTEXT('part definition',#2,'design');
#4027 = CONTEXT_DEPENDENT_SHAPE_REPRESENTATION(#4028,#4030);
#4028 = ( REPRESENTATION_RELATIONSHIP('','',#4002,#10) 
REPRESENTATION_RELATIONSHIP_WITH_TRANSFORMATION(#4029) 
SHAPE_REPRESENTATION_RELATIONSHIP() );
#4029 = ITEM_DEFINED_TRANSFORMATION('','',#11,#363);
#4030 = PRODUCT_DEFINITION_SHAPE('Placement','Placement of an item',
  #4031);
#4031 = NEXT_ASSEMBLY_USAGE_OCCURRENCE('88','=>[0:1:1:89]','',#5,#4022,$
  );
#4032 = PRODUCT_RELATED_PRODUCT_CATEGORY('part',$,(#4024));
#4033 = ADVANCED_BREP_SHAPE_REPRESENTATION('',(#11,#4034),#4046);
#4034 = MANIFOLD_SOLID_BREP('',#4035);
#4035 = CLOSED_SHELL('',(#4036));
#4036 = ADVANCED_FACE('',(#4037),#4041,.T.);
#4037 = FACE_BOUND('',#4038,.T.);
#4038 = VERTEX_LOOP('',#4039);
#4039 = VERTEX_POINT('',#4040);
#4040 = CARTESIAN_POINT('',(9.184850993605E-18,-2.249639673993E-33,-0.15
    ));
#4041 = SPHERICAL_SURFACE('',#4042,0.15);
#4042 = AXIS2_PLACEMENT_3D('',#4043,#4044,#4045);
#4043 = CARTESIAN_POINT('',(0.,0.,0.));
#4044 = DIRECTION('',(0.,0.,1.));
#4045 = DIRECTION('',(1.,0.,-0.));
#4046 = ( GEOMETRIC_REPRESENTATION_CONTEXT(3) 
GLOBAL_UNCERTAINTY_ASSIGNED_CONTEXT((#4050)) 
GLOBAL_UNIT_ASSIGNED_CONTEXT((#4047,#4048,#4049)) REPRESENTATION_CONTEXT
('Context #1','3D Context with UNIT and UNCERTAINTY') );
#4047 = ( LENGTH_UNIT() NAMED_UNIT(*) SI_UNIT(.MILLI.,.METRE.) );
#4048 = ( NAMED_UNIT(*) PLANE_ANGLE_UNIT() SI_UNIT($,.RADIAN.) );
#4049 = ( NAMED_UNIT(*) SI_UNIT($,.STERADIAN.) SOLID_ANGLE_UNIT() );
#4050 = UNCERTAINTY_MEASURE_WITH_UNIT(LENGTH_MEASURE(1.E-07),#4047,
  'distance_accuracy_value','confusion accuracy');
#4051 = SHAPE_DEFINITION_REPRESENTATION(#4052,#4033);
#4052 = PRODUCT_DEFINITION_SHAPE('','',#4053);
#4053 = PRODUCT_DEFINITION('design','',#4054,#4057);
#4054 = PRODUCT_DEFINITION_FORMATION('','',#4055);
#4055 = PRODUCT('F3','F3','',(#4056));
#4056 = PRODUCT_CONTEXT('',#2,'mechanical');
#4057 = PRODUCT_DEFINITION_CONTEXT('part definition',#2,'design');
#4058 = CONTEXT_DEPENDENT_SHAPE_REPRESENTATION(#4059,#4061);
#4059 = ( REPRESENTATION_RELATIONSHIP('','',#4033,#10) 
REPRESENTATION_RELATIONSHIP_WITH_TRANSFORMATION(#4060) 
SHAPE_REPRESENTATION_RELATIONSHIP() );
#4060 = ITEM_DEFINED_TRANSFORMATION('','',#11,#367);
#4061 = PRODUCT_DEFINITION_SHAPE('Placement','Placement of an item',
  #4062);
#4062 = NEXT_ASSEMBLY_USAGE_OCCURRENCE('89','=>[0:1:1:90]','',#5,#4053,$
  );
#4063 = PRODUCT_RELATED_PRODUCT_CATEGORY('part',$,(#4055));
#4064 = ADVANCED_BREP_SHAPE_REPRESENTATION('',(#11,#4065),#4077);
#4065 = MANIFOLD_SOLID_BREP('',#4066);
#4066 = CLOSED_SHELL('',(#4067));
#4067 = ADVANCED_FACE('',(#4068),#4072,.T.);
#4068 = FACE_BOUND('',#4069,.T.);
#4069 = VERTEX_LOOP('',#4070);
#4070 = VERTEX_POINT('',#4071);
#4071 = CARTESIAN_POINT('',(9.184850993605E-18,-2.249639673993E-33,-0.15
    ));
#4072 = SPHERICAL_SURFACE('',#4073,0.15);
#4073 = AXIS2_PLACEMENT_3D('',#4074,#4075,#4076);
#4074 = CARTESIAN_POINT('',(0.,0.,0.));
#4075 = DIRECTION('',(0.,0.,1.));
#4076 = DIRECTION('',(1.,0.,-0.));
#4077 = ( GEOMETRIC_REPRESENTATION_CONTEXT(3) 
GLOBAL_UNCERTAINTY_ASSIGNED_CONTEXT((#4081)) 
GLOBAL_UNIT_ASSIGNED_CONTEXT((#4078,#4079,#4080)) REPRESENTATION_CONTEXT
('Context #1','3D Context with UNIT and UNCERTAINTY') );
#4078 = ( LENGTH_UNIT() NAMED_UNIT(*) SI_UNIT(.MILLI.,.METRE.) );
#4079 = ( NAMED_UNIT(*) PLANE_ANGLE_UNIT() SI_UNIT($,.RADIAN.) );
#4080 = ( NAMED_UNIT(*) SI_UNIT($,.STERADIAN.) SOLID_ANGLE_UNIT() );
#4081 = UNCERTAINTY_MEASURE_WITH_UNIT(LENGTH_MEASURE(1.E-07),#4078,
  'distance_accuracy_value','confusion accuracy');
#4082 = SHAPE_DEFINITION_REPRESENTATION(#4083,#4064);
#4083 = PRODUCT_DEFINITION_SHAPE('','',#4084);
#4084 = PRODUCT_DEFINITION('design','',#4085,#4088);
#4085 = PRODUCT_DEFINITION_FORMATION('','',#4086);
#4086 = PRODUCT('F4','F4','',(#4087));
#4087 = PRODUCT_CONTEXT('',#2,'mechanical');
#4088 = PRODUCT_DEFINITION_CONTEXT('part definition',#2,'design');
#4089 = CONTEXT_DEPENDENT_SHAPE_REPRESENTATION(#4090,#4092);
#4090 = ( REPRESENTATION_RELATIONSHIP('','',#4064,#10) 
REPRESENTATION_RELATIONSHIP_WITH_TRANSFORMATION(#4091) 
SHAPE_REPRESENTATION_RELATIONSHIP() );
#4091 = ITEM_DEFINED_TRANSFORMATION('','',#11,#371);
#4092 = PRODUCT_DEFINITION_SHAPE('Placement','Placement of an item',
  #4093);
#4093 = NEXT_ASSEMBLY_USAGE_OCCURRENCE('90','=>[0:1:1:91]','',#5,#4084,$
  );
#4094 = PRODUCT_RELATED_PRODUCT_CATEGORY('part',$,(#4086));
#4095 = ADVANCED_BREP_SHAPE_REPRESENTATION('',(#11,#4096),#4108);
#4096 = MANIFOLD_SOLID_BREP('',#4097);
#4097 = CLOSED_SHELL('',(#4098));
#4098 = ADVANCED_FACE('',(#4099),#4103,.T.);
#4099 = FACE_BOUND('',#4100,.T.);
#4100 = VERTEX_LOOP('',#4101);
#4101 = VERTEX_POINT('',#4102);
#4102 = CARTESIAN_POINT('',(9.184850993605E-18,-2.249639673993E-33,-0.15
    ));
#4103 = SPHERICAL_SURFACE('',#4104,0.15);
#4104 = AXIS2_PLACEMENT_3D('',#4105,#4106,#4107);
#4105 = CARTESIAN_POINT('',(0.,0.,0.));
#4106 = DIRECTION('',(0.,0.,1.));
#4107 = DIRECTION('',(1.,0.,-0.));
#4108 = ( GEOMETRIC_REPRESENTATION_CONTEXT(3) 
GLOBAL_UNCERTAINTY_ASSIGNED_CONTEXT((#4112)) 
GLOBAL_UNIT_ASSIGNED_CONTEXT((#4109,#4110,#4111)) REPRESENTATION_CONTEXT
('Context #1','3D Context with UNIT and UNCERTAINTY') );
#4109 = ( LENGTH_UNIT() NAMED_UNIT(*) SI_UNIT(.MILLI.,.METRE.) );
#4110 = ( NAMED_UNIT(*) PLANE_ANGLE_UNIT() SI_UNIT($,.RADIAN.) );
#4111 = ( NAMED_UNIT(*) SI_UNIT($,.STERADIAN.) SOLID_ANGLE_UNIT() );
#4112 = UNCERTAINTY_MEASURE_WITH_UNIT(LENGTH_MEASURE(1.E-07),#4109,
  'distance_accuracy_value','confusion accuracy');
#4113 = SHAPE_DEFINITION_REPRESENTATION(#4114,#4095);
#4114 = PRODUCT_DEFINITION_SHAPE('','',#4115);
#4115 = PRODUCT_DEFINITION('design','',#4116,#4119);
#4116 = PRODUCT_DEFINITION_FORMATION('','',#4117);
#4117 = PRODUCT('F5','F5','',(#4118));
#4118 = PRODUCT_CONTEXT('',#2,'mechanical');
#4119 = PRODUCT_DEFINITION_CONTEXT('part definition',#2,'design');
#4120 = CONTEXT_DEPENDENT_SHAPE_REPRESENTATION(#4121,#4123);
#4121 = ( REPRESENTATION_RELATIONSHIP('','',#4095,#10) 
REPRESENTATION_RELATIONSHIP_WITH_TRANSFORMATION(#4122) 
SHAPE_REPRESENTATION_RELATIONSHIP() );
#4122 = ITEM_DEFINED_TRANSFORMATION('','',#11,#375);
#4123 = PRODUCT_DEFINITION_SHAPE('Placement','Placement of an item',
  #4124);
#4124 = NEXT_ASSEMBLY_USAGE_OCCURRENCE('91','=>[0:1:1:92]','',#5,#4115,$
  );
#4125 = PRODUCT_RELATED_PRODUCT_CATEGORY('part',$,(#4117));
#4126 = ADVANCED_BREP_SHAPE_REPRESENTATION('',(#11,#4127),#4139);
#4127 = MANIFOLD_SOLID_BREP('',#4128);
#4128 = CLOSED_SHELL('',(#4129));
#4129 = ADVANCED_FACE('',(#4130),#4134,.T.);
#4130 = FACE_BOUND('',#4131,.T.);
#4131 = VERTEX_LOOP('',#4132);
#4132 = VERTEX_POINT('',#4133);
#4133 = CARTESIAN_POINT('',(9.184850993605E-18,-2.249639673993E-33,-0.15
    ));
#4134 = SPHERICAL_SURFACE('',#4135,0.15);
#4135 = AXIS2_PLACEMENT_3D('',#4136,#4137,#4138);
#4136 = CARTESIAN_POINT('',(0.,0.,0.));
#4137 = DIRECTION('',(0.,0.,1.));
#4138 = DIRECTION('',(1.,0.,-0.));
#4139 = ( GEOMETRIC_REPRESENTATION_CONTEXT(3) 
GLOBAL_UNCERTAINTY_ASSIGNED_CONTEXT((#4143)) 
GLOBAL_UNIT_ASSIGNED_CONTEXT((#4140,#4141,#4142)) REPRESENTATION_CONTEXT
('Context #1','3D Context with UNIT and UNCERTAINTY') );
#4140 = ( LENGTH_UNIT() NAMED_UNIT(*) SI_UNIT(.MILLI.,.METRE.) );
#4141 = ( NAMED_UNIT(*) PLANE_ANGLE_UNIT() SI_UNIT($,.RADIAN.) );
#4142 = ( NAMED_UNIT(*) SI_UNIT($,.STERADIAN.) SOLID_ANGLE_UNIT() );
#4143 = UNCERTAINTY_MEASURE_WITH_UNIT(LENGTH_MEASURE(1.E-07),#4140,
  'distance_accuracy_value','confusion accuracy');
#4144 = SHAPE_DEFINITION_REPRESENTATION(#4145,#4126);
#4145 = PRODUCT_DEFINITION_SHAPE('','',#4146);
#4146 = PRODUCT_DEFINITION('design','',#4147,#4150);
#4147 = PRODUCT_DEFINITION_FORMATION('','',#4148);
#4148 = PRODUCT('F17','F17','',(#4149));
#4149 = PRODUCT_CONTEXT('',#2,'mechanical');
#4150 = PRODUCT_DEFINITION_CONTEXT('part definition',#2,'design');
#4151 = CONTEXT_DEPENDENT_SHAPE_REPRESENTATION(#4152,#4154);
#4152 = ( REPRESENTATION_RELATIONSHIP('','',#4126,#10) 
REPRESENTATION_RELATIONSHIP_WITH_TRANSFORMATION(#4153) 
SHAPE_REPRESENTATION_RELATIONSHIP() );
#4153 = ITEM_DEFINED_TRANSFORMATION('','',#11,#379);
#4154 = PRODUCT_DEFINITION_SHAPE('Placement','Placement of an item',
  #4155);
#4155 = NEXT_ASSEMBLY_USAGE_OCCURRENCE('92','=>[0:1:1:93]','',#5,#4146,$
  );
#4156 = PRODUCT_RELATED_PRODUCT_CATEGORY('part',$,(#4148));
#4157 = ADVANCED_BREP_SHAPE_REPRESENTATION('',(#11,#4158),#4170);
#4158 = MANIFOLD_SOLID_BREP('',#4159);
#4159 = CLOSED_SHELL('',(#4160));
#4160 = ADVANCED_FACE('',(#4161),#4165,.T.);
#4161 = FACE_BOUND('',#4162,.T.);
#4162 = VERTEX_LOOP('',#4163);
#4163 = VERTEX_POINT('',#4164);
#4164 = CARTESIAN_POINT('',(9.184850993605E-18,-2.249639673993E-33,-0.15
    ));
#4165 = SPHERICAL_SURFACE('',#4166,0.15);
#4166 = AXIS2_PLACEMENT_3D('',#4167,#4168,#4169);
#4167 = CARTESIAN_POINT('',(0.,0.,0.));
#4168 = DIRECTION('',(0.,0.,1.));
#4169 = DIRECTION('',(1.,0.,-0.));
#4170 = ( GEOMETRIC_REPRESENTATION_CONTEXT(3) 
GLOBAL_UNCERTAINTY_ASSIGNED_CONTEXT((#4174)) 
GLOBAL_UNIT_ASSIGNED_CONTEXT((#4171,#4172,#4173)) REPRESENTATION_CONTEXT
('Context #1','3D Context with UNIT and UNCERTAINTY') );
#4171 = ( LENGTH_UNIT() NAMED_UNIT(*) SI_UNIT(.MILLI.,.METRE.) );
#4172 = ( NAMED_UNIT(*) PLANE_ANGLE_UNIT() SI_UNIT($,.RADIAN.) );
#4173 = ( NAMED_UNIT(*) SI_UNIT($,.STERADIAN.) SOLID_ANGLE_UNIT() );
#4174 = UNCERTAINTY_MEASURE_WITH_UNIT(LENGTH_MEASURE(1.E-07),#4171,
  'distance_accuracy_value','confusion accuracy');
#4175 = SHAPE_DEFINITION_REPRESENTATION(#4176,#4157);
#4176 = PRODUCT_DEFINITION_SHAPE('','',#4177);
#4177 = PRODUCT_DEFINITION('design','',#4178,#4181);
#4178 = PRODUCT_DEFINITION_FORMATION('','',#4179);
#4179 = PRODUCT('F18','F18','',(#4180));
#4180 = PRODUCT_CONTEXT('',#2,'mechanical');
#4181 = PRODUCT_DEFINITION_CONTEXT('part definition',#2,'design');
#4182 = CONTEXT_DEPENDENT_SHAPE_REPRESENTATION(#4183,#4185);
#4183 = ( REPRESENTATION_RELATIONSHIP('','',#4157,#10) 
REPRESENTATION_RELATIONSHIP_WITH_TRANSFORMATION(#4184) 
SHAPE_REPRESENTATION_RELATIONSHIP() );
#4184 = ITEM_DEFINED_TRANSFORMATION('','',#11,#383);
#4185 = PRODUCT_DEFINITION_SHAPE('Placement','Placement of an item',
  #4186);
#4186 = NEXT_ASSEMBLY_USAGE_OCCURRENCE('93','=>[0:1:1:94]','',#5,#4177,$
  );
#4187 = PRODUCT_RELATED_PRODUCT_CATEGORY('part',$,(#4179));
#4188 = ADVANCED_BREP_SHAPE_REPRESENTATION('',(#11,#4189),#4201);
#4189 = MANIFOLD_SOLID_BREP('',#4190);
#4190 = CLOSED_SHELL('',(#4191));
#4191 = ADVANCED_FACE('',(#4192),#4196,.T.);
#4192 = FACE_BOUND('',#4193,.T.);
#4193 = VERTEX_LOOP('',#4194);
#4194 = VERTEX_POINT('',#4195);
#4195 = CARTESIAN_POINT('',(9.184850993605E-18,-2.249639673993E-33,-0.15
    ));
#4196 = SPHERICAL_SURFACE('',#4197,0.15);
#4197 = AXIS2_PLACEMENT_3D('',#4198,#4199,#4200);
#4198 = CARTESIAN_POINT('',(0.,0.,0.));
#4199 = DIRECTION('',(0.,0.,1.));
#4200 = DIRECTION('',(1.,0.,-0.));
#4201 = ( GEOMETRIC_REPRESENTATION_CONTEXT(3) 
GLOBAL_UNCERTAINTY_ASSIGNED_CONTEXT((#4205)) 
GLOBAL_UNIT_ASSIGNED_CONTEXT((#4202,#4203,#4204)) REPRESENTATION_CONTEXT
('Context #1','3D Context with UNIT and UNCERTAINTY') );
#4202 = ( LENGTH_UNIT() NAMED_UNIT(*) SI_UNIT(.MILLI.,.METRE.) );
#4203 = ( NAMED_UNIT(*) PLANE_ANGLE_UNIT() SI_UNIT($,.RADIAN.) );
#4204 = ( NAMED_UNIT(*) SI_UNIT($,.STERADIAN.) SOLID_ANGLE_UNIT() );
#4205 = UNCERTAINTY_MEASURE_WITH_UNIT(LENGTH_MEASURE(1.E-07),#4202,
  'distance_accuracy_value','confusion accuracy');
#4206 = SHAPE_DEFINITION_REPRESENTATION(#4207,#4188);
#4207 = PRODUCT_DEFINITION_SHAPE('','',#4208);
#4208 = PRODUCT_DEFINITION('design','',#4209,#4212);
#4209 = PRODUCT_DEFINITION_FORMATION('','',#4210);
#4210 = PRODUCT('F19','F19','',(#4211));
#4211 = PRODUCT_CONTEXT('',#2,'mechanical');
#4212 = PRODUCT_DEFINITION_CONTEXT('part definition',#2,'design');
#4213 = CONTEXT_DEPENDENT_SHAPE_REPRESENTATION(#4214,#4216);
#4214 = ( REPRESENTATION_RELATIONSHIP('','',#4188,#10) 
REPRESENTATION_RELATIONSHIP_WITH_TRANSFORMATION(#4215) 
SHAPE_REPRESENTATION_RELATIONSHIP() );
#4215 = ITEM_DEFINED_TRANSFORMATION('','',#11,#387);
#4216 = PRODUCT_DEFINITION_SHAPE('Placement','Placement of an item',
  #4217);
#4217 = NEXT_ASSEMBLY_USAGE_OCCURRENCE('94','=>[0:1:1:95]','',#5,#4208,$
  );
#4218 = PRODUCT_RELATED_PRODUCT_CATEGORY('part',$,(#4210));
#4219 = ADVANCED_BREP_SHAPE_REPRESENTATION('',(#11,#4220),#4232);
#4220 = MANIFOLD_SOLID_BREP('',#4221);
#4221 = CLOSED_SHELL('',(#4222));
#4222 = ADVANCED_FACE('',(#4223),#4227,.T.);
#4223 = FACE_BOUND('',#4224,.T.);
#4224 = VERTEX_LOOP('',#4225);
#4225 = VERTEX_POINT('',#4226);
#4226 = CARTESIAN_POINT('',(9.184850993605E-18,-2.249639673993E-33,-0.15
    ));
#4227 = SPHERICAL_SURFACE('',#4228,0.15);
#4228 = AXIS2_PLACEMENT_3D('',#4229,#4230,#4231);
#4229 = CARTESIAN_POINT('',(0.,0.,0.));
#4230 = DIRECTION('',(0.,0.,1.));
#4231 = DIRECTION('',(1.,0.,-0.));
#4232 = ( GEOMETRIC_REPRESENTATION_CONTEXT(3) 
GLOBAL_UNCERTAINTY_ASSIGNED_CONTEXT((#4236)) 
GLOBAL_UNIT_ASSIGNED_CONTEXT((#4233,#4234,#4235)) REPRESENTATION_CONTEXT
('Context #1','3D Context with UNIT and UNCERTAINTY') );
#4233 = ( LENGTH_UNIT() NAMED_UNIT(*) SI_UNIT(.MILLI.,.METRE.) );
#4234 = ( NAMED_UNIT(*) PLANE_ANGLE_UNIT() SI_UNIT($,.RADIAN.) );
#4235 = ( NAMED_UNIT(*) SI_UNIT($,.STERADIAN.) SOLID_ANGLE_UNIT() );
#4236 = UNCERTAINTY_MEASURE_WITH_UNIT(LENGTH_MEASURE(1.E-07),#4233,
  'distance_accuracy_value','confusion accuracy');
#4237 = SHAPE_DEFINITION_REPRESENTATION(#4238,#4219);
#4238 = PRODUCT_DEFINITION_SHAPE('','',#4239);
#4239 = PRODUCT_DEFINITION('design','',#4240,#4243);
#4240 = PRODUCT_DEFINITION_FORMATION('','',#4241);
#4241 = PRODUCT('F20','F20','',(#4242));
#4242 = PRODUCT_CONTEXT('',#2,'mechanical');
#4243 = PRODUCT_DEFINITION_CONTEXT('part definition',#2,'design');
#4244 = CONTEXT_DEPENDENT_SHAPE_REPRESENTATION(#4245,#4247);
#4245 = ( REPRESENTATION_RELATIONSHIP('','',#4219,#10) 
REPRESENTATION_RELATIONSHIP_WITH_TRANSFORMATION(#4246) 
SHAPE_REPRESENTATION_RELATIONSHIP() );
#4246 = ITEM_DEFINED_TRANSFORMATION('','',#11,#391);
#4247 = PRODUCT_DEFINITION_SHAPE('Placement','Placement of an item',
  #4248);
#4248 = NEXT_ASSEMBLY_USAGE_OCCURRENCE('95','=>[0:1:1:96]','',#5,#4239,$
  );
#4249 = PRODUCT_RELATED_PRODUCT_CATEGORY('part',$,(#4241));
#4250 = ADVANCED_BREP_SHAPE_REPRESENTATION('',(#11,#4251),#4263);
#4251 = MANIFOLD_SOLID_BREP('',#4252);
#4252 = CLOSED_SHELL('',(#4253));
#4253 = ADVANCED_FACE('',(#4254),#4258,.T.);
#4254 = FACE_BOUND('',#4255,.T.);
#4255 = VERTEX_LOOP('',#4256);
#4256 = VERTEX_POINT('',#4257);
#4257 = CARTESIAN_POINT('',(9.184850993605E-18,-2.249639673993E-33,-0.15
    ));
#4258 = SPHERICAL_SURFACE('',#4259,0.15);
#4259 = AXIS2_PLACEMENT_3D('',#4260,#4261,#4262);
#4260 = CARTESIAN_POINT('',(0.,0.,0.));
#4261 = DIRECTION('',(0.,0.,1.));
#4262 = DIRECTION('',(1.,0.,-0.));
#4263 = ( GEOMETRIC_REPRESENTATION_CONTEXT(3) 
GLOBAL_UNCERTAINTY_ASSIGNED_CONTEXT((#4267)) 
GLOBAL_UNIT_ASSIGNED_CONTEXT((#4264,#4265,#4266)) REPRESENTATION_CONTEXT
('Context #1','3D Context with UNIT and UNCERTAINTY') );
#4264 = ( LENGTH_UNIT() NAMED_UNIT(*) SI_UNIT(.MILLI.,.METRE.) );
#4265 = ( NAMED_UNIT(*) PLANE_ANGLE_UNIT() SI_UNIT($,.RADIAN.) );
#4266 = ( NAMED_UNIT(*) SI_UNIT($,.STERADIAN.) SOLID_ANGLE_UNIT() );
#4267 = UNCERTAINTY_MEASURE_WITH_UNIT(LENGTH_MEASURE(1.E-07),#4264,
  'distance_accuracy_value','confusion accuracy');
#4268 = SHAPE_DEFINITION_REPRESENTATION(#4269,#4250);
#4269 = PRODUCT_DEFINITION_SHAPE('','',#4270);
#4270 = PRODUCT_DEFINITION('design','',#4271,#4274);
#4271 = PRODUCT_DEFINITION_FORMATION('','',#4272);
#4272 = PRODUCT('F21','F21','',(#4273));
#4273 = PRODUCT_CONTEXT('',#2,'mechanical');
#4274 = PRODUCT_DEFINITION_CONTEXT('part definition',#2,'design');
#4275 = CONTEXT_DEPENDENT_SHAPE_REPRESENTATION(#4276,#4278);
#4276 = ( REPRESENTATION_RELATIONSHIP('','',#4250,#10) 
REPRESENTATION_RELATIONSHIP_WITH_TRANSFORMATION(#4277) 
SHAPE_REPRESENTATION_RELATIONSHIP() );
#4277 = ITEM_DEFINED_TRANSFORMATION('','',#11,#395);
#4278 = PRODUCT_DEFINITION_SHAPE('Placement','Placement of an item',
  #4279);
#4279 = NEXT_ASSEMBLY_USAGE_OCCURRENCE('96','=>[0:1:1:97]','',#5,#4270,$
  );
#4280 = PRODUCT_RELATED_PRODUCT_CATEGORY('part',$,(#4272));
#4281 = ADVANCED_BREP_SHAPE_REPRESENTATION('',(#11,#4282),#4294);
#4282 = MANIFOLD_SOLID_BREP('',#4283);
#4283 = CLOSED_SHELL('',(#4284));
#4284 = ADVANCED_FACE('',(#4285),#4289,.T.);
#4285 = FACE_BOUND('',#4286,.T.);
#4286 = VERTEX_LOOP('',#4287);
#4287 = VERTEX_POINT('',#4288);
#4288 = CARTESIAN_POINT('',(9.184850993605E-18,-2.249639673993E-33,-0.15
    ));
#4289 = SPHERICAL_SURFACE('',#4290,0.15);
#4290 = AXIS2_PLACEMENT_3D('',#4291,#4292,#4293);
#4291 = CARTESIAN_POINT('',(0.,0.,0.));
#4292 = DIRECTION('',(0.,0.,1.));
#4293 = DIRECTION('',(1.,0.,-0.));
#4294 = ( GEOMETRIC_REPRESENTATION_CONTEXT(3) 
GLOBAL_UNCERTAINTY_ASSIGNED_CONTEXT((#4298)) 
GLOBAL_UNIT_ASSIGNED_CONTEXT((#4295,#4296,#4297)) REPRESENTATION_CONTEXT
('Context #1','3D Context with UNIT and UNCERTAINTY') );
#4295 = ( LENGTH_UNIT() NAMED_UNIT(*) SI_UNIT(.MILLI.,.METRE.) );
#4296 = ( NAMED_UNIT(*) PLANE_ANGLE_UNIT() SI_UNIT($,.RADIAN.) );
#4297 = ( NAMED_UNIT(*) SI_UNIT($,.STERADIAN.) SOLID_ANGLE_UNIT() );
#4298 = UNCERTAINTY_MEASURE_WITH_UNIT(LENGTH_MEASURE(1.E-07),#4295,
  'distance_accuracy_value','confusion accuracy');
#4299 = SHAPE_DEFINITION_REPRESENTATION(#4300,#4281);
#4300 = PRODUCT_DEFINITION_SHAPE('','',#4301);
#4301 = PRODUCT_DEFINITION('design','',#4302,#4305);
#4302 = PRODUCT_DEFINITION_FORMATION('','',#4303);
#4303 = PRODUCT('G1','G1','',(#4304));
#4304 = PRODUCT_CONTEXT('',#2,'mechanical');
#4305 = PRODUCT_DEFINITION_CONTEXT('part definition',#2,'design');
#4306 = CONTEXT_DEPENDENT_SHAPE_REPRESENTATION(#4307,#4309);
#4307 = ( REPRESENTATION_RELATIONSHIP('','',#4281,#10) 
REPRESENTATION_RELATIONSHIP_WITH_TRANSFORMATION(#4308) 
SHAPE_REPRESENTATION_RELATIONSHIP() );
#4308 = ITEM_DEFINED_TRANSFORMATION('','',#11,#399);
#4309 = PRODUCT_DEFINITION_SHAPE('Placement','Placement of an item',
  #4310);
#4310 = NEXT_ASSEMBLY_USAGE_OCCURRENCE('97','=>[0:1:1:98]','',#5,#4301,$
  );
#4311 = PRODUCT_RELATED_PRODUCT_CATEGORY('part',$,(#4303));
#4312 = ADVANCED_BREP_SHAPE_REPRESENTATION('',(#11,#4313),#4325);
#4313 = MANIFOLD_SOLID_BREP('',#4314);
#4314 = CLOSED_SHELL('',(#4315));
#4315 = ADVANCED_FACE('',(#4316),#4320,.T.);
#4316 = FACE_BOUND('',#4317,.T.);
#4317 = VERTEX_LOOP('',#4318);
#4318 = VERTEX_POINT('',#4319);
#4319 = CARTESIAN_POINT('',(9.184850993605E-18,-2.249639673993E-33,-0.15
    ));
#4320 = SPHERICAL_SURFACE('',#4321,0.15);
#4321 = AXIS2_PLACEMENT_3D('',#4322,#4323,#4324);
#4322 = CARTESIAN_POINT('',(0.,0.,0.));
#4323 = DIRECTION('',(0.,0.,1.));
#4324 = DIRECTION('',(1.,0.,-0.));
#4325 = ( GEOMETRIC_REPRESENTATION_CONTEXT(3) 
GLOBAL_UNCERTAINTY_ASSIGNED_CONTEXT((#4329)) 
GLOBAL_UNIT_ASSIGNED_CONTEXT((#4326,#4327,#4328)) REPRESENTATION_CONTEXT
('Context #1','3D Context with UNIT and UNCERTAINTY') );
#4326 = ( LENGTH_UNIT() NAMED_UNIT(*) SI_UNIT(.MILLI.,.METRE.) );
#4327 = ( NAMED_UNIT(*) PLANE_ANGLE_UNIT() SI_UNIT($,.RADIAN.) );
#4328 = ( NAMED_UNIT(*) SI_UNIT($,.STERADIAN.) SOLID_ANGLE_UNIT() );
#4329 = UNCERTAINTY_MEASURE_WITH_UNIT(LENGTH_MEASURE(1.E-07),#4326,
  'distance_accuracy_value','confusion accuracy');
#4330 = SHAPE_DEFINITION_REPRESENTATION(#4331,#4312);
#4331 = PRODUCT_DEFINITION_SHAPE('','',#4332);
#4332 = PRODUCT_DEFINITION('design','',#4333,#4336);
#4333 = PRODUCT_DEFINITION_FORMATION('','',#4334);
#4334 = PRODUCT('G2','G2','',(#4335));
#4335 = PRODUCT_CONTEXT('',#2,'mechanical');
#4336 = PRODUCT_DEFINITION_CONTEXT('part definition',#2,'design');
#4337 = CONTEXT_DEPENDENT_SHAPE_REPRESENTATION(#4338,#4340);
#4338 = ( REPRESENTATION_RELATIONSHIP('','',#4312,#10) 
REPRESENTATION_RELATIONSHIP_WITH_TRANSFORMATION(#4339) 
SHAPE_REPRESENTATION_RELATIONSHIP() );
#4339 = ITEM_DEFINED_TRANSFORMATION('','',#11,#403);
#4340 = PRODUCT_DEFINITION_SHAPE('Placement','Placement of an item',
  #4341);
#4341 = NEXT_ASSEMBLY_USAGE_OCCURRENCE('98','=>[0:1:1:99]','',#5,#4332,$
  );
#4342 = PRODUCT_RELATED_PRODUCT_CATEGORY('part',$,(#4334));
#4343 = ADVANCED_BREP_SHAPE_REPRESENTATION('',(#11,#4344),#4356);
#4344 = MANIFOLD_SOLID_BREP('',#4345);
#4345 = CLOSED_SHELL('',(#4346));
#4346 = ADVANCED_FACE('',(#4347),#4351,.T.);
#4347 = FACE_BOUND('',#4348,.T.);
#4348 = VERTEX_LOOP('',#4349);
#4349 = VERTEX_POINT('',#4350);
#4350 = CARTESIAN_POINT('',(9.184850993605E-18,-2.249639673993E-33,-0.15
    ));
#4351 = SPHERICAL_SURFACE('',#4352,0.15);
#4352 = AXIS2_PLACEMENT_3D('',#4353,#4354,#4355);
#4353 = CARTESIAN_POINT('',(0.,0.,0.));
#4354 = DIRECTION('',(0.,0.,1.));
#4355 = DIRECTION('',(1.,0.,-0.));
#4356 = ( GEOMETRIC_REPRESENTATION_CONTEXT(3) 
GLOBAL_UNCERTAINTY_ASSIGNED_CONTEXT((#4360)) 
GLOBAL_UNIT_ASSIGNED_CONTEXT((#4357,#4358,#4359)) REPRESENTATION_CONTEXT
('Context #1','3D Context with UNIT and UNCERTAINTY') );
#4357 = ( LENGTH_UNIT() NAMED_UNIT(*) SI_UNIT(.MILLI.,.METRE.) );
#4358 = ( NAMED_UNIT(*) PLANE_ANGLE_UNIT() SI_UNIT($,.RADIAN.) );
#4359 = ( NAMED_UNIT(*) SI_UNIT($,.STERADIAN.) SOLID_ANGLE_UNIT() );
#4360 = UNCERTAINTY_MEASURE_WITH_UNIT(LENGTH_MEASURE(1.E-07),#4357,
  'distance_accuracy_value','confusion accuracy');
#4361 = SHAPE_DEFINITION_REPRESENTATION(#4362,#4343);
#4362 = PRODUCT_DEFINITION_SHAPE('','',#4363);
#4363 = PRODUCT_DEFINITION('design','',#4364,#4367);
#4364 = PRODUCT_DEFINITION_FORMATION('','',#4365);
#4365 = PRODUCT('G3','G3','',(#4366));
#4366 = PRODUCT_CONTEXT('',#2,'mechanical');
#4367 = PRODUCT_DEFINITION_CONTEXT('part definition',#2,'design');
#4368 = CONTEXT_DEPENDENT_SHAPE_REPRESENTATION(#4369,#4371);
#4369 = ( REPRESENTATION_RELATIONSHIP('','',#4343,#10) 
REPRESENTATION_RELATIONSHIP_WITH_TRANSFORMATION(#4370) 
SHAPE_REPRESENTATION_RELATIONSHIP() );
#4370 = ITEM_DEFINED_TRANSFORMATION('','',#11,#407);
#4371 = PRODUCT_DEFINITION_SHAPE('Placement','Placement of an item',
  #4372);
#4372 = NEXT_ASSEMBLY_USAGE_OCCURRENCE('99','=>[0:1:1:100]','',#5,#4363,
  $);
#4373 = PRODUCT_RELATED_PRODUCT_CATEGORY('part',$,(#4365));
#4374 = ADVANCED_BREP_SHAPE_REPRESENTATION('',(#11,#4375),#4387);
#4375 = MANIFOLD_SOLID_BREP('',#4376);
#4376 = CLOSED_SHELL('',(#4377));
#4377 = ADVANCED_FACE('',(#4378),#4382,.T.);
#4378 = FACE_BOUND('',#4379,.T.);
#4379 = VERTEX_LOOP('',#4380);
#4380 = VERTEX_POINT('',#4381);
#4381 = CARTESIAN_POINT('',(9.184850993605E-18,-2.249639673993E-33,-0.15
    ));
#4382 = SPHERICAL_SURFACE('',#4383,0.15);
#4383 = AXIS2_PLACEMENT_3D('',#4384,#4385,#4386);
#4384 = CARTESIAN_POINT('',(0.,0.,0.));
#4385 = DIRECTION('',(0.,0.,1.));
#4386 = DIRECTION('',(1.,0.,-0.));
#4387 = ( GEOMETRIC_REPRESENTATION_CONTEXT(3) 
GLOBAL_UNCERTAINTY_ASSIGNED_CONTEXT((#4391)) 
GLOBAL_UNIT_ASSIGNED_CONTEXT((#4388,#4389,#4390)) REPRESENTATION_CONTEXT
('Context #1','3D Context with UNIT and UNCERTAINTY') );
#4388 = ( LENGTH_UNIT() NAMED_UNIT(*) SI_UNIT(.MILLI.,.METRE.) );
#4389 = ( NAMED_UNIT(*) PLANE_ANGLE_UNIT() SI_UNIT($,.RADIAN.) );
#4390 = ( NAMED_UNIT(*) SI_UNIT($,.STERADIAN.) SOLID_ANGLE_UNIT() );
#4391 = UNCERTAINTY_MEASURE_WITH_UNIT(LENGTH_MEASURE(1.E-07),#4388,
  'distance_accuracy_value','confusion accuracy');
#4392 = SHAPE_DEFINITION_REPRESENTATION(#4393,#4374);
#4393 = PRODUCT_DEFINITION_SHAPE('','',#4394);
#4394 = PRODUCT_DEFINITION('design','',#4395,#4398);
#4395 = PRODUCT_DEFINITION_FORMATION('','',#4396);
#4396 = PRODUCT('G5','G5','',(#4397));
#4397 = PRODUCT_CONTEXT('',#2,'mechanical');
#4398 = PRODUCT_DEFINITION_CONTEXT('part definition',#2,'design');
#4399 = CONTEXT_DEPENDENT_SHAPE_REPRESENTATION(#4400,#4402);
#4400 = ( REPRESENTATION_RELATIONSHIP('','',#4374,#10) 
REPRESENTATION_RELATIONSHIP_WITH_TRANSFORMATION(#4401) 
SHAPE_REPRESENTATION_RELATIONSHIP() );
#4401 = ITEM_DEFINED_TRANSFORMATION('','',#11,#411);
#4402 = PRODUCT_DEFINITION_SHAPE('Placement','Placement of an item',
  #4403);
#4403 = NEXT_ASSEMBLY_USAGE_OCCURRENCE('100','=>[0:1:1:101]','',#5,#4394
  ,$);
#4404 = PRODUCT_RELATED_PRODUCT_CATEGORY('part',$,(#4396));
#4405 = ADVANCED_BREP_SHAPE_REPRESENTATION('',(#11,#4406),#4418);
#4406 = MANIFOLD_SOLID_BREP('',#4407);
#4407 = CLOSED_SHELL('',(#4408));
#4408 = ADVANCED_FACE('',(#4409),#4413,.T.);
#4409 = FACE_BOUND('',#4410,.T.);
#4410 = VERTEX_LOOP('',#4411);
#4411 = VERTEX_POINT('',#4412);
#4412 = CARTESIAN_POINT('',(9.184850993605E-18,-2.249639673993E-33,-0.15
    ));
#4413 = SPHERICAL_SURFACE('',#4414,0.15);
#4414 = AXIS2_PLACEMENT_3D('',#4415,#4416,#4417);
#4415 = CARTESIAN_POINT('',(0.,0.,0.));
#4416 = DIRECTION('',(0.,0.,1.));
#4417 = DIRECTION('',(1.,0.,-0.));
#4418 = ( GEOMETRIC_REPRESENTATION_CONTEXT(3) 
GLOBAL_UNCERTAINTY_ASSIGNED_CONTEXT((#4422)) 
GLOBAL_UNIT_ASSIGNED_CONTEXT((#4419,#4420,#4421)) REPRESENTATION_CONTEXT
('Context #1','3D Context with UNIT and UNCERTAINTY') );
#4419 = ( LENGTH_UNIT() NAMED_UNIT(*) SI_UNIT(.MILLI.,.METRE.) );
#4420 = ( NAMED_UNIT(*) PLANE_ANGLE_UNIT() SI_UNIT($,.RADIAN.) );
#4421 = ( NAMED_UNIT(*) SI_UNIT($,.STERADIAN.) SOLID_ANGLE_UNIT() );
#4422 = UNCERTAINTY_MEASURE_WITH_UNIT(LENGTH_MEASURE(1.E-07),#4419,
  'distance_accuracy_value','confusion accuracy');
#4423 = SHAPE_DEFINITION_REPRESENTATION(#4424,#4405);
#4424 = PRODUCT_DEFINITION_SHAPE('','',#4425);
#4425 = PRODUCT_DEFINITION('design','',#4426,#4429);
#4426 = PRODUCT_DEFINITION_FORMATION('','',#4427);
#4427 = PRODUCT('G7','G7','',(#4428));
#4428 = PRODUCT_CONTEXT('',#2,'mechanical');
#4429 = PRODUCT_DEFINITION_CONTEXT('part definition',#2,'design');
#4430 = CONTEXT_DEPENDENT_SHAPE_REPRESENTATION(#4431,#4433);
#4431 = ( REPRESENTATION_RELATIONSHIP('','',#4405,#10) 
REPRESENTATION_RELATIONSHIP_WITH_TRANSFORMATION(#4432) 
SHAPE_REPRESENTATION_RELATIONSHIP() );
#4432 = ITEM_DEFINED_TRANSFORMATION('','',#11,#415);
#4433 = PRODUCT_DEFINITION_SHAPE('Placement','Placement of an item',
  #4434);
#4434 = NEXT_ASSEMBLY_USAGE_OCCURRENCE('101','=>[0:1:1:102]','',#5,#4425
  ,$);
#4435 = PRODUCT_RELATED_PRODUCT_CATEGORY('part',$,(#4427));
#4436 = ADVANCED_BREP_SHAPE_REPRESENTATION('',(#11,#4437),#4449);
#4437 = MANIFOLD_SOLID_BREP('',#4438);
#4438 = CLOSED_SHELL('',(#4439));
#4439 = ADVANCED_FACE('',(#4440),#4444,.T.);
#4440 = FACE_BOUND('',#4441,.T.);
#4441 = VERTEX_LOOP('',#4442);
#4442 = VERTEX_POINT('',#4443);
#4443 = CARTESIAN_POINT('',(9.184850993605E-18,-2.249639673993E-33,-0.15
    ));
#4444 = SPHERICAL_SURFACE('',#4445,0.15);
#4445 = AXIS2_PLACEMENT_3D('',#4446,#4447,#4448);
#4446 = CARTESIAN_POINT('',(0.,0.,0.));
#4447 = DIRECTION('',(0.,0.,1.));
#4448 = DIRECTION('',(1.,0.,-0.));
#4449 = ( GEOMETRIC_REPRESENTATION_CONTEXT(3) 
GLOBAL_UNCERTAINTY_ASSIGNED_CONTEXT((#4453)) 
GLOBAL_UNIT_ASSIGNED_CONTEXT((#4450,#4451,#4452)) REPRESENTATION_CONTEXT
('Context #1','3D Context with UNIT and UNCERTAINTY') );
#4450 = ( LENGTH_UNIT() NAMED_UNIT(*) SI_UNIT(.MILLI.,.METRE.) );
#4451 = ( NAMED_UNIT(*) PLANE_ANGLE_UNIT() SI_UNIT($,.RADIAN.) );
#4452 = ( NAMED_UNIT(*) SI_UNIT($,.STERADIAN.) SOLID_ANGLE_UNIT() );
#4453 = UNCERTAINTY_MEASURE_WITH_UNIT(LENGTH_MEASURE(1.E-07),#4450,
  'distance_accuracy_value','confusion accuracy');
#4454 = SHAPE_DEFINITION_REPRESENTATION(#4455,#4436);
#4455 = PRODUCT_DEFINITION_SHAPE('','',#4456);
#4456 = PRODUCT_DEFINITION('design','',#4457,#4460);
#4457 = PRODUCT_DEFINITION_FORMATION('','',#4458);
#4458 = PRODUCT('G8','G8','',(#4459));
#4459 = PRODUCT_CONTEXT('',#2,'mechanical');
#4460 = PRODUCT_DEFINITION_CONTEXT('part definition',#2,'design');
#4461 = CONTEXT_DEPENDENT_SHAPE_REPRESENTATION(#4462,#4464);
#4462 = ( REPRESENTATION_RELATIONSHIP('','',#4436,#10) 
REPRESENTATION_RELATIONSHIP_WITH_TRANSFORMATION(#4463) 
SHAPE_REPRESENTATION_RELATIONSHIP() );
#4463 = ITEM_DEFINED_TRANSFORMATION('','',#11,#419);
#4464 = PRODUCT_DEFINITION_SHAPE('Placement','Placement of an item',
  #4465);
#4465 = NEXT_ASSEMBLY_USAGE_OCCURRENCE('102','=>[0:1:1:103]','',#5,#4456
  ,$);
#4466 = PRODUCT_RELATED_PRODUCT_CATEGORY('part',$,(#4458));
#4467 = ADVANCED_BREP_SHAPE_REPRESENTATION('',(#11,#4468),#4480);
#4468 = MANIFOLD_SOLID_BREP('',#4469);
#4469 = CLOSED_SHELL('',(#4470));
#4470 = ADVANCED_FACE('',(#4471),#4475,.T.);
#4471 = FACE_BOUND('',#4472,.T.);
#4472 = VERTEX_LOOP('',#4473);
#4473 = VERTEX_POINT('',#4474);
#4474 = CARTESIAN_POINT('',(9.184850993605E-18,-2.249639673993E-33,-0.15
    ));
#4475 = SPHERICAL_SURFACE('',#4476,0.15);
#4476 = AXIS2_PLACEMENT_3D('',#4477,#4478,#4479);
#4477 = CARTESIAN_POINT('',(0.,0.,0.));
#4478 = DIRECTION('',(0.,0.,1.));
#4479 = DIRECTION('',(1.,0.,-0.));
#4480 = ( GEOMETRIC_REPRESENTATION_CONTEXT(3) 
GLOBAL_UNCERTAINTY_ASSIGNED_CONTEXT((#4484)) 
GLOBAL_UNIT_ASSIGNED_CONTEXT((#4481,#4482,#4483)) REPRESENTATION_CONTEXT
('Context #1','3D Context with UNIT and UNCERTAINTY') );
#4481 = ( LENGTH_UNIT() NAMED_UNIT(*) SI_UNIT(.MILLI.,.METRE.) );
#4482 = ( NAMED_UNIT(*) PLANE_ANGLE_UNIT() SI_UNIT($,.RADIAN.) );
#4483 = ( NAMED_UNIT(*) SI_UNIT($,.STERADIAN.) SOLID_ANGLE_UNIT() );
#4484 = UNCERTAINTY_MEASURE_WITH_UNIT(LENGTH_MEASURE(1.E-07),#4481,
  'distance_accuracy_value','confusion accuracy');
#4485 = SHAPE_DEFINITION_REPRESENTATION(#4486,#4467);
#4486 = PRODUCT_DEFINITION_SHAPE('','',#4487);
#4487 = PRODUCT_DEFINITION('design','',#4488,#4491);
#4488 = PRODUCT_DEFINITION_FORMATION('','',#4489);
#4489 = PRODUCT('G9','G9','',(#4490));
#4490 = PRODUCT_CONTEXT('',#2,'mechanical');
#4491 = PRODUCT_DEFINITION_CONTEXT('part definition',#2,'design');
#4492 = CONTEXT_DEPENDENT_SHAPE_REPRESENTATION(#4493,#4495);
#4493 = ( REPRESENTATION_RELATIONSHIP('','',#4467,#10) 
REPRESENTATION_RELATIONSHIP_WITH_TRANSFORMATION(#4494) 
SHAPE_REPRESENTATION_RELATIONSHIP() );
#4494 = ITEM_DEFINED_TRANSFORMATION('','',#11,#423);
#4495 = PRODUCT_DEFINITION_SHAPE('Placement','Placement of an item',
  #4496);
#4496 = NEXT_ASSEMBLY_USAGE_OCCURRENCE('103','=>[0:1:1:104]','',#5,#4487
  ,$);
#4497 = PRODUCT_RELATED_PRODUCT_CATEGORY('part',$,(#4489));
#4498 = ADVANCED_BREP_SHAPE_REPRESENTATION('',(#11,#4499),#4511);
#4499 = MANIFOLD_SOLID_BREP('',#4500);
#4500 = CLOSED_SHELL('',(#4501));
#4501 = ADVANCED_FACE('',(#4502),#4506,.T.);
#4502 = FACE_BOUND('',#4503,.T.);
#4503 = VERTEX_LOOP('',#4504);
#4504 = VERTEX_POINT('',#4505);
#4505 = CARTESIAN_POINT('',(9.184850993605E-18,-2.249639673993E-33,-0.15
    ));
#4506 = SPHERICAL_SURFACE('',#4507,0.15);
#4507 = AXIS2_PLACEMENT_3D('',#4508,#4509,#4510);
#4508 = CARTESIAN_POINT('',(0.,0.,0.));
#4509 = DIRECTION('',(0.,0.,1.));
#4510 = DIRECTION('',(1.,0.,-0.));
#4511 = ( GEOMETRIC_REPRESENTATION_CONTEXT(3) 
GLOBAL_UNCERTAINTY_ASSIGNED_CONTEXT((#4515)) 
GLOBAL_UNIT_ASSIGNED_CONTEXT((#4512,#4513,#4514)) REPRESENTATION_CONTEXT
('Context #1','3D Context with UNIT and UNCERTAINTY') );
#4512 = ( LENGTH_UNIT() NAMED_UNIT(*) SI_UNIT(.MILLI.,.METRE.) );
#4513 = ( NAMED_UNIT(*) PLANE_ANGLE_UNIT() SI_UNIT($,.RADIAN.) );
#4514 = ( NAMED_UNIT(*) SI_UNIT($,.STERADIAN.) SOLID_ANGLE_UNIT() );
#4515 = UNCERTAINTY_MEASURE_WITH_UNIT(LENGTH_MEASURE(1.E-07),#4512,
  'distance_accuracy_value','confusion accuracy');
#4516 = SHAPE_DEFINITION_REPRESENTATION(#4517,#4498);
#4517 = PRODUCT_DEFINITION_SHAPE('','',#4518);
#4518 = PRODUCT_DEFINITION('design','',#4519,#4522);
#4519 = PRODUCT_DEFINITION_FORMATION('','',#4520);
#4520 = PRODUCT('G10','G10','',(#4521));
#4521 = PRODUCT_CONTEXT('',#2,'mechanical');
#4522 = PRODUCT_DEFINITION_CONTEXT('part definition',#2,'design');
#4523 = CONTEXT_DEPENDENT_SHAPE_REPRESENTATION(#4524,#4526);
#4524 = ( REPRESENTATION_RELATIONSHIP('','',#4498,#10) 
REPRESENTATION_RELATIONSHIP_WITH_TRANSFORMATION(#4525) 
SHAPE_REPRESENTATION_RELATIONSHIP() );
#4525 = ITEM_DEFINED_TRANSFORMATION('','',#11,#427);
#4526 = PRODUCT_DEFINITION_SHAPE('Placement','Placement of an item',
  #4527);
#4527 = NEXT_ASSEMBLY_USAGE_OCCURRENCE('104','=>[0:1:1:105]','',#5,#4518
  ,$);
#4528 = PRODUCT_RELATED_PRODUCT_CATEGORY('part',$,(#4520));
#4529 = ADVANCED_BREP_SHAPE_REPRESENTATION('',(#11,#4530),#4542);
#4530 = MANIFOLD_SOLID_BREP('',#4531);
#4531 = CLOSED_SHELL('',(#4532));
#4532 = ADVANCED_FACE('',(#4533),#4537,.T.);
#4533 = FACE_BOUND('',#4534,.T.);
#4534 = VERTEX_LOOP('',#4535);
#4535 = VERTEX_POINT('',#4536);
#4536 = CARTESIAN_POINT('',(9.184850993605E-18,-2.249639673993E-33,-0.15
    ));
#4537 = SPHERICAL_SURFACE('',#4538,0.15);
#4538 = AXIS2_PLACEMENT_3D('',#4539,#4540,#4541);
#4539 = CARTESIAN_POINT('',(0.,0.,0.));
#4540 = DIRECTION('',(0.,0.,1.));
#4541 = DIRECTION('',(1.,0.,-0.));
#4542 = ( GEOMETRIC_REPRESENTATION_CONTEXT(3) 
GLOBAL_UNCERTAINTY_ASSIGNED_CONTEXT((#4546)) 
GLOBAL_UNIT_ASSIGNED_CONTEXT((#4543,#4544,#4545)) REPRESENTATION_CONTEXT
('Context #1','3D Context with UNIT and UNCERTAINTY') );
#4543 = ( LENGTH_UNIT() NAMED_UNIT(*) SI_UNIT(.MILLI.,.METRE.) );
#4544 = ( NAMED_UNIT(*) PLANE_ANGLE_UNIT() SI_UNIT($,.RADIAN.) );
#4545 = ( NAMED_UNIT(*) SI_UNIT($,.STERADIAN.) SOLID_ANGLE_UNIT() );
#4546 = UNCERTAINTY_MEASURE_WITH_UNIT(LENGTH_MEASURE(1.E-07),#4543,
  'distance_accuracy_value','confusion accuracy');
#4547 = SHAPE_DEFINITION_REPRESENTATION(#4548,#4529);
#4548 = PRODUCT_DEFINITION_SHAPE('','',#4549);
#4549 = PRODUCT_DEFINITION('design','',#4550,#4553);
#4550 = PRODUCT_DEFINITION_FORMATION('','',#4551);
#4551 = PRODUCT('G11','G11','',(#4552));
#4552 = PRODUCT_CONTEXT('',#2,'mechanical');
#4553 = PRODUCT_DEFINITION_CONTEXT('part definition',#2,'design');
#4554 = CONTEXT_DEPENDENT_SHAPE_REPRESENTATION(#4555,#4557);
#4555 = ( REPRESENTATION_RELATIONSHIP('','',#4529,#10) 
REPRESENTATION_RELATIONSHIP_WITH_TRANSFORMATION(#4556) 
SHAPE_REPRESENTATION_RELATIONSHIP() );
#4556 = ITEM_DEFINED_TRANSFORMATION('','',#11,#431);
#4557 = PRODUCT_DEFINITION_SHAPE('Placement','Placement of an item',
  #4558);
#4558 = NEXT_ASSEMBLY_USAGE_OCCURRENCE('105','=>[0:1:1:106]','',#5,#4549
  ,$);
#4559 = PRODUCT_RELATED_PRODUCT_CATEGORY('part',$,(#4551));
#4560 = ADVANCED_BREP_SHAPE_REPRESENTATION('',(#11,#4561),#4573);
#4561 = MANIFOLD_SOLID_BREP('',#4562);
#4562 = CLOSED_SHELL('',(#4563));
#4563 = ADVANCED_FACE('',(#4564),#4568,.T.);
#4564 = FACE_BOUND('',#4565,.T.);
#4565 = VERTEX_LOOP('',#4566);
#4566 = VERTEX_POINT('',#4567);
#4567 = CARTESIAN_POINT('',(9.184850993605E-18,-2.249639673993E-33,-0.15
    ));
#4568 = SPHERICAL_SURFACE('',#4569,0.15);
#4569 = AXIS2_PLACEMENT_3D('',#4570,#4571,#4572);
#4570 = CARTESIAN_POINT('',(0.,0.,0.));
#4571 = DIRECTION('',(0.,0.,1.));
#4572 = DIRECTION('',(1.,0.,-0.));
#4573 = ( GEOMETRIC_REPRESENTATION_CONTEXT(3) 
GLOBAL_UNCERTAINTY_ASSIGNED_CONTEXT((#4577)) 
GLOBAL_UNIT_ASSIGNED_CONTEXT((#4574,#4575,#4576)) REPRESENTATION_CONTEXT
('Context #1','3D Context with UNIT and UNCERTAINTY') );
#4574 = ( LENGTH_UNIT() NAMED_UNIT(*) SI_UNIT(.MILLI.,.METRE.) );
#4575 = ( NAMED_UNIT(*) PLANE_ANGLE_UNIT() SI_UNIT($,.RADIAN.) );
#4576 = ( NAMED_UNIT(*) SI_UNIT($,.STERADIAN.) SOLID_ANGLE_UNIT() );
#4577 = UNCERTAINTY_MEASURE_WITH_UNIT(LENGTH_MEASURE(1.E-07),#4574,
  'distance_accuracy_value','confusion accuracy');
#4578 = SHAPE_DEFINITION_REPRESENTATION(#4579,#4560);
#4579 = PRODUCT_DEFINITION_SHAPE('','',#4580);
#4580 = PRODUCT_DEFINITION('design','',#4581,#4584);
#4581 = PRODUCT_DEFINITION_FORMATION('','',#4582);
#4582 = PRODUCT('G12','G12','',(#4583));
#4583 = PRODUCT_CONTEXT('',#2,'mechanical');
#4584 = PRODUCT_DEFINITION_CONTEXT('part definition',#2,'design');
#4585 = CONTEXT_DEPENDENT_SHAPE_REPRESENTATION(#4586,#4588);
#4586 = ( REPRESENTATION_RELATIONSHIP('','',#4560,#10) 
REPRESENTATION_RELATIONSHIP_WITH_TRANSFORMATION(#4587) 
SHAPE_REPRESENTATION_RELATIONSHIP() );
#4587 = ITEM_DEFINED_TRANSFORMATION('','',#11,#435);
#4588 = PRODUCT_DEFINITION_SHAPE('Placement','Placement of an item',
  #4589);
#4589 = NEXT_ASSEMBLY_USAGE_OCCURRENCE('106','=>[0:1:1:107]','',#5,#4580
  ,$);
#4590 = PRODUCT_RELATED_PRODUCT_CATEGORY('part',$,(#4582));
#4591 = ADVANCED_BREP_SHAPE_REPRESENTATION('',(#11,#4592),#4604);
#4592 = MANIFOLD_SOLID_BREP('',#4593);
#4593 = CLOSED_SHELL('',(#4594));
#4594 = ADVANCED_FACE('',(#4595),#4599,.T.);
#4595 = FACE_BOUND('',#4596,.T.);
#4596 = VERTEX_LOOP('',#4597);
#4597 = VERTEX_POINT('',#4598);
#4598 = CARTESIAN_POINT('',(9.184850993605E-18,-2.249639673993E-33,-0.15
    ));
#4599 = SPHERICAL_SURFACE('',#4600,0.15);
#4600 = AXIS2_PLACEMENT_3D('',#4601,#4602,#4603);
#4601 = CARTESIAN_POINT('',(0.,0.,0.));
#4602 = DIRECTION('',(0.,0.,1.));
#4603 = DIRECTION('',(1.,0.,-0.));
#4604 = ( GEOMETRIC_REPRESENTATION_CONTEXT(3) 
GLOBAL_UNCERTAINTY_ASSIGNED_CONTEXT((#4608)) 
GLOBAL_UNIT_ASSIGNED_CONTEXT((#4605,#4606,#4607)) REPRESENTATION_CONTEXT
('Context #1','3D Context with UNIT and UNCERTAINTY') );
#4605 = ( LENGTH_UNIT() NAMED_UNIT(*) SI_UNIT(.MILLI.,.METRE.) );
#4606 = ( NAMED_UNIT(*) PLANE_ANGLE_UNIT() SI_UNIT($,.RADIAN.) );
#4607 = ( NAMED_UNIT(*) SI_UNIT($,.STERADIAN.) SOLID_ANGLE_UNIT() );
#4608 = UNCERTAINTY_MEASURE_WITH_UNIT(LENGTH_MEASURE(1.E-07),#4605,
  'distance_accuracy_value','confusion accuracy');
#4609 = SHAPE_DEFINITION_REPRESENTATION(#4610,#4591);
#4610 = PRODUCT_DEFINITION_SHAPE('','',#4611);
#4611 = PRODUCT_DEFINITION('design','',#4612,#4615);
#4612 = PRODUCT_DEFINITION_FORMATION('','',#4613);
#4613 = PRODUCT('G13','G13','',(#4614));
#4614 = PRODUCT_CONTEXT('',#2,'mechanical');
#4615 = PRODUCT_DEFINITION_CONTEXT('part definition',#2,'design');
#4616 = CONTEXT_DEPENDENT_SHAPE_REPRESENTATION(#4617,#4619);
#4617 = ( REPRESENTATION_RELATIONSHIP('','',#4591,#10) 
REPRESENTATION_RELATIONSHIP_WITH_TRANSFORMATION(#4618) 
SHAPE_REPRESENTATION_RELATIONSHIP() );
#4618 = ITEM_DEFINED_TRANSFORMATION('','',#11,#439);
#4619 = PRODUCT_DEFINITION_SHAPE('Placement','Placement of an item',
  #4620);
#4620 = NEXT_ASSEMBLY_USAGE_OCCURRENCE('107','=>[0:1:1:108]','',#5,#4611
  ,$);
#4621 = PRODUCT_RELATED_PRODUCT_CATEGORY('part',$,(#4613));
#4622 = ADVANCED_BREP_SHAPE_REPRESENTATION('',(#11,#4623),#4635);
#4623 = MANIFOLD_SOLID_BREP('',#4624);
#4624 = CLOSED_SHELL('',(#4625));
#4625 = ADVANCED_FACE('',(#4626),#4630,.T.);
#4626 = FACE_BOUND('',#4627,.T.);
#4627 = VERTEX_LOOP('',#4628);
#4628 = VERTEX_POINT('',#4629);
#4629 = CARTESIAN_POINT('',(9.184850993605E-18,-2.249639673993E-33,-0.15
    ));
#4630 = SPHERICAL_SURFACE('',#4631,0.15);
#4631 = AXIS2_PLACEMENT_3D('',#4632,#4633,#4634);
#4632 = CARTESIAN_POINT('',(0.,0.,0.));
#4633 = DIRECTION('',(0.,0.,1.));
#4634 = DIRECTION('',(1.,0.,-0.));
#4635 = ( GEOMETRIC_REPRESENTATION_CONTEXT(3) 
GLOBAL_UNCERTAINTY_ASSIGNED_CONTEXT((#4639)) 
GLOBAL_UNIT_ASSIGNED_CONTEXT((#4636,#4637,#4638)) REPRESENTATION_CONTEXT
('Context #1','3D Context with UNIT and UNCERTAINTY') );
#4636 = ( LENGTH_UNIT() NAMED_UNIT(*) SI_UNIT(.MILLI.,.METRE.) );
#4637 = ( NAMED_UNIT(*) PLANE_ANGLE_UNIT() SI_UNIT($,.RADIAN.) );
#4638 = ( NAMED_UNIT(*) SI_UNIT($,.STERADIAN.) SOLID_ANGLE_UNIT() );
#4639 = UNCERTAINTY_MEASURE_WITH_UNIT(LENGTH_MEASURE(1.E-07),#4636,
  'distance_accuracy_value','confusion accuracy');
#4640 = SHAPE_DEFINITION_REPRESENTATION(#4641,#4622);
#4641 = PRODUCT_DEFINITION_SHAPE('','',#4642);
#4642 = PRODUCT_DEFINITION('design','',#4643,#4646);
#4643 = PRODUCT_DEFINITION_FORMATION('','',#4644);
#4644 = PRODUCT('G14','G14','',(#4645));
#4645 = PRODUCT_CONTEXT('',#2,'mechanical');
#4646 = PRODUCT_DEFINITION_CONTEXT('part definition',#2,'design');
#4647 = CONTEXT_DEPENDENT_SHAPE_REPRESENTATION(#4648,#4650);
#4648 = ( REPRESENTATION_RELATIONSHIP('','',#4622,#10) 
REPRESENTATION_RELATIONSHIP_WITH_TRANSFORMATION(#4649) 
SHAPE_REPRESENTATION_RELATIONSHIP() );
#4649 = ITEM_DEFINED_TRANSFORMATION('','',#11,#443);
#4650 = PRODUCT_DEFINITION_SHAPE('Placement','Placement of an item',
  #4651);
#4651 = NEXT_ASSEMBLY_USAGE_OCCURRENCE('108','=>[0:1:1:109]','',#5,#4642
  ,$);
#4652 = PRODUCT_RELATED_PRODUCT_CATEGORY('part',$,(#4644));
#4653 = ADVANCED_BREP_SHAPE_REPRESENTATION('',(#11,#4654),#4666);
#4654 = MANIFOLD_SOLID_BREP('',#4655);
#4655 = CLOSED_SHELL('',(#4656));
#4656 = ADVANCED_FACE('',(#4657),#4661,.T.);
#4657 = FACE_BOUND('',#4658,.T.);
#4658 = VERTEX_LOOP('',#4659);
#4659 = VERTEX_POINT('',#4660);
#4660 = CARTESIAN_POINT('',(9.184850993605E-18,-2.249639673993E-33,-0.15
    ));
#4661 = SPHERICAL_SURFACE('',#4662,0.15);
#4662 = AXIS2_PLACEMENT_3D('',#4663,#4664,#4665);
#4663 = CARTESIAN_POINT('',(0.,0.,0.));
#4664 = DIRECTION('',(0.,0.,1.));
#4665 = DIRECTION('',(1.,0.,-0.));
#4666 = ( GEOMETRIC_REPRESENTATION_CONTEXT(3) 
GLOBAL_UNCERTAINTY_ASSIGNED_CONTEXT((#4670)) 
GLOBAL_UNIT_ASSIGNED_CONTEXT((#4667,#4668,#4669)) REPRESENTATION_CONTEXT
('Context #1','3D Context with UNIT and UNCERTAINTY') );
#4667 = ( LENGTH_UNIT() NAMED_UNIT(*) SI_UNIT(.MILLI.,.METRE.) );
#4668 = ( NAMED_UNIT(*) PLANE_ANGLE_UNIT() SI_UNIT($,.RADIAN.) );
#4669 = ( NAMED_UNIT(*) SI_UNIT($,.STERADIAN.) SOLID_ANGLE_UNIT() );
#4670 = UNCERTAINTY_MEASURE_WITH_UNIT(LENGTH_MEASURE(1.E-07),#4667,
  'distance_accuracy_value','confusion accuracy');
#4671 = SHAPE_DEFINITION_REPRESENTATION(#4672,#4653);
#4672 = PRODUCT_DEFINITION_SHAPE('','',#4673);
#4673 = PRODUCT_DEFINITION('design','',#4674,#4677);
#4674 = PRODUCT_DEFINITION_FORMATION('','',#4675);
#4675 = PRODUCT('G15','G15','',(#4676));
#4676 = PRODUCT_CONTEXT('',#2,'mechanical');
#4677 = PRODUCT_DEFINITION_CONTEXT('part definition',#2,'design');
#4678 = CONTEXT_DEPENDENT_SHAPE_REPRESENTATION(#4679,#4681);
#4679 = ( REPRESENTATION_RELATIONSHIP('','',#4653,#10) 
REPRESENTATION_RELATIONSHIP_WITH_TRANSFORMATION(#4680) 
SHAPE_REPRESENTATION_RELATIONSHIP() );
#4680 = ITEM_DEFINED_TRANSFORMATION('','',#11,#447);
#4681 = PRODUCT_DEFINITION_SHAPE('Placement','Placement of an item',
  #4682);
#4682 = NEXT_ASSEMBLY_USAGE_OCCURRENCE('109','=>[0:1:1:110]','',#5,#4673
  ,$);
#4683 = PRODUCT_RELATED_PRODUCT_CATEGORY('part',$,(#4675));
#4684 = ADVANCED_BREP_SHAPE_REPRESENTATION('',(#11,#4685),#4697);
#4685 = MANIFOLD_SOLID_BREP('',#4686);
#4686 = CLOSED_SHELL('',(#4687));
#4687 = ADVANCED_FACE('',(#4688),#4692,.T.);
#4688 = FACE_BOUND('',#4689,.T.);
#4689 = VERTEX_LOOP('',#4690);
#4690 = VERTEX_POINT('',#4691);
#4691 = CARTESIAN_POINT('',(9.184850993605E-18,-2.249639673993E-33,-0.15
    ));
#4692 = SPHERICAL_SURFACE('',#4693,0.15);
#4693 = AXIS2_PLACEMENT_3D('',#4694,#4695,#4696);
#4694 = CARTESIAN_POINT('',(0.,0.,0.));
#4695 = DIRECTION('',(0.,0.,1.));
#4696 = DIRECTION('',(1.,0.,-0.));
#4697 = ( GEOMETRIC_REPRESENTATION_CONTEXT(3) 
GLOBAL_UNCERTAINTY_ASSIGNED_CONTEXT((#4701)) 
GLOBAL_UNIT_ASSIGNED_CONTEXT((#4698,#4699,#4700)) REPRESENTATION_CONTEXT
('Context #1','3D Context with UNIT and UNCERTAINTY') );
#4698 = ( LENGTH_UNIT() NAMED_UNIT(*) SI_UNIT(.MILLI.,.METRE.) );
#4699 = ( NAMED_UNIT(*) PLANE_ANGLE_UNIT() SI_UNIT($,.RADIAN.) );
#4700 = ( NAMED_UNIT(*) SI_UNIT($,.STERADIAN.) SOLID_ANGLE_UNIT() );
#4701 = UNCERTAINTY_MEASURE_WITH_UNIT(LENGTH_MEASURE(1.E-07),#4698,
  'distance_accuracy_value','confusion accuracy');
#4702 = SHAPE_DEFINITION_REPRESENTATION(#4703,#4684);
#4703 = PRODUCT_DEFINITION_SHAPE('','',#4704);
#4704 = PRODUCT_DEFINITION('design','',#4705,#4708);
#4705 = PRODUCT_DEFINITION_FORMATION('','',#4706);
#4706 = PRODUCT('G17','G17','',(#4707));
#4707 = PRODUCT_CONTEXT('',#2,'mechanical');
#4708 = PRODUCT_DEFINITION_CONTEXT('part definition',#2,'design');
#4709 = CONTEXT_DEPENDENT_SHAPE_REPRESENTATION(#4710,#4712);
#4710 = ( REPRESENTATION_RELATIONSHIP('','',#4684,#10) 
REPRESENTATION_RELATIONSHIP_WITH_TRANSFORMATION(#4711) 
SHAPE_REPRESENTATION_RELATIONSHIP() );
#4711 = ITEM_DEFINED_TRANSFORMATION('','',#11,#451);
#4712 = PRODUCT_DEFINITION_SHAPE('Placement','Placement of an item',
  #4713);
#4713 = NEXT_ASSEMBLY_USAGE_OCCURRENCE('110','=>[0:1:1:111]','',#5,#4704
  ,$);
#4714 = PRODUCT_RELATED_PRODUCT_CATEGORY('part',$,(#4706));
#4715 = ADVANCED_BREP_SHAPE_REPRESENTATION('',(#11,#4716),#4728);
#4716 = MANIFOLD_SOLID_BREP('',#4717);
#4717 = CLOSED_SHELL('',(#4718));
#4718 = ADVANCED_FACE('',(#4719),#4723,.T.);
#4719 = FACE_BOUND('',#4720,.T.);
#4720 = VERTEX_LOOP('',#4721);
#4721 = VERTEX_POINT('',#4722);
#4722 = CARTESIAN_POINT('',(9.184850993605E-18,-2.249639673993E-33,-0.15
    ));
#4723 = SPHERICAL_SURFACE('',#4724,0.15);
#4724 = AXIS2_PLACEMENT_3D('',#4725,#4726,#4727);
#4725 = CARTESIAN_POINT('',(0.,0.,0.));
#4726 = DIRECTION('',(0.,0.,1.));
#4727 = DIRECTION('',(1.,0.,-0.));
#4728 = ( GEOMETRIC_REPRESENTATION_CONTEXT(3) 
GLOBAL_UNCERTAINTY_ASSIGNED_CONTEXT((#4732)) 
GLOBAL_UNIT_ASSIGNED_CONTEXT((#4729,#4730,#4731)) REPRESENTATION_CONTEXT
('Context #1','3D Context with UNIT and UNCERTAINTY') );
#4729 = ( LENGTH_UNIT() NAMED_UNIT(*) SI_UNIT(.MILLI.,.METRE.) );
#4730 = ( NAMED_UNIT(*) PLANE_ANGLE_UNIT() SI_UNIT($,.RADIAN.) );
#4731 = ( NAMED_UNIT(*) SI_UNIT($,.STERADIAN.) SOLID_ANGLE_UNIT() );
#4732 = UNCERTAINTY_MEASURE_WITH_UNIT(LENGTH_MEASURE(1.E-07),#4729,
  'distance_accuracy_value','confusion accuracy');
#4733 = SHAPE_DEFINITION_REPRESENTATION(#4734,#4715);
#4734 = PRODUCT_DEFINITION_SHAPE('','',#4735);
#4735 = PRODUCT_DEFINITION('design','',#4736,#4739);
#4736 = PRODUCT_DEFINITION_FORMATION('','',#4737);
#4737 = PRODUCT('G19','G19','',(#4738));
#4738 = PRODUCT_CONTEXT('',#2,'mechanical');
#4739 = PRODUCT_DEFINITION_CONTEXT('part definition',#2,'design');
#4740 = CONTEXT_DEPENDENT_SHAPE_REPRESENTATION(#4741,#4743);
#4741 = ( REPRESENTATION_RELATIONSHIP('','',#4715,#10) 
REPRESENTATION_RELATIONSHIP_WITH_TRANSFORMATION(#4742) 
SHAPE_REPRESENTATION_RELATIONSHIP() );
#4742 = ITEM_DEFINED_TRANSFORMATION('','',#11,#455);
#4743 = PRODUCT_DEFINITION_SHAPE('Placement','Placement of an item',
  #4744);
#4744 = NEXT_ASSEMBLY_USAGE_OCCURRENCE('111','=>[0:1:1:112]','',#5,#4735
  ,$);
#4745 = PRODUCT_RELATED_PRODUCT_CATEGORY('part',$,(#4737));
#4746 = ADVANCED_BREP_SHAPE_REPRESENTATION('',(#11,#4747),#4759);
#4747 = MANIFOLD_SOLID_BREP('',#4748);
#4748 = CLOSED_SHELL('',(#4749));
#4749 = ADVANCED_FACE('',(#4750),#4754,.T.);
#4750 = FACE_BOUND('',#4751,.T.);
#4751 = VERTEX_LOOP('',#4752);
#4752 = VERTEX_POINT('',#4753);
#4753 = CARTESIAN_POINT('',(9.184850993605E-18,-2.249639673993E-33,-0.15
    ));
#4754 = SPHERICAL_SURFACE('',#4755,0.15);
#4755 = AXIS2_PLACEMENT_3D('',#4756,#4757,#4758);
#4756 = CARTESIAN_POINT('',(0.,0.,0.));
#4757 = DIRECTION('',(0.,0.,1.));
#4758 = DIRECTION('',(1.,0.,-0.));
#4759 = ( GEOMETRIC_REPRESENTATION_CONTEXT(3) 
GLOBAL_UNCERTAINTY_ASSIGNED_CONTEXT((#4763)) 
GLOBAL_UNIT_ASSIGNED_CONTEXT((#4760,#4761,#4762)) REPRESENTATION_CONTEXT
('Context #1','3D Context with UNIT and UNCERTAINTY') );
#4760 = ( LENGTH_UNIT() NAMED_UNIT(*) SI_UNIT(.MILLI.,.METRE.) );
#4761 = ( NAMED_UNIT(*) PLANE_ANGLE_UNIT() SI_UNIT($,.RADIAN.) );
#4762 = ( NAMED_UNIT(*) SI_UNIT($,.STERADIAN.) SOLID_ANGLE_UNIT() );
#4763 = UNCERTAINTY_MEASURE_WITH_UNIT(LENGTH_MEASURE(1.E-07),#4760,
  'distance_accuracy_value','confusion accuracy');
#4764 = SHAPE_DEFINITION_REPRESENTATION(#4765,#4746);
#4765 = PRODUCT_DEFINITION_SHAPE('','',#4766);
#4766 = PRODUCT_DEFINITION('design','',#4767,#4770);
#4767 = PRODUCT_DEFINITION_FORMATION('','',#4768);
#4768 = PRODUCT('G20','G20','',(#4769));
#4769 = PRODUCT_CONTEXT('',#2,'mechanical');
#4770 = PRODUCT_DEFINITION_CONTEXT('part definition',#2,'design');
#4771 = CONTEXT_DEPENDENT_SHAPE_REPRESENTATION(#4772,#4774);
#4772 = ( REPRESENTATION_RELATIONSHIP('','',#4746,#10) 
REPRESENTATION_RELATIONSHIP_WITH_TRANSFORMATION(#4773) 
SHAPE_REPRESENTATION_RELATIONSHIP() );
#4773 = ITEM_DEFINED_TRANSFORMATION('','',#11,#459);
#4774 = PRODUCT_DEFINITION_SHAPE('Placement','Placement of an item',
  #4775);
#4775 = NEXT_ASSEMBLY_USAGE_OCCURRENCE('112','=>[0:1:1:113]','',#5,#4766
  ,$);
#4776 = PRODUCT_RELATED_PRODUCT_CATEGORY('part',$,(#4768));
#4777 = ADVANCED_BREP_SHAPE_REPRESENTATION('',(#11,#4778),#4790);
#4778 = MANIFOLD_SOLID_BREP('',#4779);
#4779 = CLOSED_SHELL('',(#4780));
#4780 = ADVANCED_FACE('',(#4781),#4785,.T.);
#4781 = FACE_BOUND('',#4782,.T.);
#4782 = VERTEX_LOOP('',#4783);
#4783 = VERTEX_POINT('',#4784);
#4784 = CARTESIAN_POINT('',(9.184850993605E-18,-2.249639673993E-33,-0.15
    ));
#4785 = SPHERICAL_SURFACE('',#4786,0.15);
#4786 = AXIS2_PLACEMENT_3D('',#4787,#4788,#4789);
#4787 = CARTESIAN_POINT('',(0.,0.,0.));
#4788 = DIRECTION('',(0.,0.,1.));
#4789 = DIRECTION('',(1.,0.,-0.));
#4790 = ( GEOMETRIC_REPRESENTATION_CONTEXT(3) 
GLOBAL_UNCERTAINTY_ASSIGNED_CONTEXT((#4794)) 
GLOBAL_UNIT_ASSIGNED_CONTEXT((#4791,#4792,#4793)) REPRESENTATION_CONTEXT
('Context #1','3D Context with UNIT and UNCERTAINTY') );
#4791 = ( LENGTH_UNIT() NAMED_UNIT(*) SI_UNIT(.MILLI.,.METRE.) );
#4792 = ( NAMED_UNIT(*) PLANE_ANGLE_UNIT() SI_UNIT($,.RADIAN.) );
#4793 = ( NAMED_UNIT(*) SI_UNIT($,.STERADIAN.) SOLID_ANGLE_UNIT() );
#4794 = UNCERTAINTY_MEASURE_WITH_UNIT(LENGTH_MEASURE(1.E-07),#4791,
  'distance_accuracy_value','confusion accuracy');
#4795 = SHAPE_DEFINITION_REPRESENTATION(#4796,#4777);
#4796 = PRODUCT_DEFINITION_SHAPE('','',#4797);
#4797 = PRODUCT_DEFINITION('design','',#4798,#4801);
#4798 = PRODUCT_DEFINITION_FORMATION('','',#4799);
#4799 = PRODUCT('G21','G21','',(#4800));
#4800 = PRODUCT_CONTEXT('',#2,'mechanical');
#4801 = PRODUCT_DEFINITION_CONTEXT('part definition',#2,'design');
#4802 = CONTEXT_DEPENDENT_SHAPE_REPRESENTATION(#4803,#4805);
#4803 = ( REPRESENTATION_RELATIONSHIP('','',#4777,#10) 
REPRESENTATION_RELATIONSHIP_WITH_TRANSFORMATION(#4804) 
SHAPE_REPRESENTATION_RELATIONSHIP() );
#4804 = ITEM_DEFINED_TRANSFORMATION('','',#11,#463);
#4805 = PRODUCT_DEFINITION_SHAPE('Placement','Placement of an item',
  #4806);
#4806 = NEXT_ASSEMBLY_USAGE_OCCURRENCE('113','=>[0:1:1:114]','',#5,#4797
  ,$);
#4807 = PRODUCT_RELATED_PRODUCT_CATEGORY('part',$,(#4799));
#4808 = ADVANCED_BREP_SHAPE_REPRESENTATION('',(#11,#4809),#4821);
#4809 = MANIFOLD_SOLID_BREP('',#4810);
#4810 = CLOSED_SHELL('',(#4811));
#4811 = ADVANCED_FACE('',(#4812),#4816,.T.);
#4812 = FACE_BOUND('',#4813,.T.);
#4813 = VERTEX_LOOP('',#4814);
#4814 = VERTEX_POINT('',#4815);
#4815 = CARTESIAN_POINT('',(9.184850993605E-18,-2.249639673993E-33,-0.15
    ));
#4816 = SPHERICAL_SURFACE('',#4817,0.15);
#4817 = AXIS2_PLACEMENT_3D('',#4818,#4819,#4820);
#4818 = CARTESIAN_POINT('',(0.,0.,0.));
#4819 = DIRECTION('',(0.,0.,1.));
#4820 = DIRECTION('',(1.,0.,-0.));
#4821 = ( GEOMETRIC_REPRESENTATION_CONTEXT(3) 
GLOBAL_UNCERTAINTY_ASSIGNED_CONTEXT((#4825)) 
GLOBAL_UNIT_ASSIGNED_CONTEXT((#4822,#4823,#4824)) REPRESENTATION_CONTEXT
('Context #1','3D Context with UNIT and UNCERTAINTY') );
#4822 = ( LENGTH_UNIT() NAMED_UNIT(*) SI_UNIT(.MILLI.,.METRE.) );
#4823 = ( NAMED_UNIT(*) PLANE_ANGLE_UNIT() SI_UNIT($,.RADIAN.) );
#4824 = ( NAMED_UNIT(*) SI_UNIT($,.STERADIAN.) SOLID_ANGLE_UNIT() );
#4825 = UNCERTAINTY_MEASURE_WITH_UNIT(LENGTH_MEASURE(1.E-07),#4822,
  'distance_accuracy_value','confusion accuracy');
#4826 = SHAPE_DEFINITION_REPRESENTATION(#4827,#4808);
#4827 = PRODUCT_DEFINITION_SHAPE('','',#4828);
#4828 = PRODUCT_DEFINITION('design','',#4829,#4832);
#4829 = PRODUCT_DEFINITION_FORMATION('','',#4830);
#4830 = PRODUCT('H2','H2','',(#4831));
#4831 = PRODUCT_CONTEXT('',#2,'mechanical');
#4832 = PRODUCT_DEFINITION_CONTEXT('part definition',#2,'design');
#4833 = CONTEXT_DEPENDENT_SHAPE_REPRESENTATION(#4834,#4836);
#4834 = ( REPRESENTATION_RELATIONSHIP('','',#4808,#10) 
REPRESENTATION_RELATIONSHIP_WITH_TRANSFORMATION(#4835) 
SHAPE_REPRESENTATION_RELATIONSHIP() );
#4835 = ITEM_DEFINED_TRANSFORMATION('','',#11,#467);
#4836 = PRODUCT_DEFINITION_SHAPE('Placement','Placement of an item',
  #4837);
#4837 = NEXT_ASSEMBLY_USAGE_OCCURRENCE('114','=>[0:1:1:115]','',#5,#4828
  ,$);
#4838 = PRODUCT_RELATED_PRODUCT_CATEGORY('part',$,(#4830));
#4839 = ADVANCED_BREP_SHAPE_REPRESENTATION('',(#11,#4840),#4852);
#4840 = MANIFOLD_SOLID_BREP('',#4841);
#4841 = CLOSED_SHELL('',(#4842));
#4842 = ADVANCED_FACE('',(#4843),#4847,.T.);
#4843 = FACE_BOUND('',#4844,.T.);
#4844 = VERTEX_LOOP('',#4845);
#4845 = VERTEX_POINT('',#4846);
#4846 = CARTESIAN_POINT('',(9.184850993605E-18,-2.249639673993E-33,-0.15
    ));
#4847 = SPHERICAL_SURFACE('',#4848,0.15);
#4848 = AXIS2_PLACEMENT_3D('',#4849,#4850,#4851);
#4849 = CARTESIAN_POINT('',(0.,0.,0.));
#4850 = DIRECTION('',(0.,0.,1.));
#4851 = DIRECTION('',(1.,0.,-0.));
#4852 = ( GEOMETRIC_REPRESENTATION_CONTEXT(3) 
GLOBAL_UNCERTAINTY_ASSIGNED_CONTEXT((#4856)) 
GLOBAL_UNIT_ASSIGNED_CONTEXT((#4853,#4854,#4855)) REPRESENTATION_CONTEXT
('Context #1','3D Context with UNIT and UNCERTAINTY') );
#4853 = ( LENGTH_UNIT() NAMED_UNIT(*) SI_UNIT(.MILLI.,.METRE.) );
#4854 = ( NAMED_UNIT(*) PLANE_ANGLE_UNIT() SI_UNIT($,.RADIAN.) );
#4855 = ( NAMED_UNIT(*) SI_UNIT($,.STERADIAN.) SOLID_ANGLE_UNIT() );
#4856 = UNCERTAINTY_MEASURE_WITH_UNIT(LENGTH_MEASURE(1.E-07),#4853,
  'distance_accuracy_value','confusion accuracy');
#4857 = SHAPE_DEFINITION_REPRESENTATION(#4858,#4839);
#4858 = PRODUCT_DEFINITION_SHAPE('','',#4859);
#4859 = PRODUCT_DEFINITION('design','',#4860,#4863);
#4860 = PRODUCT_DEFINITION_FORMATION('','',#4861);
#4861 = PRODUCT('H3','H3','',(#4862));
#4862 = PRODUCT_CONTEXT('',#2,'mechanical');
#4863 = PRODUCT_DEFINITION_CONTEXT('part definition',#2,'design');
#4864 = CONTEXT_DEPENDENT_SHAPE_REPRESENTATION(#4865,#4867);
#4865 = ( REPRESENTATION_RELATIONSHIP('','',#4839,#10) 
REPRESENTATION_RELATIONSHIP_WITH_TRANSFORMATION(#4866) 
SHAPE_REPRESENTATION_RELATIONSHIP() );
#4866 = ITEM_DEFINED_TRANSFORMATION('','',#11,#471);
#4867 = PRODUCT_DEFINITION_SHAPE('Placement','Placement of an item',
  #4868);
#4868 = NEXT_ASSEMBLY_USAGE_OCCURRENCE('115','=>[0:1:1:116]','',#5,#4859
  ,$);
#4869 = PRODUCT_RELATED_PRODUCT_CATEGORY('part',$,(#4861));
#4870 = ADVANCED_BREP_SHAPE_REPRESENTATION('',(#11,#4871),#4883);
#4871 = MANIFOLD_SOLID_BREP('',#4872);
#4872 = CLOSED_SHELL('',(#4873));
#4873 = ADVANCED_FACE('',(#4874),#4878,.T.);
#4874 = FACE_BOUND('',#4875,.T.);
#4875 = VERTEX_LOOP('',#4876);
#4876 = VERTEX_POINT('',#4877);
#4877 = CARTESIAN_POINT('',(9.184850993605E-18,-2.249639673993E-33,-0.15
    ));
#4878 = SPHERICAL_SURFACE('',#4879,0.15);
#4879 = AXIS2_PLACEMENT_3D('',#4880,#4881,#4882);
#4880 = CARTESIAN_POINT('',(0.,0.,0.));
#4881 = DIRECTION('',(0.,0.,1.));
#4882 = DIRECTION('',(1.,0.,-0.));
#4883 = ( GEOMETRIC_REPRESENTATION_CONTEXT(3) 
GLOBAL_UNCERTAINTY_ASSIGNED_CONTEXT((#4887)) 
GLOBAL_UNIT_ASSIGNED_CONTEXT((#4884,#4885,#4886)) REPRESENTATION_CONTEXT
('Context #1','3D Context with UNIT and UNCERTAINTY') );
#4884 = ( LENGTH_UNIT() NAMED_UNIT(*) SI_UNIT(.MILLI.,.METRE.) );
#4885 = ( NAMED_UNIT(*) PLANE_ANGLE_UNIT() SI_UNIT($,.RADIAN.) );
#4886 = ( NAMED_UNIT(*) SI_UNIT($,.STERADIAN.) SOLID_ANGLE_UNIT() );
#4887 = UNCERTAINTY_MEASURE_WITH_UNIT(LENGTH_MEASURE(1.E-07),#4884,
  'distance_accuracy_value','confusion accuracy');
#4888 = SHAPE_DEFINITION_REPRESENTATION(#4889,#4870);
#4889 = PRODUCT_DEFINITION_SHAPE('','',#4890);
#4890 = PRODUCT_DEFINITION('design','',#4891,#4894);
#4891 = PRODUCT_DEFINITION_FORMATION('','',#4892);
#4892 = PRODUCT('H4','H4','',(#4893));
#4893 = PRODUCT_CONTEXT('',#2,'mechanical');
#4894 = PRODUCT_DEFINITION_CONTEXT('part definition',#2,'design');
#4895 = CONTEXT_DEPENDENT_SHAPE_REPRESENTATION(#4896,#4898);
#4896 = ( REPRESENTATION_RELATIONSHIP('','',#4870,#10) 
REPRESENTATION_RELATIONSHIP_WITH_TRANSFORMATION(#4897) 
SHAPE_REPRESENTATION_RELATIONSHIP() );
#4897 = ITEM_DEFINED_TRANSFORMATION('','',#11,#475);
#4898 = PRODUCT_DEFINITION_SHAPE('Placement','Placement of an item',
  #4899);
#4899 = NEXT_ASSEMBLY_USAGE_OCCURRENCE('116','=>[0:1:1:117]','',#5,#4890
  ,$);
#4900 = PRODUCT_RELATED_PRODUCT_CATEGORY('part',$,(#4892));
#4901 = ADVANCED_BREP_SHAPE_REPRESENTATION('',(#11,#4902),#4914);
#4902 = MANIFOLD_SOLID_BREP('',#4903);
#4903 = CLOSED_SHELL('',(#4904));
#4904 = ADVANCED_FACE('',(#4905),#4909,.T.);
#4905 = FACE_BOUND('',#4906,.T.);
#4906 = VERTEX_LOOP('',#4907);
#4907 = VERTEX_POINT('',#4908);
#4908 = CARTESIAN_POINT('',(9.184850993605E-18,-2.249639673993E-33,-0.15
    ));
#4909 = SPHERICAL_SURFACE('',#4910,0.15);
#4910 = AXIS2_PLACEMENT_3D('',#4911,#4912,#4913);
#4911 = CARTESIAN_POINT('',(0.,0.,0.));
#4912 = DIRECTION('',(0.,0.,1.));
#4913 = DIRECTION('',(1.,0.,-0.));
#4914 = ( GEOMETRIC_REPRESENTATION_CONTEXT(3) 
GLOBAL_UNCERTAINTY_ASSIGNED_CONTEXT((#4918)) 
GLOBAL_UNIT_ASSIGNED_CONTEXT((#4915,#4916,#4917)) REPRESENTATION_CONTEXT
('Context #1','3D Context with UNIT and UNCERTAINTY') );
#4915 = ( LENGTH_UNIT() NAMED_UNIT(*) SI_UNIT(.MILLI.,.METRE.) );
#4916 = ( NAMED_UNIT(*) PLANE_ANGLE_UNIT() SI_UNIT($,.RADIAN.) );
#4917 = ( NAMED_UNIT(*) SI_UNIT($,.STERADIAN.) SOLID_ANGLE_UNIT() );
#4918 = UNCERTAINTY_MEASURE_WITH_UNIT(LENGTH_MEASURE(1.E-07),#4915,
  'distance_accuracy_value','confusion accuracy');
#4919 = SHAPE_DEFINITION_REPRESENTATION(#4920,#4901);
#4920 = PRODUCT_DEFINITION_SHAPE('','',#4921);
#4921 = PRODUCT_DEFINITION('design','',#4922,#4925);
#4922 = PRODUCT_DEFINITION_FORMATION('','',#4923);
#4923 = PRODUCT('H5','H5','',(#4924));
#4924 = PRODUCT_CONTEXT('',#2,'mechanical');
#4925 = PRODUCT_DEFINITION_CONTEXT('part definition',#2,'design');
#4926 = CONTEXT_DEPENDENT_SHAPE_REPRESENTATION(#4927,#4929);
#4927 = ( REPRESENTATION_RELATIONSHIP('','',#4901,#10) 
REPRESENTATION_RELATIONSHIP_WITH_TRANSFORMATION(#4928) 
SHAPE_REPRESENTATION_RELATIONSHIP() );
#4928 = ITEM_DEFINED_TRANSFORMATION('','',#11,#479);
#4929 = PRODUCT_DEFINITION_SHAPE('Placement','Placement of an item',
  #4930);
#4930 = NEXT_ASSEMBLY_USAGE_OCCURRENCE('117','=>[0:1:1:118]','',#5,#4921
  ,$);
#4931 = PRODUCT_RELATED_PRODUCT_CATEGORY('part',$,(#4923));
#4932 = ADVANCED_BREP_SHAPE_REPRESENTATION('',(#11,#4933),#4945);
#4933 = MANIFOLD_SOLID_BREP('',#4934);
#4934 = CLOSED_SHELL('',(#4935));
#4935 = ADVANCED_FACE('',(#4936),#4940,.T.);
#4936 = FACE_BOUND('',#4937,.T.);
#4937 = VERTEX_LOOP('',#4938);
#4938 = VERTEX_POINT('',#4939);
#4939 = CARTESIAN_POINT('',(9.184850993605E-18,-2.249639673993E-33,-0.15
    ));
#4940 = SPHERICAL_SURFACE('',#4941,0.15);
#4941 = AXIS2_PLACEMENT_3D('',#4942,#4943,#4944);
#4942 = CARTESIAN_POINT('',(0.,0.,0.));
#4943 = DIRECTION('',(0.,0.,1.));
#4944 = DIRECTION('',(1.,0.,-0.));
#4945 = ( GEOMETRIC_REPRESENTATION_CONTEXT(3) 
GLOBAL_UNCERTAINTY_ASSIGNED_CONTEXT((#4949)) 
GLOBAL_UNIT_ASSIGNED_CONTEXT((#4946,#4947,#4948)) REPRESENTATION_CONTEXT
('Context #1','3D Context with UNIT and UNCERTAINTY') );
#4946 = ( LENGTH_UNIT() NAMED_UNIT(*) SI_UNIT(.MILLI.,.METRE.) );
#4947 = ( NAMED_UNIT(*) PLANE_ANGLE_UNIT() SI_UNIT($,.RADIAN.) );
#4948 = ( NAMED_UNIT(*) SI_UNIT($,.STERADIAN.) SOLID_ANGLE_UNIT() );
#4949 = UNCERTAINTY_MEASURE_WITH_UNIT(LENGTH_MEASURE(1.E-07),#4946,
  'distance_accuracy_value','confusion accuracy');
#4950 = SHAPE_DEFINITION_REPRESENTATION(#4951,#4932);
#4951 = PRODUCT_DEFINITION_SHAPE('','',#4952);
#4952 = PRODUCT_DEFINITION('design','',#4953,#4956);
#4953 = PRODUCT_DEFINITION_FORMATION('','',#4954);
#4954 = PRODUCT('H7','H7','',(#4955));
#4955 = PRODUCT_CONTEXT('',#2,'mechanical');
#4956 = PRODUCT_DEFINITION_CONTEXT('part definition',#2,'design');
#4957 = CONTEXT_DEPENDENT_SHAPE_REPRESENTATION(#4958,#4960);
#4958 = ( REPRESENTATION_RELATIONSHIP('','',#4932,#10) 
REPRESENTATION_RELATIONSHIP_WITH_TRANSFORMATION(#4959) 
SHAPE_REPRESENTATION_RELATIONSHIP() );
#4959 = ITEM_DEFINED_TRANSFORMATION('','',#11,#483);
#4960 = PRODUCT_DEFINITION_SHAPE('Placement','Placement of an item',
  #4961);
#4961 = NEXT_ASSEMBLY_USAGE_OCCURRENCE('118','=>[0:1:1:119]','',#5,#4952
  ,$);
#4962 = PRODUCT_RELATED_PRODUCT_CATEGORY('part',$,(#4954));
#4963 = ADVANCED_BREP_SHAPE_REPRESENTATION('',(#11,#4964),#4976);
#4964 = MANIFOLD_SOLID_BREP('',#4965);
#4965 = CLOSED_SHELL('',(#4966));
#4966 = ADVANCED_FACE('',(#4967),#4971,.T.);
#4967 = FACE_BOUND('',#4968,.T.);
#4968 = VERTEX_LOOP('',#4969);
#4969 = VERTEX_POINT('',#4970);
#4970 = CARTESIAN_POINT('',(9.184850993605E-18,-2.249639673993E-33,-0.15
    ));
#4971 = SPHERICAL_SURFACE('',#4972,0.15);
#4972 = AXIS2_PLACEMENT_3D('',#4973,#4974,#4975);
#4973 = CARTESIAN_POINT('',(0.,0.,0.));
#4974 = DIRECTION('',(0.,0.,1.));
#4975 = DIRECTION('',(1.,0.,-0.));
#4976 = ( GEOMETRIC_REPRESENTATION_CONTEXT(3) 
GLOBAL_UNCERTAINTY_ASSIGNED_CONTEXT((#4980)) 
GLOBAL_UNIT_ASSIGNED_CONTEXT((#4977,#4978,#4979)) REPRESENTATION_CONTEXT
('Context #1','3D Context with UNIT and UNCERTAINTY') );
#4977 = ( LENGTH_UNIT() NAMED_UNIT(*) SI_UNIT(.MILLI.,.METRE.) );
#4978 = ( NAMED_UNIT(*) PLANE_ANGLE_UNIT() SI_UNIT($,.RADIAN.) );
#4979 = ( NAMED_UNIT(*) SI_UNIT($,.STERADIAN.) SOLID_ANGLE_UNIT() );
#4980 = UNCERTAINTY_MEASURE_WITH_UNIT(LENGTH_MEASURE(1.E-07),#4977,
  'distance_accuracy_value','confusion accuracy');
#4981 = SHAPE_DEFINITION_REPRESENTATION(#4982,#4963);
#4982 = PRODUCT_DEFINITION_SHAPE('','',#4983);
#4983 = PRODUCT_DEFINITION('design','',#4984,#4987);
#4984 = PRODUCT_DEFINITION_FORMATION('','',#4985);
#4985 = PRODUCT('H15','H15','',(#4986));
#4986 = PRODUCT_CONTEXT('',#2,'mechanical');
#4987 = PRODUCT_DEFINITION_CONTEXT('part definition',#2,'design');
#4988 = CONTEXT_DEPENDENT_SHAPE_REPRESENTATION(#4989,#4991);
#4989 = ( REPRESENTATION_RELATIONSHIP('','',#4963,#10) 
REPRESENTATION_RELATIONSHIP_WITH_TRANSFORMATION(#4990) 
SHAPE_REPRESENTATION_RELATIONSHIP() );
#4990 = ITEM_DEFINED_TRANSFORMATION('','',#11,#487);
#4991 = PRODUCT_DEFINITION_SHAPE('Placement','Placement of an item',
  #4992);
#4992 = NEXT_ASSEMBLY_USAGE_OCCURRENCE('119','=>[0:1:1:120]','',#5,#4983
  ,$);
#4993 = PRODUCT_RELATED_PRODUCT_CATEGORY('part',$,(#4985));
#4994 = ADVANCED_BREP_SHAPE_REPRESENTATION('',(#11,#4995),#5007);
#4995 = MANIFOLD_SOLID_BREP('',#4996);
#4996 = CLOSED_SHELL('',(#4997));
#4997 = ADVANCED_FACE('',(#4998),#5002,.T.);
#4998 = FACE_BOUND('',#4999,.T.);
#4999 = VERTEX_LOOP('',#5000);
#5000 = VERTEX_POINT('',#5001);
#5001 = CARTESIAN_POINT('',(9.184850993605E-18,-2.249639673993E-33,-0.15
    ));
#5002 = SPHERICAL_SURFACE('',#5003,0.15);
#5003 = AXIS2_PLACEMENT_3D('',#5004,#5005,#5006);
#5004 = CARTESIAN_POINT('',(0.,0.,0.));
#5005 = DIRECTION('',(0.,0.,1.));
#5006 = DIRECTION('',(1.,0.,-0.));
#5007 = ( GEOMETRIC_REPRESENTATION_CONTEXT(3) 
GLOBAL_UNCERTAINTY_ASSIGNED_CONTEXT((#5011)) 
GLOBAL_UNIT_ASSIGNED_CONTEXT((#5008,#5009,#5010)) REPRESENTATION_CONTEXT
('Context #1','3D Context with UNIT and UNCERTAINTY') );
#5008 = ( LENGTH_UNIT() NAMED_UNIT(*) SI_UNIT(.MILLI.,.METRE.) );
#5009 = ( NAMED_UNIT(*) PLANE_ANGLE_UNIT() SI_UNIT($,.RADIAN.) );
#5010 = ( NAMED_UNIT(*) SI_UNIT($,.STERADIAN.) SOLID_ANGLE_UNIT() );
#5011 = UNCERTAINTY_MEASURE_WITH_UNIT(LENGTH_MEASURE(1.E-07),#5008,
  'distance_accuracy_value','confusion accuracy');
#5012 = SHAPE_DEFINITION_REPRESENTATION(#5013,#4994);
#5013 = PRODUCT_DEFINITION_SHAPE('','',#5014);
#5014 = PRODUCT_DEFINITION('design','',#5015,#5018);
#5015 = PRODUCT_DEFINITION_FORMATION('','',#5016);
#5016 = PRODUCT('H17','H17','',(#5017));
#5017 = PRODUCT_CONTEXT('',#2,'mechanical');
#5018 = PRODUCT_DEFINITION_CONTEXT('part definition',#2,'design');
#5019 = CONTEXT_DEPENDENT_SHAPE_REPRESENTATION(#5020,#5022);
#5020 = ( REPRESENTATION_RELATIONSHIP('','',#4994,#10) 
REPRESENTATION_RELATIONSHIP_WITH_TRANSFORMATION(#5021) 
SHAPE_REPRESENTATION_RELATIONSHIP() );
#5021 = ITEM_DEFINED_TRANSFORMATION('','',#11,#491);
#5022 = PRODUCT_DEFINITION_SHAPE('Placement','Placement of an item',
  #5023);
#5023 = NEXT_ASSEMBLY_USAGE_OCCURRENCE('120','=>[0:1:1:121]','',#5,#5014
  ,$);
#5024 = PRODUCT_RELATED_PRODUCT_CATEGORY('part',$,(#5016));
#5025 = ADVANCED_BREP_SHAPE_REPRESENTATION('',(#11,#5026),#5038);
#5026 = MANIFOLD_SOLID_BREP('',#5027);
#5027 = CLOSED_SHELL('',(#5028));
#5028 = ADVANCED_FACE('',(#5029),#5033,.T.);
#5029 = FACE_BOUND('',#5030,.T.);
#5030 = VERTEX_LOOP('',#5031);
#5031 = VERTEX_POINT('',#5032);
#5032 = CARTESIAN_POINT('',(9.184850993605E-18,-2.249639673993E-33,-0.15
    ));
#5033 = SPHERICAL_SURFACE('',#5034,0.15);
#5034 = AXIS2_PLACEMENT_3D('',#5035,#5036,#5037);
#5035 = CARTESIAN_POINT('',(0.,0.,0.));
#5036 = DIRECTION('',(0.,0.,1.));
#5037 = DIRECTION('',(1.,0.,-0.));
#5038 = ( GEOMETRIC_REPRESENTATION_CONTEXT(3) 
GLOBAL_UNCERTAINTY_ASSIGNED_CONTEXT((#5042)) 
GLOBAL_UNIT_ASSIGNED_CONTEXT((#5039,#5040,#5041)) REPRESENTATION_CONTEXT
('Context #1','3D Context with UNIT and UNCERTAINTY') );
#5039 = ( LENGTH_UNIT() NAMED_UNIT(*) SI_UNIT(.MILLI.,.METRE.) );
#5040 = ( NAMED_UNIT(*) PLANE_ANGLE_UNIT() SI_UNIT($,.RADIAN.) );
#5041 = ( NAMED_UNIT(*) SI_UNIT($,.STERADIAN.) SOLID_ANGLE_UNIT() );
#5042 = UNCERTAINTY_MEASURE_WITH_UNIT(LENGTH_MEASURE(1.E-07),#5039,
  'distance_accuracy_value','confusion accuracy');
#5043 = SHAPE_DEFINITION_REPRESENTATION(#5044,#5025);
#5044 = PRODUCT_DEFINITION_SHAPE('','',#5045);
#5045 = PRODUCT_DEFINITION('design','',#5046,#5049);
#5046 = PRODUCT_DEFINITION_FORMATION('','',#5047);
#5047 = PRODUCT('H18','H18','',(#5048));
#5048 = PRODUCT_CONTEXT('',#2,'mechanical');
#5049 = PRODUCT_DEFINITION_CONTEXT('part definition',#2,'design');
#5050 = CONTEXT_DEPENDENT_SHAPE_REPRESENTATION(#5051,#5053);
#5051 = ( REPRESENTATION_RELATIONSHIP('','',#5025,#10) 
REPRESENTATION_RELATIONSHIP_WITH_TRANSFORMATION(#5052) 
SHAPE_REPRESENTATION_RELATIONSHIP() );
#5052 = ITEM_DEFINED_TRANSFORMATION('','',#11,#495);
#5053 = PRODUCT_DEFINITION_SHAPE('Placement','Placement of an item',
  #5054);
#5054 = NEXT_ASSEMBLY_USAGE_OCCURRENCE('121','=>[0:1:1:122]','',#5,#5045
  ,$);
#5055 = PRODUCT_RELATED_PRODUCT_CATEGORY('part',$,(#5047));
#5056 = ADVANCED_BREP_SHAPE_REPRESENTATION('',(#11,#5057),#5069);
#5057 = MANIFOLD_SOLID_BREP('',#5058);
#5058 = CLOSED_SHELL('',(#5059));
#5059 = ADVANCED_FACE('',(#5060),#5064,.T.);
#5060 = FACE_BOUND('',#5061,.T.);
#5061 = VERTEX_LOOP('',#5062);
#5062 = VERTEX_POINT('',#5063);
#5063 = CARTESIAN_POINT('',(9.184850993605E-18,-2.249639673993E-33,-0.15
    ));
#5064 = SPHERICAL_SURFACE('',#5065,0.15);
#5065 = AXIS2_PLACEMENT_3D('',#5066,#5067,#5068);
#5066 = CARTESIAN_POINT('',(0.,0.,0.));
#5067 = DIRECTION('',(0.,0.,1.));
#5068 = DIRECTION('',(1.,0.,-0.));
#5069 = ( GEOMETRIC_REPRESENTATION_CONTEXT(3) 
GLOBAL_UNCERTAINTY_ASSIGNED_CONTEXT((#5073)) 
GLOBAL_UNIT_ASSIGNED_CONTEXT((#5070,#5071,#5072)) REPRESENTATION_CONTEXT
('Context #1','3D Context with UNIT and UNCERTAINTY') );
#5070 = ( LENGTH_UNIT() NAMED_UNIT(*) SI_UNIT(.MILLI.,.METRE.) );
#5071 = ( NAMED_UNIT(*) PLANE_ANGLE_UNIT() SI_UNIT($,.RADIAN.) );
#5072 = ( NAMED_UNIT(*) SI_UNIT($,.STERADIAN.) SOLID_ANGLE_UNIT() );
#5073 = UNCERTAINTY_MEASURE_WITH_UNIT(LENGTH_MEASURE(1.E-07),#5070,
  'distance_accuracy_value','confusion accuracy');
#5074 = SHAPE_DEFINITION_REPRESENTATION(#5075,#5056);
#5075 = PRODUCT_DEFINITION_SHAPE('','',#5076);
#5076 = PRODUCT_DEFINITION('design','',#5077,#5080);
#5077 = PRODUCT_DEFINITION_FORMATION('','',#5078);
#5078 = PRODUCT('H19','H19','',(#5079));
#5079 = PRODUCT_CONTEXT('',#2,'mechanical');
#5080 = PRODUCT_DEFINITION_CONTEXT('part definition',#2,'design');
#5081 = CONTEXT_DEPENDENT_SHAPE_REPRESENTATION(#5082,#5084);
#5082 = ( REPRESENTATION_RELATIONSHIP('','',#5056,#10) 
REPRESENTATION_RELATIONSHIP_WITH_TRANSFORMATION(#5083) 
SHAPE_REPRESENTATION_RELATIONSHIP() );
#5083 = ITEM_DEFINED_TRANSFORMATION('','',#11,#499);
#5084 = PRODUCT_DEFINITION_SHAPE('Placement','Placement of an item',
  #5085);
#5085 = NEXT_ASSEMBLY_USAGE_OCCURRENCE('122','=>[0:1:1:123]','',#5,#5076
  ,$);
#5086 = PRODUCT_RELATED_PRODUCT_CATEGORY('part',$,(#5078));
#5087 = ADVANCED_BREP_SHAPE_REPRESENTATION('',(#11,#5088),#5100);
#5088 = MANIFOLD_SOLID_BREP('',#5089);
#5089 = CLOSED_SHELL('',(#5090));
#5090 = ADVANCED_FACE('',(#5091),#5095,.T.);
#5091 = FACE_BOUND('',#5092,.T.);
#5092 = VERTEX_LOOP('',#5093);
#5093 = VERTEX_POINT('',#5094);
#5094 = CARTESIAN_POINT('',(9.184850993605E-18,-2.249639673993E-33,-0.15
    ));
#5095 = SPHERICAL_SURFACE('',#5096,0.15);
#5096 = AXIS2_PLACEMENT_3D('',#5097,#5098,#5099);
#5097 = CARTESIAN_POINT('',(0.,0.,0.));
#5098 = DIRECTION('',(0.,0.,1.));
#5099 = DIRECTION('',(1.,0.,-0.));
#5100 = ( GEOMETRIC_REPRESENTATION_CONTEXT(3) 
GLOBAL_UNCERTAINTY_ASSIGNED_CONTEXT((#5104)) 
GLOBAL_UNIT_ASSIGNED_CONTEXT((#5101,#5102,#5103)) REPRESENTATION_CONTEXT
('Context #1','3D Context with UNIT and UNCERTAINTY') );
#5101 = ( LENGTH_UNIT() NAMED_UNIT(*) SI_UNIT(.MILLI.,.METRE.) );
#5102 = ( NAMED_UNIT(*) PLANE_ANGLE_UNIT() SI_UNIT($,.RADIAN.) );
#5103 = ( NAMED_UNIT(*) SI_UNIT($,.STERADIAN.) SOLID_ANGLE_UNIT() );
#5104 = UNCERTAINTY_MEASURE_WITH_UNIT(LENGTH_MEASURE(1.E-07),#5101,
  'distance_accuracy_value','confusion accuracy');
#5105 = SHAPE_DEFINITION_REPRESENTATION(#5106,#5087);
#5106 = PRODUCT_DEFINITION_SHAPE('','',#5107);
#5107 = PRODUCT_DEFINITION('design','',#5108,#5111);
#5108 = PRODUCT_DEFINITION_FORMATION('','',#5109);
#5109 = PRODUCT('H20','H20','',(#5110));
#5110 = PRODUCT_CONTEXT('',#2,'mechanical');
#5111 = PRODUCT_DEFINITION_CONTEXT('part definition',#2,'design');
#5112 = CONTEXT_DEPENDENT_SHAPE_REPRESENTATION(#5113,#5115);
#5113 = ( REPRESENTATION_RELATIONSHIP('','',#5087,#10) 
REPRESENTATION_RELATIONSHIP_WITH_TRANSFORMATION(#5114) 
SHAPE_REPRESENTATION_RELATIONSHIP() );
#5114 = ITEM_DEFINED_TRANSFORMATION('','',#11,#503);
#5115 = PRODUCT_DEFINITION_SHAPE('Placement','Placement of an item',
  #5116);
#5116 = NEXT_ASSEMBLY_USAGE_OCCURRENCE('123','=>[0:1:1:124]','',#5,#5107
  ,$);
#5117 = PRODUCT_RELATED_PRODUCT_CATEGORY('part',$,(#5109));
#5118 = ADVANCED_BREP_SHAPE_REPRESENTATION('',(#11,#5119),#5131);
#5119 = MANIFOLD_SOLID_BREP('',#5120);
#5120 = CLOSED_SHELL('',(#5121));
#5121 = ADVANCED_FACE('',(#5122),#5126,.T.);
#5122 = FACE_BOUND('',#5123,.T.);
#5123 = VERTEX_LOOP('',#5124);
#5124 = VERTEX_POINT('',#5125);
#5125 = CARTESIAN_POINT('',(9.184850993605E-18,-2.249639673993E-33,-0.15
    ));
#5126 = SPHERICAL_SURFACE('',#5127,0.15);
#5127 = AXIS2_PLACEMENT_3D('',#5128,#5129,#5130);
#5128 = CARTESIAN_POINT('',(0.,0.,0.));
#5129 = DIRECTION('',(0.,0.,1.));
#5130 = DIRECTION('',(1.,0.,-0.));
#5131 = ( GEOMETRIC_REPRESENTATION_CONTEXT(3) 
GLOBAL_UNCERTAINTY_ASSIGNED_CONTEXT((#5135)) 
GLOBAL_UNIT_ASSIGNED_CONTEXT((#5132,#5133,#5134)) REPRESENTATION_CONTEXT
('Context #1','3D Context with UNIT and UNCERTAINTY') );
#5132 = ( LENGTH_UNIT() NAMED_UNIT(*) SI_UNIT(.MILLI.,.METRE.) );
#5133 = ( NAMED_UNIT(*) PLANE_ANGLE_UNIT() SI_UNIT($,.RADIAN.) );
#5134 = ( NAMED_UNIT(*) SI_UNIT($,.STERADIAN.) SOLID_ANGLE_UNIT() );
#5135 = UNCERTAINTY_MEASURE_WITH_UNIT(LENGTH_MEASURE(1.E-07),#5132,
  'distance_accuracy_value','confusion accuracy');
#5136 = SHAPE_DEFINITION_REPRESENTATION(#5137,#5118);
#5137 = PRODUCT_DEFINITION_SHAPE('','',#5138);
#5138 = PRODUCT_DEFINITION('design','',#5139,#5142);
#5139 = PRODUCT_DEFINITION_FORMATION('','',#5140);
#5140 = PRODUCT('J1','J1','',(#5141));
#5141 = PRODUCT_CONTEXT('',#2,'mechanical');
#5142 = PRODUCT_DEFINITION_CONTEXT('part definition',#2,'design');
#5143 = CONTEXT_DEPENDENT_SHAPE_REPRESENTATION(#5144,#5146);
#5144 = ( REPRESENTATION_RELATIONSHIP('','',#5118,#10) 
REPRESENTATION_RELATIONSHIP_WITH_TRANSFORMATION(#5145) 
SHAPE_REPRESENTATION_RELATIONSHIP() );
#5145 = ITEM_DEFINED_TRANSFORMATION('','',#11,#507);
#5146 = PRODUCT_DEFINITION_SHAPE('Placement','Placement of an item',
  #5147);
#5147 = NEXT_ASSEMBLY_USAGE_OCCURRENCE('124','=>[0:1:1:125]','',#5,#5138
  ,$);
#5148 = PRODUCT_RELATED_PRODUCT_CATEGORY('part',$,(#5140));
#5149 = ADVANCED_BREP_SHAPE_REPRESENTATION('',(#11,#5150),#5162);
#5150 = MANIFOLD_SOLID_BREP('',#5151);
#5151 = CLOSED_SHELL('',(#5152));
#5152 = ADVANCED_FACE('',(#5153),#5157,.T.);
#5153 = FACE_BOUND('',#5154,.T.);
#5154 = VERTEX_LOOP('',#5155);
#5155 = VERTEX_POINT('',#5156);
#5156 = CARTESIAN_POINT('',(9.184850993605E-18,-2.249639673993E-33,-0.15
    ));
#5157 = SPHERICAL_SURFACE('',#5158,0.15);
#5158 = AXIS2_PLACEMENT_3D('',#5159,#5160,#5161);
#5159 = CARTESIAN_POINT('',(0.,0.,0.));
#5160 = DIRECTION('',(0.,0.,1.));
#5161 = DIRECTION('',(1.,0.,-0.));
#5162 = ( GEOMETRIC_REPRESENTATION_CONTEXT(3) 
GLOBAL_UNCERTAINTY_ASSIGNED_CONTEXT((#5166)) 
GLOBAL_UNIT_ASSIGNED_CONTEXT((#5163,#5164,#5165)) REPRESENTATION_CONTEXT
('Context #1','3D Context with UNIT and UNCERTAINTY') );
#5163 = ( LENGTH_UNIT() NAMED_UNIT(*) SI_UNIT(.MILLI.,.METRE.) );
#5164 = ( NAMED_UNIT(*) PLANE_ANGLE_UNIT() SI_UNIT($,.RADIAN.) );
#5165 = ( NAMED_UNIT(*) SI_UNIT($,.STERADIAN.) SOLID_ANGLE_UNIT() );
#5166 = UNCERTAINTY_MEASURE_WITH_UNIT(LENGTH_MEASURE(1.E-07),#5163,
  'distance_accuracy_value','confusion accuracy');
#5167 = SHAPE_DEFINITION_REPRESENTATION(#5168,#5149);
#5168 = PRODUCT_DEFINITION_SHAPE('','',#5169);
#5169 = PRODUCT_DEFINITION('design','',#5170,#5173);
#5170 = PRODUCT_DEFINITION_FORMATION('','',#5171);
#5171 = PRODUCT('J2','J2','',(#5172));
#5172 = PRODUCT_CONTEXT('',#2,'mechanical');
#5173 = PRODUCT_DEFINITION_CONTEXT('part definition',#2,'design');
#5174 = CONTEXT_DEPENDENT_SHAPE_REPRESENTATION(#5175,#5177);
#5175 = ( REPRESENTATION_RELATIONSHIP('','',#5149,#10) 
REPRESENTATION_RELATIONSHIP_WITH_TRANSFORMATION(#5176) 
SHAPE_REPRESENTATION_RELATIONSHIP() );
#5176 = ITEM_DEFINED_TRANSFORMATION('','',#11,#511);
#5177 = PRODUCT_DEFINITION_SHAPE('Placement','Placement of an item',
  #5178);
#5178 = NEXT_ASSEMBLY_USAGE_OCCURRENCE('125','=>[0:1:1:126]','',#5,#5169
  ,$);
#5179 = PRODUCT_RELATED_PRODUCT_CATEGORY('part',$,(#5171));
#5180 = ADVANCED_BREP_SHAPE_REPRESENTATION('',(#11,#5181),#5193);
#5181 = MANIFOLD_SOLID_BREP('',#5182);
#5182 = CLOSED_SHELL('',(#5183));
#5183 = ADVANCED_FACE('',(#5184),#5188,.T.);
#5184 = FACE_BOUND('',#5185,.T.);
#5185 = VERTEX_LOOP('',#5186);
#5186 = VERTEX_POINT('',#5187);
#5187 = CARTESIAN_POINT('',(9.184850993605E-18,-2.249639673993E-33,-0.15
    ));
#5188 = SPHERICAL_SURFACE('',#5189,0.15);
#5189 = AXIS2_PLACEMENT_3D('',#5190,#5191,#5192);
#5190 = CARTESIAN_POINT('',(0.,0.,0.));
#5191 = DIRECTION('',(0.,0.,1.));
#5192 = DIRECTION('',(1.,0.,-0.));
#5193 = ( GEOMETRIC_REPRESENTATION_CONTEXT(3) 
GLOBAL_UNCERTAINTY_ASSIGNED_CONTEXT((#5197)) 
GLOBAL_UNIT_ASSIGNED_CONTEXT((#5194,#5195,#5196)) REPRESENTATION_CONTEXT
('Context #1','3D Context with UNIT and UNCERTAINTY') );
#5194 = ( LENGTH_UNIT() NAMED_UNIT(*) SI_UNIT(.MILLI.,.METRE.) );
#5195 = ( NAMED_UNIT(*) PLANE_ANGLE_UNIT() SI_UNIT($,.RADIAN.) );
#5196 = ( NAMED_UNIT(*) SI_UNIT($,.STERADIAN.) SOLID_ANGLE_UNIT() );
#5197 = UNCERTAINTY_MEASURE_WITH_UNIT(LENGTH_MEASURE(1.E-07),#5194,
  'distance_accuracy_value','confusion accuracy');
#5198 = SHAPE_DEFINITION_REPRESENTATION(#5199,#5180);
#5199 = PRODUCT_DEFINITION_SHAPE('','',#5200);
#5200 = PRODUCT_DEFINITION('design','',#5201,#5204);
#5201 = PRODUCT_DEFINITION_FORMATION('','',#5202);
#5202 = PRODUCT('J3','J3','',(#5203));
#5203 = PRODUCT_CONTEXT('',#2,'mechanical');
#5204 = PRODUCT_DEFINITION_CONTEXT('part definition',#2,'design');
#5205 = CONTEXT_DEPENDENT_SHAPE_REPRESENTATION(#5206,#5208);
#5206 = ( REPRESENTATION_RELATIONSHIP('','',#5180,#10) 
REPRESENTATION_RELATIONSHIP_WITH_TRANSFORMATION(#5207) 
SHAPE_REPRESENTATION_RELATIONSHIP() );
#5207 = ITEM_DEFINED_TRANSFORMATION('','',#11,#515);
#5208 = PRODUCT_DEFINITION_SHAPE('Placement','Placement of an item',
  #5209);
#5209 = NEXT_ASSEMBLY_USAGE_OCCURRENCE('126','=>[0:1:1:127]','',#5,#5200
  ,$);
#5210 = PRODUCT_RELATED_PRODUCT_CATEGORY('part',$,(#5202));
#5211 = ADVANCED_BREP_SHAPE_REPRESENTATION('',(#11,#5212),#5224);
#5212 = MANIFOLD_SOLID_BREP('',#5213);
#5213 = CLOSED_SHELL('',(#5214));
#5214 = ADVANCED_FACE('',(#5215),#5219,.T.);
#5215 = FACE_BOUND('',#5216,.T.);
#5216 = VERTEX_LOOP('',#5217);
#5217 = VERTEX_POINT('',#5218);
#5218 = CARTESIAN_POINT('',(9.184850993605E-18,-2.249639673993E-33,-0.15
    ));
#5219 = SPHERICAL_SURFACE('',#5220,0.15);
#5220 = AXIS2_PLACEMENT_3D('',#5221,#5222,#5223);
#5221 = CARTESIAN_POINT('',(0.,0.,0.));
#5222 = DIRECTION('',(0.,0.,1.));
#5223 = DIRECTION('',(1.,0.,-0.));
#5224 = ( GEOMETRIC_REPRESENTATION_CONTEXT(3) 
GLOBAL_UNCERTAINTY_ASSIGNED_CONTEXT((#5228)) 
GLOBAL_UNIT_ASSIGNED_CONTEXT((#5225,#5226,#5227)) REPRESENTATION_CONTEXT
('Context #1','3D Context with UNIT and UNCERTAINTY') );
#5225 = ( LENGTH_UNIT() NAMED_UNIT(*) SI_UNIT(.MILLI.,.METRE.) );
#5226 = ( NAMED_UNIT(*) PLANE_ANGLE_UNIT() SI_UNIT($,.RADIAN.) );
#5227 = ( NAMED_UNIT(*) SI_UNIT($,.STERADIAN.) SOLID_ANGLE_UNIT() );
#5228 = UNCERTAINTY_MEASURE_WITH_UNIT(LENGTH_MEASURE(1.E-07),#5225,
  'distance_accuracy_value','confusion accuracy');
#5229 = SHAPE_DEFINITION_REPRESENTATION(#5230,#5211);
#5230 = PRODUCT_DEFINITION_SHAPE('','',#5231);
#5231 = PRODUCT_DEFINITION('design','',#5232,#5235);
#5232 = PRODUCT_DEFINITION_FORMATION('','',#5233);
#5233 = PRODUCT('J5','J5','',(#5234));
#5234 = PRODUCT_CONTEXT('',#2,'mechanical');
#5235 = PRODUCT_DEFINITION_CONTEXT('part definition',#2,'design');
#5236 = CONTEXT_DEPENDENT_SHAPE_REPRESENTATION(#5237,#5239);
#5237 = ( REPRESENTATION_RELATIONSHIP('','',#5211,#10) 
REPRESENTATION_RELATIONSHIP_WITH_TRANSFORMATION(#5238) 
SHAPE_REPRESENTATION_RELATIONSHIP() );
#5238 = ITEM_DEFINED_TRANSFORMATION('','',#11,#519);
#5239 = PRODUCT_DEFINITION_SHAPE('Placement','Placement of an item',
  #5240);
#5240 = NEXT_ASSEMBLY_USAGE_OCCURRENCE('127','=>[0:1:1:128]','',#5,#5231
  ,$);
#5241 = PRODUCT_RELATED_PRODUCT_CATEGORY('part',$,(#5233));
#5242 = ADVANCED_BREP_SHAPE_REPRESENTATION('',(#11,#5243),#5255);
#5243 = MANIFOLD_SOLID_BREP('',#5244);
#5244 = CLOSED_SHELL('',(#5245));
#5245 = ADVANCED_FACE('',(#5246),#5250,.T.);
#5246 = FACE_BOUND('',#5247,.T.);
#5247 = VERTEX_LOOP('',#5248);
#5248 = VERTEX_POINT('',#5249);
#5249 = CARTESIAN_POINT('',(9.184850993605E-18,-2.249639673993E-33,-0.15
    ));
#5250 = SPHERICAL_SURFACE('',#5251,0.15);
#5251 = AXIS2_PLACEMENT_3D('',#5252,#5253,#5254);
#5252 = CARTESIAN_POINT('',(0.,0.,0.));
#5253 = DIRECTION('',(0.,0.,1.));
#5254 = DIRECTION('',(1.,0.,-0.));
#5255 = ( GEOMETRIC_REPRESENTATION_CONTEXT(3) 
GLOBAL_UNCERTAINTY_ASSIGNED_CONTEXT((#5259)) 
GLOBAL_UNIT_ASSIGNED_CONTEXT((#5256,#5257,#5258)) REPRESENTATION_CONTEXT
('Context #1','3D Context with UNIT and UNCERTAINTY') );
#5256 = ( LENGTH_UNIT() NAMED_UNIT(*) SI_UNIT(.MILLI.,.METRE.) );
#5257 = ( NAMED_UNIT(*) PLANE_ANGLE_UNIT() SI_UNIT($,.RADIAN.) );
#5258 = ( NAMED_UNIT(*) SI_UNIT($,.STERADIAN.) SOLID_ANGLE_UNIT() );
#5259 = UNCERTAINTY_MEASURE_WITH_UNIT(LENGTH_MEASURE(1.E-07),#5256,
  'distance_accuracy_value','confusion accuracy');
#5260 = SHAPE_DEFINITION_REPRESENTATION(#5261,#5242);
#5261 = PRODUCT_DEFINITION_SHAPE('','',#5262);
#5262 = PRODUCT_DEFINITION('design','',#5263,#5266);
#5263 = PRODUCT_DEFINITION_FORMATION('','',#5264);
#5264 = PRODUCT('J7','J7','',(#5265));
#5265 = PRODUCT_CONTEXT('',#2,'mechanical');
#5266 = PRODUCT_DEFINITION_CONTEXT('part definition',#2,'design');
#5267 = CONTEXT_DEPENDENT_SHAPE_REPRESENTATION(#5268,#5270);
#5268 = ( REPRESENTATION_RELATIONSHIP('','',#5242,#10) 
REPRESENTATION_RELATIONSHIP_WITH_TRANSFORMATION(#5269) 
SHAPE_REPRESENTATION_RELATIONSHIP() );
#5269 = ITEM_DEFINED_TRANSFORMATION('','',#11,#523);
#5270 = PRODUCT_DEFINITION_SHAPE('Placement','Placement of an item',
  #5271);
#5271 = NEXT_ASSEMBLY_USAGE_OCCURRENCE('128','=>[0:1:1:129]','',#5,#5262
  ,$);
#5272 = PRODUCT_RELATED_PRODUCT_CATEGORY('part',$,(#5264));
#5273 = ADVANCED_BREP_SHAPE_REPRESENTATION('',(#11,#5274),#5286);
#5274 = MANIFOLD_SOLID_BREP('',#5275);
#5275 = CLOSED_SHELL('',(#5276));
#5276 = ADVANCED_FACE('',(#5277),#5281,.T.);
#5277 = FACE_BOUND('',#5278,.T.);
#5278 = VERTEX_LOOP('',#5279);
#5279 = VERTEX_POINT('',#5280);
#5280 = CARTESIAN_POINT('',(9.184850993605E-18,-2.249639673993E-33,-0.15
    ));
#5281 = SPHERICAL_SURFACE('',#5282,0.15);
#5282 = AXIS2_PLACEMENT_3D('',#5283,#5284,#5285);
#5283 = CARTESIAN_POINT('',(0.,0.,0.));
#5284 = DIRECTION('',(0.,0.,1.));
#5285 = DIRECTION('',(1.,0.,-0.));
#5286 = ( GEOMETRIC_REPRESENTATION_CONTEXT(3) 
GLOBAL_UNCERTAINTY_ASSIGNED_CONTEXT((#5290)) 
GLOBAL_UNIT_ASSIGNED_CONTEXT((#5287,#5288,#5289)) REPRESENTATION_CONTEXT
('Context #1','3D Context with UNIT and UNCERTAINTY') );
#5287 = ( LENGTH_UNIT() NAMED_UNIT(*) SI_UNIT(.MILLI.,.METRE.) );
#5288 = ( NAMED_UNIT(*) PLANE_ANGLE_UNIT() SI_UNIT($,.RADIAN.) );
#5289 = ( NAMED_UNIT(*) SI_UNIT($,.STERADIAN.) SOLID_ANGLE_UNIT() );
#5290 = UNCERTAINTY_MEASURE_WITH_UNIT(LENGTH_MEASURE(1.E-07),#5287,
  'distance_accuracy_value','confusion accuracy');
#5291 = SHAPE_DEFINITION_REPRESENTATION(#5292,#5273);
#5292 = PRODUCT_DEFINITION_SHAPE('','',#5293);
#5293 = PRODUCT_DEFINITION('design','',#5294,#5297);
#5294 = PRODUCT_DEFINITION_FORMATION('','',#5295);
#5295 = PRODUCT('J9','J9','',(#5296));
#5296 = PRODUCT_CONTEXT('',#2,'mechanical');
#5297 = PRODUCT_DEFINITION_CONTEXT('part definition',#2,'design');
#5298 = CONTEXT_DEPENDENT_SHAPE_REPRESENTATION(#5299,#5301);
#5299 = ( REPRESENTATION_RELATIONSHIP('','',#5273,#10) 
REPRESENTATION_RELATIONSHIP_WITH_TRANSFORMATION(#5300) 
SHAPE_REPRESENTATION_RELATIONSHIP() );
#5300 = ITEM_DEFINED_TRANSFORMATION('','',#11,#527);
#5301 = PRODUCT_DEFINITION_SHAPE('Placement','Placement of an item',
  #5302);
#5302 = NEXT_ASSEMBLY_USAGE_OCCURRENCE('129','=>[0:1:1:130]','',#5,#5293
  ,$);
#5303 = PRODUCT_RELATED_PRODUCT_CATEGORY('part',$,(#5295));
#5304 = ADVANCED_BREP_SHAPE_REPRESENTATION('',(#11,#5305),#5317);
#5305 = MANIFOLD_SOLID_BREP('',#5306);
#5306 = CLOSED_SHELL('',(#5307));
#5307 = ADVANCED_FACE('',(#5308),#5312,.T.);
#5308 = FACE_BOUND('',#5309,.T.);
#5309 = VERTEX_LOOP('',#5310);
#5310 = VERTEX_POINT('',#5311);
#5311 = CARTESIAN_POINT('',(9.184850993605E-18,-2.249639673993E-33,-0.15
    ));
#5312 = SPHERICAL_SURFACE('',#5313,0.15);
#5313 = AXIS2_PLACEMENT_3D('',#5314,#5315,#5316);
#5314 = CARTESIAN_POINT('',(0.,0.,0.));
#5315 = DIRECTION('',(0.,0.,1.));
#5316 = DIRECTION('',(1.,0.,-0.));
#5317 = ( GEOMETRIC_REPRESENTATION_CONTEXT(3) 
GLOBAL_UNCERTAINTY_ASSIGNED_CONTEXT((#5321)) 
GLOBAL_UNIT_ASSIGNED_CONTEXT((#5318,#5319,#5320)) REPRESENTATION_CONTEXT
('Context #1','3D Context with UNIT and UNCERTAINTY') );
#5318 = ( LENGTH_UNIT() NAMED_UNIT(*) SI_UNIT(.MILLI.,.METRE.) );
#5319 = ( NAMED_UNIT(*) PLANE_ANGLE_UNIT() SI_UNIT($,.RADIAN.) );
#5320 = ( NAMED_UNIT(*) SI_UNIT($,.STERADIAN.) SOLID_ANGLE_UNIT() );
#5321 = UNCERTAINTY_MEASURE_WITH_UNIT(LENGTH_MEASURE(1.E-07),#5318,
  'distance_accuracy_value','confusion accuracy');
#5322 = SHAPE_DEFINITION_REPRESENTATION(#5323,#5304);
#5323 = PRODUCT_DEFINITION_SHAPE('','',#5324);
#5324 = PRODUCT_DEFINITION('design','',#5325,#5328);
#5325 = PRODUCT_DEFINITION_FORMATION('','',#5326);
#5326 = PRODUCT('J10','J10','',(#5327));
#5327 = PRODUCT_CONTEXT('',#2,'mechanical');
#5328 = PRODUCT_DEFINITION_CONTEXT('part definition',#2,'design');
#5329 = CONTEXT_DEPENDENT_SHAPE_REPRESENTATION(#5330,#5332);
#5330 = ( REPRESENTATION_RELATIONSHIP('','',#5304,#10) 
REPRESENTATION_RELATIONSHIP_WITH_TRANSFORMATION(#5331) 
SHAPE_REPRESENTATION_RELATIONSHIP() );
#5331 = ITEM_DEFINED_TRANSFORMATION('','',#11,#531);
#5332 = PRODUCT_DEFINITION_SHAPE('Placement','Placement of an item',
  #5333);
#5333 = NEXT_ASSEMBLY_USAGE_OCCURRENCE('130','=>[0:1:1:131]','',#5,#5324
  ,$);
#5334 = PRODUCT_RELATED_PRODUCT_CATEGORY('part',$,(#5326));
#5335 = ADVANCED_BREP_SHAPE_REPRESENTATION('',(#11,#5336),#5348);
#5336 = MANIFOLD_SOLID_BREP('',#5337);
#5337 = CLOSED_SHELL('',(#5338));
#5338 = ADVANCED_FACE('',(#5339),#5343,.T.);
#5339 = FACE_BOUND('',#5340,.T.);
#5340 = VERTEX_LOOP('',#5341);
#5341 = VERTEX_POINT('',#5342);
#5342 = CARTESIAN_POINT('',(9.184850993605E-18,-2.249639673993E-33,-0.15
    ));
#5343 = SPHERICAL_SURFACE('',#5344,0.15);
#5344 = AXIS2_PLACEMENT_3D('',#5345,#5346,#5347);
#5345 = CARTESIAN_POINT('',(0.,0.,0.));
#5346 = DIRECTION('',(0.,0.,1.));
#5347 = DIRECTION('',(1.,0.,-0.));
#5348 = ( GEOMETRIC_REPRESENTATION_CONTEXT(3) 
GLOBAL_UNCERTAINTY_ASSIGNED_CONTEXT((#5352)) 
GLOBAL_UNIT_ASSIGNED_CONTEXT((#5349,#5350,#5351)) REPRESENTATION_CONTEXT
('Context #1','3D Context with UNIT and UNCERTAINTY') );
#5349 = ( LENGTH_UNIT() NAMED_UNIT(*) SI_UNIT(.MILLI.,.METRE.) );
#5350 = ( NAMED_UNIT(*) PLANE_ANGLE_UNIT() SI_UNIT($,.RADIAN.) );
#5351 = ( NAMED_UNIT(*) SI_UNIT($,.STERADIAN.) SOLID_ANGLE_UNIT() );
#5352 = UNCERTAINTY_MEASURE_WITH_UNIT(LENGTH_MEASURE(1.E-07),#5349,
  'distance_accuracy_value','confusion accuracy');
#5353 = SHAPE_DEFINITION_REPRESENTATION(#5354,#5335);
#5354 = PRODUCT_DEFINITION_SHAPE('','',#5355);
#5355 = PRODUCT_DEFINITION('design','',#5356,#5359);
#5356 = PRODUCT_DEFINITION_FORMATION('','',#5357);
#5357 = PRODUCT('J11','J11','',(#5358));
#5358 = PRODUCT_CONTEXT('',#2,'mechanical');
#5359 = PRODUCT_DEFINITION_CONTEXT('part definition',#2,'design');
#5360 = CONTEXT_DEPENDENT_SHAPE_REPRESENTATION(#5361,#5363);
#5361 = ( REPRESENTATION_RELATIONSHIP('','',#5335,#10) 
REPRESENTATION_RELATIONSHIP_WITH_TRANSFORMATION(#5362) 
SHAPE_REPRESENTATION_RELATIONSHIP() );
#5362 = ITEM_DEFINED_TRANSFORMATION('','',#11,#535);
#5363 = PRODUCT_DEFINITION_SHAPE('Placement','Placement of an item',
  #5364);
#5364 = NEXT_ASSEMBLY_USAGE_OCCURRENCE('131','=>[0:1:1:132]','',#5,#5355
  ,$);
#5365 = PRODUCT_RELATED_PRODUCT_CATEGORY('part',$,(#5357));
#5366 = ADVANCED_BREP_SHAPE_REPRESENTATION('',(#11,#5367),#5379);
#5367 = MANIFOLD_SOLID_BREP('',#5368);
#5368 = CLOSED_SHELL('',(#5369));
#5369 = ADVANCED_FACE('',(#5370),#5374,.T.);
#5370 = FACE_BOUND('',#5371,.T.);
#5371 = VERTEX_LOOP('',#5372);
#5372 = VERTEX_POINT('',#5373);
#5373 = CARTESIAN_POINT('',(9.184850993605E-18,-2.249639673993E-33,-0.15
    ));
#5374 = SPHERICAL_SURFACE('',#5375,0.15);
#5375 = AXIS2_PLACEMENT_3D('',#5376,#5377,#5378);
#5376 = CARTESIAN_POINT('',(0.,0.,0.));
#5377 = DIRECTION('',(0.,0.,1.));
#5378 = DIRECTION('',(1.,0.,-0.));
#5379 = ( GEOMETRIC_REPRESENTATION_CONTEXT(3) 
GLOBAL_UNCERTAINTY_ASSIGNED_CONTEXT((#5383)) 
GLOBAL_UNIT_ASSIGNED_CONTEXT((#5380,#5381,#5382)) REPRESENTATION_CONTEXT
('Context #1','3D Context with UNIT and UNCERTAINTY') );
#5380 = ( LENGTH_UNIT() NAMED_UNIT(*) SI_UNIT(.MILLI.,.METRE.) );
#5381 = ( NAMED_UNIT(*) PLANE_ANGLE_UNIT() SI_UNIT($,.RADIAN.) );
#5382 = ( NAMED_UNIT(*) SI_UNIT($,.STERADIAN.) SOLID_ANGLE_UNIT() );
#5383 = UNCERTAINTY_MEASURE_WITH_UNIT(LENGTH_MEASURE(1.E-07),#5380,
  'distance_accuracy_value','confusion accuracy');
#5384 = SHAPE_DEFINITION_REPRESENTATION(#5385,#5366);
#5385 = PRODUCT_DEFINITION_SHAPE('','',#5386);
#5386 = PRODUCT_DEFINITION('design','',#5387,#5390);
#5387 = PRODUCT_DEFINITION_FORMATION('','',#5388);
#5388 = PRODUCT('J12','J12','',(#5389));
#5389 = PRODUCT_CONTEXT('',#2,'mechanical');
#5390 = PRODUCT_DEFINITION_CONTEXT('part definition',#2,'design');
#5391 = CONTEXT_DEPENDENT_SHAPE_REPRESENTATION(#5392,#5394);
#5392 = ( REPRESENTATION_RELATIONSHIP('','',#5366,#10) 
REPRESENTATION_RELATIONSHIP_WITH_TRANSFORMATION(#5393) 
SHAPE_REPRESENTATION_RELATIONSHIP() );
#5393 = ITEM_DEFINED_TRANSFORMATION('','',#11,#539);
#5394 = PRODUCT_DEFINITION_SHAPE('Placement','Placement of an item',
  #5395);
#5395 = NEXT_ASSEMBLY_USAGE_OCCURRENCE('132','=>[0:1:1:133]','',#5,#5386
  ,$);
#5396 = PRODUCT_RELATED_PRODUCT_CATEGORY('part',$,(#5388));
#5397 = ADVANCED_BREP_SHAPE_REPRESENTATION('',(#11,#5398),#5410);
#5398 = MANIFOLD_SOLID_BREP('',#5399);
#5399 = CLOSED_SHELL('',(#5400));
#5400 = ADVANCED_FACE('',(#5401),#5405,.T.);
#5401 = FACE_BOUND('',#5402,.T.);
#5402 = VERTEX_LOOP('',#5403);
#5403 = VERTEX_POINT('',#5404);
#5404 = CARTESIAN_POINT('',(9.184850993605E-18,-2.249639673993E-33,-0.15
    ));
#5405 = SPHERICAL_SURFACE('',#5406,0.15);
#5406 = AXIS2_PLACEMENT_3D('',#5407,#5408,#5409);
#5407 = CARTESIAN_POINT('',(0.,0.,0.));
#5408 = DIRECTION('',(0.,0.,1.));
#5409 = DIRECTION('',(1.,0.,-0.));
#5410 = ( GEOMETRIC_REPRESENTATION_CONTEXT(3) 
GLOBAL_UNCERTAINTY_ASSIGNED_CONTEXT((#5414)) 
GLOBAL_UNIT_ASSIGNED_CONTEXT((#5411,#5412,#5413)) REPRESENTATION_CONTEXT
('Context #1','3D Context with UNIT and UNCERTAINTY') );
#5411 = ( LENGTH_UNIT() NAMED_UNIT(*) SI_UNIT(.MILLI.,.METRE.) );
#5412 = ( NAMED_UNIT(*) PLANE_ANGLE_UNIT() SI_UNIT($,.RADIAN.) );
#5413 = ( NAMED_UNIT(*) SI_UNIT($,.STERADIAN.) SOLID_ANGLE_UNIT() );
#5414 = UNCERTAINTY_MEASURE_WITH_UNIT(LENGTH_MEASURE(1.E-07),#5411,
  'distance_accuracy_value','confusion accuracy');
#5415 = SHAPE_DEFINITION_REPRESENTATION(#5416,#5397);
#5416 = PRODUCT_DEFINITION_SHAPE('','',#5417);
#5417 = PRODUCT_DEFINITION('design','',#5418,#5421);
#5418 = PRODUCT_DEFINITION_FORMATION('','',#5419);
#5419 = PRODUCT('J13','J13','',(#5420));
#5420 = PRODUCT_CONTEXT('',#2,'mechanical');
#5421 = PRODUCT_DEFINITION_CONTEXT('part definition',#2,'design');
#5422 = CONTEXT_DEPENDENT_SHAPE_REPRESENTATION(#5423,#5425);
#5423 = ( REPRESENTATION_RELATIONSHIP('','',#5397,#10) 
REPRESENTATION_RELATIONSHIP_WITH_TRANSFORMATION(#5424) 
SHAPE_REPRESENTATION_RELATIONSHIP() );
#5424 = ITEM_DEFINED_TRANSFORMATION('','',#11,#543);
#5425 = PRODUCT_DEFINITION_SHAPE('Placement','Placement of an item',
  #5426);
#5426 = NEXT_ASSEMBLY_USAGE_OCCURRENCE('133','=>[0:1:1:134]','',#5,#5417
  ,$);
#5427 = PRODUCT_RELATED_PRODUCT_CATEGORY('part',$,(#5419));
#5428 = ADVANCED_BREP_SHAPE_REPRESENTATION('',(#11,#5429),#5441);
#5429 = MANIFOLD_SOLID_BREP('',#5430);
#5430 = CLOSED_SHELL('',(#5431));
#5431 = ADVANCED_FACE('',(#5432),#5436,.T.);
#5432 = FACE_BOUND('',#5433,.T.);
#5433 = VERTEX_LOOP('',#5434);
#5434 = VERTEX_POINT('',#5435);
#5435 = CARTESIAN_POINT('',(9.184850993605E-18,-2.249639673993E-33,-0.15
    ));
#5436 = SPHERICAL_SURFACE('',#5437,0.15);
#5437 = AXIS2_PLACEMENT_3D('',#5438,#5439,#5440);
#5438 = CARTESIAN_POINT('',(0.,0.,0.));
#5439 = DIRECTION('',(0.,0.,1.));
#5440 = DIRECTION('',(1.,0.,-0.));
#5441 = ( GEOMETRIC_REPRESENTATION_CONTEXT(3) 
GLOBAL_UNCERTAINTY_ASSIGNED_CONTEXT((#5445)) 
GLOBAL_UNIT_ASSIGNED_CONTEXT((#5442,#5443,#5444)) REPRESENTATION_CONTEXT
('Context #1','3D Context with UNIT and UNCERTAINTY') );
#5442 = ( LENGTH_UNIT() NAMED_UNIT(*) SI_UNIT(.MILLI.,.METRE.) );
#5443 = ( NAMED_UNIT(*) PLANE_ANGLE_UNIT() SI_UNIT($,.RADIAN.) );
#5444 = ( NAMED_UNIT(*) SI_UNIT($,.STERADIAN.) SOLID_ANGLE_UNIT() );
#5445 = UNCERTAINTY_MEASURE_WITH_UNIT(LENGTH_MEASURE(1.E-07),#5442,
  'distance_accuracy_value','confusion accuracy');
#5446 = SHAPE_DEFINITION_REPRESENTATION(#5447,#5428);
#5447 = PRODUCT_DEFINITION_SHAPE('','',#5448);
#5448 = PRODUCT_DEFINITION('design','',#5449,#5452);
#5449 = PRODUCT_DEFINITION_FORMATION('','',#5450);
#5450 = PRODUCT('J15','J15','',(#5451));
#5451 = PRODUCT_CONTEXT('',#2,'mechanical');
#5452 = PRODUCT_DEFINITION_CONTEXT('part definition',#2,'design');
#5453 = CONTEXT_DEPENDENT_SHAPE_REPRESENTATION(#5454,#5456);
#5454 = ( REPRESENTATION_RELATIONSHIP('','',#5428,#10) 
REPRESENTATION_RELATIONSHIP_WITH_TRANSFORMATION(#5455) 
SHAPE_REPRESENTATION_RELATIONSHIP() );
#5455 = ITEM_DEFINED_TRANSFORMATION('','',#11,#547);
#5456 = PRODUCT_DEFINITION_SHAPE('Placement','Placement of an item',
  #5457);
#5457 = NEXT_ASSEMBLY_USAGE_OCCURRENCE('134','=>[0:1:1:135]','',#5,#5448
  ,$);
#5458 = PRODUCT_RELATED_PRODUCT_CATEGORY('part',$,(#5450));
#5459 = ADVANCED_BREP_SHAPE_REPRESENTATION('',(#11,#5460),#5472);
#5460 = MANIFOLD_SOLID_BREP('',#5461);
#5461 = CLOSED_SHELL('',(#5462));
#5462 = ADVANCED_FACE('',(#5463),#5467,.T.);
#5463 = FACE_BOUND('',#5464,.T.);
#5464 = VERTEX_LOOP('',#5465);
#5465 = VERTEX_POINT('',#5466);
#5466 = CARTESIAN_POINT('',(9.184850993605E-18,-2.249639673993E-33,-0.15
    ));
#5467 = SPHERICAL_SURFACE('',#5468,0.15);
#5468 = AXIS2_PLACEMENT_3D('',#5469,#5470,#5471);
#5469 = CARTESIAN_POINT('',(0.,0.,0.));
#5470 = DIRECTION('',(0.,0.,1.));
#5471 = DIRECTION('',(1.,0.,-0.));
#5472 = ( GEOMETRIC_REPRESENTATION_CONTEXT(3) 
GLOBAL_UNCERTAINTY_ASSIGNED_CONTEXT((#5476)) 
GLOBAL_UNIT_ASSIGNED_CONTEXT((#5473,#5474,#5475)) REPRESENTATION_CONTEXT
('Context #1','3D Context with UNIT and UNCERTAINTY') );
#5473 = ( LENGTH_UNIT() NAMED_UNIT(*) SI_UNIT(.MILLI.,.METRE.) );
#5474 = ( NAMED_UNIT(*) PLANE_ANGLE_UNIT() SI_UNIT($,.RADIAN.) );
#5475 = ( NAMED_UNIT(*) SI_UNIT($,.STERADIAN.) SOLID_ANGLE_UNIT() );
#5476 = UNCERTAINTY_MEASURE_WITH_UNIT(LENGTH_MEASURE(1.E-07),#5473,
  'distance_accuracy_value','confusion accuracy');
#5477 = SHAPE_DEFINITION_REPRESENTATION(#5478,#5459);
#5478 = PRODUCT_DEFINITION_SHAPE('','',#5479);
#5479 = PRODUCT_DEFINITION('design','',#5480,#5483);
#5480 = PRODUCT_DEFINITION_FORMATION('','',#5481);
#5481 = PRODUCT('J17','J17','',(#5482));
#5482 = PRODUCT_CONTEXT('',#2,'mechanical');
#5483 = PRODUCT_DEFINITION_CONTEXT('part definition',#2,'design');
#5484 = CONTEXT_DEPENDENT_SHAPE_REPRESENTATION(#5485,#5487);
#5485 = ( REPRESENTATION_RELATIONSHIP('','',#5459,#10) 
REPRESENTATION_RELATIONSHIP_WITH_TRANSFORMATION(#5486) 
SHAPE_REPRESENTATION_RELATIONSHIP() );
#5486 = ITEM_DEFINED_TRANSFORMATION('','',#11,#551);
#5487 = PRODUCT_DEFINITION_SHAPE('Placement','Placement of an item',
  #5488);
#5488 = NEXT_ASSEMBLY_USAGE_OCCURRENCE('135','=>[0:1:1:136]','',#5,#5479
  ,$);
#5489 = PRODUCT_RELATED_PRODUCT_CATEGORY('part',$,(#5481));
#5490 = ADVANCED_BREP_SHAPE_REPRESENTATION('',(#11,#5491),#5503);
#5491 = MANIFOLD_SOLID_BREP('',#5492);
#5492 = CLOSED_SHELL('',(#5493));
#5493 = ADVANCED_FACE('',(#5494),#5498,.T.);
#5494 = FACE_BOUND('',#5495,.T.);
#5495 = VERTEX_LOOP('',#5496);
#5496 = VERTEX_POINT('',#5497);
#5497 = CARTESIAN_POINT('',(9.184850993605E-18,-2.249639673993E-33,-0.15
    ));
#5498 = SPHERICAL_SURFACE('',#5499,0.15);
#5499 = AXIS2_PLACEMENT_3D('',#5500,#5501,#5502);
#5500 = CARTESIAN_POINT('',(0.,0.,0.));
#5501 = DIRECTION('',(0.,0.,1.));
#5502 = DIRECTION('',(1.,0.,-0.));
#5503 = ( GEOMETRIC_REPRESENTATION_CONTEXT(3) 
GLOBAL_UNCERTAINTY_ASSIGNED_CONTEXT((#5507)) 
GLOBAL_UNIT_ASSIGNED_CONTEXT((#5504,#5505,#5506)) REPRESENTATION_CONTEXT
('Context #1','3D Context with UNIT and UNCERTAINTY') );
#5504 = ( LENGTH_UNIT() NAMED_UNIT(*) SI_UNIT(.MILLI.,.METRE.) );
#5505 = ( NAMED_UNIT(*) PLANE_ANGLE_UNIT() SI_UNIT($,.RADIAN.) );
#5506 = ( NAMED_UNIT(*) SI_UNIT($,.STERADIAN.) SOLID_ANGLE_UNIT() );
#5507 = UNCERTAINTY_MEASURE_WITH_UNIT(LENGTH_MEASURE(1.E-07),#5504,
  'distance_accuracy_value','confusion accuracy');
#5508 = SHAPE_DEFINITION_REPRESENTATION(#5509,#5490);
#5509 = PRODUCT_DEFINITION_SHAPE('','',#5510);
#5510 = PRODUCT_DEFINITION('design','',#5511,#5514);
#5511 = PRODUCT_DEFINITION_FORMATION('','',#5512);
#5512 = PRODUCT('J19','J19','',(#5513));
#5513 = PRODUCT_CONTEXT('',#2,'mechanical');
#5514 = PRODUCT_DEFINITION_CONTEXT('part definition',#2,'design');
#5515 = CONTEXT_DEPENDENT_SHAPE_REPRESENTATION(#5516,#5518);
#5516 = ( REPRESENTATION_RELATIONSHIP('','',#5490,#10) 
REPRESENTATION_RELATIONSHIP_WITH_TRANSFORMATION(#5517) 
SHAPE_REPRESENTATION_RELATIONSHIP() );
#5517 = ITEM_DEFINED_TRANSFORMATION('','',#11,#555);
#5518 = PRODUCT_DEFINITION_SHAPE('Placement','Placement of an item',
  #5519);
#5519 = NEXT_ASSEMBLY_USAGE_OCCURRENCE('136','=>[0:1:1:137]','',#5,#5510
  ,$);
#5520 = PRODUCT_RELATED_PRODUCT_CATEGORY('part',$,(#5512));
#5521 = ADVANCED_BREP_SHAPE_REPRESENTATION('',(#11,#5522),#5534);
#5522 = MANIFOLD_SOLID_BREP('',#5523);
#5523 = CLOSED_SHELL('',(#5524));
#5524 = ADVANCED_FACE('',(#5525),#5529,.T.);
#5525 = FACE_BOUND('',#5526,.T.);
#5526 = VERTEX_LOOP('',#5527);
#5527 = VERTEX_POINT('',#5528);
#5528 = CARTESIAN_POINT('',(9.184850993605E-18,-2.249639673993E-33,-0.15
    ));
#5529 = SPHERICAL_SURFACE('',#5530,0.15);
#5530 = AXIS2_PLACEMENT_3D('',#5531,#5532,#5533);
#5531 = CARTESIAN_POINT('',(0.,0.,0.));
#5532 = DIRECTION('',(0.,0.,1.));
#5533 = DIRECTION('',(1.,0.,-0.));
#5534 = ( GEOMETRIC_REPRESENTATION_CONTEXT(3) 
GLOBAL_UNCERTAINTY_ASSIGNED_CONTEXT((#5538)) 
GLOBAL_UNIT_ASSIGNED_CONTEXT((#5535,#5536,#5537)) REPRESENTATION_CONTEXT
('Context #1','3D Context with UNIT and UNCERTAINTY') );
#5535 = ( LENGTH_UNIT() NAMED_UNIT(*) SI_UNIT(.MILLI.,.METRE.) );
#5536 = ( NAMED_UNIT(*) PLANE_ANGLE_UNIT() SI_UNIT($,.RADIAN.) );
#5537 = ( NAMED_UNIT(*) SI_UNIT($,.STERADIAN.) SOLID_ANGLE_UNIT() );
#5538 = UNCERTAINTY_MEASURE_WITH_UNIT(LENGTH_MEASURE(1.E-07),#5535,
  'distance_accuracy_value','confusion accuracy');
#5539 = SHAPE_DEFINITION_REPRESENTATION(#5540,#5521);
#5540 = PRODUCT_DEFINITION_SHAPE('','',#5541);
#5541 = PRODUCT_DEFINITION('design','',#5542,#5545);
#5542 = PRODUCT_DEFINITION_FORMATION('','',#5543);
#5543 = PRODUCT('J20','J20','',(#5544));
#5544 = PRODUCT_CONTEXT('',#2,'mechanical');
#5545 = PRODUCT_DEFINITION_CONTEXT('part definition',#2,'design');
#5546 = CONTEXT_DEPENDENT_SHAPE_REPRESENTATION(#5547,#5549);
#5547 = ( REPRESENTATION_RELATIONSHIP('','',#5521,#10) 
REPRESENTATION_RELATIONSHIP_WITH_TRANSFORMATION(#5548) 
SHAPE_REPRESENTATION_RELATIONSHIP() );
#5548 = ITEM_DEFINED_TRANSFORMATION('','',#11,#559);
#5549 = PRODUCT_DEFINITION_SHAPE('Placement','Placement of an item',
  #5550);
#5550 = NEXT_ASSEMBLY_USAGE_OCCURRENCE('137','=>[0:1:1:138]','',#5,#5541
  ,$);
#5551 = PRODUCT_RELATED_PRODUCT_CATEGORY('part',$,(#5543));
#5552 = ADVANCED_BREP_SHAPE_REPRESENTATION('',(#11,#5553),#5565);
#5553 = MANIFOLD_SOLID_BREP('',#5554);
#5554 = CLOSED_SHELL('',(#5555));
#5555 = ADVANCED_FACE('',(#5556),#5560,.T.);
#5556 = FACE_BOUND('',#5557,.T.);
#5557 = VERTEX_LOOP('',#5558);
#5558 = VERTEX_POINT('',#5559);
#5559 = CARTESIAN_POINT('',(9.184850993605E-18,-2.249639673993E-33,-0.15
    ));
#5560 = SPHERICAL_SURFACE('',#5561,0.15);
#5561 = AXIS2_PLACEMENT_3D('',#5562,#5563,#5564);
#5562 = CARTESIAN_POINT('',(0.,0.,0.));
#5563 = DIRECTION('',(0.,0.,1.));
#5564 = DIRECTION('',(1.,0.,-0.));
#5565 = ( GEOMETRIC_REPRESENTATION_CONTEXT(3) 
GLOBAL_UNCERTAINTY_ASSIGNED_CONTEXT((#5569)) 
GLOBAL_UNIT_ASSIGNED_CONTEXT((#5566,#5567,#5568)) REPRESENTATION_CONTEXT
('Context #1','3D Context with UNIT and UNCERTAINTY') );
#5566 = ( LENGTH_UNIT() NAMED_UNIT(*) SI_UNIT(.MILLI.,.METRE.) );
#5567 = ( NAMED_UNIT(*) PLANE_ANGLE_UNIT() SI_UNIT($,.RADIAN.) );
#5568 = ( NAMED_UNIT(*) SI_UNIT($,.STERADIAN.) SOLID_ANGLE_UNIT() );
#5569 = UNCERTAINTY_MEASURE_WITH_UNIT(LENGTH_MEASURE(1.E-07),#5566,
  'distance_accuracy_value','confusion accuracy');
#5570 = SHAPE_DEFINITION_REPRESENTATION(#5571,#5552);
#5571 = PRODUCT_DEFINITION_SHAPE('','',#5572);
#5572 = PRODUCT_DEFINITION('design','',#5573,#5576);
#5573 = PRODUCT_DEFINITION_FORMATION('','',#5574);
#5574 = PRODUCT('J21','J21','',(#5575));
#5575 = PRODUCT_CONTEXT('',#2,'mechanical');
#5576 = PRODUCT_DEFINITION_CONTEXT('part definition',#2,'design');
#5577 = CONTEXT_DEPENDENT_SHAPE_REPRESENTATION(#5578,#5580);
#5578 = ( REPRESENTATION_RELATIONSHIP('','',#5552,#10) 
REPRESENTATION_RELATIONSHIP_WITH_TRANSFORMATION(#5579) 
SHAPE_REPRESENTATION_RELATIONSHIP() );
#5579 = ITEM_DEFINED_TRANSFORMATION('','',#11,#563);
#5580 = PRODUCT_DEFINITION_SHAPE('Placement','Placement of an item',
  #5581);
#5581 = NEXT_ASSEMBLY_USAGE_OCCURRENCE('138','=>[0:1:1:139]','',#5,#5572
  ,$);
#5582 = PRODUCT_RELATED_PRODUCT_CATEGORY('part',$,(#5574));
#5583 = ADVANCED_BREP_SHAPE_REPRESENTATION('',(#11,#5584),#5596);
#5584 = MANIFOLD_SOLID_BREP('',#5585);
#5585 = CLOSED_SHELL('',(#5586));
#5586 = ADVANCED_FACE('',(#5587),#5591,.T.);
#5587 = FACE_BOUND('',#5588,.T.);
#5588 = VERTEX_LOOP('',#5589);
#5589 = VERTEX_POINT('',#5590);
#5590 = CARTESIAN_POINT('',(9.184850993605E-18,-2.249639673993E-33,-0.15
    ));
#5591 = SPHERICAL_SURFACE('',#5592,0.15);
#5592 = AXIS2_PLACEMENT_3D('',#5593,#5594,#5595);
#5593 = CARTESIAN_POINT('',(0.,0.,0.));
#5594 = DIRECTION('',(0.,0.,1.));
#5595 = DIRECTION('',(1.,0.,-0.));
#5596 = ( GEOMETRIC_REPRESENTATION_CONTEXT(3) 
GLOBAL_UNCERTAINTY_ASSIGNED_CONTEXT((#5600)) 
GLOBAL_UNIT_ASSIGNED_CONTEXT((#5597,#5598,#5599)) REPRESENTATION_CONTEXT
('Context #1','3D Context with UNIT and UNCERTAINTY') );
#5597 = ( LENGTH_UNIT() NAMED_UNIT(*) SI_UNIT(.MILLI.,.METRE.) );
#5598 = ( NAMED_UNIT(*) PLANE_ANGLE_UNIT() SI_UNIT($,.RADIAN.) );
#5599 = ( NAMED_UNIT(*) SI_UNIT($,.STERADIAN.) SOLID_ANGLE_UNIT() );
#5600 = UNCERTAINTY_MEASURE_WITH_UNIT(LENGTH_MEASURE(1.E-07),#5597,
  'distance_accuracy_value','confusion accuracy');
#5601 = SHAPE_DEFINITION_REPRESENTATION(#5602,#5583);
#5602 = PRODUCT_DEFINITION_SHAPE('','',#5603);
#5603 = PRODUCT_DEFINITION('design','',#5604,#5607);
#5604 = PRODUCT_DEFINITION_FORMATION('','',#5605);
#5605 = PRODUCT('K1','K1','',(#5606));
#5606 = PRODUCT_CONTEXT('',#2,'mechanical');
#5607 = PRODUCT_DEFINITION_CONTEXT('part definition',#2,'design');
#5608 = CONTEXT_DEPENDENT_SHAPE_REPRESENTATION(#5609,#5611);
#5609 = ( REPRESENTATION_RELATIONSHIP('','',#5583,#10) 
REPRESENTATION_RELATIONSHIP_WITH_TRANSFORMATION(#5610) 
SHAPE_REPRESENTATION_RELATIONSHIP() );
#5610 = ITEM_DEFINED_TRANSFORMATION('','',#11,#567);
#5611 = PRODUCT_DEFINITION_SHAPE('Placement','Placement of an item',
  #5612);
#5612 = NEXT_ASSEMBLY_USAGE_OCCURRENCE('139','=>[0:1:1:140]','',#5,#5603
  ,$);
#5613 = PRODUCT_RELATED_PRODUCT_CATEGORY('part',$,(#5605));
#5614 = ADVANCED_BREP_SHAPE_REPRESENTATION('',(#11,#5615),#5627);
#5615 = MANIFOLD_SOLID_BREP('',#5616);
#5616 = CLOSED_SHELL('',(#5617));
#5617 = ADVANCED_FACE('',(#5618),#5622,.T.);
#5618 = FACE_BOUND('',#5619,.T.);
#5619 = VERTEX_LOOP('',#5620);
#5620 = VERTEX_POINT('',#5621);
#5621 = CARTESIAN_POINT('',(9.184850993605E-18,-2.249639673993E-33,-0.15
    ));
#5622 = SPHERICAL_SURFACE('',#5623,0.15);
#5623 = AXIS2_PLACEMENT_3D('',#5624,#5625,#5626);
#5624 = CARTESIAN_POINT('',(0.,0.,0.));
#5625 = DIRECTION('',(0.,0.,1.));
#5626 = DIRECTION('',(1.,0.,-0.));
#5627 = ( GEOMETRIC_REPRESENTATION_CONTEXT(3) 
GLOBAL_UNCERTAINTY_ASSIGNED_CONTEXT((#5631)) 
GLOBAL_UNIT_ASSIGNED_CONTEXT((#5628,#5629,#5630)) REPRESENTATION_CONTEXT
('Context #1','3D Context with UNIT and UNCERTAINTY') );
#5628 = ( LENGTH_UNIT() NAMED_UNIT(*) SI_UNIT(.MILLI.,.METRE.) );
#5629 = ( NAMED_UNIT(*) PLANE_ANGLE_UNIT() SI_UNIT($,.RADIAN.) );
#5630 = ( NAMED_UNIT(*) SI_UNIT($,.STERADIAN.) SOLID_ANGLE_UNIT() );
#5631 = UNCERTAINTY_MEASURE_WITH_UNIT(LENGTH_MEASURE(1.E-07),#5628,
  'distance_accuracy_value','confusion accuracy');
#5632 = SHAPE_DEFINITION_REPRESENTATION(#5633,#5614);
#5633 = PRODUCT_DEFINITION_SHAPE('','',#5634);
#5634 = PRODUCT_DEFINITION('design','',#5635,#5638);
#5635 = PRODUCT_DEFINITION_FORMATION('','',#5636);
#5636 = PRODUCT('K2','K2','',(#5637));
#5637 = PRODUCT_CONTEXT('',#2,'mechanical');
#5638 = PRODUCT_DEFINITION_CONTEXT('part definition',#2,'design');
#5639 = CONTEXT_DEPENDENT_SHAPE_REPRESENTATION(#5640,#5642);
#5640 = ( REPRESENTATION_RELATIONSHIP('','',#5614,#10) 
REPRESENTATION_RELATIONSHIP_WITH_TRANSFORMATION(#5641) 
SHAPE_REPRESENTATION_RELATIONSHIP() );
#5641 = ITEM_DEFINED_TRANSFORMATION('','',#11,#571);
#5642 = PRODUCT_DEFINITION_SHAPE('Placement','Placement of an item',
  #5643);
#5643 = NEXT_ASSEMBLY_USAGE_OCCURRENCE('140','=>[0:1:1:141]','',#5,#5634
  ,$);
#5644 = PRODUCT_RELATED_PRODUCT_CATEGORY('part',$,(#5636));
#5645 = ADVANCED_BREP_SHAPE_REPRESENTATION('',(#11,#5646),#5658);
#5646 = MANIFOLD_SOLID_BREP('',#5647);
#5647 = CLOSED_SHELL('',(#5648));
#5648 = ADVANCED_FACE('',(#5649),#5653,.T.);
#5649 = FACE_BOUND('',#5650,.T.);
#5650 = VERTEX_LOOP('',#5651);
#5651 = VERTEX_POINT('',#5652);
#5652 = CARTESIAN_POINT('',(9.184850993605E-18,-2.249639673993E-33,-0.15
    ));
#5653 = SPHERICAL_SURFACE('',#5654,0.15);
#5654 = AXIS2_PLACEMENT_3D('',#5655,#5656,#5657);
#5655 = CARTESIAN_POINT('',(0.,0.,0.));
#5656 = DIRECTION('',(0.,0.,1.));
#5657 = DIRECTION('',(1.,0.,-0.));
#5658 = ( GEOMETRIC_REPRESENTATION_CONTEXT(3) 
GLOBAL_UNCERTAINTY_ASSIGNED_CONTEXT((#5662)) 
GLOBAL_UNIT_ASSIGNED_CONTEXT((#5659,#5660,#5661)) REPRESENTATION_CONTEXT
('Context #1','3D Context with UNIT and UNCERTAINTY') );
#5659 = ( LENGTH_UNIT() NAMED_UNIT(*) SI_UNIT(.MILLI.,.METRE.) );
#5660 = ( NAMED_UNIT(*) PLANE_ANGLE_UNIT() SI_UNIT($,.RADIAN.) );
#5661 = ( NAMED_UNIT(*) SI_UNIT($,.STERADIAN.) SOLID_ANGLE_UNIT() );
#5662 = UNCERTAINTY_MEASURE_WITH_UNIT(LENGTH_MEASURE(1.E-07),#5659,
  'distance_accuracy_value','confusion accuracy');
#5663 = SHAPE_DEFINITION_REPRESENTATION(#5664,#5645);
#5664 = PRODUCT_DEFINITION_SHAPE('','',#5665);
#5665 = PRODUCT_DEFINITION('design','',#5666,#5669);
#5666 = PRODUCT_DEFINITION_FORMATION('','',#5667);
#5667 = PRODUCT('K3','K3','',(#5668));
#5668 = PRODUCT_CONTEXT('',#2,'mechanical');
#5669 = PRODUCT_DEFINITION_CONTEXT('part definition',#2,'design');
#5670 = CONTEXT_DEPENDENT_SHAPE_REPRESENTATION(#5671,#5673);
#5671 = ( REPRESENTATION_RELATIONSHIP('','',#5645,#10) 
REPRESENTATION_RELATIONSHIP_WITH_TRANSFORMATION(#5672) 
SHAPE_REPRESENTATION_RELATIONSHIP() );
#5672 = ITEM_DEFINED_TRANSFORMATION('','',#11,#575);
#5673 = PRODUCT_DEFINITION_SHAPE('Placement','Placement of an item',
  #5674);
#5674 = NEXT_ASSEMBLY_USAGE_OCCURRENCE('141','=>[0:1:1:142]','',#5,#5665
  ,$);
#5675 = PRODUCT_RELATED_PRODUCT_CATEGORY('part',$,(#5667));
#5676 = ADVANCED_BREP_SHAPE_REPRESENTATION('',(#11,#5677),#5689);
#5677 = MANIFOLD_SOLID_BREP('',#5678);
#5678 = CLOSED_SHELL('',(#5679));
#5679 = ADVANCED_FACE('',(#5680),#5684,.T.);
#5680 = FACE_BOUND('',#5681,.T.);
#5681 = VERTEX_LOOP('',#5682);
#5682 = VERTEX_POINT('',#5683);
#5683 = CARTESIAN_POINT('',(9.184850993605E-18,-2.249639673993E-33,-0.15
    ));
#5684 = SPHERICAL_SURFACE('',#5685,0.15);
#5685 = AXIS2_PLACEMENT_3D('',#5686,#5687,#5688);
#5686 = CARTESIAN_POINT('',(0.,0.,0.));
#5687 = DIRECTION('',(0.,0.,1.));
#5688 = DIRECTION('',(1.,0.,-0.));
#5689 = ( GEOMETRIC_REPRESENTATION_CONTEXT(3) 
GLOBAL_UNCERTAINTY_ASSIGNED_CONTEXT((#5693)) 
GLOBAL_UNIT_ASSIGNED_CONTEXT((#5690,#5691,#5692)) REPRESENTATION_CONTEXT
('Context #1','3D Context with UNIT and UNCERTAINTY') );
#5690 = ( LENGTH_UNIT() NAMED_UNIT(*) SI_UNIT(.MILLI.,.METRE.) );
#5691 = ( NAMED_UNIT(*) PLANE_ANGLE_UNIT() SI_UNIT($,.RADIAN.) );
#5692 = ( NAMED_UNIT(*) SI_UNIT($,.STERADIAN.) SOLID_ANGLE_UNIT() );
#5693 = UNCERTAINTY_MEASURE_WITH_UNIT(LENGTH_MEASURE(1.E-07),#5690,
  'distance_accuracy_value','confusion accuracy');
#5694 = SHAPE_DEFINITION_REPRESENTATION(#5695,#5676);
#5695 = PRODUCT_DEFINITION_SHAPE('','',#5696);
#5696 = PRODUCT_DEFINITION('design','',#5697,#5700);
#5697 = PRODUCT_DEFINITION_FORMATION('','',#5698);
#5698 = PRODUCT('K5','K5','',(#5699));
#5699 = PRODUCT_CONTEXT('',#2,'mechanical');
#5700 = PRODUCT_DEFINITION_CONTEXT('part definition',#2,'design');
#5701 = CONTEXT_DEPENDENT_SHAPE_REPRESENTATION(#5702,#5704);
#5702 = ( REPRESENTATION_RELATIONSHIP('','',#5676,#10) 
REPRESENTATION_RELATIONSHIP_WITH_TRANSFORMATION(#5703) 
SHAPE_REPRESENTATION_RELATIONSHIP() );
#5703 = ITEM_DEFINED_TRANSFORMATION('','',#11,#579);
#5704 = PRODUCT_DEFINITION_SHAPE('Placement','Placement of an item',
  #5705);
#5705 = NEXT_ASSEMBLY_USAGE_OCCURRENCE('142','=>[0:1:1:143]','',#5,#5696
  ,$);
#5706 = PRODUCT_RELATED_PRODUCT_CATEGORY('part',$,(#5698));
#5707 = ADVANCED_BREP_SHAPE_REPRESENTATION('',(#11,#5708),#5720);
#5708 = MANIFOLD_SOLID_BREP('',#5709);
#5709 = CLOSED_SHELL('',(#5710));
#5710 = ADVANCED_FACE('',(#5711),#5715,.T.);
#5711 = FACE_BOUND('',#5712,.T.);
#5712 = VERTEX_LOOP('',#5713);
#5713 = VERTEX_POINT('',#5714);
#5714 = CARTESIAN_POINT('',(9.184850993605E-18,-2.249639673993E-33,-0.15
    ));
#5715 = SPHERICAL_SURFACE('',#5716,0.15);
#5716 = AXIS2_PLACEMENT_3D('',#5717,#5718,#5719);
#5717 = CARTESIAN_POINT('',(0.,0.,0.));
#5718 = DIRECTION('',(0.,0.,1.));
#5719 = DIRECTION('',(1.,0.,-0.));
#5720 = ( GEOMETRIC_REPRESENTATION_CONTEXT(3) 
GLOBAL_UNCERTAINTY_ASSIGNED_CONTEXT((#5724)) 
GLOBAL_UNIT_ASSIGNED_CONTEXT((#5721,#5722,#5723)) REPRESENTATION_CONTEXT
('Context #1','3D Context with UNIT and UNCERTAINTY') );
#5721 = ( LENGTH_UNIT() NAMED_UNIT(*) SI_UNIT(.MILLI.,.METRE.) );
#5722 = ( NAMED_UNIT(*) PLANE_ANGLE_UNIT() SI_UNIT($,.RADIAN.) );
#5723 = ( NAMED_UNIT(*) SI_UNIT($,.STERADIAN.) SOLID_ANGLE_UNIT() );
#5724 = UNCERTAINTY_MEASURE_WITH_UNIT(LENGTH_MEASURE(1.E-07),#5721,
  'distance_accuracy_value','confusion accuracy');
#5725 = SHAPE_DEFINITION_REPRESENTATION(#5726,#5707);
#5726 = PRODUCT_DEFINITION_SHAPE('','',#5727);
#5727 = PRODUCT_DEFINITION('design','',#5728,#5731);
#5728 = PRODUCT_DEFINITION_FORMATION('','',#5729);
#5729 = PRODUCT('K7','K7','',(#5730));
#5730 = PRODUCT_CONTEXT('',#2,'mechanical');
#5731 = PRODUCT_DEFINITION_CONTEXT('part definition',#2,'design');
#5732 = CONTEXT_DEPENDENT_SHAPE_REPRESENTATION(#5733,#5735);
#5733 = ( REPRESENTATION_RELATIONSHIP('','',#5707,#10) 
REPRESENTATION_RELATIONSHIP_WITH_TRANSFORMATION(#5734) 
SHAPE_REPRESENTATION_RELATIONSHIP() );
#5734 = ITEM_DEFINED_TRANSFORMATION('','',#11,#583);
#5735 = PRODUCT_DEFINITION_SHAPE('Placement','Placement of an item',
  #5736);
#5736 = NEXT_ASSEMBLY_USAGE_OCCURRENCE('143','=>[0:1:1:144]','',#5,#5727
  ,$);
#5737 = PRODUCT_RELATED_PRODUCT_CATEGORY('part',$,(#5729));
#5738 = ADVANCED_BREP_SHAPE_REPRESENTATION('',(#11,#5739),#5751);
#5739 = MANIFOLD_SOLID_BREP('',#5740);
#5740 = CLOSED_SHELL('',(#5741));
#5741 = ADVANCED_FACE('',(#5742),#5746,.T.);
#5742 = FACE_BOUND('',#5743,.T.);
#5743 = VERTEX_LOOP('',#5744);
#5744 = VERTEX_POINT('',#5745);
#5745 = CARTESIAN_POINT('',(9.184850993605E-18,-2.249639673993E-33,-0.15
    ));
#5746 = SPHERICAL_SURFACE('',#5747,0.15);
#5747 = AXIS2_PLACEMENT_3D('',#5748,#5749,#5750);
#5748 = CARTESIAN_POINT('',(0.,0.,0.));
#5749 = DIRECTION('',(0.,0.,1.));
#5750 = DIRECTION('',(1.,0.,-0.));
#5751 = ( GEOMETRIC_REPRESENTATION_CONTEXT(3) 
GLOBAL_UNCERTAINTY_ASSIGNED_CONTEXT((#5755)) 
GLOBAL_UNIT_ASSIGNED_CONTEXT((#5752,#5753,#5754)) REPRESENTATION_CONTEXT
('Context #1','3D Context with UNIT and UNCERTAINTY') );
#5752 = ( LENGTH_UNIT() NAMED_UNIT(*) SI_UNIT(.MILLI.,.METRE.) );
#5753 = ( NAMED_UNIT(*) PLANE_ANGLE_UNIT() SI_UNIT($,.RADIAN.) );
#5754 = ( NAMED_UNIT(*) SI_UNIT($,.STERADIAN.) SOLID_ANGLE_UNIT() );
#5755 = UNCERTAINTY_MEASURE_WITH_UNIT(LENGTH_MEASURE(1.E-07),#5752,
  'distance_accuracy_value','confusion accuracy');
#5756 = SHAPE_DEFINITION_REPRESENTATION(#5757,#5738);
#5757 = PRODUCT_DEFINITION_SHAPE('','',#5758);
#5758 = PRODUCT_DEFINITION('design','',#5759,#5762);
#5759 = PRODUCT_DEFINITION_FORMATION('','',#5760);
#5760 = PRODUCT('K9','K9','',(#5761));
#5761 = PRODUCT_CONTEXT('',#2,'mechanical');
#5762 = PRODUCT_DEFINITION_CONTEXT('part definition',#2,'design');
#5763 = CONTEXT_DEPENDENT_SHAPE_REPRESENTATION(#5764,#5766);
#5764 = ( REPRESENTATION_RELATIONSHIP('','',#5738,#10) 
REPRESENTATION_RELATIONSHIP_WITH_TRANSFORMATION(#5765) 
SHAPE_REPRESENTATION_RELATIONSHIP() );
#5765 = ITEM_DEFINED_TRANSFORMATION('','',#11,#587);
#5766 = PRODUCT_DEFINITION_SHAPE('Placement','Placement of an item',
  #5767);
#5767 = NEXT_ASSEMBLY_USAGE_OCCURRENCE('144','=>[0:1:1:145]','',#5,#5758
  ,$);
#5768 = PRODUCT_RELATED_PRODUCT_CATEGORY('part',$,(#5760));
#5769 = ADVANCED_BREP_SHAPE_REPRESENTATION('',(#11,#5770),#5782);
#5770 = MANIFOLD_SOLID_BREP('',#5771);
#5771 = CLOSED_SHELL('',(#5772));
#5772 = ADVANCED_FACE('',(#5773),#5777,.T.);
#5773 = FACE_BOUND('',#5774,.T.);
#5774 = VERTEX_LOOP('',#5775);
#5775 = VERTEX_POINT('',#5776);
#5776 = CARTESIAN_POINT('',(9.184850993605E-18,-2.249639673993E-33,-0.15
    ));
#5777 = SPHERICAL_SURFACE('',#5778,0.15);
#5778 = AXIS2_PLACEMENT_3D('',#5779,#5780,#5781);
#5779 = CARTESIAN_POINT('',(0.,0.,0.));
#5780 = DIRECTION('',(0.,0.,1.));
#5781 = DIRECTION('',(1.,0.,-0.));
#5782 = ( GEOMETRIC_REPRESENTATION_CONTEXT(3) 
GLOBAL_UNCERTAINTY_ASSIGNED_CONTEXT((#5786)) 
GLOBAL_UNIT_ASSIGNED_CONTEXT((#5783,#5784,#5785)) REPRESENTATION_CONTEXT
('Context #1','3D Context with UNIT and UNCERTAINTY') );
#5783 = ( LENGTH_UNIT() NAMED_UNIT(*) SI_UNIT(.MILLI.,.METRE.) );
#5784 = ( NAMED_UNIT(*) PLANE_ANGLE_UNIT() SI_UNIT($,.RADIAN.) );
#5785 = ( NAMED_UNIT(*) SI_UNIT($,.STERADIAN.) SOLID_ANGLE_UNIT() );
#5786 = UNCERTAINTY_MEASURE_WITH_UNIT(LENGTH_MEASURE(1.E-07),#5783,
  'distance_accuracy_value','confusion accuracy');
#5787 = SHAPE_DEFINITION_REPRESENTATION(#5788,#5769);
#5788 = PRODUCT_DEFINITION_SHAPE('','',#5789);
#5789 = PRODUCT_DEFINITION('design','',#5790,#5793);
#5790 = PRODUCT_DEFINITION_FORMATION('','',#5791);
#5791 = PRODUCT('K10','K10','',(#5792));
#5792 = PRODUCT_CONTEXT('',#2,'mechanical');
#5793 = PRODUCT_DEFINITION_CONTEXT('part definition',#2,'design');
#5794 = CONTEXT_DEPENDENT_SHAPE_REPRESENTATION(#5795,#5797);
#5795 = ( REPRESENTATION_RELATIONSHIP('','',#5769,#10) 
REPRESENTATION_RELATIONSHIP_WITH_TRANSFORMATION(#5796) 
SHAPE_REPRESENTATION_RELATIONSHIP() );
#5796 = ITEM_DEFINED_TRANSFORMATION('','',#11,#591);
#5797 = PRODUCT_DEFINITION_SHAPE('Placement','Placement of an item',
  #5798);
#5798 = NEXT_ASSEMBLY_USAGE_OCCURRENCE('145','=>[0:1:1:146]','',#5,#5789
  ,$);
#5799 = PRODUCT_RELATED_PRODUCT_CATEGORY('part',$,(#5791));
#5800 = ADVANCED_BREP_SHAPE_REPRESENTATION('',(#11,#5801),#5813);
#5801 = MANIFOLD_SOLID_BREP('',#5802);
#5802 = CLOSED_SHELL('',(#5803));
#5803 = ADVANCED_FACE('',(#5804),#5808,.T.);
#5804 = FACE_BOUND('',#5805,.T.);
#5805 = VERTEX_LOOP('',#5806);
#5806 = VERTEX_POINT('',#5807);
#5807 = CARTESIAN_POINT('',(9.184850993605E-18,-2.249639673993E-33,-0.15
    ));
#5808 = SPHERICAL_SURFACE('',#5809,0.15);
#5809 = AXIS2_PLACEMENT_3D('',#5810,#5811,#5812);
#5810 = CARTESIAN_POINT('',(0.,0.,0.));
#5811 = DIRECTION('',(0.,0.,1.));
#5812 = DIRECTION('',(1.,0.,-0.));
#5813 = ( GEOMETRIC_REPRESENTATION_CONTEXT(3) 
GLOBAL_UNCERTAINTY_ASSIGNED_CONTEXT((#5817)) 
GLOBAL_UNIT_ASSIGNED_CONTEXT((#5814,#5815,#5816)) REPRESENTATION_CONTEXT
('Context #1','3D Context with UNIT and UNCERTAINTY') );
#5814 = ( LENGTH_UNIT() NAMED_UNIT(*) SI_UNIT(.MILLI.,.METRE.) );
#5815 = ( NAMED_UNIT(*) PLANE_ANGLE_UNIT() SI_UNIT($,.RADIAN.) );
#5816 = ( NAMED_UNIT(*) SI_UNIT($,.STERADIAN.) SOLID_ANGLE_UNIT() );
#5817 = UNCERTAINTY_MEASURE_WITH_UNIT(LENGTH_MEASURE(1.E-07),#5814,
  'distance_accuracy_value','confusion accuracy');
#5818 = SHAPE_DEFINITION_REPRESENTATION(#5819,#5800);
#5819 = PRODUCT_DEFINITION_SHAPE('','',#5820);
#5820 = PRODUCT_DEFINITION('design','',#5821,#5824);
#5821 = PRODUCT_DEFINITION_FORMATION('','',#5822);
#5822 = PRODUCT('K11','K11','',(#5823));
#5823 = PRODUCT_CONTEXT('',#2,'mechanical');
#5824 = PRODUCT_DEFINITION_CONTEXT('part definition',#2,'design');
#5825 = CONTEXT_DEPENDENT_SHAPE_REPRESENTATION(#5826,#5828);
#5826 = ( REPRESENTATION_RELATIONSHIP('','',#5800,#10) 
REPRESENTATION_RELATIONSHIP_WITH_TRANSFORMATION(#5827) 
SHAPE_REPRESENTATION_RELATIONSHIP() );
#5827 = ITEM_DEFINED_TRANSFORMATION('','',#11,#595);
#5828 = PRODUCT_DEFINITION_SHAPE('Placement','Placement of an item',
  #5829);
#5829 = NEXT_ASSEMBLY_USAGE_OCCURRENCE('146','=>[0:1:1:147]','',#5,#5820
  ,$);
#5830 = PRODUCT_RELATED_PRODUCT_CATEGORY('part',$,(#5822));
#5831 = ADVANCED_BREP_SHAPE_REPRESENTATION('',(#11,#5832),#5844);
#5832 = MANIFOLD_SOLID_BREP('',#5833);
#5833 = CLOSED_SHELL('',(#5834));
#5834 = ADVANCED_FACE('',(#5835),#5839,.T.);
#5835 = FACE_BOUND('',#5836,.T.);
#5836 = VERTEX_LOOP('',#5837);
#5837 = VERTEX_POINT('',#5838);
#5838 = CARTESIAN_POINT('',(9.184850993605E-18,-2.249639673993E-33,-0.15
    ));
#5839 = SPHERICAL_SURFACE('',#5840,0.15);
#5840 = AXIS2_PLACEMENT_3D('',#5841,#5842,#5843);
#5841 = CARTESIAN_POINT('',(0.,0.,0.));
#5842 = DIRECTION('',(0.,0.,1.));
#5843 = DIRECTION('',(1.,0.,-0.));
#5844 = ( GEOMETRIC_REPRESENTATION_CONTEXT(3) 
GLOBAL_UNCERTAINTY_ASSIGNED_CONTEXT((#5848)) 
GLOBAL_UNIT_ASSIGNED_CONTEXT((#5845,#5846,#5847)) REPRESENTATION_CONTEXT
('Context #1','3D Context with UNIT and UNCERTAINTY') );
#5845 = ( LENGTH_UNIT() NAMED_UNIT(*) SI_UNIT(.MILLI.,.METRE.) );
#5846 = ( NAMED_UNIT(*) PLANE_ANGLE_UNIT() SI_UNIT($,.RADIAN.) );
#5847 = ( NAMED_UNIT(*) SI_UNIT($,.STERADIAN.) SOLID_ANGLE_UNIT() );
#5848 = UNCERTAINTY_MEASURE_WITH_UNIT(LENGTH_MEASURE(1.E-07),#5845,
  'distance_accuracy_value','confusion accuracy');
#5849 = SHAPE_DEFINITION_REPRESENTATION(#5850,#5831);
#5850 = PRODUCT_DEFINITION_SHAPE('','',#5851);
#5851 = PRODUCT_DEFINITION('design','',#5852,#5855);
#5852 = PRODUCT_DEFINITION_FORMATION('','',#5853);
#5853 = PRODUCT('K12','K12','',(#5854));
#5854 = PRODUCT_CONTEXT('',#2,'mechanical');
#5855 = PRODUCT_DEFINITION_CONTEXT('part definition',#2,'design');
#5856 = CONTEXT_DEPENDENT_SHAPE_REPRESENTATION(#5857,#5859);
#5857 = ( REPRESENTATION_RELATIONSHIP('','',#5831,#10) 
REPRESENTATION_RELATIONSHIP_WITH_TRANSFORMATION(#5858) 
SHAPE_REPRESENTATION_RELATIONSHIP() );
#5858 = ITEM_DEFINED_TRANSFORMATION('','',#11,#599);
#5859 = PRODUCT_DEFINITION_SHAPE('Placement','Placement of an item',
  #5860);
#5860 = NEXT_ASSEMBLY_USAGE_OCCURRENCE('147','=>[0:1:1:148]','',#5,#5851
  ,$);
#5861 = PRODUCT_RELATED_PRODUCT_CATEGORY('part',$,(#5853));
#5862 = ADVANCED_BREP_SHAPE_REPRESENTATION('',(#11,#5863),#5875);
#5863 = MANIFOLD_SOLID_BREP('',#5864);
#5864 = CLOSED_SHELL('',(#5865));
#5865 = ADVANCED_FACE('',(#5866),#5870,.T.);
#5866 = FACE_BOUND('',#5867,.T.);
#5867 = VERTEX_LOOP('',#5868);
#5868 = VERTEX_POINT('',#5869);
#5869 = CARTESIAN_POINT('',(9.184850993605E-18,-2.249639673993E-33,-0.15
    ));
#5870 = SPHERICAL_SURFACE('',#5871,0.15);
#5871 = AXIS2_PLACEMENT_3D('',#5872,#5873,#5874);
#5872 = CARTESIAN_POINT('',(0.,0.,0.));
#5873 = DIRECTION('',(0.,0.,1.));
#5874 = DIRECTION('',(1.,0.,-0.));
#5875 = ( GEOMETRIC_REPRESENTATION_CONTEXT(3) 
GLOBAL_UNCERTAINTY_ASSIGNED_CONTEXT((#5879)) 
GLOBAL_UNIT_ASSIGNED_CONTEXT((#5876,#5877,#5878)) REPRESENTATION_CONTEXT
('Context #1','3D Context with UNIT and UNCERTAINTY') );
#5876 = ( LENGTH_UNIT() NAMED_UNIT(*) SI_UNIT(.MILLI.,.METRE.) );
#5877 = ( NAMED_UNIT(*) PLANE_ANGLE_UNIT() SI_UNIT($,.RADIAN.) );
#5878 = ( NAMED_UNIT(*) SI_UNIT($,.STERADIAN.) SOLID_ANGLE_UNIT() );
#5879 = UNCERTAINTY_MEASURE_WITH_UNIT(LENGTH_MEASURE(1.E-07),#5876,
  'distance_accuracy_value','confusion accuracy');
#5880 = SHAPE_DEFINITION_REPRESENTATION(#5881,#5862);
#5881 = PRODUCT_DEFINITION_SHAPE('','',#5882);
#5882 = PRODUCT_DEFINITION('design','',#5883,#5886);
#5883 = PRODUCT_DEFINITION_FORMATION('','',#5884);
#5884 = PRODUCT('K13','K13','',(#5885));
#5885 = PRODUCT_CONTEXT('',#2,'mechanical');
#5886 = PRODUCT_DEFINITION_CONTEXT('part definition',#2,'design');
#5887 = CONTEXT_DEPENDENT_SHAPE_REPRESENTATION(#5888,#5890);
#5888 = ( REPRESENTATION_RELATIONSHIP('','',#5862,#10) 
REPRESENTATION_RELATIONSHIP_WITH_TRANSFORMATION(#5889) 
SHAPE_REPRESENTATION_RELATIONSHIP() );
#5889 = ITEM_DEFINED_TRANSFORMATION('','',#11,#603);
#5890 = PRODUCT_DEFINITION_SHAPE('Placement','Placement of an item',
  #5891);
#5891 = NEXT_ASSEMBLY_USAGE_OCCURRENCE('148','=>[0:1:1:149]','',#5,#5882
  ,$);
#5892 = PRODUCT_RELATED_PRODUCT_CATEGORY('part',$,(#5884));
#5893 = ADVANCED_BREP_SHAPE_REPRESENTATION('',(#11,#5894),#5906);
#5894 = MANIFOLD_SOLID_BREP('',#5895);
#5895 = CLOSED_SHELL('',(#5896));
#5896 = ADVANCED_FACE('',(#5897),#5901,.T.);
#5897 = FACE_BOUND('',#5898,.T.);
#5898 = VERTEX_LOOP('',#5899);
#5899 = VERTEX_POINT('',#5900);
#5900 = CARTESIAN_POINT('',(9.184850993605E-18,-2.249639673993E-33,-0.15
    ));
#5901 = SPHERICAL_SURFACE('',#5902,0.15);
#5902 = AXIS2_PLACEMENT_3D('',#5903,#5904,#5905);
#5903 = CARTESIAN_POINT('',(0.,0.,0.));
#5904 = DIRECTION('',(0.,0.,1.));
#5905 = DIRECTION('',(1.,0.,-0.));
#5906 = ( GEOMETRIC_REPRESENTATION_CONTEXT(3) 
GLOBAL_UNCERTAINTY_ASSIGNED_CONTEXT((#5910)) 
GLOBAL_UNIT_ASSIGNED_CONTEXT((#5907,#5908,#5909)) REPRESENTATION_CONTEXT
('Context #1','3D Context with UNIT and UNCERTAINTY') );
#5907 = ( LENGTH_UNIT() NAMED_UNIT(*) SI_UNIT(.MILLI.,.METRE.) );
#5908 = ( NAMED_UNIT(*) PLANE_ANGLE_UNIT() SI_UNIT($,.RADIAN.) );
#5909 = ( NAMED_UNIT(*) SI_UNIT($,.STERADIAN.) SOLID_ANGLE_UNIT() );
#5910 = UNCERTAINTY_MEASURE_WITH_UNIT(LENGTH_MEASURE(1.E-07),#5907,
  'distance_accuracy_value','confusion accuracy');
#5911 = SHAPE_DEFINITION_REPRESENTATION(#5912,#5893);
#5912 = PRODUCT_DEFINITION_SHAPE('','',#5913);
#5913 = PRODUCT_DEFINITION('design','',#5914,#5917);
#5914 = PRODUCT_DEFINITION_FORMATION('','',#5915);
#5915 = PRODUCT('K15','K15','',(#5916));
#5916 = PRODUCT_CONTEXT('',#2,'mechanical');
#5917 = PRODUCT_DEFINITION_CONTEXT('part definition',#2,'design');
#5918 = CONTEXT_DEPENDENT_SHAPE_REPRESENTATION(#5919,#5921);
#5919 = ( REPRESENTATION_RELATIONSHIP('','',#5893,#10) 
REPRESENTATION_RELATIONSHIP_WITH_TRANSFORMATION(#5920) 
SHAPE_REPRESENTATION_RELATIONSHIP() );
#5920 = ITEM_DEFINED_TRANSFORMATION('','',#11,#607);
#5921 = PRODUCT_DEFINITION_SHAPE('Placement','Placement of an item',
  #5922);
#5922 = NEXT_ASSEMBLY_USAGE_OCCURRENCE('149','=>[0:1:1:150]','',#5,#5913
  ,$);
#5923 = PRODUCT_RELATED_PRODUCT_CATEGORY('part',$,(#5915));
#5924 = ADVANCED_BREP_SHAPE_REPRESENTATION('',(#11,#5925),#5937);
#5925 = MANIFOLD_SOLID_BREP('',#5926);
#5926 = CLOSED_SHELL('',(#5927));
#5927 = ADVANCED_FACE('',(#5928),#5932,.T.);
#5928 = FACE_BOUND('',#5929,.T.);
#5929 = VERTEX_LOOP('',#5930);
#5930 = VERTEX_POINT('',#5931);
#5931 = CARTESIAN_POINT('',(9.184850993605E-18,-2.249639673993E-33,-0.15
    ));
#5932 = SPHERICAL_SURFACE('',#5933,0.15);
#5933 = AXIS2_PLACEMENT_3D('',#5934,#5935,#5936);
#5934 = CARTESIAN_POINT('',(0.,0.,0.));
#5935 = DIRECTION('',(0.,0.,1.));
#5936 = DIRECTION('',(1.,0.,-0.));
#5937 = ( GEOMETRIC_REPRESENTATION_CONTEXT(3) 
GLOBAL_UNCERTAINTY_ASSIGNED_CONTEXT((#5941)) 
GLOBAL_UNIT_ASSIGNED_CONTEXT((#5938,#5939,#5940)) REPRESENTATION_CONTEXT
('Context #1','3D Context with UNIT and UNCERTAINTY') );
#5938 = ( LENGTH_UNIT() NAMED_UNIT(*) SI_UNIT(.MILLI.,.METRE.) );
#5939 = ( NAMED_UNIT(*) PLANE_ANGLE_UNIT() SI_UNIT($,.RADIAN.) );
#5940 = ( NAMED_UNIT(*) SI_UNIT($,.STERADIAN.) SOLID_ANGLE_UNIT() );
#5941 = UNCERTAINTY_MEASURE_WITH_UNIT(LENGTH_MEASURE(1.E-07),#5938,
  'distance_accuracy_value','confusion accuracy');
#5942 = SHAPE_DEFINITION_REPRESENTATION(#5943,#5924);
#5943 = PRODUCT_DEFINITION_SHAPE('','',#5944);
#5944 = PRODUCT_DEFINITION('design','',#5945,#5948);
#5945 = PRODUCT_DEFINITION_FORMATION('','',#5946);
#5946 = PRODUCT('K17','K17','',(#5947));
#5947 = PRODUCT_CONTEXT('',#2,'mechanical');
#5948 = PRODUCT_DEFINITION_CONTEXT('part definition',#2,'design');
#5949 = CONTEXT_DEPENDENT_SHAPE_REPRESENTATION(#5950,#5952);
#5950 = ( REPRESENTATION_RELATIONSHIP('','',#5924,#10) 
REPRESENTATION_RELATIONSHIP_WITH_TRANSFORMATION(#5951) 
SHAPE_REPRESENTATION_RELATIONSHIP() );
#5951 = ITEM_DEFINED_TRANSFORMATION('','',#11,#611);
#5952 = PRODUCT_DEFINITION_SHAPE('Placement','Placement of an item',
  #5953);
#5953 = NEXT_ASSEMBLY_USAGE_OCCURRENCE('150','=>[0:1:1:151]','',#5,#5944
  ,$);
#5954 = PRODUCT_RELATED_PRODUCT_CATEGORY('part',$,(#5946));
#5955 = ADVANCED_BREP_SHAPE_REPRESENTATION('',(#11,#5956),#5968);
#5956 = MANIFOLD_SOLID_BREP('',#5957);
#5957 = CLOSED_SHELL('',(#5958));
#5958 = ADVANCED_FACE('',(#5959),#5963,.T.);
#5959 = FACE_BOUND('',#5960,.T.);
#5960 = VERTEX_LOOP('',#5961);
#5961 = VERTEX_POINT('',#5962);
#5962 = CARTESIAN_POINT('',(9.184850993605E-18,-2.249639673993E-33,-0.15
    ));
#5963 = SPHERICAL_SURFACE('',#5964,0.15);
#5964 = AXIS2_PLACEMENT_3D('',#5965,#5966,#5967);
#5965 = CARTESIAN_POINT('',(0.,0.,0.));
#5966 = DIRECTION('',(0.,0.,1.));
#5967 = DIRECTION('',(1.,0.,-0.));
#5968 = ( GEOMETRIC_REPRESENTATION_CONTEXT(3) 
GLOBAL_UNCERTAINTY_ASSIGNED_CONTEXT((#5972)) 
GLOBAL_UNIT_ASSIGNED_CONTEXT((#5969,#5970,#5971)) REPRESENTATION_CONTEXT
('Context #1','3D Context with UNIT and UNCERTAINTY') );
#5969 = ( LENGTH_UNIT() NAMED_UNIT(*) SI_UNIT(.MILLI.,.METRE.) );
#5970 = ( NAMED_UNIT(*) PLANE_ANGLE_UNIT() SI_UNIT($,.RADIAN.) );
#5971 = ( NAMED_UNIT(*) SI_UNIT($,.STERADIAN.) SOLID_ANGLE_UNIT() );
#5972 = UNCERTAINTY_MEASURE_WITH_UNIT(LENGTH_MEASURE(1.E-07),#5969,
  'distance_accuracy_value','confusion accuracy');
#5973 = SHAPE_DEFINITION_REPRESENTATION(#5974,#5955);
#5974 = PRODUCT_DEFINITION_SHAPE('','',#5975);
#5975 = PRODUCT_DEFINITION('design','',#5976,#5979);
#5976 = PRODUCT_DEFINITION_FORMATION('','',#5977);
#5977 = PRODUCT('K19','K19','',(#5978));
#5978 = PRODUCT_CONTEXT('',#2,'mechanical');
#5979 = PRODUCT_DEFINITION_CONTEXT('part definition',#2,'design');
#5980 = CONTEXT_DEPENDENT_SHAPE_REPRESENTATION(#5981,#5983);
#5981 = ( REPRESENTATION_RELATIONSHIP('','',#5955,#10) 
REPRESENTATION_RELATIONSHIP_WITH_TRANSFORMATION(#5982) 
SHAPE_REPRESENTATION_RELATIONSHIP() );
#5982 = ITEM_DEFINED_TRANSFORMATION('','',#11,#615);
#5983 = PRODUCT_DEFINITION_SHAPE('Placement','Placement of an item',
  #5984);
#5984 = NEXT_ASSEMBLY_USAGE_OCCURRENCE('151','=>[0:1:1:152]','',#5,#5975
  ,$);
#5985 = PRODUCT_RELATED_PRODUCT_CATEGORY('part',$,(#5977));
#5986 = ADVANCED_BREP_SHAPE_REPRESENTATION('',(#11,#5987),#5999);
#5987 = MANIFOLD_SOLID_BREP('',#5988);
#5988 = CLOSED_SHELL('',(#5989));
#5989 = ADVANCED_FACE('',(#5990),#5994,.T.);
#5990 = FACE_BOUND('',#5991,.T.);
#5991 = VERTEX_LOOP('',#5992);
#5992 = VERTEX_POINT('',#5993);
#5993 = CARTESIAN_POINT('',(9.184850993605E-18,-2.249639673993E-33,-0.15
    ));
#5994 = SPHERICAL_SURFACE('',#5995,0.15);
#5995 = AXIS2_PLACEMENT_3D('',#5996,#5997,#5998);
#5996 = CARTESIAN_POINT('',(0.,0.,0.));
#5997 = DIRECTION('',(0.,0.,1.));
#5998 = DIRECTION('',(1.,0.,-0.));
#5999 = ( GEOMETRIC_REPRESENTATION_CONTEXT(3) 
GLOBAL_UNCERTAINTY_ASSIGNED_CONTEXT((#6003)) 
GLOBAL_UNIT_ASSIGNED_CONTEXT((#6000,#6001,#6002)) REPRESENTATION_CONTEXT
('Context #1','3D Context with UNIT and UNCERTAINTY') );
#6000 = ( LENGTH_UNIT() NAMED_UNIT(*) SI_UNIT(.MILLI.,.METRE.) );
#6001 = ( NAMED_UNIT(*) PLANE_ANGLE_UNIT() SI_UNIT($,.RADIAN.) );
#6002 = ( NAMED_UNIT(*) SI_UNIT($,.STERADIAN.) SOLID_ANGLE_UNIT() );
#6003 = UNCERTAINTY_MEASURE_WITH_UNIT(LENGTH_MEASURE(1.E-07),#6000,
  'distance_accuracy_value','confusion accuracy');
#6004 = SHAPE_DEFINITION_REPRESENTATION(#6005,#5986);
#6005 = PRODUCT_DEFINITION_SHAPE('','',#6006);
#6006 = PRODUCT_DEFINITION('design','',#6007,#6010);
#6007 = PRODUCT_DEFINITION_FORMATION('','',#6008);
#6008 = PRODUCT('K20','K20','',(#6009));
#6009 = PRODUCT_CONTEXT('',#2,'mechanical');
#6010 = PRODUCT_DEFINITION_CONTEXT('part definition',#2,'design');
#6011 = CONTEXT_DEPENDENT_SHAPE_REPRESENTATION(#6012,#6014);
#6012 = ( REPRESENTATION_RELATIONSHIP('','',#5986,#10) 
REPRESENTATION_RELATIONSHIP_WITH_TRANSFORMATION(#6013) 
SHAPE_REPRESENTATION_RELATIONSHIP() );
#6013 = ITEM_DEFINED_TRANSFORMATION('','',#11,#619);
#6014 = PRODUCT_DEFINITION_SHAPE('Placement','Placement of an item',
  #6015);
#6015 = NEXT_ASSEMBLY_USAGE_OCCURRENCE('152','=>[0:1:1:153]','',#5,#6006
  ,$);
#6016 = PRODUCT_RELATED_PRODUCT_CATEGORY('part',$,(#6008));
#6017 = ADVANCED_BREP_SHAPE_REPRESENTATION('',(#11,#6018),#6030);
#6018 = MANIFOLD_SOLID_BREP('',#6019);
#6019 = CLOSED_SHELL('',(#6020));
#6020 = ADVANCED_FACE('',(#6021),#6025,.T.);
#6021 = FACE_BOUND('',#6022,.T.);
#6022 = VERTEX_LOOP('',#6023);
#6023 = VERTEX_POINT('',#6024);
#6024 = CARTESIAN_POINT('',(9.184850993605E-18,-2.249639673993E-33,-0.15
    ));
#6025 = SPHERICAL_SURFACE('',#6026,0.15);
#6026 = AXIS2_PLACEMENT_3D('',#6027,#6028,#6029);
#6027 = CARTESIAN_POINT('',(0.,0.,0.));
#6028 = DIRECTION('',(0.,0.,1.));
#6029 = DIRECTION('',(1.,0.,-0.));
#6030 = ( GEOMETRIC_REPRESENTATION_CONTEXT(3) 
GLOBAL_UNCERTAINTY_ASSIGNED_CONTEXT((#6034)) 
GLOBAL_UNIT_ASSIGNED_CONTEXT((#6031,#6032,#6033)) REPRESENTATION_CONTEXT
('Context #1','3D Context with UNIT and UNCERTAINTY') );
#6031 = ( LENGTH_UNIT() NAMED_UNIT(*) SI_UNIT(.MILLI.,.METRE.) );
#6032 = ( NAMED_UNIT(*) PLANE_ANGLE_UNIT() SI_UNIT($,.RADIAN.) );
#6033 = ( NAMED_UNIT(*) SI_UNIT($,.STERADIAN.) SOLID_ANGLE_UNIT() );
#6034 = UNCERTAINTY_MEASURE_WITH_UNIT(LENGTH_MEASURE(1.E-07),#6031,
  'distance_accuracy_value','confusion accuracy');
#6035 = SHAPE_DEFINITION_REPRESENTATION(#6036,#6017);
#6036 = PRODUCT_DEFINITION_SHAPE('','',#6037);
#6037 = PRODUCT_DEFINITION('design','',#6038,#6041);
#6038 = PRODUCT_DEFINITION_FORMATION('','',#6039);
#6039 = PRODUCT('K21','K21','',(#6040));
#6040 = PRODUCT_CONTEXT('',#2,'mechanical');
#6041 = PRODUCT_DEFINITION_CONTEXT('part definition',#2,'design');
#6042 = CONTEXT_DEPENDENT_SHAPE_REPRESENTATION(#6043,#6045);
#6043 = ( REPRESENTATION_RELATIONSHIP('','',#6017,#10) 
REPRESENTATION_RELATIONSHIP_WITH_TRANSFORMATION(#6044) 
SHAPE_REPRESENTATION_RELATIONSHIP() );
#6044 = ITEM_DEFINED_TRANSFORMATION('','',#11,#623);
#6045 = PRODUCT_DEFINITION_SHAPE('Placement','Placement of an item',
  #6046);
#6046 = NEXT_ASSEMBLY_USAGE_OCCURRENCE('153','=>[0:1:1:154]','',#5,#6037
  ,$);
#6047 = PRODUCT_RELATED_PRODUCT_CATEGORY('part',$,(#6039));
#6048 = ADVANCED_BREP_SHAPE_REPRESENTATION('',(#11,#6049),#6061);
#6049 = MANIFOLD_SOLID_BREP('',#6050);
#6050 = CLOSED_SHELL('',(#6051));
#6051 = ADVANCED_FACE('',(#6052),#6056,.T.);
#6052 = FACE_BOUND('',#6053,.T.);
#6053 = VERTEX_LOOP('',#6054);
#6054 = VERTEX_POINT('',#6055);
#6055 = CARTESIAN_POINT('',(9.184850993605E-18,-2.249639673993E-33,-0.15
    ));
#6056 = SPHERICAL_SURFACE('',#6057,0.15);
#6057 = AXIS2_PLACEMENT_3D('',#6058,#6059,#6060);
#6058 = CARTESIAN_POINT('',(0.,0.,0.));
#6059 = DIRECTION('',(0.,0.,1.));
#6060 = DIRECTION('',(1.,0.,-0.));
#6061 = ( GEOMETRIC_REPRESENTATION_CONTEXT(3) 
GLOBAL_UNCERTAINTY_ASSIGNED_CONTEXT((#6065)) 
GLOBAL_UNIT_ASSIGNED_CONTEXT((#6062,#6063,#6064)) REPRESENTATION_CONTEXT
('Context #1','3D Context with UNIT and UNCERTAINTY') );
#6062 = ( LENGTH_UNIT() NAMED_UNIT(*) SI_UNIT(.MILLI.,.METRE.) );
#6063 = ( NAMED_UNIT(*) PLANE_ANGLE_UNIT() SI_UNIT($,.RADIAN.) );
#6064 = ( NAMED_UNIT(*) SI_UNIT($,.STERADIAN.) SOLID_ANGLE_UNIT() );
#6065 = UNCERTAINTY_MEASURE_WITH_UNIT(LENGTH_MEASURE(1.E-07),#6062,
  'distance_accuracy_value','confusion accuracy');
#6066 = SHAPE_DEFINITION_REPRESENTATION(#6067,#6048);
#6067 = PRODUCT_DEFINITION_SHAPE('','',#6068);
#6068 = PRODUCT_DEFINITION('design','',#6069,#6072);
#6069 = PRODUCT_DEFINITION_FORMATION('','',#6070);
#6070 = PRODUCT('L2','L2','',(#6071));
#6071 = PRODUCT_CONTEXT('',#2,'mechanical');
#6072 = PRODUCT_DEFINITION_CONTEXT('part definition',#2,'design');
#6073 = CONTEXT_DEPENDENT_SHAPE_REPRESENTATION(#6074,#6076);
#6074 = ( REPRESENTATION_RELATIONSHIP('','',#6048,#10) 
REPRESENTATION_RELATIONSHIP_WITH_TRANSFORMATION(#6075) 
SHAPE_REPRESENTATION_RELATIONSHIP() );
#6075 = ITEM_DEFINED_TRANSFORMATION('','',#11,#627);
#6076 = PRODUCT_DEFINITION_SHAPE('Placement','Placement of an item',
  #6077);
#6077 = NEXT_ASSEMBLY_USAGE_OCCURRENCE('154','=>[0:1:1:155]','',#5,#6068
  ,$);
#6078 = PRODUCT_RELATED_PRODUCT_CATEGORY('part',$,(#6070));
#6079 = ADVANCED_BREP_SHAPE_REPRESENTATION('',(#11,#6080),#6092);
#6080 = MANIFOLD_SOLID_BREP('',#6081);
#6081 = CLOSED_SHELL('',(#6082));
#6082 = ADVANCED_FACE('',(#6083),#6087,.T.);
#6083 = FACE_BOUND('',#6084,.T.);
#6084 = VERTEX_LOOP('',#6085);
#6085 = VERTEX_POINT('',#6086);
#6086 = CARTESIAN_POINT('',(9.184850993605E-18,-2.249639673993E-33,-0.15
    ));
#6087 = SPHERICAL_SURFACE('',#6088,0.15);
#6088 = AXIS2_PLACEMENT_3D('',#6089,#6090,#6091);
#6089 = CARTESIAN_POINT('',(0.,0.,0.));
#6090 = DIRECTION('',(0.,0.,1.));
#6091 = DIRECTION('',(1.,0.,-0.));
#6092 = ( GEOMETRIC_REPRESENTATION_CONTEXT(3) 
GLOBAL_UNCERTAINTY_ASSIGNED_CONTEXT((#6096)) 
GLOBAL_UNIT_ASSIGNED_CONTEXT((#6093,#6094,#6095)) REPRESENTATION_CONTEXT
('Context #1','3D Context with UNIT and UNCERTAINTY') );
#6093 = ( LENGTH_UNIT() NAMED_UNIT(*) SI_UNIT(.MILLI.,.METRE.) );
#6094 = ( NAMED_UNIT(*) PLANE_ANGLE_UNIT() SI_UNIT($,.RADIAN.) );
#6095 = ( NAMED_UNIT(*) SI_UNIT($,.STERADIAN.) SOLID_ANGLE_UNIT() );
#6096 = UNCERTAINTY_MEASURE_WITH_UNIT(LENGTH_MEASURE(1.E-07),#6093,
  'distance_accuracy_value','confusion accuracy');
#6097 = SHAPE_DEFINITION_REPRESENTATION(#6098,#6079);
#6098 = PRODUCT_DEFINITION_SHAPE('','',#6099);
#6099 = PRODUCT_DEFINITION('design','',#6100,#6103);
#6100 = PRODUCT_DEFINITION_FORMATION('','',#6101);
#6101 = PRODUCT('L3','L3','',(#6102));
#6102 = PRODUCT_CONTEXT('',#2,'mechanical');
#6103 = PRODUCT_DEFINITION_CONTEXT('part definition',#2,'design');
#6104 = CONTEXT_DEPENDENT_SHAPE_REPRESENTATION(#6105,#6107);
#6105 = ( REPRESENTATION_RELATIONSHIP('','',#6079,#10) 
REPRESENTATION_RELATIONSHIP_WITH_TRANSFORMATION(#6106) 
SHAPE_REPRESENTATION_RELATIONSHIP() );
#6106 = ITEM_DEFINED_TRANSFORMATION('','',#11,#631);
#6107 = PRODUCT_DEFINITION_SHAPE('Placement','Placement of an item',
  #6108);
#6108 = NEXT_ASSEMBLY_USAGE_OCCURRENCE('155','=>[0:1:1:156]','',#5,#6099
  ,$);
#6109 = PRODUCT_RELATED_PRODUCT_CATEGORY('part',$,(#6101));
#6110 = ADVANCED_BREP_SHAPE_REPRESENTATION('',(#11,#6111),#6123);
#6111 = MANIFOLD_SOLID_BREP('',#6112);
#6112 = CLOSED_SHELL('',(#6113));
#6113 = ADVANCED_FACE('',(#6114),#6118,.T.);
#6114 = FACE_BOUND('',#6115,.T.);
#6115 = VERTEX_LOOP('',#6116);
#6116 = VERTEX_POINT('',#6117);
#6117 = CARTESIAN_POINT('',(9.184850993605E-18,-2.249639673993E-33,-0.15
    ));
#6118 = SPHERICAL_SURFACE('',#6119,0.15);
#6119 = AXIS2_PLACEMENT_3D('',#6120,#6121,#6122);
#6120 = CARTESIAN_POINT('',(0.,0.,0.));
#6121 = DIRECTION('',(0.,0.,1.));
#6122 = DIRECTION('',(1.,0.,-0.));
#6123 = ( GEOMETRIC_REPRESENTATION_CONTEXT(3) 
GLOBAL_UNCERTAINTY_ASSIGNED_CONTEXT((#6127)) 
GLOBAL_UNIT_ASSIGNED_CONTEXT((#6124,#6125,#6126)) REPRESENTATION_CONTEXT
('Context #1','3D Context with UNIT and UNCERTAINTY') );
#6124 = ( LENGTH_UNIT() NAMED_UNIT(*) SI_UNIT(.MILLI.,.METRE.) );
#6125 = ( NAMED_UNIT(*) PLANE_ANGLE_UNIT() SI_UNIT($,.RADIAN.) );
#6126 = ( NAMED_UNIT(*) SI_UNIT($,.STERADIAN.) SOLID_ANGLE_UNIT() );
#6127 = UNCERTAINTY_MEASURE_WITH_UNIT(LENGTH_MEASURE(1.E-07),#6124,
  'distance_accuracy_value','confusion accuracy');
#6128 = SHAPE_DEFINITION_REPRESENTATION(#6129,#6110);
#6129 = PRODUCT_DEFINITION_SHAPE('','',#6130);
#6130 = PRODUCT_DEFINITION('design','',#6131,#6134);
#6131 = PRODUCT_DEFINITION_FORMATION('','',#6132);
#6132 = PRODUCT('L4','L4','',(#6133));
#6133 = PRODUCT_CONTEXT('',#2,'mechanical');
#6134 = PRODUCT_DEFINITION_CONTEXT('part definition',#2,'design');
#6135 = CONTEXT_DEPENDENT_SHAPE_REPRESENTATION(#6136,#6138);
#6136 = ( REPRESENTATION_RELATIONSHIP('','',#6110,#10) 
REPRESENTATION_RELATIONSHIP_WITH_TRANSFORMATION(#6137) 
SHAPE_REPRESENTATION_RELATIONSHIP() );
#6137 = ITEM_DEFINED_TRANSFORMATION('','',#11,#635);
#6138 = PRODUCT_DEFINITION_SHAPE('Placement','Placement of an item',
  #6139);
#6139 = NEXT_ASSEMBLY_USAGE_OCCURRENCE('156','=>[0:1:1:157]','',#5,#6130
  ,$);
#6140 = PRODUCT_RELATED_PRODUCT_CATEGORY('part',$,(#6132));
#6141 = ADVANCED_BREP_SHAPE_REPRESENTATION('',(#11,#6142),#6154);
#6142 = MANIFOLD_SOLID_BREP('',#6143);
#6143 = CLOSED_SHELL('',(#6144));
#6144 = ADVANCED_FACE('',(#6145),#6149,.T.);
#6145 = FACE_BOUND('',#6146,.T.);
#6146 = VERTEX_LOOP('',#6147);
#6147 = VERTEX_POINT('',#6148);
#6148 = CARTESIAN_POINT('',(9.184850993605E-18,-2.249639673993E-33,-0.15
    ));
#6149 = SPHERICAL_SURFACE('',#6150,0.15);
#6150 = AXIS2_PLACEMENT_3D('',#6151,#6152,#6153);
#6151 = CARTESIAN_POINT('',(0.,0.,0.));
#6152 = DIRECTION('',(0.,0.,1.));
#6153 = DIRECTION('',(1.,0.,-0.));
#6154 = ( GEOMETRIC_REPRESENTATION_CONTEXT(3) 
GLOBAL_UNCERTAINTY_ASSIGNED_CONTEXT((#6158)) 
GLOBAL_UNIT_ASSIGNED_CONTEXT((#6155,#6156,#6157)) REPRESENTATION_CONTEXT
('Context #1','3D Context with UNIT and UNCERTAINTY') );
#6155 = ( LENGTH_UNIT() NAMED_UNIT(*) SI_UNIT(.MILLI.,.METRE.) );
#6156 = ( NAMED_UNIT(*) PLANE_ANGLE_UNIT() SI_UNIT($,.RADIAN.) );
#6157 = ( NAMED_UNIT(*) SI_UNIT($,.STERADIAN.) SOLID_ANGLE_UNIT() );
#6158 = UNCERTAINTY_MEASURE_WITH_UNIT(LENGTH_MEASURE(1.E-07),#6155,
  'distance_accuracy_value','confusion accuracy');
#6159 = SHAPE_DEFINITION_REPRESENTATION(#6160,#6141);
#6160 = PRODUCT_DEFINITION_SHAPE('','',#6161);
#6161 = PRODUCT_DEFINITION('design','',#6162,#6165);
#6162 = PRODUCT_DEFINITION_FORMATION('','',#6163);
#6163 = PRODUCT('L5','L5','',(#6164));
#6164 = PRODUCT_CONTEXT('',#2,'mechanical');
#6165 = PRODUCT_DEFINITION_CONTEXT('part definition',#2,'design');
#6166 = CONTEXT_DEPENDENT_SHAPE_REPRESENTATION(#6167,#6169);
#6167 = ( REPRESENTATION_RELATIONSHIP('','',#6141,#10) 
REPRESENTATION_RELATIONSHIP_WITH_TRANSFORMATION(#6168) 
SHAPE_REPRESENTATION_RELATIONSHIP() );
#6168 = ITEM_DEFINED_TRANSFORMATION('','',#11,#639);
#6169 = PRODUCT_DEFINITION_SHAPE('Placement','Placement of an item',
  #6170);
#6170 = NEXT_ASSEMBLY_USAGE_OCCURRENCE('157','=>[0:1:1:158]','',#5,#6161
  ,$);
#6171 = PRODUCT_RELATED_PRODUCT_CATEGORY('part',$,(#6163));
#6172 = ADVANCED_BREP_SHAPE_REPRESENTATION('',(#11,#6173),#6185);
#6173 = MANIFOLD_SOLID_BREP('',#6174);
#6174 = CLOSED_SHELL('',(#6175));
#6175 = ADVANCED_FACE('',(#6176),#6180,.T.);
#6176 = FACE_BOUND('',#6177,.T.);
#6177 = VERTEX_LOOP('',#6178);
#6178 = VERTEX_POINT('',#6179);
#6179 = CARTESIAN_POINT('',(9.184850993605E-18,-2.249639673993E-33,-0.15
    ));
#6180 = SPHERICAL_SURFACE('',#6181,0.15);
#6181 = AXIS2_PLACEMENT_3D('',#6182,#6183,#6184);
#6182 = CARTESIAN_POINT('',(0.,0.,0.));
#6183 = DIRECTION('',(0.,0.,1.));
#6184 = DIRECTION('',(1.,0.,-0.));
#6185 = ( GEOMETRIC_REPRESENTATION_CONTEXT(3) 
GLOBAL_UNCERTAINTY_ASSIGNED_CONTEXT((#6189)) 
GLOBAL_UNIT_ASSIGNED_CONTEXT((#6186,#6187,#6188)) REPRESENTATION_CONTEXT
('Context #1','3D Context with UNIT and UNCERTAINTY') );
#6186 = ( LENGTH_UNIT() NAMED_UNIT(*) SI_UNIT(.MILLI.,.METRE.) );
#6187 = ( NAMED_UNIT(*) PLANE_ANGLE_UNIT() SI_UNIT($,.RADIAN.) );
#6188 = ( NAMED_UNIT(*) SI_UNIT($,.STERADIAN.) SOLID_ANGLE_UNIT() );
#6189 = UNCERTAINTY_MEASURE_WITH_UNIT(LENGTH_MEASURE(1.E-07),#6186,
  'distance_accuracy_value','confusion accuracy');
#6190 = SHAPE_DEFINITION_REPRESENTATION(#6191,#6172);
#6191 = PRODUCT_DEFINITION_SHAPE('','',#6192);
#6192 = PRODUCT_DEFINITION('design','',#6193,#6196);
#6193 = PRODUCT_DEFINITION_FORMATION('','',#6194);
#6194 = PRODUCT('L7','L7','',(#6195));
#6195 = PRODUCT_CONTEXT('',#2,'mechanical');
#6196 = PRODUCT_DEFINITION_CONTEXT('part definition',#2,'design');
#6197 = CONTEXT_DEPENDENT_SHAPE_REPRESENTATION(#6198,#6200);
#6198 = ( REPRESENTATION_RELATIONSHIP('','',#6172,#10) 
REPRESENTATION_RELATIONSHIP_WITH_TRANSFORMATION(#6199) 
SHAPE_REPRESENTATION_RELATIONSHIP() );
#6199 = ITEM_DEFINED_TRANSFORMATION('','',#11,#643);
#6200 = PRODUCT_DEFINITION_SHAPE('Placement','Placement of an item',
  #6201);
#6201 = NEXT_ASSEMBLY_USAGE_OCCURRENCE('158','=>[0:1:1:159]','',#5,#6192
  ,$);
#6202 = PRODUCT_RELATED_PRODUCT_CATEGORY('part',$,(#6194));
#6203 = ADVANCED_BREP_SHAPE_REPRESENTATION('',(#11,#6204),#6216);
#6204 = MANIFOLD_SOLID_BREP('',#6205);
#6205 = CLOSED_SHELL('',(#6206));
#6206 = ADVANCED_FACE('',(#6207),#6211,.T.);
#6207 = FACE_BOUND('',#6208,.T.);
#6208 = VERTEX_LOOP('',#6209);
#6209 = VERTEX_POINT('',#6210);
#6210 = CARTESIAN_POINT('',(9.184850993605E-18,-2.249639673993E-33,-0.15
    ));
#6211 = SPHERICAL_SURFACE('',#6212,0.15);
#6212 = AXIS2_PLACEMENT_3D('',#6213,#6214,#6215);
#6213 = CARTESIAN_POINT('',(0.,0.,0.));
#6214 = DIRECTION('',(0.,0.,1.));
#6215 = DIRECTION('',(1.,0.,-0.));
#6216 = ( GEOMETRIC_REPRESENTATION_CONTEXT(3) 
GLOBAL_UNCERTAINTY_ASSIGNED_CONTEXT((#6220)) 
GLOBAL_UNIT_ASSIGNED_CONTEXT((#6217,#6218,#6219)) REPRESENTATION_CONTEXT
('Context #1','3D Context with UNIT and UNCERTAINTY') );
#6217 = ( LENGTH_UNIT() NAMED_UNIT(*) SI_UNIT(.MILLI.,.METRE.) );
#6218 = ( NAMED_UNIT(*) PLANE_ANGLE_UNIT() SI_UNIT($,.RADIAN.) );
#6219 = ( NAMED_UNIT(*) SI_UNIT($,.STERADIAN.) SOLID_ANGLE_UNIT() );
#6220 = UNCERTAINTY_MEASURE_WITH_UNIT(LENGTH_MEASURE(1.E-07),#6217,
  'distance_accuracy_value','confusion accuracy');
#6221 = SHAPE_DEFINITION_REPRESENTATION(#6222,#6203);
#6222 = PRODUCT_DEFINITION_SHAPE('','',#6223);
#6223 = PRODUCT_DEFINITION('design','',#6224,#6227);
#6224 = PRODUCT_DEFINITION_FORMATION('','',#6225);
#6225 = PRODUCT('L9','L9','',(#6226));
#6226 = PRODUCT_CONTEXT('',#2,'mechanical');
#6227 = PRODUCT_DEFINITION_CONTEXT('part definition',#2,'design');
#6228 = CONTEXT_DEPENDENT_SHAPE_REPRESENTATION(#6229,#6231);
#6229 = ( REPRESENTATION_RELATIONSHIP('','',#6203,#10) 
REPRESENTATION_RELATIONSHIP_WITH_TRANSFORMATION(#6230) 
SHAPE_REPRESENTATION_RELATIONSHIP() );
#6230 = ITEM_DEFINED_TRANSFORMATION('','',#11,#647);
#6231 = PRODUCT_DEFINITION_SHAPE('Placement','Placement of an item',
  #6232);
#6232 = NEXT_ASSEMBLY_USAGE_OCCURRENCE('159','=>[0:1:1:160]','',#5,#6223
  ,$);
#6233 = PRODUCT_RELATED_PRODUCT_CATEGORY('part',$,(#6225));
#6234 = ADVANCED_BREP_SHAPE_REPRESENTATION('',(#11,#6235),#6247);
#6235 = MANIFOLD_SOLID_BREP('',#6236);
#6236 = CLOSED_SHELL('',(#6237));
#6237 = ADVANCED_FACE('',(#6238),#6242,.T.);
#6238 = FACE_BOUND('',#6239,.T.);
#6239 = VERTEX_LOOP('',#6240);
#6240 = VERTEX_POINT('',#6241);
#6241 = CARTESIAN_POINT('',(9.184850993605E-18,-2.249639673993E-33,-0.15
    ));
#6242 = SPHERICAL_SURFACE('',#6243,0.15);
#6243 = AXIS2_PLACEMENT_3D('',#6244,#6245,#6246);
#6244 = CARTESIAN_POINT('',(0.,0.,0.));
#6245 = DIRECTION('',(0.,0.,1.));
#6246 = DIRECTION('',(1.,0.,-0.));
#6247 = ( GEOMETRIC_REPRESENTATION_CONTEXT(3) 
GLOBAL_UNCERTAINTY_ASSIGNED_CONTEXT((#6251)) 
GLOBAL_UNIT_ASSIGNED_CONTEXT((#6248,#6249,#6250)) REPRESENTATION_CONTEXT
('Context #1','3D Context with UNIT and UNCERTAINTY') );
#6248 = ( LENGTH_UNIT() NAMED_UNIT(*) SI_UNIT(.MILLI.,.METRE.) );
#6249 = ( NAMED_UNIT(*) PLANE_ANGLE_UNIT() SI_UNIT($,.RADIAN.) );
#6250 = ( NAMED_UNIT(*) SI_UNIT($,.STERADIAN.) SOLID_ANGLE_UNIT() );
#6251 = UNCERTAINTY_MEASURE_WITH_UNIT(LENGTH_MEASURE(1.E-07),#6248,
  'distance_accuracy_value','confusion accuracy');
#6252 = SHAPE_DEFINITION_REPRESENTATION(#6253,#6234);
#6253 = PRODUCT_DEFINITION_SHAPE('','',#6254);
#6254 = PRODUCT_DEFINITION('design','',#6255,#6258);
#6255 = PRODUCT_DEFINITION_FORMATION('','',#6256);
#6256 = PRODUCT('L10','L10','',(#6257));
#6257 = PRODUCT_CONTEXT('',#2,'mechanical');
#6258 = PRODUCT_DEFINITION_CONTEXT('part definition',#2,'design');
#6259 = CONTEXT_DEPENDENT_SHAPE_REPRESENTATION(#6260,#6262);
#6260 = ( REPRESENTATION_RELATIONSHIP('','',#6234,#10) 
REPRESENTATION_RELATIONSHIP_WITH_TRANSFORMATION(#6261) 
SHAPE_REPRESENTATION_RELATIONSHIP() );
#6261 = ITEM_DEFINED_TRANSFORMATION('','',#11,#651);
#6262 = PRODUCT_DEFINITION_SHAPE('Placement','Placement of an item',
  #6263);
#6263 = NEXT_ASSEMBLY_USAGE_OCCURRENCE('160','=>[0:1:1:161]','',#5,#6254
  ,$);
#6264 = PRODUCT_RELATED_PRODUCT_CATEGORY('part',$,(#6256));
#6265 = ADVANCED_BREP_SHAPE_REPRESENTATION('',(#11,#6266),#6278);
#6266 = MANIFOLD_SOLID_BREP('',#6267);
#6267 = CLOSED_SHELL('',(#6268));
#6268 = ADVANCED_FACE('',(#6269),#6273,.T.);
#6269 = FACE_BOUND('',#6270,.T.);
#6270 = VERTEX_LOOP('',#6271);
#6271 = VERTEX_POINT('',#6272);
#6272 = CARTESIAN_POINT('',(9.184850993605E-18,-2.249639673993E-33,-0.15
    ));
#6273 = SPHERICAL_SURFACE('',#6274,0.15);
#6274 = AXIS2_PLACEMENT_3D('',#6275,#6276,#6277);
#6275 = CARTESIAN_POINT('',(0.,0.,0.));
#6276 = DIRECTION('',(0.,0.,1.));
#6277 = DIRECTION('',(1.,0.,-0.));
#6278 = ( GEOMETRIC_REPRESENTATION_CONTEXT(3) 
GLOBAL_UNCERTAINTY_ASSIGNED_CONTEXT((#6282)) 
GLOBAL_UNIT_ASSIGNED_CONTEXT((#6279,#6280,#6281)) REPRESENTATION_CONTEXT
('Context #1','3D Context with UNIT and UNCERTAINTY') );
#6279 = ( LENGTH_UNIT() NAMED_UNIT(*) SI_UNIT(.MILLI.,.METRE.) );
#6280 = ( NAMED_UNIT(*) PLANE_ANGLE_UNIT() SI_UNIT($,.RADIAN.) );
#6281 = ( NAMED_UNIT(*) SI_UNIT($,.STERADIAN.) SOLID_ANGLE_UNIT() );
#6282 = UNCERTAINTY_MEASURE_WITH_UNIT(LENGTH_MEASURE(1.E-07),#6279,
  'distance_accuracy_value','confusion accuracy');
#6283 = SHAPE_DEFINITION_REPRESENTATION(#6284,#6265);
#6284 = PRODUCT_DEFINITION_SHAPE('','',#6285);
#6285 = PRODUCT_DEFINITION('design','',#6286,#6289);
#6286 = PRODUCT_DEFINITION_FORMATION('','',#6287);
#6287 = PRODUCT('L12','L12','',(#6288));
#6288 = PRODUCT_CONTEXT('',#2,'mechanical');
#6289 = PRODUCT_DEFINITION_CONTEXT('part definition',#2,'design');
#6290 = CONTEXT_DEPENDENT_SHAPE_REPRESENTATION(#6291,#6293);
#6291 = ( REPRESENTATION_RELATIONSHIP('','',#6265,#10) 
REPRESENTATION_RELATIONSHIP_WITH_TRANSFORMATION(#6292) 
SHAPE_REPRESENTATION_RELATIONSHIP() );
#6292 = ITEM_DEFINED_TRANSFORMATION('','',#11,#655);
#6293 = PRODUCT_DEFINITION_SHAPE('Placement','Placement of an item',
  #6294);
#6294 = NEXT_ASSEMBLY_USAGE_OCCURRENCE('161','=>[0:1:1:162]','',#5,#6285
  ,$);
#6295 = PRODUCT_RELATED_PRODUCT_CATEGORY('part',$,(#6287));
#6296 = ADVANCED_BREP_SHAPE_REPRESENTATION('',(#11,#6297),#6309);
#6297 = MANIFOLD_SOLID_BREP('',#6298);
#6298 = CLOSED_SHELL('',(#6299));
#6299 = ADVANCED_FACE('',(#6300),#6304,.T.);
#6300 = FACE_BOUND('',#6301,.T.);
#6301 = VERTEX_LOOP('',#6302);
#6302 = VERTEX_POINT('',#6303);
#6303 = CARTESIAN_POINT('',(9.184850993605E-18,-2.249639673993E-33,-0.15
    ));
#6304 = SPHERICAL_SURFACE('',#6305,0.15);
#6305 = AXIS2_PLACEMENT_3D('',#6306,#6307,#6308);
#6306 = CARTESIAN_POINT('',(0.,0.,0.));
#6307 = DIRECTION('',(0.,0.,1.));
#6308 = DIRECTION('',(1.,0.,-0.));
#6309 = ( GEOMETRIC_REPRESENTATION_CONTEXT(3) 
GLOBAL_UNCERTAINTY_ASSIGNED_CONTEXT((#6313)) 
GLOBAL_UNIT_ASSIGNED_CONTEXT((#6310,#6311,#6312)) REPRESENTATION_CONTEXT
('Context #1','3D Context with UNIT and UNCERTAINTY') );
#6310 = ( LENGTH_UNIT() NAMED_UNIT(*) SI_UNIT(.MILLI.,.METRE.) );
#6311 = ( NAMED_UNIT(*) PLANE_ANGLE_UNIT() SI_UNIT($,.RADIAN.) );
#6312 = ( NAMED_UNIT(*) SI_UNIT($,.STERADIAN.) SOLID_ANGLE_UNIT() );
#6313 = UNCERTAINTY_MEASURE_WITH_UNIT(LENGTH_MEASURE(1.E-07),#6310,
  'distance_accuracy_value','confusion accuracy');
#6314 = SHAPE_DEFINITION_REPRESENTATION(#6315,#6296);
#6315 = PRODUCT_DEFINITION_SHAPE('','',#6316);
#6316 = PRODUCT_DEFINITION('design','',#6317,#6320);
#6317 = PRODUCT_DEFINITION_FORMATION('','',#6318);
#6318 = PRODUCT('L13','L13','',(#6319));
#6319 = PRODUCT_CONTEXT('',#2,'mechanical');
#6320 = PRODUCT_DEFINITION_CONTEXT('part definition',#2,'design');
#6321 = CONTEXT_DEPENDENT_SHAPE_REPRESENTATION(#6322,#6324);
#6322 = ( REPRESENTATION_RELATIONSHIP('','',#6296,#10) 
REPRESENTATION_RELATIONSHIP_WITH_TRANSFORMATION(#6323) 
SHAPE_REPRESENTATION_RELATIONSHIP() );
#6323 = ITEM_DEFINED_TRANSFORMATION('','',#11,#659);
#6324 = PRODUCT_DEFINITION_SHAPE('Placement','Placement of an item',
  #6325);
#6325 = NEXT_ASSEMBLY_USAGE_OCCURRENCE('162','=>[0:1:1:163]','',#5,#6316
  ,$);
#6326 = PRODUCT_RELATED_PRODUCT_CATEGORY('part',$,(#6318));
#6327 = ADVANCED_BREP_SHAPE_REPRESENTATION('',(#11,#6328),#6340);
#6328 = MANIFOLD_SOLID_BREP('',#6329);
#6329 = CLOSED_SHELL('',(#6330));
#6330 = ADVANCED_FACE('',(#6331),#6335,.T.);
#6331 = FACE_BOUND('',#6332,.T.);
#6332 = VERTEX_LOOP('',#6333);
#6333 = VERTEX_POINT('',#6334);
#6334 = CARTESIAN_POINT('',(9.184850993605E-18,-2.249639673993E-33,-0.15
    ));
#6335 = SPHERICAL_SURFACE('',#6336,0.15);
#6336 = AXIS2_PLACEMENT_3D('',#6337,#6338,#6339);
#6337 = CARTESIAN_POINT('',(0.,0.,0.));
#6338 = DIRECTION('',(0.,0.,1.));
#6339 = DIRECTION('',(1.,0.,-0.));
#6340 = ( GEOMETRIC_REPRESENTATION_CONTEXT(3) 
GLOBAL_UNCERTAINTY_ASSIGNED_CONTEXT((#6344)) 
GLOBAL_UNIT_ASSIGNED_CONTEXT((#6341,#6342,#6343)) REPRESENTATION_CONTEXT
('Context #1','3D Context with UNIT and UNCERTAINTY') );
#6341 = ( LENGTH_UNIT() NAMED_UNIT(*) SI_UNIT(.MILLI.,.METRE.) );
#6342 = ( NAMED_UNIT(*) PLANE_ANGLE_UNIT() SI_UNIT($,.RADIAN.) );
#6343 = ( NAMED_UNIT(*) SI_UNIT($,.STERADIAN.) SOLID_ANGLE_UNIT() );
#6344 = UNCERTAINTY_MEASURE_WITH_UNIT(LENGTH_MEASURE(1.E-07),#6341,
  'distance_accuracy_value','confusion accuracy');
#6345 = SHAPE_DEFINITION_REPRESENTATION(#6346,#6327);
#6346 = PRODUCT_DEFINITION_SHAPE('','',#6347);
#6347 = PRODUCT_DEFINITION('design','',#6348,#6351);
#6348 = PRODUCT_DEFINITION_FORMATION('','',#6349);
#6349 = PRODUCT('L15','L15','',(#6350));
#6350 = PRODUCT_CONTEXT('',#2,'mechanical');
#6351 = PRODUCT_DEFINITION_CONTEXT('part definition',#2,'design');
#6352 = CONTEXT_DEPENDENT_SHAPE_REPRESENTATION(#6353,#6355);
#6353 = ( REPRESENTATION_RELATIONSHIP('','',#6327,#10) 
REPRESENTATION_RELATIONSHIP_WITH_TRANSFORMATION(#6354) 
SHAPE_REPRESENTATION_RELATIONSHIP() );
#6354 = ITEM_DEFINED_TRANSFORMATION('','',#11,#663);
#6355 = PRODUCT_DEFINITION_SHAPE('Placement','Placement of an item',
  #6356);
#6356 = NEXT_ASSEMBLY_USAGE_OCCURRENCE('163','=>[0:1:1:164]','',#5,#6347
  ,$);
#6357 = PRODUCT_RELATED_PRODUCT_CATEGORY('part',$,(#6349));
#6358 = ADVANCED_BREP_SHAPE_REPRESENTATION('',(#11,#6359),#6371);
#6359 = MANIFOLD_SOLID_BREP('',#6360);
#6360 = CLOSED_SHELL('',(#6361));
#6361 = ADVANCED_FACE('',(#6362),#6366,.T.);
#6362 = FACE_BOUND('',#6363,.T.);
#6363 = VERTEX_LOOP('',#6364);
#6364 = VERTEX_POINT('',#6365);
#6365 = CARTESIAN_POINT('',(9.184850993605E-18,-2.249639673993E-33,-0.15
    ));
#6366 = SPHERICAL_SURFACE('',#6367,0.15);
#6367 = AXIS2_PLACEMENT_3D('',#6368,#6369,#6370);
#6368 = CARTESIAN_POINT('',(0.,0.,0.));
#6369 = DIRECTION('',(0.,0.,1.));
#6370 = DIRECTION('',(1.,0.,-0.));
#6371 = ( GEOMETRIC_REPRESENTATION_CONTEXT(3) 
GLOBAL_UNCERTAINTY_ASSIGNED_CONTEXT((#6375)) 
GLOBAL_UNIT_ASSIGNED_CONTEXT((#6372,#6373,#6374)) REPRESENTATION_CONTEXT
('Context #1','3D Context with UNIT and UNCERTAINTY') );
#6372 = ( LENGTH_UNIT() NAMED_UNIT(*) SI_UNIT(.MILLI.,.METRE.) );
#6373 = ( NAMED_UNIT(*) PLANE_ANGLE_UNIT() SI_UNIT($,.RADIAN.) );
#6374 = ( NAMED_UNIT(*) SI_UNIT($,.STERADIAN.) SOLID_ANGLE_UNIT() );
#6375 = UNCERTAINTY_MEASURE_WITH_UNIT(LENGTH_MEASURE(1.E-07),#6372,
  'distance_accuracy_value','confusion accuracy');
#6376 = SHAPE_DEFINITION_REPRESENTATION(#6377,#6358);
#6377 = PRODUCT_DEFINITION_SHAPE('','',#6378);
#6378 = PRODUCT_DEFINITION('design','',#6379,#6382);
#6379 = PRODUCT_DEFINITION_FORMATION('','',#6380);
#6380 = PRODUCT('L17','L17','',(#6381));
#6381 = PRODUCT_CONTEXT('',#2,'mechanical');
#6382 = PRODUCT_DEFINITION_CONTEXT('part definition',#2,'design');
#6383 = CONTEXT_DEPENDENT_SHAPE_REPRESENTATION(#6384,#6386);
#6384 = ( REPRESENTATION_RELATIONSHIP('','',#6358,#10) 
REPRESENTATION_RELATIONSHIP_WITH_TRANSFORMATION(#6385) 
SHAPE_REPRESENTATION_RELATIONSHIP() );
#6385 = ITEM_DEFINED_TRANSFORMATION('','',#11,#667);
#6386 = PRODUCT_DEFINITION_SHAPE('Placement','Placement of an item',
  #6387);
#6387 = NEXT_ASSEMBLY_USAGE_OCCURRENCE('164','=>[0:1:1:165]','',#5,#6378
  ,$);
#6388 = PRODUCT_RELATED_PRODUCT_CATEGORY('part',$,(#6380));
#6389 = ADVANCED_BREP_SHAPE_REPRESENTATION('',(#11,#6390),#6402);
#6390 = MANIFOLD_SOLID_BREP('',#6391);
#6391 = CLOSED_SHELL('',(#6392));
#6392 = ADVANCED_FACE('',(#6393),#6397,.T.);
#6393 = FACE_BOUND('',#6394,.T.);
#6394 = VERTEX_LOOP('',#6395);
#6395 = VERTEX_POINT('',#6396);
#6396 = CARTESIAN_POINT('',(9.184850993605E-18,-2.249639673993E-33,-0.15
    ));
#6397 = SPHERICAL_SURFACE('',#6398,0.15);
#6398 = AXIS2_PLACEMENT_3D('',#6399,#6400,#6401);
#6399 = CARTESIAN_POINT('',(0.,0.,0.));
#6400 = DIRECTION('',(0.,0.,1.));
#6401 = DIRECTION('',(1.,0.,-0.));
#6402 = ( GEOMETRIC_REPRESENTATION_CONTEXT(3) 
GLOBAL_UNCERTAINTY_ASSIGNED_CONTEXT((#6406)) 
GLOBAL_UNIT_ASSIGNED_CONTEXT((#6403,#6404,#6405)) REPRESENTATION_CONTEXT
('Context #1','3D Context with UNIT and UNCERTAINTY') );
#6403 = ( LENGTH_UNIT() NAMED_UNIT(*) SI_UNIT(.MILLI.,.METRE.) );
#6404 = ( NAMED_UNIT(*) PLANE_ANGLE_UNIT() SI_UNIT($,.RADIAN.) );
#6405 = ( NAMED_UNIT(*) SI_UNIT($,.STERADIAN.) SOLID_ANGLE_UNIT() );
#6406 = UNCERTAINTY_MEASURE_WITH_UNIT(LENGTH_MEASURE(1.E-07),#6403,
  'distance_accuracy_value','confusion accuracy');
#6407 = SHAPE_DEFINITION_REPRESENTATION(#6408,#6389);
#6408 = PRODUCT_DEFINITION_SHAPE('','',#6409);
#6409 = PRODUCT_DEFINITION('design','',#6410,#6413);
#6410 = PRODUCT_DEFINITION_FORMATION('','',#6411);
#6411 = PRODUCT('L18','L18','',(#6412));
#6412 = PRODUCT_CONTEXT('',#2,'mechanical');
#6413 = PRODUCT_DEFINITION_CONTEXT('part definition',#2,'design');
#6414 = CONTEXT_DEPENDENT_SHAPE_REPRESENTATION(#6415,#6417);
#6415 = ( REPRESENTATION_RELATIONSHIP('','',#6389,#10) 
REPRESENTATION_RELATIONSHIP_WITH_TRANSFORMATION(#6416) 
SHAPE_REPRESENTATION_RELATIONSHIP() );
#6416 = ITEM_DEFINED_TRANSFORMATION('','',#11,#671);
#6417 = PRODUCT_DEFINITION_SHAPE('Placement','Placement of an item',
  #6418);
#6418 = NEXT_ASSEMBLY_USAGE_OCCURRENCE('165','=>[0:1:1:166]','',#5,#6409
  ,$);
#6419 = PRODUCT_RELATED_PRODUCT_CATEGORY('part',$,(#6411));
#6420 = ADVANCED_BREP_SHAPE_REPRESENTATION('',(#11,#6421),#6433);
#6421 = MANIFOLD_SOLID_BREP('',#6422);
#6422 = CLOSED_SHELL('',(#6423));
#6423 = ADVANCED_FACE('',(#6424),#6428,.T.);
#6424 = FACE_BOUND('',#6425,.T.);
#6425 = VERTEX_LOOP('',#6426);
#6426 = VERTEX_POINT('',#6427);
#6427 = CARTESIAN_POINT('',(9.184850993605E-18,-2.249639673993E-33,-0.15
    ));
#6428 = SPHERICAL_SURFACE('',#6429,0.15);
#6429 = AXIS2_PLACEMENT_3D('',#6430,#6431,#6432);
#6430 = CARTESIAN_POINT('',(0.,0.,0.));
#6431 = DIRECTION('',(0.,0.,1.));
#6432 = DIRECTION('',(1.,0.,-0.));
#6433 = ( GEOMETRIC_REPRESENTATION_CONTEXT(3) 
GLOBAL_UNCERTAINTY_ASSIGNED_CONTEXT((#6437)) 
GLOBAL_UNIT_ASSIGNED_CONTEXT((#6434,#6435,#6436)) REPRESENTATION_CONTEXT
('Context #1','3D Context with UNIT and UNCERTAINTY') );
#6434 = ( LENGTH_UNIT() NAMED_UNIT(*) SI_UNIT(.MILLI.,.METRE.) );
#6435 = ( NAMED_UNIT(*) PLANE_ANGLE_UNIT() SI_UNIT($,.RADIAN.) );
#6436 = ( NAMED_UNIT(*) SI_UNIT($,.STERADIAN.) SOLID_ANGLE_UNIT() );
#6437 = UNCERTAINTY_MEASURE_WITH_UNIT(LENGTH_MEASURE(1.E-07),#6434,
  'distance_accuracy_value','confusion accuracy');
#6438 = SHAPE_DEFINITION_REPRESENTATION(#6439,#6420);
#6439 = PRODUCT_DEFINITION_SHAPE('','',#6440);
#6440 = PRODUCT_DEFINITION('design','',#6441,#6444);
#6441 = PRODUCT_DEFINITION_FORMATION('','',#6442);
#6442 = PRODUCT('L19','L19','',(#6443));
#6443 = PRODUCT_CONTEXT('',#2,'mechanical');
#6444 = PRODUCT_DEFINITION_CONTEXT('part definition',#2,'design');
#6445 = CONTEXT_DEPENDENT_SHAPE_REPRESENTATION(#6446,#6448);
#6446 = ( REPRESENTATION_RELATIONSHIP('','',#6420,#10) 
REPRESENTATION_RELATIONSHIP_WITH_TRANSFORMATION(#6447) 
SHAPE_REPRESENTATION_RELATIONSHIP() );
#6447 = ITEM_DEFINED_TRANSFORMATION('','',#11,#675);
#6448 = PRODUCT_DEFINITION_SHAPE('Placement','Placement of an item',
  #6449);
#6449 = NEXT_ASSEMBLY_USAGE_OCCURRENCE('166','=>[0:1:1:167]','',#5,#6440
  ,$);
#6450 = PRODUCT_RELATED_PRODUCT_CATEGORY('part',$,(#6442));
#6451 = ADVANCED_BREP_SHAPE_REPRESENTATION('',(#11,#6452),#6464);
#6452 = MANIFOLD_SOLID_BREP('',#6453);
#6453 = CLOSED_SHELL('',(#6454));
#6454 = ADVANCED_FACE('',(#6455),#6459,.T.);
#6455 = FACE_BOUND('',#6456,.T.);
#6456 = VERTEX_LOOP('',#6457);
#6457 = VERTEX_POINT('',#6458);
#6458 = CARTESIAN_POINT('',(9.184850993605E-18,-2.249639673993E-33,-0.15
    ));
#6459 = SPHERICAL_SURFACE('',#6460,0.15);
#6460 = AXIS2_PLACEMENT_3D('',#6461,#6462,#6463);
#6461 = CARTESIAN_POINT('',(0.,0.,0.));
#6462 = DIRECTION('',(0.,0.,1.));
#6463 = DIRECTION('',(1.,0.,-0.));
#6464 = ( GEOMETRIC_REPRESENTATION_CONTEXT(3) 
GLOBAL_UNCERTAINTY_ASSIGNED_CONTEXT((#6468)) 
GLOBAL_UNIT_ASSIGNED_CONTEXT((#6465,#6466,#6467)) REPRESENTATION_CONTEXT
('Context #1','3D Context with UNIT and UNCERTAINTY') );
#6465 = ( LENGTH_UNIT() NAMED_UNIT(*) SI_UNIT(.MILLI.,.METRE.) );
#6466 = ( NAMED_UNIT(*) PLANE_ANGLE_UNIT() SI_UNIT($,.RADIAN.) );
#6467 = ( NAMED_UNIT(*) SI_UNIT($,.STERADIAN.) SOLID_ANGLE_UNIT() );
#6468 = UNCERTAINTY_MEASURE_WITH_UNIT(LENGTH_MEASURE(1.E-07),#6465,
  'distance_accuracy_value','confusion accuracy');
#6469 = SHAPE_DEFINITION_REPRESENTATION(#6470,#6451);
#6470 = PRODUCT_DEFINITION_SHAPE('','',#6471);
#6471 = PRODUCT_DEFINITION('design','',#6472,#6475);
#6472 = PRODUCT_DEFINITION_FORMATION('','',#6473);
#6473 = PRODUCT('L20','L20','',(#6474));
#6474 = PRODUCT_CONTEXT('',#2,'mechanical');
#6475 = PRODUCT_DEFINITION_CONTEXT('part definition',#2,'design');
#6476 = CONTEXT_DEPENDENT_SHAPE_REPRESENTATION(#6477,#6479);
#6477 = ( REPRESENTATION_RELATIONSHIP('','',#6451,#10) 
REPRESENTATION_RELATIONSHIP_WITH_TRANSFORMATION(#6478) 
SHAPE_REPRESENTATION_RELATIONSHIP() );
#6478 = ITEM_DEFINED_TRANSFORMATION('','',#11,#679);
#6479 = PRODUCT_DEFINITION_SHAPE('Placement','Placement of an item',
  #6480);
#6480 = NEXT_ASSEMBLY_USAGE_OCCURRENCE('167','=>[0:1:1:168]','',#5,#6471
  ,$);
#6481 = PRODUCT_RELATED_PRODUCT_CATEGORY('part',$,(#6473));
#6482 = ADVANCED_BREP_SHAPE_REPRESENTATION('',(#11,#6483),#6495);
#6483 = MANIFOLD_SOLID_BREP('',#6484);
#6484 = CLOSED_SHELL('',(#6485));
#6485 = ADVANCED_FACE('',(#6486),#6490,.T.);
#6486 = FACE_BOUND('',#6487,.T.);
#6487 = VERTEX_LOOP('',#6488);
#6488 = VERTEX_POINT('',#6489);
#6489 = CARTESIAN_POINT('',(9.184850993605E-18,-2.249639673993E-33,-0.15
    ));
#6490 = SPHERICAL_SURFACE('',#6491,0.15);
#6491 = AXIS2_PLACEMENT_3D('',#6492,#6493,#6494);
#6492 = CARTESIAN_POINT('',(0.,0.,0.));
#6493 = DIRECTION('',(0.,0.,1.));
#6494 = DIRECTION('',(1.,0.,-0.));
#6495 = ( GEOMETRIC_REPRESENTATION_CONTEXT(3) 
GLOBAL_UNCERTAINTY_ASSIGNED_CONTEXT((#6499)) 
GLOBAL_UNIT_ASSIGNED_CONTEXT((#6496,#6497,#6498)) REPRESENTATION_CONTEXT
('Context #1','3D Context with UNIT and UNCERTAINTY') );
#6496 = ( LENGTH_UNIT() NAMED_UNIT(*) SI_UNIT(.MILLI.,.METRE.) );
#6497 = ( NAMED_UNIT(*) PLANE_ANGLE_UNIT() SI_UNIT($,.RADIAN.) );
#6498 = ( NAMED_UNIT(*) SI_UNIT($,.STERADIAN.) SOLID_ANGLE_UNIT() );
#6499 = UNCERTAINTY_MEASURE_WITH_UNIT(LENGTH_MEASURE(1.E-07),#6496,
  'distance_accuracy_value','confusion accuracy');
#6500 = SHAPE_DEFINITION_REPRESENTATION(#6501,#6482);
#6501 = PRODUCT_DEFINITION_SHAPE('','',#6502);
#6502 = PRODUCT_DEFINITION('design','',#6503,#6506);
#6503 = PRODUCT_DEFINITION_FORMATION('','',#6504);
#6504 = PRODUCT('M1','M1','',(#6505));
#6505 = PRODUCT_CONTEXT('',#2,'mechanical');
#6506 = PRODUCT_DEFINITION_CONTEXT('part definition',#2,'design');
#6507 = CONTEXT_DEPENDENT_SHAPE_REPRESENTATION(#6508,#6510);
#6508 = ( REPRESENTATION_RELATIONSHIP('','',#6482,#10) 
REPRESENTATION_RELATIONSHIP_WITH_TRANSFORMATION(#6509) 
SHAPE_REPRESENTATION_RELATIONSHIP() );
#6509 = ITEM_DEFINED_TRANSFORMATION('','',#11,#683);
#6510 = PRODUCT_DEFINITION_SHAPE('Placement','Placement of an item',
  #6511);
#6511 = NEXT_ASSEMBLY_USAGE_OCCURRENCE('168','=>[0:1:1:169]','',#5,#6502
  ,$);
#6512 = PRODUCT_RELATED_PRODUCT_CATEGORY('part',$,(#6504));
#6513 = ADVANCED_BREP_SHAPE_REPRESENTATION('',(#11,#6514),#6526);
#6514 = MANIFOLD_SOLID_BREP('',#6515);
#6515 = CLOSED_SHELL('',(#6516));
#6516 = ADVANCED_FACE('',(#6517),#6521,.T.);
#6517 = FACE_BOUND('',#6518,.T.);
#6518 = VERTEX_LOOP('',#6519);
#6519 = VERTEX_POINT('',#6520);
#6520 = CARTESIAN_POINT('',(9.184850993605E-18,-2.249639673993E-33,-0.15
    ));
#6521 = SPHERICAL_SURFACE('',#6522,0.15);
#6522 = AXIS2_PLACEMENT_3D('',#6523,#6524,#6525);
#6523 = CARTESIAN_POINT('',(0.,0.,0.));
#6524 = DIRECTION('',(0.,0.,1.));
#6525 = DIRECTION('',(1.,0.,-0.));
#6526 = ( GEOMETRIC_REPRESENTATION_CONTEXT(3) 
GLOBAL_UNCERTAINTY_ASSIGNED_CONTEXT((#6530)) 
GLOBAL_UNIT_ASSIGNED_CONTEXT((#6527,#6528,#6529)) REPRESENTATION_CONTEXT
('Context #1','3D Context with UNIT and UNCERTAINTY') );
#6527 = ( LENGTH_UNIT() NAMED_UNIT(*) SI_UNIT(.MILLI.,.METRE.) );
#6528 = ( NAMED_UNIT(*) PLANE_ANGLE_UNIT() SI_UNIT($,.RADIAN.) );
#6529 = ( NAMED_UNIT(*) SI_UNIT($,.STERADIAN.) SOLID_ANGLE_UNIT() );
#6530 = UNCERTAINTY_MEASURE_WITH_UNIT(LENGTH_MEASURE(1.E-07),#6527,
  'distance_accuracy_value','confusion accuracy');
#6531 = SHAPE_DEFINITION_REPRESENTATION(#6532,#6513);
#6532 = PRODUCT_DEFINITION_SHAPE('','',#6533);
#6533 = PRODUCT_DEFINITION('design','',#6534,#6537);
#6534 = PRODUCT_DEFINITION_FORMATION('','',#6535);
#6535 = PRODUCT('M2','M2','',(#6536));
#6536 = PRODUCT_CONTEXT('',#2,'mechanical');
#6537 = PRODUCT_DEFINITION_CONTEXT('part definition',#2,'design');
#6538 = CONTEXT_DEPENDENT_SHAPE_REPRESENTATION(#6539,#6541);
#6539 = ( REPRESENTATION_RELATIONSHIP('','',#6513,#10) 
REPRESENTATION_RELATIONSHIP_WITH_TRANSFORMATION(#6540) 
SHAPE_REPRESENTATION_RELATIONSHIP() );
#6540 = ITEM_DEFINED_TRANSFORMATION('','',#11,#687);
#6541 = PRODUCT_DEFINITION_SHAPE('Placement','Placement of an item',
  #6542);
#6542 = NEXT_ASSEMBLY_USAGE_OCCURRENCE('169','=>[0:1:1:170]','',#5,#6533
  ,$);
#6543 = PRODUCT_RELATED_PRODUCT_CATEGORY('part',$,(#6535));
#6544 = ADVANCED_BREP_SHAPE_REPRESENTATION('',(#11,#6545),#6557);
#6545 = MANIFOLD_SOLID_BREP('',#6546);
#6546 = CLOSED_SHELL('',(#6547));
#6547 = ADVANCED_FACE('',(#6548),#6552,.T.);
#6548 = FACE_BOUND('',#6549,.T.);
#6549 = VERTEX_LOOP('',#6550);
#6550 = VERTEX_POINT('',#6551);
#6551 = CARTESIAN_POINT('',(9.184850993605E-18,-2.249639673993E-33,-0.15
    ));
#6552 = SPHERICAL_SURFACE('',#6553,0.15);
#6553 = AXIS2_PLACEMENT_3D('',#6554,#6555,#6556);
#6554 = CARTESIAN_POINT('',(0.,0.,0.));
#6555 = DIRECTION('',(0.,0.,1.));
#6556 = DIRECTION('',(1.,0.,-0.));
#6557 = ( GEOMETRIC_REPRESENTATION_CONTEXT(3) 
GLOBAL_UNCERTAINTY_ASSIGNED_CONTEXT((#6561)) 
GLOBAL_UNIT_ASSIGNED_CONTEXT((#6558,#6559,#6560)) REPRESENTATION_CONTEXT
('Context #1','3D Context with UNIT and UNCERTAINTY') );
#6558 = ( LENGTH_UNIT() NAMED_UNIT(*) SI_UNIT(.MILLI.,.METRE.) );
#6559 = ( NAMED_UNIT(*) PLANE_ANGLE_UNIT() SI_UNIT($,.RADIAN.) );
#6560 = ( NAMED_UNIT(*) SI_UNIT($,.STERADIAN.) SOLID_ANGLE_UNIT() );
#6561 = UNCERTAINTY_MEASURE_WITH_UNIT(LENGTH_MEASURE(1.E-07),#6558,
  'distance_accuracy_value','confusion accuracy');
#6562 = SHAPE_DEFINITION_REPRESENTATION(#6563,#6544);
#6563 = PRODUCT_DEFINITION_SHAPE('','',#6564);
#6564 = PRODUCT_DEFINITION('design','',#6565,#6568);
#6565 = PRODUCT_DEFINITION_FORMATION('','',#6566);
#6566 = PRODUCT('M3','M3','',(#6567));
#6567 = PRODUCT_CONTEXT('',#2,'mechanical');
#6568 = PRODUCT_DEFINITION_CONTEXT('part definition',#2,'design');
#6569 = CONTEXT_DEPENDENT_SHAPE_REPRESENTATION(#6570,#6572);
#6570 = ( REPRESENTATION_RELATIONSHIP('','',#6544,#10) 
REPRESENTATION_RELATIONSHIP_WITH_TRANSFORMATION(#6571) 
SHAPE_REPRESENTATION_RELATIONSHIP() );
#6571 = ITEM_DEFINED_TRANSFORMATION('','',#11,#691);
#6572 = PRODUCT_DEFINITION_SHAPE('Placement','Placement of an item',
  #6573);
#6573 = NEXT_ASSEMBLY_USAGE_OCCURRENCE('170','=>[0:1:1:171]','',#5,#6564
  ,$);
#6574 = PRODUCT_RELATED_PRODUCT_CATEGORY('part',$,(#6566));
#6575 = ADVANCED_BREP_SHAPE_REPRESENTATION('',(#11,#6576),#6588);
#6576 = MANIFOLD_SOLID_BREP('',#6577);
#6577 = CLOSED_SHELL('',(#6578));
#6578 = ADVANCED_FACE('',(#6579),#6583,.T.);
#6579 = FACE_BOUND('',#6580,.T.);
#6580 = VERTEX_LOOP('',#6581);
#6581 = VERTEX_POINT('',#6582);
#6582 = CARTESIAN_POINT('',(9.184850993605E-18,-2.249639673993E-33,-0.15
    ));
#6583 = SPHERICAL_SURFACE('',#6584,0.15);
#6584 = AXIS2_PLACEMENT_3D('',#6585,#6586,#6587);
#6585 = CARTESIAN_POINT('',(0.,0.,0.));
#6586 = DIRECTION('',(0.,0.,1.));
#6587 = DIRECTION('',(1.,0.,-0.));
#6588 = ( GEOMETRIC_REPRESENTATION_CONTEXT(3) 
GLOBAL_UNCERTAINTY_ASSIGNED_CONTEXT((#6592)) 
GLOBAL_UNIT_ASSIGNED_CONTEXT((#6589,#6590,#6591)) REPRESENTATION_CONTEXT
('Context #1','3D Context with UNIT and UNCERTAINTY') );
#6589 = ( LENGTH_UNIT() NAMED_UNIT(*) SI_UNIT(.MILLI.,.METRE.) );
#6590 = ( NAMED_UNIT(*) PLANE_ANGLE_UNIT() SI_UNIT($,.RADIAN.) );
#6591 = ( NAMED_UNIT(*) SI_UNIT($,.STERADIAN.) SOLID_ANGLE_UNIT() );
#6592 = UNCERTAINTY_MEASURE_WITH_UNIT(LENGTH_MEASURE(1.E-07),#6589,
  'distance_accuracy_value','confusion accuracy');
#6593 = SHAPE_DEFINITION_REPRESENTATION(#6594,#6575);
#6594 = PRODUCT_DEFINITION_SHAPE('','',#6595);
#6595 = PRODUCT_DEFINITION('design','',#6596,#6599);
#6596 = PRODUCT_DEFINITION_FORMATION('','',#6597);
#6597 = PRODUCT('M5','M5','',(#6598));
#6598 = PRODUCT_CONTEXT('',#2,'mechanical');
#6599 = PRODUCT_DEFINITION_CONTEXT('part definition',#2,'design');
#6600 = CONTEXT_DEPENDENT_SHAPE_REPRESENTATION(#6601,#6603);
#6601 = ( REPRESENTATION_RELATIONSHIP('','',#6575,#10) 
REPRESENTATION_RELATIONSHIP_WITH_TRANSFORMATION(#6602) 
SHAPE_REPRESENTATION_RELATIONSHIP() );
#6602 = ITEM_DEFINED_TRANSFORMATION('','',#11,#695);
#6603 = PRODUCT_DEFINITION_SHAPE('Placement','Placement of an item',
  #6604);
#6604 = NEXT_ASSEMBLY_USAGE_OCCURRENCE('171','=>[0:1:1:172]','',#5,#6595
  ,$);
#6605 = PRODUCT_RELATED_PRODUCT_CATEGORY('part',$,(#6597));
#6606 = ADVANCED_BREP_SHAPE_REPRESENTATION('',(#11,#6607),#6619);
#6607 = MANIFOLD_SOLID_BREP('',#6608);
#6608 = CLOSED_SHELL('',(#6609));
#6609 = ADVANCED_FACE('',(#6610),#6614,.T.);
#6610 = FACE_BOUND('',#6611,.T.);
#6611 = VERTEX_LOOP('',#6612);
#6612 = VERTEX_POINT('',#6613);
#6613 = CARTESIAN_POINT('',(9.184850993605E-18,-2.249639673993E-33,-0.15
    ));
#6614 = SPHERICAL_SURFACE('',#6615,0.15);
#6615 = AXIS2_PLACEMENT_3D('',#6616,#6617,#6618);
#6616 = CARTESIAN_POINT('',(0.,0.,0.));
#6617 = DIRECTION('',(0.,0.,1.));
#6618 = DIRECTION('',(1.,0.,-0.));
#6619 = ( GEOMETRIC_REPRESENTATION_CONTEXT(3) 
GLOBAL_UNCERTAINTY_ASSIGNED_CONTEXT((#6623)) 
GLOBAL_UNIT_ASSIGNED_CONTEXT((#6620,#6621,#6622)) REPRESENTATION_CONTEXT
('Context #1','3D Context with UNIT and UNCERTAINTY') );
#6620 = ( LENGTH_UNIT() NAMED_UNIT(*) SI_UNIT(.MILLI.,.METRE.) );
#6621 = ( NAMED_UNIT(*) PLANE_ANGLE_UNIT() SI_UNIT($,.RADIAN.) );
#6622 = ( NAMED_UNIT(*) SI_UNIT($,.STERADIAN.) SOLID_ANGLE_UNIT() );
#6623 = UNCERTAINTY_MEASURE_WITH_UNIT(LENGTH_MEASURE(1.E-07),#6620,
  'distance_accuracy_value','confusion accuracy');
#6624 = SHAPE_DEFINITION_REPRESENTATION(#6625,#6606);
#6625 = PRODUCT_DEFINITION_SHAPE('','',#6626);
#6626 = PRODUCT_DEFINITION('design','',#6627,#6630);
#6627 = PRODUCT_DEFINITION_FORMATION('','',#6628);
#6628 = PRODUCT('M7','M7','',(#6629));
#6629 = PRODUCT_CONTEXT('',#2,'mechanical');
#6630 = PRODUCT_DEFINITION_CONTEXT('part definition',#2,'design');
#6631 = CONTEXT_DEPENDENT_SHAPE_REPRESENTATION(#6632,#6634);
#6632 = ( REPRESENTATION_RELATIONSHIP('','',#6606,#10) 
REPRESENTATION_RELATIONSHIP_WITH_TRANSFORMATION(#6633) 
SHAPE_REPRESENTATION_RELATIONSHIP() );
#6633 = ITEM_DEFINED_TRANSFORMATION('','',#11,#699);
#6634 = PRODUCT_DEFINITION_SHAPE('Placement','Placement of an item',
  #6635);
#6635 = NEXT_ASSEMBLY_USAGE_OCCURRENCE('172','=>[0:1:1:173]','',#5,#6626
  ,$);
#6636 = PRODUCT_RELATED_PRODUCT_CATEGORY('part',$,(#6628));
#6637 = ADVANCED_BREP_SHAPE_REPRESENTATION('',(#11,#6638),#6650);
#6638 = MANIFOLD_SOLID_BREP('',#6639);
#6639 = CLOSED_SHELL('',(#6640));
#6640 = ADVANCED_FACE('',(#6641),#6645,.T.);
#6641 = FACE_BOUND('',#6642,.T.);
#6642 = VERTEX_LOOP('',#6643);
#6643 = VERTEX_POINT('',#6644);
#6644 = CARTESIAN_POINT('',(9.184850993605E-18,-2.249639673993E-33,-0.15
    ));
#6645 = SPHERICAL_SURFACE('',#6646,0.15);
#6646 = AXIS2_PLACEMENT_3D('',#6647,#6648,#6649);
#6647 = CARTESIAN_POINT('',(0.,0.,0.));
#6648 = DIRECTION('',(0.,0.,1.));
#6649 = DIRECTION('',(1.,0.,-0.));
#6650 = ( GEOMETRIC_REPRESENTATION_CONTEXT(3) 
GLOBAL_UNCERTAINTY_ASSIGNED_CONTEXT((#6654)) 
GLOBAL_UNIT_ASSIGNED_CONTEXT((#6651,#6652,#6653)) REPRESENTATION_CONTEXT
('Context #1','3D Context with UNIT and UNCERTAINTY') );
#6651 = ( LENGTH_UNIT() NAMED_UNIT(*) SI_UNIT(.MILLI.,.METRE.) );
#6652 = ( NAMED_UNIT(*) PLANE_ANGLE_UNIT() SI_UNIT($,.RADIAN.) );
#6653 = ( NAMED_UNIT(*) SI_UNIT($,.STERADIAN.) SOLID_ANGLE_UNIT() );
#6654 = UNCERTAINTY_MEASURE_WITH_UNIT(LENGTH_MEASURE(1.E-07),#6651,
  'distance_accuracy_value','confusion accuracy');
#6655 = SHAPE_DEFINITION_REPRESENTATION(#6656,#6637);
#6656 = PRODUCT_DEFINITION_SHAPE('','',#6657);
#6657 = PRODUCT_DEFINITION('design','',#6658,#6661);
#6658 = PRODUCT_DEFINITION_FORMATION('','',#6659);
#6659 = PRODUCT('M9','M9','',(#6660));
#6660 = PRODUCT_CONTEXT('',#2,'mechanical');
#6661 = PRODUCT_DEFINITION_CONTEXT('part definition',#2,'design');
#6662 = CONTEXT_DEPENDENT_SHAPE_REPRESENTATION(#6663,#6665);
#6663 = ( REPRESENTATION_RELATIONSHIP('','',#6637,#10) 
REPRESENTATION_RELATIONSHIP_WITH_TRANSFORMATION(#6664) 
SHAPE_REPRESENTATION_RELATIONSHIP() );
#6664 = ITEM_DEFINED_TRANSFORMATION('','',#11,#703);
#6665 = PRODUCT_DEFINITION_SHAPE('Placement','Placement of an item',
  #6666);
#6666 = NEXT_ASSEMBLY_USAGE_OCCURRENCE('173','=>[0:1:1:174]','',#5,#6657
  ,$);
#6667 = PRODUCT_RELATED_PRODUCT_CATEGORY('part',$,(#6659));
#6668 = ADVANCED_BREP_SHAPE_REPRESENTATION('',(#11,#6669),#6681);
#6669 = MANIFOLD_SOLID_BREP('',#6670);
#6670 = CLOSED_SHELL('',(#6671));
#6671 = ADVANCED_FACE('',(#6672),#6676,.T.);
#6672 = FACE_BOUND('',#6673,.T.);
#6673 = VERTEX_LOOP('',#6674);
#6674 = VERTEX_POINT('',#6675);
#6675 = CARTESIAN_POINT('',(9.184850993605E-18,-2.249639673993E-33,-0.15
    ));
#6676 = SPHERICAL_SURFACE('',#6677,0.15);
#6677 = AXIS2_PLACEMENT_3D('',#6678,#6679,#6680);
#6678 = CARTESIAN_POINT('',(0.,0.,0.));
#6679 = DIRECTION('',(0.,0.,1.));
#6680 = DIRECTION('',(1.,0.,-0.));
#6681 = ( GEOMETRIC_REPRESENTATION_CONTEXT(3) 
GLOBAL_UNCERTAINTY_ASSIGNED_CONTEXT((#6685)) 
GLOBAL_UNIT_ASSIGNED_CONTEXT((#6682,#6683,#6684)) REPRESENTATION_CONTEXT
('Context #1','3D Context with UNIT and UNCERTAINTY') );
#6682 = ( LENGTH_UNIT() NAMED_UNIT(*) SI_UNIT(.MILLI.,.METRE.) );
#6683 = ( NAMED_UNIT(*) PLANE_ANGLE_UNIT() SI_UNIT($,.RADIAN.) );
#6684 = ( NAMED_UNIT(*) SI_UNIT($,.STERADIAN.) SOLID_ANGLE_UNIT() );
#6685 = UNCERTAINTY_MEASURE_WITH_UNIT(LENGTH_MEASURE(1.E-07),#6682,
  'distance_accuracy_value','confusion accuracy');
#6686 = SHAPE_DEFINITION_REPRESENTATION(#6687,#6668);
#6687 = PRODUCT_DEFINITION_SHAPE('','',#6688);
#6688 = PRODUCT_DEFINITION('design','',#6689,#6692);
#6689 = PRODUCT_DEFINITION_FORMATION('','',#6690);
#6690 = PRODUCT('M10','M10','',(#6691));
#6691 = PRODUCT_CONTEXT('',#2,'mechanical');
#6692 = PRODUCT_DEFINITION_CONTEXT('part definition',#2,'design');
#6693 = CONTEXT_DEPENDENT_SHAPE_REPRESENTATION(#6694,#6696);
#6694 = ( REPRESENTATION_RELATIONSHIP('','',#6668,#10) 
REPRESENTATION_RELATIONSHIP_WITH_TRANSFORMATION(#6695) 
SHAPE_REPRESENTATION_RELATIONSHIP() );
#6695 = ITEM_DEFINED_TRANSFORMATION('','',#11,#707);
#6696 = PRODUCT_DEFINITION_SHAPE('Placement','Placement of an item',
  #6697);
#6697 = NEXT_ASSEMBLY_USAGE_OCCURRENCE('174','=>[0:1:1:175]','',#5,#6688
  ,$);
#6698 = PRODUCT_RELATED_PRODUCT_CATEGORY('part',$,(#6690));
#6699 = ADVANCED_BREP_SHAPE_REPRESENTATION('',(#11,#6700),#6712);
#6700 = MANIFOLD_SOLID_BREP('',#6701);
#6701 = CLOSED_SHELL('',(#6702));
#6702 = ADVANCED_FACE('',(#6703),#6707,.T.);
#6703 = FACE_BOUND('',#6704,.T.);
#6704 = VERTEX_LOOP('',#6705);
#6705 = VERTEX_POINT('',#6706);
#6706 = CARTESIAN_POINT('',(9.184850993605E-18,-2.249639673993E-33,-0.15
    ));
#6707 = SPHERICAL_SURFACE('',#6708,0.15);
#6708 = AXIS2_PLACEMENT_3D('',#6709,#6710,#6711);
#6709 = CARTESIAN_POINT('',(0.,0.,0.));
#6710 = DIRECTION('',(0.,0.,1.));
#6711 = DIRECTION('',(1.,0.,-0.));
#6712 = ( GEOMETRIC_REPRESENTATION_CONTEXT(3) 
GLOBAL_UNCERTAINTY_ASSIGNED_CONTEXT((#6716)) 
GLOBAL_UNIT_ASSIGNED_CONTEXT((#6713,#6714,#6715)) REPRESENTATION_CONTEXT
('Context #1','3D Context with UNIT and UNCERTAINTY') );
#6713 = ( LENGTH_UNIT() NAMED_UNIT(*) SI_UNIT(.MILLI.,.METRE.) );
#6714 = ( NAMED_UNIT(*) PLANE_ANGLE_UNIT() SI_UNIT($,.RADIAN.) );
#6715 = ( NAMED_UNIT(*) SI_UNIT($,.STERADIAN.) SOLID_ANGLE_UNIT() );
#6716 = UNCERTAINTY_MEASURE_WITH_UNIT(LENGTH_MEASURE(1.E-07),#6713,
  'distance_accuracy_value','confusion accuracy');
#6717 = SHAPE_DEFINITION_REPRESENTATION(#6718,#6699);
#6718 = PRODUCT_DEFINITION_SHAPE('','',#6719);
#6719 = PRODUCT_DEFINITION('design','',#6720,#6723);
#6720 = PRODUCT_DEFINITION_FORMATION('','',#6721);
#6721 = PRODUCT('M11','M11','',(#6722));
#6722 = PRODUCT_CONTEXT('',#2,'mechanical');
#6723 = PRODUCT_DEFINITION_CONTEXT('part definition',#2,'design');
#6724 = CONTEXT_DEPENDENT_SHAPE_REPRESENTATION(#6725,#6727);
#6725 = ( REPRESENTATION_RELATIONSHIP('','',#6699,#10) 
REPRESENTATION_RELATIONSHIP_WITH_TRANSFORMATION(#6726) 
SHAPE_REPRESENTATION_RELATIONSHIP() );
#6726 = ITEM_DEFINED_TRANSFORMATION('','',#11,#711);
#6727 = PRODUCT_DEFINITION_SHAPE('Placement','Placement of an item',
  #6728);
#6728 = NEXT_ASSEMBLY_USAGE_OCCURRENCE('175','=>[0:1:1:176]','',#5,#6719
  ,$);
#6729 = PRODUCT_RELATED_PRODUCT_CATEGORY('part',$,(#6721));
#6730 = ADVANCED_BREP_SHAPE_REPRESENTATION('',(#11,#6731),#6743);
#6731 = MANIFOLD_SOLID_BREP('',#6732);
#6732 = CLOSED_SHELL('',(#6733));
#6733 = ADVANCED_FACE('',(#6734),#6738,.T.);
#6734 = FACE_BOUND('',#6735,.T.);
#6735 = VERTEX_LOOP('',#6736);
#6736 = VERTEX_POINT('',#6737);
#6737 = CARTESIAN_POINT('',(9.184850993605E-18,-2.249639673993E-33,-0.15
    ));
#6738 = SPHERICAL_SURFACE('',#6739,0.15);
#6739 = AXIS2_PLACEMENT_3D('',#6740,#6741,#6742);
#6740 = CARTESIAN_POINT('',(0.,0.,0.));
#6741 = DIRECTION('',(0.,0.,1.));
#6742 = DIRECTION('',(1.,0.,-0.));
#6743 = ( GEOMETRIC_REPRESENTATION_CONTEXT(3) 
GLOBAL_UNCERTAINTY_ASSIGNED_CONTEXT((#6747)) 
GLOBAL_UNIT_ASSIGNED_CONTEXT((#6744,#6745,#6746)) REPRESENTATION_CONTEXT
('Context #1','3D Context with UNIT and UNCERTAINTY') );
#6744 = ( LENGTH_UNIT() NAMED_UNIT(*) SI_UNIT(.MILLI.,.METRE.) );
#6745 = ( NAMED_UNIT(*) PLANE_ANGLE_UNIT() SI_UNIT($,.RADIAN.) );
#6746 = ( NAMED_UNIT(*) SI_UNIT($,.STERADIAN.) SOLID_ANGLE_UNIT() );
#6747 = UNCERTAINTY_MEASURE_WITH_UNIT(LENGTH_MEASURE(1.E-07),#6744,
  'distance_accuracy_value','confusion accuracy');
#6748 = SHAPE_DEFINITION_REPRESENTATION(#6749,#6730);
#6749 = PRODUCT_DEFINITION_SHAPE('','',#6750);
#6750 = PRODUCT_DEFINITION('design','',#6751,#6754);
#6751 = PRODUCT_DEFINITION_FORMATION('','',#6752);
#6752 = PRODUCT('M12','M12','',(#6753));
#6753 = PRODUCT_CONTEXT('',#2,'mechanical');
#6754 = PRODUCT_DEFINITION_CONTEXT('part definition',#2,'design');
#6755 = CONTEXT_DEPENDENT_SHAPE_REPRESENTATION(#6756,#6758);
#6756 = ( REPRESENTATION_RELATIONSHIP('','',#6730,#10) 
REPRESENTATION_RELATIONSHIP_WITH_TRANSFORMATION(#6757) 
SHAPE_REPRESENTATION_RELATIONSHIP() );
#6757 = ITEM_DEFINED_TRANSFORMATION('','',#11,#715);
#6758 = PRODUCT_DEFINITION_SHAPE('Placement','Placement of an item',
  #6759);
#6759 = NEXT_ASSEMBLY_USAGE_OCCURRENCE('176','=>[0:1:1:177]','',#5,#6750
  ,$);
#6760 = PRODUCT_RELATED_PRODUCT_CATEGORY('part',$,(#6752));
#6761 = ADVANCED_BREP_SHAPE_REPRESENTATION('',(#11,#6762),#6774);
#6762 = MANIFOLD_SOLID_BREP('',#6763);
#6763 = CLOSED_SHELL('',(#6764));
#6764 = ADVANCED_FACE('',(#6765),#6769,.T.);
#6765 = FACE_BOUND('',#6766,.T.);
#6766 = VERTEX_LOOP('',#6767);
#6767 = VERTEX_POINT('',#6768);
#6768 = CARTESIAN_POINT('',(9.184850993605E-18,-2.249639673993E-33,-0.15
    ));
#6769 = SPHERICAL_SURFACE('',#6770,0.15);
#6770 = AXIS2_PLACEMENT_3D('',#6771,#6772,#6773);
#6771 = CARTESIAN_POINT('',(0.,0.,0.));
#6772 = DIRECTION('',(0.,0.,1.));
#6773 = DIRECTION('',(1.,0.,-0.));
#6774 = ( GEOMETRIC_REPRESENTATION_CONTEXT(3) 
GLOBAL_UNCERTAINTY_ASSIGNED_CONTEXT((#6778)) 
GLOBAL_UNIT_ASSIGNED_CONTEXT((#6775,#6776,#6777)) REPRESENTATION_CONTEXT
('Context #1','3D Context with UNIT and UNCERTAINTY') );
#6775 = ( LENGTH_UNIT() NAMED_UNIT(*) SI_UNIT(.MILLI.,.METRE.) );
#6776 = ( NAMED_UNIT(*) PLANE_ANGLE_UNIT() SI_UNIT($,.RADIAN.) );
#6777 = ( NAMED_UNIT(*) SI_UNIT($,.STERADIAN.) SOLID_ANGLE_UNIT() );
#6778 = UNCERTAINTY_MEASURE_WITH_UNIT(LENGTH_MEASURE(1.E-07),#6775,
  'distance_accuracy_value','confusion accuracy');
#6779 = SHAPE_DEFINITION_REPRESENTATION(#6780,#6761);
#6780 = PRODUCT_DEFINITION_SHAPE('','',#6781);
#6781 = PRODUCT_DEFINITION('design','',#6782,#6785);
#6782 = PRODUCT_DEFINITION_FORMATION('','',#6783);
#6783 = PRODUCT('M13','M13','',(#6784));
#6784 = PRODUCT_CONTEXT('',#2,'mechanical');
#6785 = PRODUCT_DEFINITION_CONTEXT('part definition',#2,'design');
#6786 = CONTEXT_DEPENDENT_SHAPE_REPRESENTATION(#6787,#6789);
#6787 = ( REPRESENTATION_RELATIONSHIP('','',#6761,#10) 
REPRESENTATION_RELATIONSHIP_WITH_TRANSFORMATION(#6788) 
SHAPE_REPRESENTATION_RELATIONSHIP() );
#6788 = ITEM_DEFINED_TRANSFORMATION('','',#11,#719);
#6789 = PRODUCT_DEFINITION_SHAPE('Placement','Placement of an item',
  #6790);
#6790 = NEXT_ASSEMBLY_USAGE_OCCURRENCE('177','=>[0:1:1:178]','',#5,#6781
  ,$);
#6791 = PRODUCT_RELATED_PRODUCT_CATEGORY('part',$,(#6783));
#6792 = ADVANCED_BREP_SHAPE_REPRESENTATION('',(#11,#6793),#6805);
#6793 = MANIFOLD_SOLID_BREP('',#6794);
#6794 = CLOSED_SHELL('',(#6795));
#6795 = ADVANCED_FACE('',(#6796),#6800,.T.);
#6796 = FACE_BOUND('',#6797,.T.);
#6797 = VERTEX_LOOP('',#6798);
#6798 = VERTEX_POINT('',#6799);
#6799 = CARTESIAN_POINT('',(9.184850993605E-18,-2.249639673993E-33,-0.15
    ));
#6800 = SPHERICAL_SURFACE('',#6801,0.15);
#6801 = AXIS2_PLACEMENT_3D('',#6802,#6803,#6804);
#6802 = CARTESIAN_POINT('',(0.,0.,0.));
#6803 = DIRECTION('',(0.,0.,1.));
#6804 = DIRECTION('',(1.,0.,-0.));
#6805 = ( GEOMETRIC_REPRESENTATION_CONTEXT(3) 
GLOBAL_UNCERTAINTY_ASSIGNED_CONTEXT((#6809)) 
GLOBAL_UNIT_ASSIGNED_CONTEXT((#6806,#6807,#6808)) REPRESENTATION_CONTEXT
('Context #1','3D Context with UNIT and UNCERTAINTY') );
#6806 = ( LENGTH_UNIT() NAMED_UNIT(*) SI_UNIT(.MILLI.,.METRE.) );
#6807 = ( NAMED_UNIT(*) PLANE_ANGLE_UNIT() SI_UNIT($,.RADIAN.) );
#6808 = ( NAMED_UNIT(*) SI_UNIT($,.STERADIAN.) SOLID_ANGLE_UNIT() );
#6809 = UNCERTAINTY_MEASURE_WITH_UNIT(LENGTH_MEASURE(1.E-07),#6806,
  'distance_accuracy_value','confusion accuracy');
#6810 = SHAPE_DEFINITION_REPRESENTATION(#6811,#6792);
#6811 = PRODUCT_DEFINITION_SHAPE('','',#6812);
#6812 = PRODUCT_DEFINITION('design','',#6813,#6816);
#6813 = PRODUCT_DEFINITION_FORMATION('','',#6814);
#6814 = PRODUCT('M15','M15','',(#6815));
#6815 = PRODUCT_CONTEXT('',#2,'mechanical');
#6816 = PRODUCT_DEFINITION_CONTEXT('part definition',#2,'design');
#6817 = CONTEXT_DEPENDENT_SHAPE_REPRESENTATION(#6818,#6820);
#6818 = ( REPRESENTATION_RELATIONSHIP('','',#6792,#10) 
REPRESENTATION_RELATIONSHIP_WITH_TRANSFORMATION(#6819) 
SHAPE_REPRESENTATION_RELATIONSHIP() );
#6819 = ITEM_DEFINED_TRANSFORMATION('','',#11,#723);
#6820 = PRODUCT_DEFINITION_SHAPE('Placement','Placement of an item',
  #6821);
#6821 = NEXT_ASSEMBLY_USAGE_OCCURRENCE('178','=>[0:1:1:179]','',#5,#6812
  ,$);
#6822 = PRODUCT_RELATED_PRODUCT_CATEGORY('part',$,(#6814));
#6823 = ADVANCED_BREP_SHAPE_REPRESENTATION('',(#11,#6824),#6836);
#6824 = MANIFOLD_SOLID_BREP('',#6825);
#6825 = CLOSED_SHELL('',(#6826));
#6826 = ADVANCED_FACE('',(#6827),#6831,.T.);
#6827 = FACE_BOUND('',#6828,.T.);
#6828 = VERTEX_LOOP('',#6829);
#6829 = VERTEX_POINT('',#6830);
#6830 = CARTESIAN_POINT('',(9.184850993605E-18,-2.249639673993E-33,-0.15
    ));
#6831 = SPHERICAL_SURFACE('',#6832,0.15);
#6832 = AXIS2_PLACEMENT_3D('',#6833,#6834,#6835);
#6833 = CARTESIAN_POINT('',(0.,0.,0.));
#6834 = DIRECTION('',(0.,0.,1.));
#6835 = DIRECTION('',(1.,0.,-0.));
#6836 = ( GEOMETRIC_REPRESENTATION_CONTEXT(3) 
GLOBAL_UNCERTAINTY_ASSIGNED_CONTEXT((#6840)) 
GLOBAL_UNIT_ASSIGNED_CONTEXT((#6837,#6838,#6839)) REPRESENTATION_CONTEXT
('Context #1','3D Context with UNIT and UNCERTAINTY') );
#6837 = ( LENGTH_UNIT() NAMED_UNIT(*) SI_UNIT(.MILLI.,.METRE.) );
#6838 = ( NAMED_UNIT(*) PLANE_ANGLE_UNIT() SI_UNIT($,.RADIAN.) );
#6839 = ( NAMED_UNIT(*) SI_UNIT($,.STERADIAN.) SOLID_ANGLE_UNIT() );
#6840 = UNCERTAINTY_MEASURE_WITH_UNIT(LENGTH_MEASURE(1.E-07),#6837,
  'distance_accuracy_value','confusion accuracy');
#6841 = SHAPE_DEFINITION_REPRESENTATION(#6842,#6823);
#6842 = PRODUCT_DEFINITION_SHAPE('','',#6843);
#6843 = PRODUCT_DEFINITION('design','',#6844,#6847);
#6844 = PRODUCT_DEFINITION_FORMATION('','',#6845);
#6845 = PRODUCT('M17','M17','',(#6846));
#6846 = PRODUCT_CONTEXT('',#2,'mechanical');
#6847 = PRODUCT_DEFINITION_CONTEXT('part definition',#2,'design');
#6848 = CONTEXT_DEPENDENT_SHAPE_REPRESENTATION(#6849,#6851);
#6849 = ( REPRESENTATION_RELATIONSHIP('','',#6823,#10) 
REPRESENTATION_RELATIONSHIP_WITH_TRANSFORMATION(#6850) 
SHAPE_REPRESENTATION_RELATIONSHIP() );
#6850 = ITEM_DEFINED_TRANSFORMATION('','',#11,#727);
#6851 = PRODUCT_DEFINITION_SHAPE('Placement','Placement of an item',
  #6852);
#6852 = NEXT_ASSEMBLY_USAGE_OCCURRENCE('179','=>[0:1:1:180]','',#5,#6843
  ,$);
#6853 = PRODUCT_RELATED_PRODUCT_CATEGORY('part',$,(#6845));
#6854 = ADVANCED_BREP_SHAPE_REPRESENTATION('',(#11,#6855),#6867);
#6855 = MANIFOLD_SOLID_BREP('',#6856);
#6856 = CLOSED_SHELL('',(#6857));
#6857 = ADVANCED_FACE('',(#6858),#6862,.T.);
#6858 = FACE_BOUND('',#6859,.T.);
#6859 = VERTEX_LOOP('',#6860);
#6860 = VERTEX_POINT('',#6861);
#6861 = CARTESIAN_POINT('',(9.184850993605E-18,-2.249639673993E-33,-0.15
    ));
#6862 = SPHERICAL_SURFACE('',#6863,0.15);
#6863 = AXIS2_PLACEMENT_3D('',#6864,#6865,#6866);
#6864 = CARTESIAN_POINT('',(0.,0.,0.));
#6865 = DIRECTION('',(0.,0.,1.));
#6866 = DIRECTION('',(1.,0.,-0.));
#6867 = ( GEOMETRIC_REPRESENTATION_CONTEXT(3) 
GLOBAL_UNCERTAINTY_ASSIGNED_CONTEXT((#6871)) 
GLOBAL_UNIT_ASSIGNED_CONTEXT((#6868,#6869,#6870)) REPRESENTATION_CONTEXT
('Context #1','3D Context with UNIT and UNCERTAINTY') );
#6868 = ( LENGTH_UNIT() NAMED_UNIT(*) SI_UNIT(.MILLI.,.METRE.) );
#6869 = ( NAMED_UNIT(*) PLANE_ANGLE_UNIT() SI_UNIT($,.RADIAN.) );
#6870 = ( NAMED_UNIT(*) SI_UNIT($,.STERADIAN.) SOLID_ANGLE_UNIT() );
#6871 = UNCERTAINTY_MEASURE_WITH_UNIT(LENGTH_MEASURE(1.E-07),#6868,
  'distance_accuracy_value','confusion accuracy');
#6872 = SHAPE_DEFINITION_REPRESENTATION(#6873,#6854);
#6873 = PRODUCT_DEFINITION_SHAPE('','',#6874);
#6874 = PRODUCT_DEFINITION('design','',#6875,#6878);
#6875 = PRODUCT_DEFINITION_FORMATION('','',#6876);
#6876 = PRODUCT('M19','M19','',(#6877));
#6877 = PRODUCT_CONTEXT('',#2,'mechanical');
#6878 = PRODUCT_DEFINITION_CONTEXT('part definition',#2,'design');
#6879 = CONTEXT_DEPENDENT_SHAPE_REPRESENTATION(#6880,#6882);
#6880 = ( REPRESENTATION_RELATIONSHIP('','',#6854,#10) 
REPRESENTATION_RELATIONSHIP_WITH_TRANSFORMATION(#6881) 
SHAPE_REPRESENTATION_RELATIONSHIP() );
#6881 = ITEM_DEFINED_TRANSFORMATION('','',#11,#731);
#6882 = PRODUCT_DEFINITION_SHAPE('Placement','Placement of an item',
  #6883);
#6883 = NEXT_ASSEMBLY_USAGE_OCCURRENCE('180','=>[0:1:1:181]','',#5,#6874
  ,$);
#6884 = PRODUCT_RELATED_PRODUCT_CATEGORY('part',$,(#6876));
#6885 = ADVANCED_BREP_SHAPE_REPRESENTATION('',(#11,#6886),#6898);
#6886 = MANIFOLD_SOLID_BREP('',#6887);
#6887 = CLOSED_SHELL('',(#6888));
#6888 = ADVANCED_FACE('',(#6889),#6893,.T.);
#6889 = FACE_BOUND('',#6890,.T.);
#6890 = VERTEX_LOOP('',#6891);
#6891 = VERTEX_POINT('',#6892);
#6892 = CARTESIAN_POINT('',(9.184850993605E-18,-2.249639673993E-33,-0.15
    ));
#6893 = SPHERICAL_SURFACE('',#6894,0.15);
#6894 = AXIS2_PLACEMENT_3D('',#6895,#6896,#6897);
#6895 = CARTESIAN_POINT('',(0.,0.,0.));
#6896 = DIRECTION('',(0.,0.,1.));
#6897 = DIRECTION('',(1.,0.,-0.));
#6898 = ( GEOMETRIC_REPRESENTATION_CONTEXT(3) 
GLOBAL_UNCERTAINTY_ASSIGNED_CONTEXT((#6902)) 
GLOBAL_UNIT_ASSIGNED_CONTEXT((#6899,#6900,#6901)) REPRESENTATION_CONTEXT
('Context #1','3D Context with UNIT and UNCERTAINTY') );
#6899 = ( LENGTH_UNIT() NAMED_UNIT(*) SI_UNIT(.MILLI.,.METRE.) );
#6900 = ( NAMED_UNIT(*) PLANE_ANGLE_UNIT() SI_UNIT($,.RADIAN.) );
#6901 = ( NAMED_UNIT(*) SI_UNIT($,.STERADIAN.) SOLID_ANGLE_UNIT() );
#6902 = UNCERTAINTY_MEASURE_WITH_UNIT(LENGTH_MEASURE(1.E-07),#6899,
  'distance_accuracy_value','confusion accuracy');
#6903 = SHAPE_DEFINITION_REPRESENTATION(#6904,#6885);
#6904 = PRODUCT_DEFINITION_SHAPE('','',#6905);
#6905 = PRODUCT_DEFINITION('design','',#6906,#6909);
#6906 = PRODUCT_DEFINITION_FORMATION('','',#6907);
#6907 = PRODUCT('M20','M20','',(#6908));
#6908 = PRODUCT_CONTEXT('',#2,'mechanical');
#6909 = PRODUCT_DEFINITION_CONTEXT('part definition',#2,'design');
#6910 = CONTEXT_DEPENDENT_SHAPE_REPRESENTATION(#6911,#6913);
#6911 = ( REPRESENTATION_RELATIONSHIP('','',#6885,#10) 
REPRESENTATION_RELATIONSHIP_WITH_TRANSFORMATION(#6912) 
SHAPE_REPRESENTATION_RELATIONSHIP() );
#6912 = ITEM_DEFINED_TRANSFORMATION('','',#11,#735);
#6913 = PRODUCT_DEFINITION_SHAPE('Placement','Placement of an item',
  #6914);
#6914 = NEXT_ASSEMBLY_USAGE_OCCURRENCE('181','=>[0:1:1:182]','',#5,#6905
  ,$);
#6915 = PRODUCT_RELATED_PRODUCT_CATEGORY('part',$,(#6907));
#6916 = ADVANCED_BREP_SHAPE_REPRESENTATION('',(#11,#6917),#6929);
#6917 = MANIFOLD_SOLID_BREP('',#6918);
#6918 = CLOSED_SHELL('',(#6919));
#6919 = ADVANCED_FACE('',(#6920),#6924,.T.);
#6920 = FACE_BOUND('',#6921,.T.);
#6921 = VERTEX_LOOP('',#6922);
#6922 = VERTEX_POINT('',#6923);
#6923 = CARTESIAN_POINT('',(9.184850993605E-18,-2.249639673993E-33,-0.15
    ));
#6924 = SPHERICAL_SURFACE('',#6925,0.15);
#6925 = AXIS2_PLACEMENT_3D('',#6926,#6927,#6928);
#6926 = CARTESIAN_POINT('',(0.,0.,0.));
#6927 = DIRECTION('',(0.,0.,1.));
#6928 = DIRECTION('',(1.,0.,-0.));
#6929 = ( GEOMETRIC_REPRESENTATION_CONTEXT(3) 
GLOBAL_UNCERTAINTY_ASSIGNED_CONTEXT((#6933)) 
GLOBAL_UNIT_ASSIGNED_CONTEXT((#6930,#6931,#6932)) REPRESENTATION_CONTEXT
('Context #1','3D Context with UNIT and UNCERTAINTY') );
#6930 = ( LENGTH_UNIT() NAMED_UNIT(*) SI_UNIT(.MILLI.,.METRE.) );
#6931 = ( NAMED_UNIT(*) PLANE_ANGLE_UNIT() SI_UNIT($,.RADIAN.) );
#6932 = ( NAMED_UNIT(*) SI_UNIT($,.STERADIAN.) SOLID_ANGLE_UNIT() );
#6933 = UNCERTAINTY_MEASURE_WITH_UNIT(LENGTH_MEASURE(1.E-07),#6930,
  'distance_accuracy_value','confusion accuracy');
#6934 = SHAPE_DEFINITION_REPRESENTATION(#6935,#6916);
#6935 = PRODUCT_DEFINITION_SHAPE('','',#6936);
#6936 = PRODUCT_DEFINITION('design','',#6937,#6940);
#6937 = PRODUCT_DEFINITION_FORMATION('','',#6938);
#6938 = PRODUCT('M21','M21','',(#6939));
#6939 = PRODUCT_CONTEXT('',#2,'mechanical');
#6940 = PRODUCT_DEFINITION_CONTEXT('part definition',#2,'design');
#6941 = CONTEXT_DEPENDENT_SHAPE_REPRESENTATION(#6942,#6944);
#6942 = ( REPRESENTATION_RELATIONSHIP('','',#6916,#10) 
REPRESENTATION_RELATIONSHIP_WITH_TRANSFORMATION(#6943) 
SHAPE_REPRESENTATION_RELATIONSHIP() );
#6943 = ITEM_DEFINED_TRANSFORMATION('','',#11,#739);
#6944 = PRODUCT_DEFINITION_SHAPE('Placement','Placement of an item',
  #6945);
#6945 = NEXT_ASSEMBLY_USAGE_OCCURRENCE('182','=>[0:1:1:183]','',#5,#6936
  ,$);
#6946 = PRODUCT_RELATED_PRODUCT_CATEGORY('part',$,(#6938));
#6947 = ADVANCED_BREP_SHAPE_REPRESENTATION('',(#11,#6948),#6960);
#6948 = MANIFOLD_SOLID_BREP('',#6949);
#6949 = CLOSED_SHELL('',(#6950));
#6950 = ADVANCED_FACE('',(#6951),#6955,.T.);
#6951 = FACE_BOUND('',#6952,.T.);
#6952 = VERTEX_LOOP('',#6953);
#6953 = VERTEX_POINT('',#6954);
#6954 = CARTESIAN_POINT('',(9.184850993605E-18,-2.249639673993E-33,-0.15
    ));
#6955 = SPHERICAL_SURFACE('',#6956,0.15);
#6956 = AXIS2_PLACEMENT_3D('',#6957,#6958,#6959);
#6957 = CARTESIAN_POINT('',(0.,0.,0.));
#6958 = DIRECTION('',(0.,0.,1.));
#6959 = DIRECTION('',(1.,0.,-0.));
#6960 = ( GEOMETRIC_REPRESENTATION_CONTEXT(3) 
GLOBAL_UNCERTAINTY_ASSIGNED_CONTEXT((#6964)) 
GLOBAL_UNIT_ASSIGNED_CONTEXT((#6961,#6962,#6963)) REPRESENTATION_CONTEXT
('Context #1','3D Context with UNIT and UNCERTAINTY') );
#6961 = ( LENGTH_UNIT() NAMED_UNIT(*) SI_UNIT(.MILLI.,.METRE.) );
#6962 = ( NAMED_UNIT(*) PLANE_ANGLE_UNIT() SI_UNIT($,.RADIAN.) );
#6963 = ( NAMED_UNIT(*) SI_UNIT($,.STERADIAN.) SOLID_ANGLE_UNIT() );
#6964 = UNCERTAINTY_MEASURE_WITH_UNIT(LENGTH_MEASURE(1.E-07),#6961,
  'distance_accuracy_value','confusion accuracy');
#6965 = SHAPE_DEFINITION_REPRESENTATION(#6966,#6947);
#6966 = PRODUCT_DEFINITION_SHAPE('','',#6967);
#6967 = PRODUCT_DEFINITION('design','',#6968,#6971);
#6968 = PRODUCT_DEFINITION_FORMATION('','',#6969);
#6969 = PRODUCT('N1','N1','',(#6970));
#6970 = PRODUCT_CONTEXT('',#2,'mechanical');
#6971 = PRODUCT_DEFINITION_CONTEXT('part definition',#2,'design');
#6972 = CONTEXT_DEPENDENT_SHAPE_REPRESENTATION(#6973,#6975);
#6973 = ( REPRESENTATION_RELATIONSHIP('','',#6947,#10) 
REPRESENTATION_RELATIONSHIP_WITH_TRANSFORMATION(#6974) 
SHAPE_REPRESENTATION_RELATIONSHIP() );
#6974 = ITEM_DEFINED_TRANSFORMATION('','',#11,#743);
#6975 = PRODUCT_DEFINITION_SHAPE('Placement','Placement of an item',
  #6976);
#6976 = NEXT_ASSEMBLY_USAGE_OCCURRENCE('183','=>[0:1:1:184]','',#5,#6967
  ,$);
#6977 = PRODUCT_RELATED_PRODUCT_CATEGORY('part',$,(#6969));
#6978 = ADVANCED_BREP_SHAPE_REPRESENTATION('',(#11,#6979),#6991);
#6979 = MANIFOLD_SOLID_BREP('',#6980);
#6980 = CLOSED_SHELL('',(#6981));
#6981 = ADVANCED_FACE('',(#6982),#6986,.T.);
#6982 = FACE_BOUND('',#6983,.T.);
#6983 = VERTEX_LOOP('',#6984);
#6984 = VERTEX_POINT('',#6985);
#6985 = CARTESIAN_POINT('',(9.184850993605E-18,-2.249639673993E-33,-0.15
    ));
#6986 = SPHERICAL_SURFACE('',#6987,0.15);
#6987 = AXIS2_PLACEMENT_3D('',#6988,#6989,#6990);
#6988 = CARTESIAN_POINT('',(0.,0.,0.));
#6989 = DIRECTION('',(0.,0.,1.));
#6990 = DIRECTION('',(1.,0.,-0.));
#6991 = ( GEOMETRIC_REPRESENTATION_CONTEXT(3) 
GLOBAL_UNCERTAINTY_ASSIGNED_CONTEXT((#6995)) 
GLOBAL_UNIT_ASSIGNED_CONTEXT((#6992,#6993,#6994)) REPRESENTATION_CONTEXT
('Context #1','3D Context with UNIT and UNCERTAINTY') );
#6992 = ( LENGTH_UNIT() NAMED_UNIT(*) SI_UNIT(.MILLI.,.METRE.) );
#6993 = ( NAMED_UNIT(*) PLANE_ANGLE_UNIT() SI_UNIT($,.RADIAN.) );
#6994 = ( NAMED_UNIT(*) SI_UNIT($,.STERADIAN.) SOLID_ANGLE_UNIT() );
#6995 = UNCERTAINTY_MEASURE_WITH_UNIT(LENGTH_MEASURE(1.E-07),#6992,
  'distance_accuracy_value','confusion accuracy');
#6996 = SHAPE_DEFINITION_REPRESENTATION(#6997,#6978);
#6997 = PRODUCT_DEFINITION_SHAPE('','',#6998);
#6998 = PRODUCT_DEFINITION('design','',#6999,#7002);
#6999 = PRODUCT_DEFINITION_FORMATION('','',#7000);
#7000 = PRODUCT('N2','N2','',(#7001));
#7001 = PRODUCT_CONTEXT('',#2,'mechanical');
#7002 = PRODUCT_DEFINITION_CONTEXT('part definition',#2,'design');
#7003 = CONTEXT_DEPENDENT_SHAPE_REPRESENTATION(#7004,#7006);
#7004 = ( REPRESENTATION_RELATIONSHIP('','',#6978,#10) 
REPRESENTATION_RELATIONSHIP_WITH_TRANSFORMATION(#7005) 
SHAPE_REPRESENTATION_RELATIONSHIP() );
#7005 = ITEM_DEFINED_TRANSFORMATION('','',#11,#747);
#7006 = PRODUCT_DEFINITION_SHAPE('Placement','Placement of an item',
  #7007);
#7007 = NEXT_ASSEMBLY_USAGE_OCCURRENCE('184','=>[0:1:1:185]','',#5,#6998
  ,$);
#7008 = PRODUCT_RELATED_PRODUCT_CATEGORY('part',$,(#7000));
#7009 = ADVANCED_BREP_SHAPE_REPRESENTATION('',(#11,#7010),#7022);
#7010 = MANIFOLD_SOLID_BREP('',#7011);
#7011 = CLOSED_SHELL('',(#7012));
#7012 = ADVANCED_FACE('',(#7013),#7017,.T.);
#7013 = FACE_BOUND('',#7014,.T.);
#7014 = VERTEX_LOOP('',#7015);
#7015 = VERTEX_POINT('',#7016);
#7016 = CARTESIAN_POINT('',(9.184850993605E-18,-2.249639673993E-33,-0.15
    ));
#7017 = SPHERICAL_SURFACE('',#7018,0.15);
#7018 = AXIS2_PLACEMENT_3D('',#7019,#7020,#7021);
#7019 = CARTESIAN_POINT('',(0.,0.,0.));
#7020 = DIRECTION('',(0.,0.,1.));
#7021 = DIRECTION('',(1.,0.,-0.));
#7022 = ( GEOMETRIC_REPRESENTATION_CONTEXT(3) 
GLOBAL_UNCERTAINTY_ASSIGNED_CONTEXT((#7026)) 
GLOBAL_UNIT_ASSIGNED_CONTEXT((#7023,#7024,#7025)) REPRESENTATION_CONTEXT
('Context #1','3D Context with UNIT and UNCERTAINTY') );
#7023 = ( LENGTH_UNIT() NAMED_UNIT(*) SI_UNIT(.MILLI.,.METRE.) );
#7024 = ( NAMED_UNIT(*) PLANE_ANGLE_UNIT() SI_UNIT($,.RADIAN.) );
#7025 = ( NAMED_UNIT(*) SI_UNIT($,.STERADIAN.) SOLID_ANGLE_UNIT() );
#7026 = UNCERTAINTY_MEASURE_WITH_UNIT(LENGTH_MEASURE(1.E-07),#7023,
  'distance_accuracy_value','confusion accuracy');
#7027 = SHAPE_DEFINITION_REPRESENTATION(#7028,#7009);
#7028 = PRODUCT_DEFINITION_SHAPE('','',#7029);
#7029 = PRODUCT_DEFINITION('design','',#7030,#7033);
#7030 = PRODUCT_DEFINITION_FORMATION('','',#7031);
#7031 = PRODUCT('N3','N3','',(#7032));
#7032 = PRODUCT_CONTEXT('',#2,'mechanical');
#7033 = PRODUCT_DEFINITION_CONTEXT('part definition',#2,'design');
#7034 = CONTEXT_DEPENDENT_SHAPE_REPRESENTATION(#7035,#7037);
#7035 = ( REPRESENTATION_RELATIONSHIP('','',#7009,#10) 
REPRESENTATION_RELATIONSHIP_WITH_TRANSFORMATION(#7036) 
SHAPE_REPRESENTATION_RELATIONSHIP() );
#7036 = ITEM_DEFINED_TRANSFORMATION('','',#11,#751);
#7037 = PRODUCT_DEFINITION_SHAPE('Placement','Placement of an item',
  #7038);
#7038 = NEXT_ASSEMBLY_USAGE_OCCURRENCE('185','=>[0:1:1:186]','',#5,#7029
  ,$);
#7039 = PRODUCT_RELATED_PRODUCT_CATEGORY('part',$,(#7031));
#7040 = ADVANCED_BREP_SHAPE_REPRESENTATION('',(#11,#7041),#7053);
#7041 = MANIFOLD_SOLID_BREP('',#7042);
#7042 = CLOSED_SHELL('',(#7043));
#7043 = ADVANCED_FACE('',(#7044),#7048,.T.);
#7044 = FACE_BOUND('',#7045,.T.);
#7045 = VERTEX_LOOP('',#7046);
#7046 = VERTEX_POINT('',#7047);
#7047 = CARTESIAN_POINT('',(9.184850993605E-18,-2.249639673993E-33,-0.15
    ));
#7048 = SPHERICAL_SURFACE('',#7049,0.15);
#7049 = AXIS2_PLACEMENT_3D('',#7050,#7051,#7052);
#7050 = CARTESIAN_POINT('',(0.,0.,0.));
#7051 = DIRECTION('',(0.,0.,1.));
#7052 = DIRECTION('',(1.,0.,-0.));
#7053 = ( GEOMETRIC_REPRESENTATION_CONTEXT(3) 
GLOBAL_UNCERTAINTY_ASSIGNED_CONTEXT((#7057)) 
GLOBAL_UNIT_ASSIGNED_CONTEXT((#7054,#7055,#7056)) REPRESENTATION_CONTEXT
('Context #1','3D Context with UNIT and UNCERTAINTY') );
#7054 = ( LENGTH_UNIT() NAMED_UNIT(*) SI_UNIT(.MILLI.,.METRE.) );
#7055 = ( NAMED_UNIT(*) PLANE_ANGLE_UNIT() SI_UNIT($,.RADIAN.) );
#7056 = ( NAMED_UNIT(*) SI_UNIT($,.STERADIAN.) SOLID_ANGLE_UNIT() );
#7057 = UNCERTAINTY_MEASURE_WITH_UNIT(LENGTH_MEASURE(1.E-07),#7054,
  'distance_accuracy_value','confusion accuracy');
#7058 = SHAPE_DEFINITION_REPRESENTATION(#7059,#7040);
#7059 = PRODUCT_DEFINITION_SHAPE('','',#7060);
#7060 = PRODUCT_DEFINITION('design','',#7061,#7064);
#7061 = PRODUCT_DEFINITION_FORMATION('','',#7062);
#7062 = PRODUCT('N5','N5','',(#7063));
#7063 = PRODUCT_CONTEXT('',#2,'mechanical');
#7064 = PRODUCT_DEFINITION_CONTEXT('part definition',#2,'design');
#7065 = CONTEXT_DEPENDENT_SHAPE_REPRESENTATION(#7066,#7068);
#7066 = ( REPRESENTATION_RELATIONSHIP('','',#7040,#10) 
REPRESENTATION_RELATIONSHIP_WITH_TRANSFORMATION(#7067) 
SHAPE_REPRESENTATION_RELATIONSHIP() );
#7067 = ITEM_DEFINED_TRANSFORMATION('','',#11,#755);
#7068 = PRODUCT_DEFINITION_SHAPE('Placement','Placement of an item',
  #7069);
#7069 = NEXT_ASSEMBLY_USAGE_OCCURRENCE('186','=>[0:1:1:187]','',#5,#7060
  ,$);
#7070 = PRODUCT_RELATED_PRODUCT_CATEGORY('part',$,(#7062));
#7071 = ADVANCED_BREP_SHAPE_REPRESENTATION('',(#11,#7072),#7084);
#7072 = MANIFOLD_SOLID_BREP('',#7073);
#7073 = CLOSED_SHELL('',(#7074));
#7074 = ADVANCED_FACE('',(#7075),#7079,.T.);
#7075 = FACE_BOUND('',#7076,.T.);
#7076 = VERTEX_LOOP('',#7077);
#7077 = VERTEX_POINT('',#7078);
#7078 = CARTESIAN_POINT('',(9.184850993605E-18,-2.249639673993E-33,-0.15
    ));
#7079 = SPHERICAL_SURFACE('',#7080,0.15);
#7080 = AXIS2_PLACEMENT_3D('',#7081,#7082,#7083);
#7081 = CARTESIAN_POINT('',(0.,0.,0.));
#7082 = DIRECTION('',(0.,0.,1.));
#7083 = DIRECTION('',(1.,0.,-0.));
#7084 = ( GEOMETRIC_REPRESENTATION_CONTEXT(3) 
GLOBAL_UNCERTAINTY_ASSIGNED_CONTEXT((#7088)) 
GLOBAL_UNIT_ASSIGNED_CONTEXT((#7085,#7086,#7087)) REPRESENTATION_CONTEXT
('Context #1','3D Context with UNIT and UNCERTAINTY') );
#7085 = ( LENGTH_UNIT() NAMED_UNIT(*) SI_UNIT(.MILLI.,.METRE.) );
#7086 = ( NAMED_UNIT(*) PLANE_ANGLE_UNIT() SI_UNIT($,.RADIAN.) );
#7087 = ( NAMED_UNIT(*) SI_UNIT($,.STERADIAN.) SOLID_ANGLE_UNIT() );
#7088 = UNCERTAINTY_MEASURE_WITH_UNIT(LENGTH_MEASURE(1.E-07),#7085,
  'distance_accuracy_value','confusion accuracy');
#7089 = SHAPE_DEFINITION_REPRESENTATION(#7090,#7071);
#7090 = PRODUCT_DEFINITION_SHAPE('','',#7091);
#7091 = PRODUCT_DEFINITION('design','',#7092,#7095);
#7092 = PRODUCT_DEFINITION_FORMATION('','',#7093);
#7093 = PRODUCT('N7','N7','',(#7094));
#7094 = PRODUCT_CONTEXT('',#2,'mechanical');
#7095 = PRODUCT_DEFINITION_CONTEXT('part definition',#2,'design');
#7096 = CONTEXT_DEPENDENT_SHAPE_REPRESENTATION(#7097,#7099);
#7097 = ( REPRESENTATION_RELATIONSHIP('','',#7071,#10) 
REPRESENTATION_RELATIONSHIP_WITH_TRANSFORMATION(#7098) 
SHAPE_REPRESENTATION_RELATIONSHIP() );
#7098 = ITEM_DEFINED_TRANSFORMATION('','',#11,#759);
#7099 = PRODUCT_DEFINITION_SHAPE('Placement','Placement of an item',
  #7100);
#7100 = NEXT_ASSEMBLY_USAGE_OCCURRENCE('187','=>[0:1:1:188]','',#5,#7091
  ,$);
#7101 = PRODUCT_RELATED_PRODUCT_CATEGORY('part',$,(#7093));
#7102 = ADVANCED_BREP_SHAPE_REPRESENTATION('',(#11,#7103),#7115);
#7103 = MANIFOLD_SOLID_BREP('',#7104);
#7104 = CLOSED_SHELL('',(#7105));
#7105 = ADVANCED_FACE('',(#7106),#7110,.T.);
#7106 = FACE_BOUND('',#7107,.T.);
#7107 = VERTEX_LOOP('',#7108);
#7108 = VERTEX_POINT('',#7109);
#7109 = CARTESIAN_POINT('',(9.184850993605E-18,-2.249639673993E-33,-0.15
    ));
#7110 = SPHERICAL_SURFACE('',#7111,0.15);
#7111 = AXIS2_PLACEMENT_3D('',#7112,#7113,#7114);
#7112 = CARTESIAN_POINT('',(0.,0.,0.));
#7113 = DIRECTION('',(0.,0.,1.));
#7114 = DIRECTION('',(1.,0.,-0.));
#7115 = ( GEOMETRIC_REPRESENTATION_CONTEXT(3) 
GLOBAL_UNCERTAINTY_ASSIGNED_CONTEXT((#7119)) 
GLOBAL_UNIT_ASSIGNED_CONTEXT((#7116,#7117,#7118)) REPRESENTATION_CONTEXT
('Context #1','3D Context with UNIT and UNCERTAINTY') );
#7116 = ( LENGTH_UNIT() NAMED_UNIT(*) SI_UNIT(.MILLI.,.METRE.) );
#7117 = ( NAMED_UNIT(*) PLANE_ANGLE_UNIT() SI_UNIT($,.RADIAN.) );
#7118 = ( NAMED_UNIT(*) SI_UNIT($,.STERADIAN.) SOLID_ANGLE_UNIT() );
#7119 = UNCERTAINTY_MEASURE_WITH_UNIT(LENGTH_MEASURE(1.E-07),#7116,
  'distance_accuracy_value','confusion accuracy');
#7120 = SHAPE_DEFINITION_REPRESENTATION(#7121,#7102);
#7121 = PRODUCT_DEFINITION_SHAPE('','',#7122);
#7122 = PRODUCT_DEFINITION('design','',#7123,#7126);
#7123 = PRODUCT_DEFINITION_FORMATION('','',#7124);
#7124 = PRODUCT('N9','N9','',(#7125));
#7125 = PRODUCT_CONTEXT('',#2,'mechanical');
#7126 = PRODUCT_DEFINITION_CONTEXT('part definition',#2,'design');
#7127 = CONTEXT_DEPENDENT_SHAPE_REPRESENTATION(#7128,#7130);
#7128 = ( REPRESENTATION_RELATIONSHIP('','',#7102,#10) 
REPRESENTATION_RELATIONSHIP_WITH_TRANSFORMATION(#7129) 
SHAPE_REPRESENTATION_RELATIONSHIP() );
#7129 = ITEM_DEFINED_TRANSFORMATION('','',#11,#763);
#7130 = PRODUCT_DEFINITION_SHAPE('Placement','Placement of an item',
  #7131);
#7131 = NEXT_ASSEMBLY_USAGE_OCCURRENCE('188','=>[0:1:1:189]','',#5,#7122
  ,$);
#7132 = PRODUCT_RELATED_PRODUCT_CATEGORY('part',$,(#7124));
#7133 = ADVANCED_BREP_SHAPE_REPRESENTATION('',(#11,#7134),#7146);
#7134 = MANIFOLD_SOLID_BREP('',#7135);
#7135 = CLOSED_SHELL('',(#7136));
#7136 = ADVANCED_FACE('',(#7137),#7141,.T.);
#7137 = FACE_BOUND('',#7138,.T.);
#7138 = VERTEX_LOOP('',#7139);
#7139 = VERTEX_POINT('',#7140);
#7140 = CARTESIAN_POINT('',(9.184850993605E-18,-2.249639673993E-33,-0.15
    ));
#7141 = SPHERICAL_SURFACE('',#7142,0.15);
#7142 = AXIS2_PLACEMENT_3D('',#7143,#7144,#7145);
#7143 = CARTESIAN_POINT('',(0.,0.,0.));
#7144 = DIRECTION('',(0.,0.,1.));
#7145 = DIRECTION('',(1.,0.,-0.));
#7146 = ( GEOMETRIC_REPRESENTATION_CONTEXT(3) 
GLOBAL_UNCERTAINTY_ASSIGNED_CONTEXT((#7150)) 
GLOBAL_UNIT_ASSIGNED_CONTEXT((#7147,#7148,#7149)) REPRESENTATION_CONTEXT
('Context #1','3D Context with UNIT and UNCERTAINTY') );
#7147 = ( LENGTH_UNIT() NAMED_UNIT(*) SI_UNIT(.MILLI.,.METRE.) );
#7148 = ( NAMED_UNIT(*) PLANE_ANGLE_UNIT() SI_UNIT($,.RADIAN.) );
#7149 = ( NAMED_UNIT(*) SI_UNIT($,.STERADIAN.) SOLID_ANGLE_UNIT() );
#7150 = UNCERTAINTY_MEASURE_WITH_UNIT(LENGTH_MEASURE(1.E-07),#7147,
  'distance_accuracy_value','confusion accuracy');
#7151 = SHAPE_DEFINITION_REPRESENTATION(#7152,#7133);
#7152 = PRODUCT_DEFINITION_SHAPE('','',#7153);
#7153 = PRODUCT_DEFINITION('design','',#7154,#7157);
#7154 = PRODUCT_DEFINITION_FORMATION('','',#7155);
#7155 = PRODUCT('N10','N10','',(#7156));
#7156 = PRODUCT_CONTEXT('',#2,'mechanical');
#7157 = PRODUCT_DEFINITION_CONTEXT('part definition',#2,'design');
#7158 = CONTEXT_DEPENDENT_SHAPE_REPRESENTATION(#7159,#7161);
#7159 = ( REPRESENTATION_RELATIONSHIP('','',#7133,#10) 
REPRESENTATION_RELATIONSHIP_WITH_TRANSFORMATION(#7160) 
SHAPE_REPRESENTATION_RELATIONSHIP() );
#7160 = ITEM_DEFINED_TRANSFORMATION('','',#11,#767);
#7161 = PRODUCT_DEFINITION_SHAPE('Placement','Placement of an item',
  #7162);
#7162 = NEXT_ASSEMBLY_USAGE_OCCURRENCE('189','=>[0:1:1:190]','',#5,#7153
  ,$);
#7163 = PRODUCT_RELATED_PRODUCT_CATEGORY('part',$,(#7155));
#7164 = ADVANCED_BREP_SHAPE_REPRESENTATION('',(#11,#7165),#7177);
#7165 = MANIFOLD_SOLID_BREP('',#7166);
#7166 = CLOSED_SHELL('',(#7167));
#7167 = ADVANCED_FACE('',(#7168),#7172,.T.);
#7168 = FACE_BOUND('',#7169,.T.);
#7169 = VERTEX_LOOP('',#7170);
#7170 = VERTEX_POINT('',#7171);
#7171 = CARTESIAN_POINT('',(9.184850993605E-18,-2.249639673993E-33,-0.15
    ));
#7172 = SPHERICAL_SURFACE('',#7173,0.15);
#7173 = AXIS2_PLACEMENT_3D('',#7174,#7175,#7176);
#7174 = CARTESIAN_POINT('',(0.,0.,0.));
#7175 = DIRECTION('',(0.,0.,1.));
#7176 = DIRECTION('',(1.,0.,-0.));
#7177 = ( GEOMETRIC_REPRESENTATION_CONTEXT(3) 
GLOBAL_UNCERTAINTY_ASSIGNED_CONTEXT((#7181)) 
GLOBAL_UNIT_ASSIGNED_CONTEXT((#7178,#7179,#7180)) REPRESENTATION_CONTEXT
('Context #1','3D Context with UNIT and UNCERTAINTY') );
#7178 = ( LENGTH_UNIT() NAMED_UNIT(*) SI_UNIT(.MILLI.,.METRE.) );
#7179 = ( NAMED_UNIT(*) PLANE_ANGLE_UNIT() SI_UNIT($,.RADIAN.) );
#7180 = ( NAMED_UNIT(*) SI_UNIT($,.STERADIAN.) SOLID_ANGLE_UNIT() );
#7181 = UNCERTAINTY_MEASURE_WITH_UNIT(LENGTH_MEASURE(1.E-07),#7178,
  'distance_accuracy_value','confusion accuracy');
#7182 = SHAPE_DEFINITION_REPRESENTATION(#7183,#7164);
#7183 = PRODUCT_DEFINITION_SHAPE('','',#7184);
#7184 = PRODUCT_DEFINITION('design','',#7185,#7188);
#7185 = PRODUCT_DEFINITION_FORMATION('','',#7186);
#7186 = PRODUCT('N11','N11','',(#7187));
#7187 = PRODUCT_CONTEXT('',#2,'mechanical');
#7188 = PRODUCT_DEFINITION_CONTEXT('part definition',#2,'design');
#7189 = CONTEXT_DEPENDENT_SHAPE_REPRESENTATION(#7190,#7192);
#7190 = ( REPRESENTATION_RELATIONSHIP('','',#7164,#10) 
REPRESENTATION_RELATIONSHIP_WITH_TRANSFORMATION(#7191) 
SHAPE_REPRESENTATION_RELATIONSHIP() );
#7191 = ITEM_DEFINED_TRANSFORMATION('','',#11,#771);
#7192 = PRODUCT_DEFINITION_SHAPE('Placement','Placement of an item',
  #7193);
#7193 = NEXT_ASSEMBLY_USAGE_OCCURRENCE('190','=>[0:1:1:191]','',#5,#7184
  ,$);
#7194 = PRODUCT_RELATED_PRODUCT_CATEGORY('part',$,(#7186));
#7195 = ADVANCED_BREP_SHAPE_REPRESENTATION('',(#11,#7196),#7208);
#7196 = MANIFOLD_SOLID_BREP('',#7197);
#7197 = CLOSED_SHELL('',(#7198));
#7198 = ADVANCED_FACE('',(#7199),#7203,.T.);
#7199 = FACE_BOUND('',#7200,.T.);
#7200 = VERTEX_LOOP('',#7201);
#7201 = VERTEX_POINT('',#7202);
#7202 = CARTESIAN_POINT('',(9.184850993605E-18,-2.249639673993E-33,-0.15
    ));
#7203 = SPHERICAL_SURFACE('',#7204,0.15);
#7204 = AXIS2_PLACEMENT_3D('',#7205,#7206,#7207);
#7205 = CARTESIAN_POINT('',(0.,0.,0.));
#7206 = DIRECTION('',(0.,0.,1.));
#7207 = DIRECTION('',(1.,0.,-0.));
#7208 = ( GEOMETRIC_REPRESENTATION_CONTEXT(3) 
GLOBAL_UNCERTAINTY_ASSIGNED_CONTEXT((#7212)) 
GLOBAL_UNIT_ASSIGNED_CONTEXT((#7209,#7210,#7211)) REPRESENTATION_CONTEXT
('Context #1','3D Context with UNIT and UNCERTAINTY') );
#7209 = ( LENGTH_UNIT() NAMED_UNIT(*) SI_UNIT(.MILLI.,.METRE.) );
#7210 = ( NAMED_UNIT(*) PLANE_ANGLE_UNIT() SI_UNIT($,.RADIAN.) );
#7211 = ( NAMED_UNIT(*) SI_UNIT($,.STERADIAN.) SOLID_ANGLE_UNIT() );
#7212 = UNCERTAINTY_MEASURE_WITH_UNIT(LENGTH_MEASURE(1.E-07),#7209,
  'distance_accuracy_value','confusion accuracy');
#7213 = SHAPE_DEFINITION_REPRESENTATION(#7214,#7195);
#7214 = PRODUCT_DEFINITION_SHAPE('','',#7215);
#7215 = PRODUCT_DEFINITION('design','',#7216,#7219);
#7216 = PRODUCT_DEFINITION_FORMATION('','',#7217);
#7217 = PRODUCT('N12','N12','',(#7218));
#7218 = PRODUCT_CONTEXT('',#2,'mechanical');
#7219 = PRODUCT_DEFINITION_CONTEXT('part definition',#2,'design');
#7220 = CONTEXT_DEPENDENT_SHAPE_REPRESENTATION(#7221,#7223);
#7221 = ( REPRESENTATION_RELATIONSHIP('','',#7195,#10) 
REPRESENTATION_RELATIONSHIP_WITH_TRANSFORMATION(#7222) 
SHAPE_REPRESENTATION_RELATIONSHIP() );
#7222 = ITEM_DEFINED_TRANSFORMATION('','',#11,#775);
#7223 = PRODUCT_DEFINITION_SHAPE('Placement','Placement of an item',
  #7224);
#7224 = NEXT_ASSEMBLY_USAGE_OCCURRENCE('191','=>[0:1:1:192]','',#5,#7215
  ,$);
#7225 = PRODUCT_RELATED_PRODUCT_CATEGORY('part',$,(#7217));
#7226 = ADVANCED_BREP_SHAPE_REPRESENTATION('',(#11,#7227),#7239);
#7227 = MANIFOLD_SOLID_BREP('',#7228);
#7228 = CLOSED_SHELL('',(#7229));
#7229 = ADVANCED_FACE('',(#7230),#7234,.T.);
#7230 = FACE_BOUND('',#7231,.T.);
#7231 = VERTEX_LOOP('',#7232);
#7232 = VERTEX_POINT('',#7233);
#7233 = CARTESIAN_POINT('',(9.184850993605E-18,-2.249639673993E-33,-0.15
    ));
#7234 = SPHERICAL_SURFACE('',#7235,0.15);
#7235 = AXIS2_PLACEMENT_3D('',#7236,#7237,#7238);
#7236 = CARTESIAN_POINT('',(0.,0.,0.));
#7237 = DIRECTION('',(0.,0.,1.));
#7238 = DIRECTION('',(1.,0.,-0.));
#7239 = ( GEOMETRIC_REPRESENTATION_CONTEXT(3) 
GLOBAL_UNCERTAINTY_ASSIGNED_CONTEXT((#7243)) 
GLOBAL_UNIT_ASSIGNED_CONTEXT((#7240,#7241,#7242)) REPRESENTATION_CONTEXT
('Context #1','3D Context with UNIT and UNCERTAINTY') );
#7240 = ( LENGTH_UNIT() NAMED_UNIT(*) SI_UNIT(.MILLI.,.METRE.) );
#7241 = ( NAMED_UNIT(*) PLANE_ANGLE_UNIT() SI_UNIT($,.RADIAN.) );
#7242 = ( NAMED_UNIT(*) SI_UNIT($,.STERADIAN.) SOLID_ANGLE_UNIT() );
#7243 = UNCERTAINTY_MEASURE_WITH_UNIT(LENGTH_MEASURE(1.E-07),#7240,
  'distance_accuracy_value','confusion accuracy');
#7244 = SHAPE_DEFINITION_REPRESENTATION(#7245,#7226);
#7245 = PRODUCT_DEFINITION_SHAPE('','',#7246);
#7246 = PRODUCT_DEFINITION('design','',#7247,#7250);
#7247 = PRODUCT_DEFINITION_FORMATION('','',#7248);
#7248 = PRODUCT('N13','N13','',(#7249));
#7249 = PRODUCT_CONTEXT('',#2,'mechanical');
#7250 = PRODUCT_DEFINITION_CONTEXT('part definition',#2,'design');
#7251 = CONTEXT_DEPENDENT_SHAPE_REPRESENTATION(#7252,#7254);
#7252 = ( REPRESENTATION_RELATIONSHIP('','',#7226,#10) 
REPRESENTATION_RELATIONSHIP_WITH_TRANSFORMATION(#7253) 
SHAPE_REPRESENTATION_RELATIONSHIP() );
#7253 = ITEM_DEFINED_TRANSFORMATION('','',#11,#779);
#7254 = PRODUCT_DEFINITION_SHAPE('Placement','Placement of an item',
  #7255);
#7255 = NEXT_ASSEMBLY_USAGE_OCCURRENCE('192','=>[0:1:1:193]','',#5,#7246
  ,$);
#7256 = PRODUCT_RELATED_PRODUCT_CATEGORY('part',$,(#7248));
#7257 = ADVANCED_BREP_SHAPE_REPRESENTATION('',(#11,#7258),#7270);
#7258 = MANIFOLD_SOLID_BREP('',#7259);
#7259 = CLOSED_SHELL('',(#7260));
#7260 = ADVANCED_FACE('',(#7261),#7265,.T.);
#7261 = FACE_BOUND('',#7262,.T.);
#7262 = VERTEX_LOOP('',#7263);
#7263 = VERTEX_POINT('',#7264);
#7264 = CARTESIAN_POINT('',(9.184850993605E-18,-2.249639673993E-33,-0.15
    ));
#7265 = SPHERICAL_SURFACE('',#7266,0.15);
#7266 = AXIS2_PLACEMENT_3D('',#7267,#7268,#7269);
#7267 = CARTESIAN_POINT('',(0.,0.,0.));
#7268 = DIRECTION('',(0.,0.,1.));
#7269 = DIRECTION('',(1.,0.,-0.));
#7270 = ( GEOMETRIC_REPRESENTATION_CONTEXT(3) 
GLOBAL_UNCERTAINTY_ASSIGNED_CONTEXT((#7274)) 
GLOBAL_UNIT_ASSIGNED_CONTEXT((#7271,#7272,#7273)) REPRESENTATION_CONTEXT
('Context #1','3D Context with UNIT and UNCERTAINTY') );
#7271 = ( LENGTH_UNIT() NAMED_UNIT(*) SI_UNIT(.MILLI.,.METRE.) );
#7272 = ( NAMED_UNIT(*) PLANE_ANGLE_UNIT() SI_UNIT($,.RADIAN.) );
#7273 = ( NAMED_UNIT(*) SI_UNIT($,.STERADIAN.) SOLID_ANGLE_UNIT() );
#7274 = UNCERTAINTY_MEASURE_WITH_UNIT(LENGTH_MEASURE(1.E-07),#7271,
  'distance_accuracy_value','confusion accuracy');
#7275 = SHAPE_DEFINITION_REPRESENTATION(#7276,#7257);
#7276 = PRODUCT_DEFINITION_SHAPE('','',#7277);
#7277 = PRODUCT_DEFINITION('design','',#7278,#7281);
#7278 = PRODUCT_DEFINITION_FORMATION('','',#7279);
#7279 = PRODUCT('N15','N15','',(#7280));
#7280 = PRODUCT_CONTEXT('',#2,'mechanical');
#7281 = PRODUCT_DEFINITION_CONTEXT('part definition',#2,'design');
#7282 = CONTEXT_DEPENDENT_SHAPE_REPRESENTATION(#7283,#7285);
#7283 = ( REPRESENTATION_RELATIONSHIP('','',#7257,#10) 
REPRESENTATION_RELATIONSHIP_WITH_TRANSFORMATION(#7284) 
SHAPE_REPRESENTATION_RELATIONSHIP() );
#7284 = ITEM_DEFINED_TRANSFORMATION('','',#11,#783);
#7285 = PRODUCT_DEFINITION_SHAPE('Placement','Placement of an item',
  #7286);
#7286 = NEXT_ASSEMBLY_USAGE_OCCURRENCE('193','=>[0:1:1:194]','',#5,#7277
  ,$);
#7287 = PRODUCT_RELATED_PRODUCT_CATEGORY('part',$,(#7279));
#7288 = ADVANCED_BREP_SHAPE_REPRESENTATION('',(#11,#7289),#7301);
#7289 = MANIFOLD_SOLID_BREP('',#7290);
#7290 = CLOSED_SHELL('',(#7291));
#7291 = ADVANCED_FACE('',(#7292),#7296,.T.);
#7292 = FACE_BOUND('',#7293,.T.);
#7293 = VERTEX_LOOP('',#7294);
#7294 = VERTEX_POINT('',#7295);
#7295 = CARTESIAN_POINT('',(9.184850993605E-18,-2.249639673993E-33,-0.15
    ));
#7296 = SPHERICAL_SURFACE('',#7297,0.15);
#7297 = AXIS2_PLACEMENT_3D('',#7298,#7299,#7300);
#7298 = CARTESIAN_POINT('',(0.,0.,0.));
#7299 = DIRECTION('',(0.,0.,1.));
#7300 = DIRECTION('',(1.,0.,-0.));
#7301 = ( GEOMETRIC_REPRESENTATION_CONTEXT(3) 
GLOBAL_UNCERTAINTY_ASSIGNED_CONTEXT((#7305)) 
GLOBAL_UNIT_ASSIGNED_CONTEXT((#7302,#7303,#7304)) REPRESENTATION_CONTEXT
('Context #1','3D Context with UNIT and UNCERTAINTY') );
#7302 = ( LENGTH_UNIT() NAMED_UNIT(*) SI_UNIT(.MILLI.,.METRE.) );
#7303 = ( NAMED_UNIT(*) PLANE_ANGLE_UNIT() SI_UNIT($,.RADIAN.) );
#7304 = ( NAMED_UNIT(*) SI_UNIT($,.STERADIAN.) SOLID_ANGLE_UNIT() );
#7305 = UNCERTAINTY_MEASURE_WITH_UNIT(LENGTH_MEASURE(1.E-07),#7302,
  'distance_accuracy_value','confusion accuracy');
#7306 = SHAPE_DEFINITION_REPRESENTATION(#7307,#7288);
#7307 = PRODUCT_DEFINITION_SHAPE('','',#7308);
#7308 = PRODUCT_DEFINITION('design','',#7309,#7312);
#7309 = PRODUCT_DEFINITION_FORMATION('','',#7310);
#7310 = PRODUCT('N17','N17','',(#7311));
#7311 = PRODUCT_CONTEXT('',#2,'mechanical');
#7312 = PRODUCT_DEFINITION_CONTEXT('part definition',#2,'design');
#7313 = CONTEXT_DEPENDENT_SHAPE_REPRESENTATION(#7314,#7316);
#7314 = ( REPRESENTATION_RELATIONSHIP('','',#7288,#10) 
REPRESENTATION_RELATIONSHIP_WITH_TRANSFORMATION(#7315) 
SHAPE_REPRESENTATION_RELATIONSHIP() );
#7315 = ITEM_DEFINED_TRANSFORMATION('','',#11,#787);
#7316 = PRODUCT_DEFINITION_SHAPE('Placement','Placement of an item',
  #7317);
#7317 = NEXT_ASSEMBLY_USAGE_OCCURRENCE('194','=>[0:1:1:195]','',#5,#7308
  ,$);
#7318 = PRODUCT_RELATED_PRODUCT_CATEGORY('part',$,(#7310));
#7319 = ADVANCED_BREP_SHAPE_REPRESENTATION('',(#11,#7320),#7332);
#7320 = MANIFOLD_SOLID_BREP('',#7321);
#7321 = CLOSED_SHELL('',(#7322));
#7322 = ADVANCED_FACE('',(#7323),#7327,.T.);
#7323 = FACE_BOUND('',#7324,.T.);
#7324 = VERTEX_LOOP('',#7325);
#7325 = VERTEX_POINT('',#7326);
#7326 = CARTESIAN_POINT('',(9.184850993605E-18,-2.249639673993E-33,-0.15
    ));
#7327 = SPHERICAL_SURFACE('',#7328,0.15);
#7328 = AXIS2_PLACEMENT_3D('',#7329,#7330,#7331);
#7329 = CARTESIAN_POINT('',(0.,0.,0.));
#7330 = DIRECTION('',(0.,0.,1.));
#7331 = DIRECTION('',(1.,0.,-0.));
#7332 = ( GEOMETRIC_REPRESENTATION_CONTEXT(3) 
GLOBAL_UNCERTAINTY_ASSIGNED_CONTEXT((#7336)) 
GLOBAL_UNIT_ASSIGNED_CONTEXT((#7333,#7334,#7335)) REPRESENTATION_CONTEXT
('Context #1','3D Context with UNIT and UNCERTAINTY') );
#7333 = ( LENGTH_UNIT() NAMED_UNIT(*) SI_UNIT(.MILLI.,.METRE.) );
#7334 = ( NAMED_UNIT(*) PLANE_ANGLE_UNIT() SI_UNIT($,.RADIAN.) );
#7335 = ( NAMED_UNIT(*) SI_UNIT($,.STERADIAN.) SOLID_ANGLE_UNIT() );
#7336 = UNCERTAINTY_MEASURE_WITH_UNIT(LENGTH_MEASURE(1.E-07),#7333,
  'distance_accuracy_value','confusion accuracy');
#7337 = SHAPE_DEFINITION_REPRESENTATION(#7338,#7319);
#7338 = PRODUCT_DEFINITION_SHAPE('','',#7339);
#7339 = PRODUCT_DEFINITION('design','',#7340,#7343);
#7340 = PRODUCT_DEFINITION_FORMATION('','',#7341);
#7341 = PRODUCT('N19','N19','',(#7342));
#7342 = PRODUCT_CONTEXT('',#2,'mechanical');
#7343 = PRODUCT_DEFINITION_CONTEXT('part definition',#2,'design');
#7344 = CONTEXT_DEPENDENT_SHAPE_REPRESENTATION(#7345,#7347);
#7345 = ( REPRESENTATION_RELATIONSHIP('','',#7319,#10) 
REPRESENTATION_RELATIONSHIP_WITH_TRANSFORMATION(#7346) 
SHAPE_REPRESENTATION_RELATIONSHIP() );
#7346 = ITEM_DEFINED_TRANSFORMATION('','',#11,#791);
#7347 = PRODUCT_DEFINITION_SHAPE('Placement','Placement of an item',
  #7348);
#7348 = NEXT_ASSEMBLY_USAGE_OCCURRENCE('195','=>[0:1:1:196]','',#5,#7339
  ,$);
#7349 = PRODUCT_RELATED_PRODUCT_CATEGORY('part',$,(#7341));
#7350 = ADVANCED_BREP_SHAPE_REPRESENTATION('',(#11,#7351),#7363);
#7351 = MANIFOLD_SOLID_BREP('',#7352);
#7352 = CLOSED_SHELL('',(#7353));
#7353 = ADVANCED_FACE('',(#7354),#7358,.T.);
#7354 = FACE_BOUND('',#7355,.T.);
#7355 = VERTEX_LOOP('',#7356);
#7356 = VERTEX_POINT('',#7357);
#7357 = CARTESIAN_POINT('',(9.184850993605E-18,-2.249639673993E-33,-0.15
    ));
#7358 = SPHERICAL_SURFACE('',#7359,0.15);
#7359 = AXIS2_PLACEMENT_3D('',#7360,#7361,#7362);
#7360 = CARTESIAN_POINT('',(0.,0.,0.));
#7361 = DIRECTION('',(0.,0.,1.));
#7362 = DIRECTION('',(1.,0.,-0.));
#7363 = ( GEOMETRIC_REPRESENTATION_CONTEXT(3) 
GLOBAL_UNCERTAINTY_ASSIGNED_CONTEXT((#7367)) 
GLOBAL_UNIT_ASSIGNED_CONTEXT((#7364,#7365,#7366)) REPRESENTATION_CONTEXT
('Context #1','3D Context with UNIT and UNCERTAINTY') );
#7364 = ( LENGTH_UNIT() NAMED_UNIT(*) SI_UNIT(.MILLI.,.METRE.) );
#7365 = ( NAMED_UNIT(*) PLANE_ANGLE_UNIT() SI_UNIT($,.RADIAN.) );
#7366 = ( NAMED_UNIT(*) SI_UNIT($,.STERADIAN.) SOLID_ANGLE_UNIT() );
#7367 = UNCERTAINTY_MEASURE_WITH_UNIT(LENGTH_MEASURE(1.E-07),#7364,
  'distance_accuracy_value','confusion accuracy');
#7368 = SHAPE_DEFINITION_REPRESENTATION(#7369,#7350);
#7369 = PRODUCT_DEFINITION_SHAPE('','',#7370);
#7370 = PRODUCT_DEFINITION('design','',#7371,#7374);
#7371 = PRODUCT_DEFINITION_FORMATION('','',#7372);
#7372 = PRODUCT('N20','N20','',(#7373));
#7373 = PRODUCT_CONTEXT('',#2,'mechanical');
#7374 = PRODUCT_DEFINITION_CONTEXT('part definition',#2,'design');
#7375 = CONTEXT_DEPENDENT_SHAPE_REPRESENTATION(#7376,#7378);
#7376 = ( REPRESENTATION_RELATIONSHIP('','',#7350,#10) 
REPRESENTATION_RELATIONSHIP_WITH_TRANSFORMATION(#7377) 
SHAPE_REPRESENTATION_RELATIONSHIP() );
#7377 = ITEM_DEFINED_TRANSFORMATION('','',#11,#795);
#7378 = PRODUCT_DEFINITION_SHAPE('Placement','Placement of an item',
  #7379);
#7379 = NEXT_ASSEMBLY_USAGE_OCCURRENCE('196','=>[0:1:1:197]','',#5,#7370
  ,$);
#7380 = PRODUCT_RELATED_PRODUCT_CATEGORY('part',$,(#7372));
#7381 = ADVANCED_BREP_SHAPE_REPRESENTATION('',(#11,#7382),#7394);
#7382 = MANIFOLD_SOLID_BREP('',#7383);
#7383 = CLOSED_SHELL('',(#7384));
#7384 = ADVANCED_FACE('',(#7385),#7389,.T.);
#7385 = FACE_BOUND('',#7386,.T.);
#7386 = VERTEX_LOOP('',#7387);
#7387 = VERTEX_POINT('',#7388);
#7388 = CARTESIAN_POINT('',(9.184850993605E-18,-2.249639673993E-33,-0.15
    ));
#7389 = SPHERICAL_SURFACE('',#7390,0.15);
#7390 = AXIS2_PLACEMENT_3D('',#7391,#7392,#7393);
#7391 = CARTESIAN_POINT('',(0.,0.,0.));
#7392 = DIRECTION('',(0.,0.,1.));
#7393 = DIRECTION('',(1.,0.,-0.));
#7394 = ( GEOMETRIC_REPRESENTATION_CONTEXT(3) 
GLOBAL_UNCERTAINTY_ASSIGNED_CONTEXT((#7398)) 
GLOBAL_UNIT_ASSIGNED_CONTEXT((#7395,#7396,#7397)) REPRESENTATION_CONTEXT
('Context #1','3D Context with UNIT and UNCERTAINTY') );
#7395 = ( LENGTH_UNIT() NAMED_UNIT(*) SI_UNIT(.MILLI.,.METRE.) );
#7396 = ( NAMED_UNIT(*) PLANE_ANGLE_UNIT() SI_UNIT($,.RADIAN.) );
#7397 = ( NAMED_UNIT(*) SI_UNIT($,.STERADIAN.) SOLID_ANGLE_UNIT() );
#7398 = UNCERTAINTY_MEASURE_WITH_UNIT(LENGTH_MEASURE(1.E-07),#7395,
  'distance_accuracy_value','confusion accuracy');
#7399 = SHAPE_DEFINITION_REPRESENTATION(#7400,#7381);
#7400 = PRODUCT_DEFINITION_SHAPE('','',#7401);
#7401 = PRODUCT_DEFINITION('design','',#7402,#7405);
#7402 = PRODUCT_DEFINITION_FORMATION('','',#7403);
#7403 = PRODUCT('N21','N21','',(#7404));
#7404 = PRODUCT_CONTEXT('',#2,'mechanical');
#7405 = PRODUCT_DEFINITION_CONTEXT('part definition',#2,'design');
#7406 = CONTEXT_DEPENDENT_SHAPE_REPRESENTATION(#7407,#7409);
#7407 = ( REPRESENTATION_RELATIONSHIP('','',#7381,#10) 
REPRESENTATION_RELATIONSHIP_WITH_TRANSFORMATION(#7408) 
SHAPE_REPRESENTATION_RELATIONSHIP() );
#7408 = ITEM_DEFINED_TRANSFORMATION('','',#11,#799);
#7409 = PRODUCT_DEFINITION_SHAPE('Placement','Placement of an item',
  #7410);
#7410 = NEXT_ASSEMBLY_USAGE_OCCURRENCE('197','=>[0:1:1:198]','',#5,#7401
  ,$);
#7411 = PRODUCT_RELATED_PRODUCT_CATEGORY('part',$,(#7403));
#7412 = ADVANCED_BREP_SHAPE_REPRESENTATION('',(#11,#7413),#7425);
#7413 = MANIFOLD_SOLID_BREP('',#7414);
#7414 = CLOSED_SHELL('',(#7415));
#7415 = ADVANCED_FACE('',(#7416),#7420,.T.);
#7416 = FACE_BOUND('',#7417,.T.);
#7417 = VERTEX_LOOP('',#7418);
#7418 = VERTEX_POINT('',#7419);
#7419 = CARTESIAN_POINT('',(9.184850993605E-18,-2.249639673993E-33,-0.15
    ));
#7420 = SPHERICAL_SURFACE('',#7421,0.15);
#7421 = AXIS2_PLACEMENT_3D('',#7422,#7423,#7424);
#7422 = CARTESIAN_POINT('',(0.,0.,0.));
#7423 = DIRECTION('',(0.,0.,1.));
#7424 = DIRECTION('',(1.,0.,-0.));
#7425 = ( GEOMETRIC_REPRESENTATION_CONTEXT(3) 
GLOBAL_UNCERTAINTY_ASSIGNED_CONTEXT((#7429)) 
GLOBAL_UNIT_ASSIGNED_CONTEXT((#7426,#7427,#7428)) REPRESENTATION_CONTEXT
('Context #1','3D Context with UNIT and UNCERTAINTY') );
#7426 = ( LENGTH_UNIT() NAMED_UNIT(*) SI_UNIT(.MILLI.,.METRE.) );
#7427 = ( NAMED_UNIT(*) PLANE_ANGLE_UNIT() SI_UNIT($,.RADIAN.) );
#7428 = ( NAMED_UNIT(*) SI_UNIT($,.STERADIAN.) SOLID_ANGLE_UNIT() );
#7429 = UNCERTAINTY_MEASURE_WITH_UNIT(LENGTH_MEASURE(1.E-07),#7426,
  'distance_accuracy_value','confusion accuracy');
#7430 = SHAPE_DEFINITION_REPRESENTATION(#7431,#7412);
#7431 = PRODUCT_DEFINITION_SHAPE('','',#7432);
#7432 = PRODUCT_DEFINITION('design','',#7433,#7436);
#7433 = PRODUCT_DEFINITION_FORMATION('','',#7434);
#7434 = PRODUCT('P2','P2','',(#7435));
#7435 = PRODUCT_CONTEXT('',#2,'mechanical');
#7436 = PRODUCT_DEFINITION_CONTEXT('part definition',#2,'design');
#7437 = CONTEXT_DEPENDENT_SHAPE_REPRESENTATION(#7438,#7440);
#7438 = ( REPRESENTATION_RELATIONSHIP('','',#7412,#10) 
REPRESENTATION_RELATIONSHIP_WITH_TRANSFORMATION(#7439) 
SHAPE_REPRESENTATION_RELATIONSHIP() );
#7439 = ITEM_DEFINED_TRANSFORMATION('','',#11,#803);
#7440 = PRODUCT_DEFINITION_SHAPE('Placement','Placement of an item',
  #7441);
#7441 = NEXT_ASSEMBLY_USAGE_OCCURRENCE('198','=>[0:1:1:199]','',#5,#7432
  ,$);
#7442 = PRODUCT_RELATED_PRODUCT_CATEGORY('part',$,(#7434));
#7443 = ADVANCED_BREP_SHAPE_REPRESENTATION('',(#11,#7444),#7456);
#7444 = MANIFOLD_SOLID_BREP('',#7445);
#7445 = CLOSED_SHELL('',(#7446));
#7446 = ADVANCED_FACE('',(#7447),#7451,.T.);
#7447 = FACE_BOUND('',#7448,.T.);
#7448 = VERTEX_LOOP('',#7449);
#7449 = VERTEX_POINT('',#7450);
#7450 = CARTESIAN_POINT('',(9.184850993605E-18,-2.249639673993E-33,-0.15
    ));
#7451 = SPHERICAL_SURFACE('',#7452,0.15);
#7452 = AXIS2_PLACEMENT_3D('',#7453,#7454,#7455);
#7453 = CARTESIAN_POINT('',(0.,0.,0.));
#7454 = DIRECTION('',(0.,0.,1.));
#7455 = DIRECTION('',(1.,0.,-0.));
#7456 = ( GEOMETRIC_REPRESENTATION_CONTEXT(3) 
GLOBAL_UNCERTAINTY_ASSIGNED_CONTEXT((#7460)) 
GLOBAL_UNIT_ASSIGNED_CONTEXT((#7457,#7458,#7459)) REPRESENTATION_CONTEXT
('Context #1','3D Context with UNIT and UNCERTAINTY') );
#7457 = ( LENGTH_UNIT() NAMED_UNIT(*) SI_UNIT(.MILLI.,.METRE.) );
#7458 = ( NAMED_UNIT(*) PLANE_ANGLE_UNIT() SI_UNIT($,.RADIAN.) );
#7459 = ( NAMED_UNIT(*) SI_UNIT($,.STERADIAN.) SOLID_ANGLE_UNIT() );
#7460 = UNCERTAINTY_MEASURE_WITH_UNIT(LENGTH_MEASURE(1.E-07),#7457,
  'distance_accuracy_value','confusion accuracy');
#7461 = SHAPE_DEFINITION_REPRESENTATION(#7462,#7443);
#7462 = PRODUCT_DEFINITION_SHAPE('','',#7463);
#7463 = PRODUCT_DEFINITION('design','',#7464,#7467);
#7464 = PRODUCT_DEFINITION_FORMATION('','',#7465);
#7465 = PRODUCT('P3','P3','',(#7466));
#7466 = PRODUCT_CONTEXT('',#2,'mechanical');
#7467 = PRODUCT_DEFINITION_CONTEXT('part definition',#2,'design');
#7468 = CONTEXT_DEPENDENT_SHAPE_REPRESENTATION(#7469,#7471);
#7469 = ( REPRESENTATION_RELATIONSHIP('','',#7443,#10) 
REPRESENTATION_RELATIONSHIP_WITH_TRANSFORMATION(#7470) 
SHAPE_REPRESENTATION_RELATIONSHIP() );
#7470 = ITEM_DEFINED_TRANSFORMATION('','',#11,#807);
#7471 = PRODUCT_DEFINITION_SHAPE('Placement','Placement of an item',
  #7472);
#7472 = NEXT_ASSEMBLY_USAGE_OCCURRENCE('199','=>[0:1:1:200]','',#5,#7463
  ,$);
#7473 = PRODUCT_RELATED_PRODUCT_CATEGORY('part',$,(#7465));
#7474 = ADVANCED_BREP_SHAPE_REPRESENTATION('',(#11,#7475),#7487);
#7475 = MANIFOLD_SOLID_BREP('',#7476);
#7476 = CLOSED_SHELL('',(#7477));
#7477 = ADVANCED_FACE('',(#7478),#7482,.T.);
#7478 = FACE_BOUND('',#7479,.T.);
#7479 = VERTEX_LOOP('',#7480);
#7480 = VERTEX_POINT('',#7481);
#7481 = CARTESIAN_POINT('',(9.184850993605E-18,-2.249639673993E-33,-0.15
    ));
#7482 = SPHERICAL_SURFACE('',#7483,0.15);
#7483 = AXIS2_PLACEMENT_3D('',#7484,#7485,#7486);
#7484 = CARTESIAN_POINT('',(0.,0.,0.));
#7485 = DIRECTION('',(0.,0.,1.));
#7486 = DIRECTION('',(1.,0.,-0.));
#7487 = ( GEOMETRIC_REPRESENTATION_CONTEXT(3) 
GLOBAL_UNCERTAINTY_ASSIGNED_CONTEXT((#7491)) 
GLOBAL_UNIT_ASSIGNED_CONTEXT((#7488,#7489,#7490)) REPRESENTATION_CONTEXT
('Context #1','3D Context with UNIT and UNCERTAINTY') );
#7488 = ( LENGTH_UNIT() NAMED_UNIT(*) SI_UNIT(.MILLI.,.METRE.) );
#7489 = ( NAMED_UNIT(*) PLANE_ANGLE_UNIT() SI_UNIT($,.RADIAN.) );
#7490 = ( NAMED_UNIT(*) SI_UNIT($,.STERADIAN.) SOLID_ANGLE_UNIT() );
#7491 = UNCERTAINTY_MEASURE_WITH_UNIT(LENGTH_MEASURE(1.E-07),#7488,
  'distance_accuracy_value','confusion accuracy');
#7492 = SHAPE_DEFINITION_REPRESENTATION(#7493,#7474);
#7493 = PRODUCT_DEFINITION_SHAPE('','',#7494);
#7494 = PRODUCT_DEFINITION('design','',#7495,#7498);
#7495 = PRODUCT_DEFINITION_FORMATION('','',#7496);
#7496 = PRODUCT('P4','P4','',(#7497));
#7497 = PRODUCT_CONTEXT('',#2,'mechanical');
#7498 = PRODUCT_DEFINITION_CONTEXT('part definition',#2,'design');
#7499 = CONTEXT_DEPENDENT_SHAPE_REPRESENTATION(#7500,#7502);
#7500 = ( REPRESENTATION_RELATIONSHIP('','',#7474,#10) 
REPRESENTATION_RELATIONSHIP_WITH_TRANSFORMATION(#7501) 
SHAPE_REPRESENTATION_RELATIONSHIP() );
#7501 = ITEM_DEFINED_TRANSFORMATION('','',#11,#811);
#7502 = PRODUCT_DEFINITION_SHAPE('Placement','Placement of an item',
  #7503);
#7503 = NEXT_ASSEMBLY_USAGE_OCCURRENCE('200','=>[0:1:1:201]','',#5,#7494
  ,$);
#7504 = PRODUCT_RELATED_PRODUCT_CATEGORY('part',$,(#7496));
#7505 = ADVANCED_BREP_SHAPE_REPRESENTATION('',(#11,#7506),#7518);
#7506 = MANIFOLD_SOLID_BREP('',#7507);
#7507 = CLOSED_SHELL('',(#7508));
#7508 = ADVANCED_FACE('',(#7509),#7513,.T.);
#7509 = FACE_BOUND('',#7510,.T.);
#7510 = VERTEX_LOOP('',#7511);
#7511 = VERTEX_POINT('',#7512);
#7512 = CARTESIAN_POINT('',(9.184850993605E-18,-2.249639673993E-33,-0.15
    ));
#7513 = SPHERICAL_SURFACE('',#7514,0.15);
#7514 = AXIS2_PLACEMENT_3D('',#7515,#7516,#7517);
#7515 = CARTESIAN_POINT('',(0.,0.,0.));
#7516 = DIRECTION('',(0.,0.,1.));
#7517 = DIRECTION('',(1.,0.,-0.));
#7518 = ( GEOMETRIC_REPRESENTATION_CONTEXT(3) 
GLOBAL_UNCERTAINTY_ASSIGNED_CONTEXT((#7522)) 
GLOBAL_UNIT_ASSIGNED_CONTEXT((#7519,#7520,#7521)) REPRESENTATION_CONTEXT
('Context #1','3D Context with UNIT and UNCERTAINTY') );
#7519 = ( LENGTH_UNIT() NAMED_UNIT(*) SI_UNIT(.MILLI.,.METRE.) );
#7520 = ( NAMED_UNIT(*) PLANE_ANGLE_UNIT() SI_UNIT($,.RADIAN.) );
#7521 = ( NAMED_UNIT(*) SI_UNIT($,.STERADIAN.) SOLID_ANGLE_UNIT() );
#7522 = UNCERTAINTY_MEASURE_WITH_UNIT(LENGTH_MEASURE(1.E-07),#7519,
  'distance_accuracy_value','confusion accuracy');
#7523 = SHAPE_DEFINITION_REPRESENTATION(#7524,#7505);
#7524 = PRODUCT_DEFINITION_SHAPE('','',#7525);
#7525 = PRODUCT_DEFINITION('design','',#7526,#7529);
#7526 = PRODUCT_DEFINITION_FORMATION('','',#7527);
#7527 = PRODUCT('P5','P5','',(#7528));
#7528 = PRODUCT_CONTEXT('',#2,'mechanical');
#7529 = PRODUCT_DEFINITION_CONTEXT('part definition',#2,'design');
#7530 = CONTEXT_DEPENDENT_SHAPE_REPRESENTATION(#7531,#7533);
#7531 = ( REPRESENTATION_RELATIONSHIP('','',#7505,#10) 
REPRESENTATION_RELATIONSHIP_WITH_TRANSFORMATION(#7532) 
SHAPE_REPRESENTATION_RELATIONSHIP() );
#7532 = ITEM_DEFINED_TRANSFORMATION('','',#11,#815);
#7533 = PRODUCT_DEFINITION_SHAPE('Placement','Placement of an item',
  #7534);
#7534 = NEXT_ASSEMBLY_USAGE_OCCURRENCE('201','=>[0:1:1:202]','',#5,#7525
  ,$);
#7535 = PRODUCT_RELATED_PRODUCT_CATEGORY('part',$,(#7527));
#7536 = ADVANCED_BREP_SHAPE_REPRESENTATION('',(#11,#7537),#7549);
#7537 = MANIFOLD_SOLID_BREP('',#7538);
#7538 = CLOSED_SHELL('',(#7539));
#7539 = ADVANCED_FACE('',(#7540),#7544,.T.);
#7540 = FACE_BOUND('',#7541,.T.);
#7541 = VERTEX_LOOP('',#7542);
#7542 = VERTEX_POINT('',#7543);
#7543 = CARTESIAN_POINT('',(9.184850993605E-18,-2.249639673993E-33,-0.15
    ));
#7544 = SPHERICAL_SURFACE('',#7545,0.15);
#7545 = AXIS2_PLACEMENT_3D('',#7546,#7547,#7548);
#7546 = CARTESIAN_POINT('',(0.,0.,0.));
#7547 = DIRECTION('',(0.,0.,1.));
#7548 = DIRECTION('',(1.,0.,-0.));
#7549 = ( GEOMETRIC_REPRESENTATION_CONTEXT(3) 
GLOBAL_UNCERTAINTY_ASSIGNED_CONTEXT((#7553)) 
GLOBAL_UNIT_ASSIGNED_CONTEXT((#7550,#7551,#7552)) REPRESENTATION_CONTEXT
('Context #1','3D Context with UNIT and UNCERTAINTY') );
#7550 = ( LENGTH_UNIT() NAMED_UNIT(*) SI_UNIT(.MILLI.,.METRE.) );
#7551 = ( NAMED_UNIT(*) PLANE_ANGLE_UNIT() SI_UNIT($,.RADIAN.) );
#7552 = ( NAMED_UNIT(*) SI_UNIT($,.STERADIAN.) SOLID_ANGLE_UNIT() );
#7553 = UNCERTAINTY_MEASURE_WITH_UNIT(LENGTH_MEASURE(1.E-07),#7550,
  'distance_accuracy_value','confusion accuracy');
#7554 = SHAPE_DEFINITION_REPRESENTATION(#7555,#7536);
#7555 = PRODUCT_DEFINITION_SHAPE('','',#7556);
#7556 = PRODUCT_DEFINITION('design','',#7557,#7560);
#7557 = PRODUCT_DEFINITION_FORMATION('','',#7558);
#7558 = PRODUCT('P7','P7','',(#7559));
#7559 = PRODUCT_CONTEXT('',#2,'mechanical');
#7560 = PRODUCT_DEFINITION_CONTEXT('part definition',#2,'design');
#7561 = CONTEXT_DEPENDENT_SHAPE_REPRESENTATION(#7562,#7564);
#7562 = ( REPRESENTATION_RELATIONSHIP('','',#7536,#10) 
REPRESENTATION_RELATIONSHIP_WITH_TRANSFORMATION(#7563) 
SHAPE_REPRESENTATION_RELATIONSHIP() );
#7563 = ITEM_DEFINED_TRANSFORMATION('','',#11,#819);
#7564 = PRODUCT_DEFINITION_SHAPE('Placement','Placement of an item',
  #7565);
#7565 = NEXT_ASSEMBLY_USAGE_OCCURRENCE('202','=>[0:1:1:203]','',#5,#7556
  ,$);
#7566 = PRODUCT_RELATED_PRODUCT_CATEGORY('part',$,(#7558));
#7567 = ADVANCED_BREP_SHAPE_REPRESENTATION('',(#11,#7568),#7580);
#7568 = MANIFOLD_SOLID_BREP('',#7569);
#7569 = CLOSED_SHELL('',(#7570));
#7570 = ADVANCED_FACE('',(#7571),#7575,.T.);
#7571 = FACE_BOUND('',#7572,.T.);
#7572 = VERTEX_LOOP('',#7573);
#7573 = VERTEX_POINT('',#7574);
#7574 = CARTESIAN_POINT('',(9.184850993605E-18,-2.249639673993E-33,-0.15
    ));
#7575 = SPHERICAL_SURFACE('',#7576,0.15);
#7576 = AXIS2_PLACEMENT_3D('',#7577,#7578,#7579);
#7577 = CARTESIAN_POINT('',(0.,0.,0.));
#7578 = DIRECTION('',(0.,0.,1.));
#7579 = DIRECTION('',(1.,0.,-0.));
#7580 = ( GEOMETRIC_REPRESENTATION_CONTEXT(3) 
GLOBAL_UNCERTAINTY_ASSIGNED_CONTEXT((#7584)) 
GLOBAL_UNIT_ASSIGNED_CONTEXT((#7581,#7582,#7583)) REPRESENTATION_CONTEXT
('Context #1','3D Context with UNIT and UNCERTAINTY') );
#7581 = ( LENGTH_UNIT() NAMED_UNIT(*) SI_UNIT(.MILLI.,.METRE.) );
#7582 = ( NAMED_UNIT(*) PLANE_ANGLE_UNIT() SI_UNIT($,.RADIAN.) );
#7583 = ( NAMED_UNIT(*) SI_UNIT($,.STERADIAN.) SOLID_ANGLE_UNIT() );
#7584 = UNCERTAINTY_MEASURE_WITH_UNIT(LENGTH_MEASURE(1.E-07),#7581,
  'distance_accuracy_value','confusion accuracy');
#7585 = SHAPE_DEFINITION_REPRESENTATION(#7586,#7567);
#7586 = PRODUCT_DEFINITION_SHAPE('','',#7587);
#7587 = PRODUCT_DEFINITION('design','',#7588,#7591);
#7588 = PRODUCT_DEFINITION_FORMATION('','',#7589);
#7589 = PRODUCT('P15','P15','',(#7590));
#7590 = PRODUCT_CONTEXT('',#2,'mechanical');
#7591 = PRODUCT_DEFINITION_CONTEXT('part definition',#2,'design');
#7592 = CONTEXT_DEPENDENT_SHAPE_REPRESENTATION(#7593,#7595);
#7593 = ( REPRESENTATION_RELATIONSHIP('','',#7567,#10) 
REPRESENTATION_RELATIONSHIP_WITH_TRANSFORMATION(#7594) 
SHAPE_REPRESENTATION_RELATIONSHIP() );
#7594 = ITEM_DEFINED_TRANSFORMATION('','',#11,#823);
#7595 = PRODUCT_DEFINITION_SHAPE('Placement','Placement of an item',
  #7596);
#7596 = NEXT_ASSEMBLY_USAGE_OCCURRENCE('203','=>[0:1:1:204]','',#5,#7587
  ,$);
#7597 = PRODUCT_RELATED_PRODUCT_CATEGORY('part',$,(#7589));
#7598 = ADVANCED_BREP_SHAPE_REPRESENTATION('',(#11,#7599),#7611);
#7599 = MANIFOLD_SOLID_BREP('',#7600);
#7600 = CLOSED_SHELL('',(#7601));
#7601 = ADVANCED_FACE('',(#7602),#7606,.T.);
#7602 = FACE_BOUND('',#7603,.T.);
#7603 = VERTEX_LOOP('',#7604);
#7604 = VERTEX_POINT('',#7605);
#7605 = CARTESIAN_POINT('',(9.184850993605E-18,-2.249639673993E-33,-0.15
    ));
#7606 = SPHERICAL_SURFACE('',#7607,0.15);
#7607 = AXIS2_PLACEMENT_3D('',#7608,#7609,#7610);
#7608 = CARTESIAN_POINT('',(0.,0.,0.));
#7609 = DIRECTION('',(0.,0.,1.));
#7610 = DIRECTION('',(1.,0.,-0.));
#7611 = ( GEOMETRIC_REPRESENTATION_CONTEXT(3) 
GLOBAL_UNCERTAINTY_ASSIGNED_CONTEXT((#7615)) 
GLOBAL_UNIT_ASSIGNED_CONTEXT((#7612,#7613,#7614)) REPRESENTATION_CONTEXT
('Context #1','3D Context with UNIT and UNCERTAINTY') );
#7612 = ( LENGTH_UNIT() NAMED_UNIT(*) SI_UNIT(.MILLI.,.METRE.) );
#7613 = ( NAMED_UNIT(*) PLANE_ANGLE_UNIT() SI_UNIT($,.RADIAN.) );
#7614 = ( NAMED_UNIT(*) SI_UNIT($,.STERADIAN.) SOLID_ANGLE_UNIT() );
#7615 = UNCERTAINTY_MEASURE_WITH_UNIT(LENGTH_MEASURE(1.E-07),#7612,
  'distance_accuracy_value','confusion accuracy');
#7616 = SHAPE_DEFINITION_REPRESENTATION(#7617,#7598);
#7617 = PRODUCT_DEFINITION_SHAPE('','',#7618);
#7618 = PRODUCT_DEFINITION('design','',#7619,#7622);
#7619 = PRODUCT_DEFINITION_FORMATION('','',#7620);
#7620 = PRODUCT('P17','P17','',(#7621));
#7621 = PRODUCT_CONTEXT('',#2,'mechanical');
#7622 = PRODUCT_DEFINITION_CONTEXT('part definition',#2,'design');
#7623 = CONTEXT_DEPENDENT_SHAPE_REPRESENTATION(#7624,#7626);
#7624 = ( REPRESENTATION_RELATIONSHIP('','',#7598,#10) 
REPRESENTATION_RELATIONSHIP_WITH_TRANSFORMATION(#7625) 
SHAPE_REPRESENTATION_RELATIONSHIP() );
#7625 = ITEM_DEFINED_TRANSFORMATION('','',#11,#827);
#7626 = PRODUCT_DEFINITION_SHAPE('Placement','Placement of an item',
  #7627);
#7627 = NEXT_ASSEMBLY_USAGE_OCCURRENCE('204','=>[0:1:1:205]','',#5,#7618
  ,$);
#7628 = PRODUCT_RELATED_PRODUCT_CATEGORY('part',$,(#7620));
#7629 = ADVANCED_BREP_SHAPE_REPRESENTATION('',(#11,#7630),#7642);
#7630 = MANIFOLD_SOLID_BREP('',#7631);
#7631 = CLOSED_SHELL('',(#7632));
#7632 = ADVANCED_FACE('',(#7633),#7637,.T.);
#7633 = FACE_BOUND('',#7634,.T.);
#7634 = VERTEX_LOOP('',#7635);
#7635 = VERTEX_POINT('',#7636);
#7636 = CARTESIAN_POINT('',(9.184850993605E-18,-2.249639673993E-33,-0.15
    ));
#7637 = SPHERICAL_SURFACE('',#7638,0.15);
#7638 = AXIS2_PLACEMENT_3D('',#7639,#7640,#7641);
#7639 = CARTESIAN_POINT('',(0.,0.,0.));
#7640 = DIRECTION('',(0.,0.,1.));
#7641 = DIRECTION('',(1.,0.,-0.));
#7642 = ( GEOMETRIC_REPRESENTATION_CONTEXT(3) 
GLOBAL_UNCERTAINTY_ASSIGNED_CONTEXT((#7646)) 
GLOBAL_UNIT_ASSIGNED_CONTEXT((#7643,#7644,#7645)) REPRESENTATION_CONTEXT
('Context #1','3D Context with UNIT and UNCERTAINTY') );
#7643 = ( LENGTH_UNIT() NAMED_UNIT(*) SI_UNIT(.MILLI.,.METRE.) );
#7644 = ( NAMED_UNIT(*) PLANE_ANGLE_UNIT() SI_UNIT($,.RADIAN.) );
#7645 = ( NAMED_UNIT(*) SI_UNIT($,.STERADIAN.) SOLID_ANGLE_UNIT() );
#7646 = UNCERTAINTY_MEASURE_WITH_UNIT(LENGTH_MEASURE(1.E-07),#7643,
  'distance_accuracy_value','confusion accuracy');
#7647 = SHAPE_DEFINITION_REPRESENTATION(#7648,#7629);
#7648 = PRODUCT_DEFINITION_SHAPE('','',#7649);
#7649 = PRODUCT_DEFINITION('design','',#7650,#7653);
#7650 = PRODUCT_DEFINITION_FORMATION('','',#7651);
#7651 = PRODUCT('P18','P18','',(#7652));
#7652 = PRODUCT_CONTEXT('',#2,'mechanical');
#7653 = PRODUCT_DEFINITION_CONTEXT('part definition',#2,'design');
#7654 = CONTEXT_DEPENDENT_SHAPE_REPRESENTATION(#7655,#7657);
#7655 = ( REPRESENTATION_RELATIONSHIP('','',#7629,#10) 
REPRESENTATION_RELATIONSHIP_WITH_TRANSFORMATION(#7656) 
SHAPE_REPRESENTATION_RELATIONSHIP() );
#7656 = ITEM_DEFINED_TRANSFORMATION('','',#11,#831);
#7657 = PRODUCT_DEFINITION_SHAPE('Placement','Placement of an item',
  #7658);
#7658 = NEXT_ASSEMBLY_USAGE_OCCURRENCE('205','=>[0:1:1:206]','',#5,#7649
  ,$);
#7659 = PRODUCT_RELATED_PRODUCT_CATEGORY('part',$,(#7651));
#7660 = ADVANCED_BREP_SHAPE_REPRESENTATION('',(#11,#7661),#7673);
#7661 = MANIFOLD_SOLID_BREP('',#7662);
#7662 = CLOSED_SHELL('',(#7663));
#7663 = ADVANCED_FACE('',(#7664),#7668,.T.);
#7664 = FACE_BOUND('',#7665,.T.);
#7665 = VERTEX_LOOP('',#7666);
#7666 = VERTEX_POINT('',#7667);
#7667 = CARTESIAN_POINT('',(9.184850993605E-18,-2.249639673993E-33,-0.15
    ));
#7668 = SPHERICAL_SURFACE('',#7669,0.15);
#7669 = AXIS2_PLACEMENT_3D('',#7670,#7671,#7672);
#7670 = CARTESIAN_POINT('',(0.,0.,0.));
#7671 = DIRECTION('',(0.,0.,1.));
#7672 = DIRECTION('',(1.,0.,-0.));
#7673 = ( GEOMETRIC_REPRESENTATION_CONTEXT(3) 
GLOBAL_UNCERTAINTY_ASSIGNED_CONTEXT((#7677)) 
GLOBAL_UNIT_ASSIGNED_CONTEXT((#7674,#7675,#7676)) REPRESENTATION_CONTEXT
('Context #1','3D Context with UNIT and UNCERTAINTY') );
#7674 = ( LENGTH_UNIT() NAMED_UNIT(*) SI_UNIT(.MILLI.,.METRE.) );
#7675 = ( NAMED_UNIT(*) PLANE_ANGLE_UNIT() SI_UNIT($,.RADIAN.) );
#7676 = ( NAMED_UNIT(*) SI_UNIT($,.STERADIAN.) SOLID_ANGLE_UNIT() );
#7677 = UNCERTAINTY_MEASURE_WITH_UNIT(LENGTH_MEASURE(1.E-07),#7674,
  'distance_accuracy_value','confusion accuracy');
#7678 = SHAPE_DEFINITION_REPRESENTATION(#7679,#7660);
#7679 = PRODUCT_DEFINITION_SHAPE('','',#7680);
#7680 = PRODUCT_DEFINITION('design','',#7681,#7684);
#7681 = PRODUCT_DEFINITION_FORMATION('','',#7682);
#7682 = PRODUCT('P19','P19','',(#7683));
#7683 = PRODUCT_CONTEXT('',#2,'mechanical');
#7684 = PRODUCT_DEFINITION_CONTEXT('part definition',#2,'design');
#7685 = CONTEXT_DEPENDENT_SHAPE_REPRESENTATION(#7686,#7688);
#7686 = ( REPRESENTATION_RELATIONSHIP('','',#7660,#10) 
REPRESENTATION_RELATIONSHIP_WITH_TRANSFORMATION(#7687) 
SHAPE_REPRESENTATION_RELATIONSHIP() );
#7687 = ITEM_DEFINED_TRANSFORMATION('','',#11,#835);
#7688 = PRODUCT_DEFINITION_SHAPE('Placement','Placement of an item',
  #7689);
#7689 = NEXT_ASSEMBLY_USAGE_OCCURRENCE('206','=>[0:1:1:207]','',#5,#7680
  ,$);
#7690 = PRODUCT_RELATED_PRODUCT_CATEGORY('part',$,(#7682));
#7691 = ADVANCED_BREP_SHAPE_REPRESENTATION('',(#11,#7692),#7704);
#7692 = MANIFOLD_SOLID_BREP('',#7693);
#7693 = CLOSED_SHELL('',(#7694));
#7694 = ADVANCED_FACE('',(#7695),#7699,.T.);
#7695 = FACE_BOUND('',#7696,.T.);
#7696 = VERTEX_LOOP('',#7697);
#7697 = VERTEX_POINT('',#7698);
#7698 = CARTESIAN_POINT('',(9.184850993605E-18,-2.249639673993E-33,-0.15
    ));
#7699 = SPHERICAL_SURFACE('',#7700,0.15);
#7700 = AXIS2_PLACEMENT_3D('',#7701,#7702,#7703);
#7701 = CARTESIAN_POINT('',(0.,0.,0.));
#7702 = DIRECTION('',(0.,0.,1.));
#7703 = DIRECTION('',(1.,0.,-0.));
#7704 = ( GEOMETRIC_REPRESENTATION_CONTEXT(3) 
GLOBAL_UNCERTAINTY_ASSIGNED_CONTEXT((#7708)) 
GLOBAL_UNIT_ASSIGNED_CONTEXT((#7705,#7706,#7707)) REPRESENTATION_CONTEXT
('Context #1','3D Context with UNIT and UNCERTAINTY') );
#7705 = ( LENGTH_UNIT() NAMED_UNIT(*) SI_UNIT(.MILLI.,.METRE.) );
#7706 = ( NAMED_UNIT(*) PLANE_ANGLE_UNIT() SI_UNIT($,.RADIAN.) );
#7707 = ( NAMED_UNIT(*) SI_UNIT($,.STERADIAN.) SOLID_ANGLE_UNIT() );
#7708 = UNCERTAINTY_MEASURE_WITH_UNIT(LENGTH_MEASURE(1.E-07),#7705,
  'distance_accuracy_value','confusion accuracy');
#7709 = SHAPE_DEFINITION_REPRESENTATION(#7710,#7691);
#7710 = PRODUCT_DEFINITION_SHAPE('','',#7711);
#7711 = PRODUCT_DEFINITION('design','',#7712,#7715);
#7712 = PRODUCT_DEFINITION_FORMATION('','',#7713);
#7713 = PRODUCT('P20','P20','',(#7714));
#7714 = PRODUCT_CONTEXT('',#2,'mechanical');
#7715 = PRODUCT_DEFINITION_CONTEXT('part definition',#2,'design');
#7716 = CONTEXT_DEPENDENT_SHAPE_REPRESENTATION(#7717,#7719);
#7717 = ( REPRESENTATION_RELATIONSHIP('','',#7691,#10) 
REPRESENTATION_RELATIONSHIP_WITH_TRANSFORMATION(#7718) 
SHAPE_REPRESENTATION_RELATIONSHIP() );
#7718 = ITEM_DEFINED_TRANSFORMATION('','',#11,#839);
#7719 = PRODUCT_DEFINITION_SHAPE('Placement','Placement of an item',
  #7720);
#7720 = NEXT_ASSEMBLY_USAGE_OCCURRENCE('207','=>[0:1:1:208]','',#5,#7711
  ,$);
#7721 = PRODUCT_RELATED_PRODUCT_CATEGORY('part',$,(#7713));
#7722 = ADVANCED_BREP_SHAPE_REPRESENTATION('',(#11,#7723),#7735);
#7723 = MANIFOLD_SOLID_BREP('',#7724);
#7724 = CLOSED_SHELL('',(#7725));
#7725 = ADVANCED_FACE('',(#7726),#7730,.T.);
#7726 = FACE_BOUND('',#7727,.T.);
#7727 = VERTEX_LOOP('',#7728);
#7728 = VERTEX_POINT('',#7729);
#7729 = CARTESIAN_POINT('',(9.184850993605E-18,-2.249639673993E-33,-0.15
    ));
#7730 = SPHERICAL_SURFACE('',#7731,0.15);
#7731 = AXIS2_PLACEMENT_3D('',#7732,#7733,#7734);
#7732 = CARTESIAN_POINT('',(0.,0.,0.));
#7733 = DIRECTION('',(0.,0.,1.));
#7734 = DIRECTION('',(1.,0.,-0.));
#7735 = ( GEOMETRIC_REPRESENTATION_CONTEXT(3) 
GLOBAL_UNCERTAINTY_ASSIGNED_CONTEXT((#7739)) 
GLOBAL_UNIT_ASSIGNED_CONTEXT((#7736,#7737,#7738)) REPRESENTATION_CONTEXT
('Context #1','3D Context with UNIT and UNCERTAINTY') );
#7736 = ( LENGTH_UNIT() NAMED_UNIT(*) SI_UNIT(.MILLI.,.METRE.) );
#7737 = ( NAMED_UNIT(*) PLANE_ANGLE_UNIT() SI_UNIT($,.RADIAN.) );
#7738 = ( NAMED_UNIT(*) SI_UNIT($,.STERADIAN.) SOLID_ANGLE_UNIT() );
#7739 = UNCERTAINTY_MEASURE_WITH_UNIT(LENGTH_MEASURE(1.E-07),#7736,
  'distance_accuracy_value','confusion accuracy');
#7740 = SHAPE_DEFINITION_REPRESENTATION(#7741,#7722);
#7741 = PRODUCT_DEFINITION_SHAPE('','',#7742);
#7742 = PRODUCT_DEFINITION('design','',#7743,#7746);
#7743 = PRODUCT_DEFINITION_FORMATION('','',#7744);
#7744 = PRODUCT('R1','R1','',(#7745));
#7745 = PRODUCT_CONTEXT('',#2,'mechanical');
#7746 = PRODUCT_DEFINITION_CONTEXT('part definition',#2,'design');
#7747 = CONTEXT_DEPENDENT_SHAPE_REPRESENTATION(#7748,#7750);
#7748 = ( REPRESENTATION_RELATIONSHIP('','',#7722,#10) 
REPRESENTATION_RELATIONSHIP_WITH_TRANSFORMATION(#7749) 
SHAPE_REPRESENTATION_RELATIONSHIP() );
#7749 = ITEM_DEFINED_TRANSFORMATION('','',#11,#843);
#7750 = PRODUCT_DEFINITION_SHAPE('Placement','Placement of an item',
  #7751);
#7751 = NEXT_ASSEMBLY_USAGE_OCCURRENCE('208','=>[0:1:1:209]','',#5,#7742
  ,$);
#7752 = PRODUCT_RELATED_PRODUCT_CATEGORY('part',$,(#7744));
#7753 = ADVANCED_BREP_SHAPE_REPRESENTATION('',(#11,#7754),#7766);
#7754 = MANIFOLD_SOLID_BREP('',#7755);
#7755 = CLOSED_SHELL('',(#7756));
#7756 = ADVANCED_FACE('',(#7757),#7761,.T.);
#7757 = FACE_BOUND('',#7758,.T.);
#7758 = VERTEX_LOOP('',#7759);
#7759 = VERTEX_POINT('',#7760);
#7760 = CARTESIAN_POINT('',(9.184850993605E-18,-2.249639673993E-33,-0.15
    ));
#7761 = SPHERICAL_SURFACE('',#7762,0.15);
#7762 = AXIS2_PLACEMENT_3D('',#7763,#7764,#7765);
#7763 = CARTESIAN_POINT('',(0.,0.,0.));
#7764 = DIRECTION('',(0.,0.,1.));
#7765 = DIRECTION('',(1.,0.,-0.));
#7766 = ( GEOMETRIC_REPRESENTATION_CONTEXT(3) 
GLOBAL_UNCERTAINTY_ASSIGNED_CONTEXT((#7770)) 
GLOBAL_UNIT_ASSIGNED_CONTEXT((#7767,#7768,#7769)) REPRESENTATION_CONTEXT
('Context #1','3D Context with UNIT and UNCERTAINTY') );
#7767 = ( LENGTH_UNIT() NAMED_UNIT(*) SI_UNIT(.MILLI.,.METRE.) );
#7768 = ( NAMED_UNIT(*) PLANE_ANGLE_UNIT() SI_UNIT($,.RADIAN.) );
#7769 = ( NAMED_UNIT(*) SI_UNIT($,.STERADIAN.) SOLID_ANGLE_UNIT() );
#7770 = UNCERTAINTY_MEASURE_WITH_UNIT(LENGTH_MEASURE(1.E-07),#7767,
  'distance_accuracy_value','confusion accuracy');
#7771 = SHAPE_DEFINITION_REPRESENTATION(#7772,#7753);
#7772 = PRODUCT_DEFINITION_SHAPE('','',#7773);
#7773 = PRODUCT_DEFINITION('design','',#7774,#7777);
#7774 = PRODUCT_DEFINITION_FORMATION('','',#7775);
#7775 = PRODUCT('R2','R2','',(#7776));
#7776 = PRODUCT_CONTEXT('',#2,'mechanical');
#7777 = PRODUCT_DEFINITION_CONTEXT('part definition',#2,'design');
#7778 = CONTEXT_DEPENDENT_SHAPE_REPRESENTATION(#7779,#7781);
#7779 = ( REPRESENTATION_RELATIONSHIP('','',#7753,#10) 
REPRESENTATION_RELATIONSHIP_WITH_TRANSFORMATION(#7780) 
SHAPE_REPRESENTATION_RELATIONSHIP() );
#7780 = ITEM_DEFINED_TRANSFORMATION('','',#11,#847);
#7781 = PRODUCT_DEFINITION_SHAPE('Placement','Placement of an item',
  #7782);
#7782 = NEXT_ASSEMBLY_USAGE_OCCURRENCE('209','=>[0:1:1:210]','',#5,#7773
  ,$);
#7783 = PRODUCT_RELATED_PRODUCT_CATEGORY('part',$,(#7775));
#7784 = ADVANCED_BREP_SHAPE_REPRESENTATION('',(#11,#7785),#7797);
#7785 = MANIFOLD_SOLID_BREP('',#7786);
#7786 = CLOSED_SHELL('',(#7787));
#7787 = ADVANCED_FACE('',(#7788),#7792,.T.);
#7788 = FACE_BOUND('',#7789,.T.);
#7789 = VERTEX_LOOP('',#7790);
#7790 = VERTEX_POINT('',#7791);
#7791 = CARTESIAN_POINT('',(9.184850993605E-18,-2.249639673993E-33,-0.15
    ));
#7792 = SPHERICAL_SURFACE('',#7793,0.15);
#7793 = AXIS2_PLACEMENT_3D('',#7794,#7795,#7796);
#7794 = CARTESIAN_POINT('',(0.,0.,0.));
#7795 = DIRECTION('',(0.,0.,1.));
#7796 = DIRECTION('',(1.,0.,-0.));
#7797 = ( GEOMETRIC_REPRESENTATION_CONTEXT(3) 
GLOBAL_UNCERTAINTY_ASSIGNED_CONTEXT((#7801)) 
GLOBAL_UNIT_ASSIGNED_CONTEXT((#7798,#7799,#7800)) REPRESENTATION_CONTEXT
('Context #1','3D Context with UNIT and UNCERTAINTY') );
#7798 = ( LENGTH_UNIT() NAMED_UNIT(*) SI_UNIT(.MILLI.,.METRE.) );
#7799 = ( NAMED_UNIT(*) PLANE_ANGLE_UNIT() SI_UNIT($,.RADIAN.) );
#7800 = ( NAMED_UNIT(*) SI_UNIT($,.STERADIAN.) SOLID_ANGLE_UNIT() );
#7801 = UNCERTAINTY_MEASURE_WITH_UNIT(LENGTH_MEASURE(1.E-07),#7798,
  'distance_accuracy_value','confusion accuracy');
#7802 = SHAPE_DEFINITION_REPRESENTATION(#7803,#7784);
#7803 = PRODUCT_DEFINITION_SHAPE('','',#7804);
#7804 = PRODUCT_DEFINITION('design','',#7805,#7808);
#7805 = PRODUCT_DEFINITION_FORMATION('','',#7806);
#7806 = PRODUCT('R3','R3','',(#7807));
#7807 = PRODUCT_CONTEXT('',#2,'mechanical');
#7808 = PRODUCT_DEFINITION_CONTEXT('part definition',#2,'design');
#7809 = CONTEXT_DEPENDENT_SHAPE_REPRESENTATION(#7810,#7812);
#7810 = ( REPRESENTATION_RELATIONSHIP('','',#7784,#10) 
REPRESENTATION_RELATIONSHIP_WITH_TRANSFORMATION(#7811) 
SHAPE_REPRESENTATION_RELATIONSHIP() );
#7811 = ITEM_DEFINED_TRANSFORMATION('','',#11,#851);
#7812 = PRODUCT_DEFINITION_SHAPE('Placement','Placement of an item',
  #7813);
#7813 = NEXT_ASSEMBLY_USAGE_OCCURRENCE('210','=>[0:1:1:211]','',#5,#7804
  ,$);
#7814 = PRODUCT_RELATED_PRODUCT_CATEGORY('part',$,(#7806));
#7815 = ADVANCED_BREP_SHAPE_REPRESENTATION('',(#11,#7816),#7828);
#7816 = MANIFOLD_SOLID_BREP('',#7817);
#7817 = CLOSED_SHELL('',(#7818));
#7818 = ADVANCED_FACE('',(#7819),#7823,.T.);
#7819 = FACE_BOUND('',#7820,.T.);
#7820 = VERTEX_LOOP('',#7821);
#7821 = VERTEX_POINT('',#7822);
#7822 = CARTESIAN_POINT('',(9.184850993605E-18,-2.249639673993E-33,-0.15
    ));
#7823 = SPHERICAL_SURFACE('',#7824,0.15);
#7824 = AXIS2_PLACEMENT_3D('',#7825,#7826,#7827);
#7825 = CARTESIAN_POINT('',(0.,0.,0.));
#7826 = DIRECTION('',(0.,0.,1.));
#7827 = DIRECTION('',(1.,0.,-0.));
#7828 = ( GEOMETRIC_REPRESENTATION_CONTEXT(3) 
GLOBAL_UNCERTAINTY_ASSIGNED_CONTEXT((#7832)) 
GLOBAL_UNIT_ASSIGNED_CONTEXT((#7829,#7830,#7831)) REPRESENTATION_CONTEXT
('Context #1','3D Context with UNIT and UNCERTAINTY') );
#7829 = ( LENGTH_UNIT() NAMED_UNIT(*) SI_UNIT(.MILLI.,.METRE.) );
#7830 = ( NAMED_UNIT(*) PLANE_ANGLE_UNIT() SI_UNIT($,.RADIAN.) );
#7831 = ( NAMED_UNIT(*) SI_UNIT($,.STERADIAN.) SOLID_ANGLE_UNIT() );
#7832 = UNCERTAINTY_MEASURE_WITH_UNIT(LENGTH_MEASURE(1.E-07),#7829,
  'distance_accuracy_value','confusion accuracy');
#7833 = SHAPE_DEFINITION_REPRESENTATION(#7834,#7815);
#7834 = PRODUCT_DEFINITION_SHAPE('','',#7835);
#7835 = PRODUCT_DEFINITION('design','',#7836,#7839);
#7836 = PRODUCT_DEFINITION_FORMATION('','',#7837);
#7837 = PRODUCT('R5','R5','',(#7838));
#7838 = PRODUCT_CONTEXT('',#2,'mechanical');
#7839 = PRODUCT_DEFINITION_CONTEXT('part definition',#2,'design');
#7840 = CONTEXT_DEPENDENT_SHAPE_REPRESENTATION(#7841,#7843);
#7841 = ( REPRESENTATION_RELATIONSHIP('','',#7815,#10) 
REPRESENTATION_RELATIONSHIP_WITH_TRANSFORMATION(#7842) 
SHAPE_REPRESENTATION_RELATIONSHIP() );
#7842 = ITEM_DEFINED_TRANSFORMATION('','',#11,#855);
#7843 = PRODUCT_DEFINITION_SHAPE('Placement','Placement of an item',
  #7844);
#7844 = NEXT_ASSEMBLY_USAGE_OCCURRENCE('211','=>[0:1:1:212]','',#5,#7835
  ,$);
#7845 = PRODUCT_RELATED_PRODUCT_CATEGORY('part',$,(#7837));
#7846 = ADVANCED_BREP_SHAPE_REPRESENTATION('',(#11,#7847),#7859);
#7847 = MANIFOLD_SOLID_BREP('',#7848);
#7848 = CLOSED_SHELL('',(#7849));
#7849 = ADVANCED_FACE('',(#7850),#7854,.T.);
#7850 = FACE_BOUND('',#7851,.T.);
#7851 = VERTEX_LOOP('',#7852);
#7852 = VERTEX_POINT('',#7853);
#7853 = CARTESIAN_POINT('',(9.184850993605E-18,-2.249639673993E-33,-0.15
    ));
#7854 = SPHERICAL_SURFACE('',#7855,0.15);
#7855 = AXIS2_PLACEMENT_3D('',#7856,#7857,#7858);
#7856 = CARTESIAN_POINT('',(0.,0.,0.));
#7857 = DIRECTION('',(0.,0.,1.));
#7858 = DIRECTION('',(1.,0.,-0.));
#7859 = ( GEOMETRIC_REPRESENTATION_CONTEXT(3) 
GLOBAL_UNCERTAINTY_ASSIGNED_CONTEXT((#7863)) 
GLOBAL_UNIT_ASSIGNED_CONTEXT((#7860,#7861,#7862)) REPRESENTATION_CONTEXT
('Context #1','3D Context with UNIT and UNCERTAINTY') );
#7860 = ( LENGTH_UNIT() NAMED_UNIT(*) SI_UNIT(.MILLI.,.METRE.) );
#7861 = ( NAMED_UNIT(*) PLANE_ANGLE_UNIT() SI_UNIT($,.RADIAN.) );
#7862 = ( NAMED_UNIT(*) SI_UNIT($,.STERADIAN.) SOLID_ANGLE_UNIT() );
#7863 = UNCERTAINTY_MEASURE_WITH_UNIT(LENGTH_MEASURE(1.E-07),#7860,
  'distance_accuracy_value','confusion accuracy');
#7864 = SHAPE_DEFINITION_REPRESENTATION(#7865,#7846);
#7865 = PRODUCT_DEFINITION_SHAPE('','',#7866);
#7866 = PRODUCT_DEFINITION('design','',#7867,#7870);
#7867 = PRODUCT_DEFINITION_FORMATION('','',#7868);
#7868 = PRODUCT('R7','R7','',(#7869));
#7869 = PRODUCT_CONTEXT('',#2,'mechanical');
#7870 = PRODUCT_DEFINITION_CONTEXT('part definition',#2,'design');
#7871 = CONTEXT_DEPENDENT_SHAPE_REPRESENTATION(#7872,#7874);
#7872 = ( REPRESENTATION_RELATIONSHIP('','',#7846,#10) 
REPRESENTATION_RELATIONSHIP_WITH_TRANSFORMATION(#7873) 
SHAPE_REPRESENTATION_RELATIONSHIP() );
#7873 = ITEM_DEFINED_TRANSFORMATION('','',#11,#859);
#7874 = PRODUCT_DEFINITION_SHAPE('Placement','Placement of an item',
  #7875);
#7875 = NEXT_ASSEMBLY_USAGE_OCCURRENCE('212','=>[0:1:1:213]','',#5,#7866
  ,$);
#7876 = PRODUCT_RELATED_PRODUCT_CATEGORY('part',$,(#7868));
#7877 = ADVANCED_BREP_SHAPE_REPRESENTATION('',(#11,#7878),#7890);
#7878 = MANIFOLD_SOLID_BREP('',#7879);
#7879 = CLOSED_SHELL('',(#7880));
#7880 = ADVANCED_FACE('',(#7881),#7885,.T.);
#7881 = FACE_BOUND('',#7882,.T.);
#7882 = VERTEX_LOOP('',#7883);
#7883 = VERTEX_POINT('',#7884);
#7884 = CARTESIAN_POINT('',(9.184850993605E-18,-2.249639673993E-33,-0.15
    ));
#7885 = SPHERICAL_SURFACE('',#7886,0.15);
#7886 = AXIS2_PLACEMENT_3D('',#7887,#7888,#7889);
#7887 = CARTESIAN_POINT('',(0.,0.,0.));
#7888 = DIRECTION('',(0.,0.,1.));
#7889 = DIRECTION('',(1.,0.,-0.));
#7890 = ( GEOMETRIC_REPRESENTATION_CONTEXT(3) 
GLOBAL_UNCERTAINTY_ASSIGNED_CONTEXT((#7894)) 
GLOBAL_UNIT_ASSIGNED_CONTEXT((#7891,#7892,#7893)) REPRESENTATION_CONTEXT
('Context #1','3D Context with UNIT and UNCERTAINTY') );
#7891 = ( LENGTH_UNIT() NAMED_UNIT(*) SI_UNIT(.MILLI.,.METRE.) );
#7892 = ( NAMED_UNIT(*) PLANE_ANGLE_UNIT() SI_UNIT($,.RADIAN.) );
#7893 = ( NAMED_UNIT(*) SI_UNIT($,.STERADIAN.) SOLID_ANGLE_UNIT() );
#7894 = UNCERTAINTY_MEASURE_WITH_UNIT(LENGTH_MEASURE(1.E-07),#7891,
  'distance_accuracy_value','confusion accuracy');
#7895 = SHAPE_DEFINITION_REPRESENTATION(#7896,#7877);
#7896 = PRODUCT_DEFINITION_SHAPE('','',#7897);
#7897 = PRODUCT_DEFINITION('design','',#7898,#7901);
#7898 = PRODUCT_DEFINITION_FORMATION('','',#7899);
#7899 = PRODUCT('R8','R8','',(#7900));
#7900 = PRODUCT_CONTEXT('',#2,'mechanical');
#7901 = PRODUCT_DEFINITION_CONTEXT('part definition',#2,'design');
#7902 = CONTEXT_DEPENDENT_SHAPE_REPRESENTATION(#7903,#7905);
#7903 = ( REPRESENTATION_RELATIONSHIP('','',#7877,#10) 
REPRESENTATION_RELATIONSHIP_WITH_TRANSFORMATION(#7904) 
SHAPE_REPRESENTATION_RELATIONSHIP() );
#7904 = ITEM_DEFINED_TRANSFORMATION('','',#11,#863);
#7905 = PRODUCT_DEFINITION_SHAPE('Placement','Placement of an item',
  #7906);
#7906 = NEXT_ASSEMBLY_USAGE_OCCURRENCE('213','=>[0:1:1:214]','',#5,#7897
  ,$);
#7907 = PRODUCT_RELATED_PRODUCT_CATEGORY('part',$,(#7899));
#7908 = ADVANCED_BREP_SHAPE_REPRESENTATION('',(#11,#7909),#7921);
#7909 = MANIFOLD_SOLID_BREP('',#7910);
#7910 = CLOSED_SHELL('',(#7911));
#7911 = ADVANCED_FACE('',(#7912),#7916,.T.);
#7912 = FACE_BOUND('',#7913,.T.);
#7913 = VERTEX_LOOP('',#7914);
#7914 = VERTEX_POINT('',#7915);
#7915 = CARTESIAN_POINT('',(9.184850993605E-18,-2.249639673993E-33,-0.15
    ));
#7916 = SPHERICAL_SURFACE('',#7917,0.15);
#7917 = AXIS2_PLACEMENT_3D('',#7918,#7919,#7920);
#7918 = CARTESIAN_POINT('',(0.,0.,0.));
#7919 = DIRECTION('',(0.,0.,1.));
#7920 = DIRECTION('',(1.,0.,-0.));
#7921 = ( GEOMETRIC_REPRESENTATION_CONTEXT(3) 
GLOBAL_UNCERTAINTY_ASSIGNED_CONTEXT((#7925)) 
GLOBAL_UNIT_ASSIGNED_CONTEXT((#7922,#7923,#7924)) REPRESENTATION_CONTEXT
('Context #1','3D Context with UNIT and UNCERTAINTY') );
#7922 = ( LENGTH_UNIT() NAMED_UNIT(*) SI_UNIT(.MILLI.,.METRE.) );
#7923 = ( NAMED_UNIT(*) PLANE_ANGLE_UNIT() SI_UNIT($,.RADIAN.) );
#7924 = ( NAMED_UNIT(*) SI_UNIT($,.STERADIAN.) SOLID_ANGLE_UNIT() );
#7925 = UNCERTAINTY_MEASURE_WITH_UNIT(LENGTH_MEASURE(1.E-07),#7922,
  'distance_accuracy_value','confusion accuracy');
#7926 = SHAPE_DEFINITION_REPRESENTATION(#7927,#7908);
#7927 = PRODUCT_DEFINITION_SHAPE('','',#7928);
#7928 = PRODUCT_DEFINITION('design','',#7929,#7932);
#7929 = PRODUCT_DEFINITION_FORMATION('','',#7930);
#7930 = PRODUCT('R9','R9','',(#7931));
#7931 = PRODUCT_CONTEXT('',#2,'mechanical');
#7932 = PRODUCT_DEFINITION_CONTEXT('part definition',#2,'design');
#7933 = CONTEXT_DEPENDENT_SHAPE_REPRESENTATION(#7934,#7936);
#7934 = ( REPRESENTATION_RELATIONSHIP('','',#7908,#10) 
REPRESENTATION_RELATIONSHIP_WITH_TRANSFORMATION(#7935) 
SHAPE_REPRESENTATION_RELATIONSHIP() );
#7935 = ITEM_DEFINED_TRANSFORMATION('','',#11,#867);
#7936 = PRODUCT_DEFINITION_SHAPE('Placement','Placement of an item',
  #7937);
#7937 = NEXT_ASSEMBLY_USAGE_OCCURRENCE('214','=>[0:1:1:215]','',#5,#7928
  ,$);
#7938 = PRODUCT_RELATED_PRODUCT_CATEGORY('part',$,(#7930));
#7939 = ADVANCED_BREP_SHAPE_REPRESENTATION('',(#11,#7940),#7952);
#7940 = MANIFOLD_SOLID_BREP('',#7941);
#7941 = CLOSED_SHELL('',(#7942));
#7942 = ADVANCED_FACE('',(#7943),#7947,.T.);
#7943 = FACE_BOUND('',#7944,.T.);
#7944 = VERTEX_LOOP('',#7945);
#7945 = VERTEX_POINT('',#7946);
#7946 = CARTESIAN_POINT('',(9.184850993605E-18,-2.249639673993E-33,-0.15
    ));
#7947 = SPHERICAL_SURFACE('',#7948,0.15);
#7948 = AXIS2_PLACEMENT_3D('',#7949,#7950,#7951);
#7949 = CARTESIAN_POINT('',(0.,0.,0.));
#7950 = DIRECTION('',(0.,0.,1.));
#7951 = DIRECTION('',(1.,0.,-0.));
#7952 = ( GEOMETRIC_REPRESENTATION_CONTEXT(3) 
GLOBAL_UNCERTAINTY_ASSIGNED_CONTEXT((#7956)) 
GLOBAL_UNIT_ASSIGNED_CONTEXT((#7953,#7954,#7955)) REPRESENTATION_CONTEXT
('Context #1','3D Context with UNIT and UNCERTAINTY') );
#7953 = ( LENGTH_UNIT() NAMED_UNIT(*) SI_UNIT(.MILLI.,.METRE.) );
#7954 = ( NAMED_UNIT(*) PLANE_ANGLE_UNIT() SI_UNIT($,.RADIAN.) );
#7955 = ( NAMED_UNIT(*) SI_UNIT($,.STERADIAN.) SOLID_ANGLE_UNIT() );
#7956 = UNCERTAINTY_MEASURE_WITH_UNIT(LENGTH_MEASURE(1.E-07),#7953,
  'distance_accuracy_value','confusion accuracy');
#7957 = SHAPE_DEFINITION_REPRESENTATION(#7958,#7939);
#7958 = PRODUCT_DEFINITION_SHAPE('','',#7959);
#7959 = PRODUCT_DEFINITION('design','',#7960,#7963);
#7960 = PRODUCT_DEFINITION_FORMATION('','',#7961);
#7961 = PRODUCT('R10','R10','',(#7962));
#7962 = PRODUCT_CONTEXT('',#2,'mechanical');
#7963 = PRODUCT_DEFINITION_CONTEXT('part definition',#2,'design');
#7964 = CONTEXT_DEPENDENT_SHAPE_REPRESENTATION(#7965,#7967);
#7965 = ( REPRESENTATION_RELATIONSHIP('','',#7939,#10) 
REPRESENTATION_RELATIONSHIP_WITH_TRANSFORMATION(#7966) 
SHAPE_REPRESENTATION_RELATIONSHIP() );
#7966 = ITEM_DEFINED_TRANSFORMATION('','',#11,#871);
#7967 = PRODUCT_DEFINITION_SHAPE('Placement','Placement of an item',
  #7968);
#7968 = NEXT_ASSEMBLY_USAGE_OCCURRENCE('215','=>[0:1:1:216]','',#5,#7959
  ,$);
#7969 = PRODUCT_RELATED_PRODUCT_CATEGORY('part',$,(#7961));
#7970 = ADVANCED_BREP_SHAPE_REPRESENTATION('',(#11,#7971),#7983);
#7971 = MANIFOLD_SOLID_BREP('',#7972);
#7972 = CLOSED_SHELL('',(#7973));
#7973 = ADVANCED_FACE('',(#7974),#7978,.T.);
#7974 = FACE_BOUND('',#7975,.T.);
#7975 = VERTEX_LOOP('',#7976);
#7976 = VERTEX_POINT('',#7977);
#7977 = CARTESIAN_POINT('',(9.184850993605E-18,-2.249639673993E-33,-0.15
    ));
#7978 = SPHERICAL_SURFACE('',#7979,0.15);
#7979 = AXIS2_PLACEMENT_3D('',#7980,#7981,#7982);
#7980 = CARTESIAN_POINT('',(0.,0.,0.));
#7981 = DIRECTION('',(0.,0.,1.));
#7982 = DIRECTION('',(1.,0.,-0.));
#7983 = ( GEOMETRIC_REPRESENTATION_CONTEXT(3) 
GLOBAL_UNCERTAINTY_ASSIGNED_CONTEXT((#7987)) 
GLOBAL_UNIT_ASSIGNED_CONTEXT((#7984,#7985,#7986)) REPRESENTATION_CONTEXT
('Context #1','3D Context with UNIT and UNCERTAINTY') );
#7984 = ( LENGTH_UNIT() NAMED_UNIT(*) SI_UNIT(.MILLI.,.METRE.) );
#7985 = ( NAMED_UNIT(*) PLANE_ANGLE_UNIT() SI_UNIT($,.RADIAN.) );
#7986 = ( NAMED_UNIT(*) SI_UNIT($,.STERADIAN.) SOLID_ANGLE_UNIT() );
#7987 = UNCERTAINTY_MEASURE_WITH_UNIT(LENGTH_MEASURE(1.E-07),#7984,
  'distance_accuracy_value','confusion accuracy');
#7988 = SHAPE_DEFINITION_REPRESENTATION(#7989,#7970);
#7989 = PRODUCT_DEFINITION_SHAPE('','',#7990);
#7990 = PRODUCT_DEFINITION('design','',#7991,#7994);
#7991 = PRODUCT_DEFINITION_FORMATION('','',#7992);
#7992 = PRODUCT('R11','R11','',(#7993));
#7993 = PRODUCT_CONTEXT('',#2,'mechanical');
#7994 = PRODUCT_DEFINITION_CONTEXT('part definition',#2,'design');
#7995 = CONTEXT_DEPENDENT_SHAPE_REPRESENTATION(#7996,#7998);
#7996 = ( REPRESENTATION_RELATIONSHIP('','',#7970,#10) 
REPRESENTATION_RELATIONSHIP_WITH_TRANSFORMATION(#7997) 
SHAPE_REPRESENTATION_RELATIONSHIP() );
#7997 = ITEM_DEFINED_TRANSFORMATION('','',#11,#875);
#7998 = PRODUCT_DEFINITION_SHAPE('Placement','Placement of an item',
  #7999);
#7999 = NEXT_ASSEMBLY_USAGE_OCCURRENCE('216','=>[0:1:1:217]','',#5,#7990
  ,$);
#8000 = PRODUCT_RELATED_PRODUCT_CATEGORY('part',$,(#7992));
#8001 = ADVANCED_BREP_SHAPE_REPRESENTATION('',(#11,#8002),#8014);
#8002 = MANIFOLD_SOLID_BREP('',#8003);
#8003 = CLOSED_SHELL('',(#8004));
#8004 = ADVANCED_FACE('',(#8005),#8009,.T.);
#8005 = FACE_BOUND('',#8006,.T.);
#8006 = VERTEX_LOOP('',#8007);
#8007 = VERTEX_POINT('',#8008);
#8008 = CARTESIAN_POINT('',(9.184850993605E-18,-2.249639673993E-33,-0.15
    ));
#8009 = SPHERICAL_SURFACE('',#8010,0.15);
#8010 = AXIS2_PLACEMENT_3D('',#8011,#8012,#8013);
#8011 = CARTESIAN_POINT('',(0.,0.,0.));
#8012 = DIRECTION('',(0.,0.,1.));
#8013 = DIRECTION('',(1.,0.,-0.));
#8014 = ( GEOMETRIC_REPRESENTATION_CONTEXT(3) 
GLOBAL_UNCERTAINTY_ASSIGNED_CONTEXT((#8018)) 
GLOBAL_UNIT_ASSIGNED_CONTEXT((#8015,#8016,#8017)) REPRESENTATION_CONTEXT
('Context #1','3D Context with UNIT and UNCERTAINTY') );
#8015 = ( LENGTH_UNIT() NAMED_UNIT(*) SI_UNIT(.MILLI.,.METRE.) );
#8016 = ( NAMED_UNIT(*) PLANE_ANGLE_UNIT() SI_UNIT($,.RADIAN.) );
#8017 = ( NAMED_UNIT(*) SI_UNIT($,.STERADIAN.) SOLID_ANGLE_UNIT() );
#8018 = UNCERTAINTY_MEASURE_WITH_UNIT(LENGTH_MEASURE(1.E-07),#8015,
  'distance_accuracy_value','confusion accuracy');
#8019 = SHAPE_DEFINITION_REPRESENTATION(#8020,#8001);
#8020 = PRODUCT_DEFINITION_SHAPE('','',#8021);
#8021 = PRODUCT_DEFINITION('design','',#8022,#8025);
#8022 = PRODUCT_DEFINITION_FORMATION('','',#8023);
#8023 = PRODUCT('R12','R12','',(#8024));
#8024 = PRODUCT_CONTEXT('',#2,'mechanical');
#8025 = PRODUCT_DEFINITION_CONTEXT('part definition',#2,'design');
#8026 = CONTEXT_DEPENDENT_SHAPE_REPRESENTATION(#8027,#8029);
#8027 = ( REPRESENTATION_RELATIONSHIP('','',#8001,#10) 
REPRESENTATION_RELATIONSHIP_WITH_TRANSFORMATION(#8028) 
SHAPE_REPRESENTATION_RELATIONSHIP() );
#8028 = ITEM_DEFINED_TRANSFORMATION('','',#11,#879);
#8029 = PRODUCT_DEFINITION_SHAPE('Placement','Placement of an item',
  #8030);
#8030 = NEXT_ASSEMBLY_USAGE_OCCURRENCE('217','=>[0:1:1:218]','',#5,#8021
  ,$);
#8031 = PRODUCT_RELATED_PRODUCT_CATEGORY('part',$,(#8023));
#8032 = ADVANCED_BREP_SHAPE_REPRESENTATION('',(#11,#8033),#8045);
#8033 = MANIFOLD_SOLID_BREP('',#8034);
#8034 = CLOSED_SHELL('',(#8035));
#8035 = ADVANCED_FACE('',(#8036),#8040,.T.);
#8036 = FACE_BOUND('',#8037,.T.);
#8037 = VERTEX_LOOP('',#8038);
#8038 = VERTEX_POINT('',#8039);
#8039 = CARTESIAN_POINT('',(9.184850993605E-18,-2.249639673993E-33,-0.15
    ));
#8040 = SPHERICAL_SURFACE('',#8041,0.15);
#8041 = AXIS2_PLACEMENT_3D('',#8042,#8043,#8044);
#8042 = CARTESIAN_POINT('',(0.,0.,0.));
#8043 = DIRECTION('',(0.,0.,1.));
#8044 = DIRECTION('',(1.,0.,-0.));
#8045 = ( GEOMETRIC_REPRESENTATION_CONTEXT(3) 
GLOBAL_UNCERTAINTY_ASSIGNED_CONTEXT((#8049)) 
GLOBAL_UNIT_ASSIGNED_CONTEXT((#8046,#8047,#8048)) REPRESENTATION_CONTEXT
('Context #1','3D Context with UNIT and UNCERTAINTY') );
#8046 = ( LENGTH_UNIT() NAMED_UNIT(*) SI_UNIT(.MILLI.,.METRE.) );
#8047 = ( NAMED_UNIT(*) PLANE_ANGLE_UNIT() SI_UNIT($,.RADIAN.) );
#8048 = ( NAMED_UNIT(*) SI_UNIT($,.STERADIAN.) SOLID_ANGLE_UNIT() );
#8049 = UNCERTAINTY_MEASURE_WITH_UNIT(LENGTH_MEASURE(1.E-07),#8046,
  'distance_accuracy_value','confusion accuracy');
#8050 = SHAPE_DEFINITION_REPRESENTATION(#8051,#8032);
#8051 = PRODUCT_DEFINITION_SHAPE('','',#8052);
#8052 = PRODUCT_DEFINITION('design','',#8053,#8056);
#8053 = PRODUCT_DEFINITION_FORMATION('','',#8054);
#8054 = PRODUCT('R13','R13','',(#8055));
#8055 = PRODUCT_CONTEXT('',#2,'mechanical');
#8056 = PRODUCT_DEFINITION_CONTEXT('part definition',#2,'design');
#8057 = CONTEXT_DEPENDENT_SHAPE_REPRESENTATION(#8058,#8060);
#8058 = ( REPRESENTATION_RELATIONSHIP('','',#8032,#10) 
REPRESENTATION_RELATIONSHIP_WITH_TRANSFORMATION(#8059) 
SHAPE_REPRESENTATION_RELATIONSHIP() );
#8059 = ITEM_DEFINED_TRANSFORMATION('','',#11,#883);
#8060 = PRODUCT_DEFINITION_SHAPE('Placement','Placement of an item',
  #8061);
#8061 = NEXT_ASSEMBLY_USAGE_OCCURRENCE('218','=>[0:1:1:219]','',#5,#8052
  ,$);
#8062 = PRODUCT_RELATED_PRODUCT_CATEGORY('part',$,(#8054));
#8063 = ADVANCED_BREP_SHAPE_REPRESENTATION('',(#11,#8064),#8076);
#8064 = MANIFOLD_SOLID_BREP('',#8065);
#8065 = CLOSED_SHELL('',(#8066));
#8066 = ADVANCED_FACE('',(#8067),#8071,.T.);
#8067 = FACE_BOUND('',#8068,.T.);
#8068 = VERTEX_LOOP('',#8069);
#8069 = VERTEX_POINT('',#8070);
#8070 = CARTESIAN_POINT('',(9.184850993605E-18,-2.249639673993E-33,-0.15
    ));
#8071 = SPHERICAL_SURFACE('',#8072,0.15);
#8072 = AXIS2_PLACEMENT_3D('',#8073,#8074,#8075);
#8073 = CARTESIAN_POINT('',(0.,0.,0.));
#8074 = DIRECTION('',(0.,0.,1.));
#8075 = DIRECTION('',(1.,0.,-0.));
#8076 = ( GEOMETRIC_REPRESENTATION_CONTEXT(3) 
GLOBAL_UNCERTAINTY_ASSIGNED_CONTEXT((#8080)) 
GLOBAL_UNIT_ASSIGNED_CONTEXT((#8077,#8078,#8079)) REPRESENTATION_CONTEXT
('Context #1','3D Context with UNIT and UNCERTAINTY') );
#8077 = ( LENGTH_UNIT() NAMED_UNIT(*) SI_UNIT(.MILLI.,.METRE.) );
#8078 = ( NAMED_UNIT(*) PLANE_ANGLE_UNIT() SI_UNIT($,.RADIAN.) );
#8079 = ( NAMED_UNIT(*) SI_UNIT($,.STERADIAN.) SOLID_ANGLE_UNIT() );
#8080 = UNCERTAINTY_MEASURE_WITH_UNIT(LENGTH_MEASURE(1.E-07),#8077,
  'distance_accuracy_value','confusion accuracy');
#8081 = SHAPE_DEFINITION_REPRESENTATION(#8082,#8063);
#8082 = PRODUCT_DEFINITION_SHAPE('','',#8083);
#8083 = PRODUCT_DEFINITION('design','',#8084,#8087);
#8084 = PRODUCT_DEFINITION_FORMATION('','',#8085);
#8085 = PRODUCT('R14','R14','',(#8086));
#8086 = PRODUCT_CONTEXT('',#2,'mechanical');
#8087 = PRODUCT_DEFINITION_CONTEXT('part definition',#2,'design');
#8088 = CONTEXT_DEPENDENT_SHAPE_REPRESENTATION(#8089,#8091);
#8089 = ( REPRESENTATION_RELATIONSHIP('','',#8063,#10) 
REPRESENTATION_RELATIONSHIP_WITH_TRANSFORMATION(#8090) 
SHAPE_REPRESENTATION_RELATIONSHIP() );
#8090 = ITEM_DEFINED_TRANSFORMATION('','',#11,#887);
#8091 = PRODUCT_DEFINITION_SHAPE('Placement','Placement of an item',
  #8092);
#8092 = NEXT_ASSEMBLY_USAGE_OCCURRENCE('219','=>[0:1:1:220]','',#5,#8083
  ,$);
#8093 = PRODUCT_RELATED_PRODUCT_CATEGORY('part',$,(#8085));
#8094 = ADVANCED_BREP_SHAPE_REPRESENTATION('',(#11,#8095),#8107);
#8095 = MANIFOLD_SOLID_BREP('',#8096);
#8096 = CLOSED_SHELL('',(#8097));
#8097 = ADVANCED_FACE('',(#8098),#8102,.T.);
#8098 = FACE_BOUND('',#8099,.T.);
#8099 = VERTEX_LOOP('',#8100);
#8100 = VERTEX_POINT('',#8101);
#8101 = CARTESIAN_POINT('',(9.184850993605E-18,-2.249639673993E-33,-0.15
    ));
#8102 = SPHERICAL_SURFACE('',#8103,0.15);
#8103 = AXIS2_PLACEMENT_3D('',#8104,#8105,#8106);
#8104 = CARTESIAN_POINT('',(0.,0.,0.));
#8105 = DIRECTION('',(0.,0.,1.));
#8106 = DIRECTION('',(1.,0.,-0.));
#8107 = ( GEOMETRIC_REPRESENTATION_CONTEXT(3) 
GLOBAL_UNCERTAINTY_ASSIGNED_CONTEXT((#8111)) 
GLOBAL_UNIT_ASSIGNED_CONTEXT((#8108,#8109,#8110)) REPRESENTATION_CONTEXT
('Context #1','3D Context with UNIT and UNCERTAINTY') );
#8108 = ( LENGTH_UNIT() NAMED_UNIT(*) SI_UNIT(.MILLI.,.METRE.) );
#8109 = ( NAMED_UNIT(*) PLANE_ANGLE_UNIT() SI_UNIT($,.RADIAN.) );
#8110 = ( NAMED_UNIT(*) SI_UNIT($,.STERADIAN.) SOLID_ANGLE_UNIT() );
#8111 = UNCERTAINTY_MEASURE_WITH_UNIT(LENGTH_MEASURE(1.E-07),#8108,
  'distance_accuracy_value','confusion accuracy');
#8112 = SHAPE_DEFINITION_REPRESENTATION(#8113,#8094);
#8113 = PRODUCT_DEFINITION_SHAPE('','',#8114);
#8114 = PRODUCT_DEFINITION('design','',#8115,#8118);
#8115 = PRODUCT_DEFINITION_FORMATION('','',#8116);
#8116 = PRODUCT('R15','R15','',(#8117));
#8117 = PRODUCT_CONTEXT('',#2,'mechanical');
#8118 = PRODUCT_DEFINITION_CONTEXT('part definition',#2,'design');
#8119 = CONTEXT_DEPENDENT_SHAPE_REPRESENTATION(#8120,#8122);
#8120 = ( REPRESENTATION_RELATIONSHIP('','',#8094,#10) 
REPRESENTATION_RELATIONSHIP_WITH_TRANSFORMATION(#8121) 
SHAPE_REPRESENTATION_RELATIONSHIP() );
#8121 = ITEM_DEFINED_TRANSFORMATION('','',#11,#891);
#8122 = PRODUCT_DEFINITION_SHAPE('Placement','Placement of an item',
  #8123);
#8123 = NEXT_ASSEMBLY_USAGE_OCCURRENCE('220','=>[0:1:1:221]','',#5,#8114
  ,$);
#8124 = PRODUCT_RELATED_PRODUCT_CATEGORY('part',$,(#8116));
#8125 = ADVANCED_BREP_SHAPE_REPRESENTATION('',(#11,#8126),#8138);
#8126 = MANIFOLD_SOLID_BREP('',#8127);
#8127 = CLOSED_SHELL('',(#8128));
#8128 = ADVANCED_FACE('',(#8129),#8133,.T.);
#8129 = FACE_BOUND('',#8130,.T.);
#8130 = VERTEX_LOOP('',#8131);
#8131 = VERTEX_POINT('',#8132);
#8132 = CARTESIAN_POINT('',(9.184850993605E-18,-2.249639673993E-33,-0.15
    ));
#8133 = SPHERICAL_SURFACE('',#8134,0.15);
#8134 = AXIS2_PLACEMENT_3D('',#8135,#8136,#8137);
#8135 = CARTESIAN_POINT('',(0.,0.,0.));
#8136 = DIRECTION('',(0.,0.,1.));
#8137 = DIRECTION('',(1.,0.,-0.));
#8138 = ( GEOMETRIC_REPRESENTATION_CONTEXT(3) 
GLOBAL_UNCERTAINTY_ASSIGNED_CONTEXT((#8142)) 
GLOBAL_UNIT_ASSIGNED_CONTEXT((#8139,#8140,#8141)) REPRESENTATION_CONTEXT
('Context #1','3D Context with UNIT and UNCERTAINTY') );
#8139 = ( LENGTH_UNIT() NAMED_UNIT(*) SI_UNIT(.MILLI.,.METRE.) );
#8140 = ( NAMED_UNIT(*) PLANE_ANGLE_UNIT() SI_UNIT($,.RADIAN.) );
#8141 = ( NAMED_UNIT(*) SI_UNIT($,.STERADIAN.) SOLID_ANGLE_UNIT() );
#8142 = UNCERTAINTY_MEASURE_WITH_UNIT(LENGTH_MEASURE(1.E-07),#8139,
  'distance_accuracy_value','confusion accuracy');
#8143 = SHAPE_DEFINITION_REPRESENTATION(#8144,#8125);
#8144 = PRODUCT_DEFINITION_SHAPE('','',#8145);
#8145 = PRODUCT_DEFINITION('design','',#8146,#8149);
#8146 = PRODUCT_DEFINITION_FORMATION('','',#8147);
#8147 = PRODUCT('R17','R17','',(#8148));
#8148 = PRODUCT_CONTEXT('',#2,'mechanical');
#8149 = PRODUCT_DEFINITION_CONTEXT('part definition',#2,'design');
#8150 = CONTEXT_DEPENDENT_SHAPE_REPRESENTATION(#8151,#8153);
#8151 = ( REPRESENTATION_RELATIONSHIP('','',#8125,#10) 
REPRESENTATION_RELATIONSHIP_WITH_TRANSFORMATION(#8152) 
SHAPE_REPRESENTATION_RELATIONSHIP() );
#8152 = ITEM_DEFINED_TRANSFORMATION('','',#11,#895);
#8153 = PRODUCT_DEFINITION_SHAPE('Placement','Placement of an item',
  #8154);
#8154 = NEXT_ASSEMBLY_USAGE_OCCURRENCE('221','=>[0:1:1:222]','',#5,#8145
  ,$);
#8155 = PRODUCT_RELATED_PRODUCT_CATEGORY('part',$,(#8147));
#8156 = ADVANCED_BREP_SHAPE_REPRESENTATION('',(#11,#8157),#8169);
#8157 = MANIFOLD_SOLID_BREP('',#8158);
#8158 = CLOSED_SHELL('',(#8159));
#8159 = ADVANCED_FACE('',(#8160),#8164,.T.);
#8160 = FACE_BOUND('',#8161,.T.);
#8161 = VERTEX_LOOP('',#8162);
#8162 = VERTEX_POINT('',#8163);
#8163 = CARTESIAN_POINT('',(9.184850993605E-18,-2.249639673993E-33,-0.15
    ));
#8164 = SPHERICAL_SURFACE('',#8165,0.15);
#8165 = AXIS2_PLACEMENT_3D('',#8166,#8167,#8168);
#8166 = CARTESIAN_POINT('',(0.,0.,0.));
#8167 = DIRECTION('',(0.,0.,1.));
#8168 = DIRECTION('',(1.,0.,-0.));
#8169 = ( GEOMETRIC_REPRESENTATION_CONTEXT(3) 
GLOBAL_UNCERTAINTY_ASSIGNED_CONTEXT((#8173)) 
GLOBAL_UNIT_ASSIGNED_CONTEXT((#8170,#8171,#8172)) REPRESENTATION_CONTEXT
('Context #1','3D Context with UNIT and UNCERTAINTY') );
#8170 = ( LENGTH_UNIT() NAMED_UNIT(*) SI_UNIT(.MILLI.,.METRE.) );
#8171 = ( NAMED_UNIT(*) PLANE_ANGLE_UNIT() SI_UNIT($,.RADIAN.) );
#8172 = ( NAMED_UNIT(*) SI_UNIT($,.STERADIAN.) SOLID_ANGLE_UNIT() );
#8173 = UNCERTAINTY_MEASURE_WITH_UNIT(LENGTH_MEASURE(1.E-07),#8170,
  'distance_accuracy_value','confusion accuracy');
#8174 = SHAPE_DEFINITION_REPRESENTATION(#8175,#8156);
#8175 = PRODUCT_DEFINITION_SHAPE('','',#8176);
#8176 = PRODUCT_DEFINITION('design','',#8177,#8180);
#8177 = PRODUCT_DEFINITION_FORMATION('','',#8178);
#8178 = PRODUCT('R19','R19','',(#8179));
#8179 = PRODUCT_CONTEXT('',#2,'mechanical');
#8180 = PRODUCT_DEFINITION_CONTEXT('part definition',#2,'design');
#8181 = CONTEXT_DEPENDENT_SHAPE_REPRESENTATION(#8182,#8184);
#8182 = ( REPRESENTATION_RELATIONSHIP('','',#8156,#10) 
REPRESENTATION_RELATIONSHIP_WITH_TRANSFORMATION(#8183) 
SHAPE_REPRESENTATION_RELATIONSHIP() );
#8183 = ITEM_DEFINED_TRANSFORMATION('','',#11,#899);
#8184 = PRODUCT_DEFINITION_SHAPE('Placement','Placement of an item',
  #8185);
#8185 = NEXT_ASSEMBLY_USAGE_OCCURRENCE('222','=>[0:1:1:223]','',#5,#8176
  ,$);
#8186 = PRODUCT_RELATED_PRODUCT_CATEGORY('part',$,(#8178));
#8187 = ADVANCED_BREP_SHAPE_REPRESENTATION('',(#11,#8188),#8200);
#8188 = MANIFOLD_SOLID_BREP('',#8189);
#8189 = CLOSED_SHELL('',(#8190));
#8190 = ADVANCED_FACE('',(#8191),#8195,.T.);
#8191 = FACE_BOUND('',#8192,.T.);
#8192 = VERTEX_LOOP('',#8193);
#8193 = VERTEX_POINT('',#8194);
#8194 = CARTESIAN_POINT('',(9.184850993605E-18,-2.249639673993E-33,-0.15
    ));
#8195 = SPHERICAL_SURFACE('',#8196,0.15);
#8196 = AXIS2_PLACEMENT_3D('',#8197,#8198,#8199);
#8197 = CARTESIAN_POINT('',(0.,0.,0.));
#8198 = DIRECTION('',(0.,0.,1.));
#8199 = DIRECTION('',(1.,0.,-0.));
#8200 = ( GEOMETRIC_REPRESENTATION_CONTEXT(3) 
GLOBAL_UNCERTAINTY_ASSIGNED_CONTEXT((#8204)) 
GLOBAL_UNIT_ASSIGNED_CONTEXT((#8201,#8202,#8203)) REPRESENTATION_CONTEXT
('Context #1','3D Context with UNIT and UNCERTAINTY') );
#8201 = ( LENGTH_UNIT() NAMED_UNIT(*) SI_UNIT(.MILLI.,.METRE.) );
#8202 = ( NAMED_UNIT(*) PLANE_ANGLE_UNIT() SI_UNIT($,.RADIAN.) );
#8203 = ( NAMED_UNIT(*) SI_UNIT($,.STERADIAN.) SOLID_ANGLE_UNIT() );
#8204 = UNCERTAINTY_MEASURE_WITH_UNIT(LENGTH_MEASURE(1.E-07),#8201,
  'distance_accuracy_value','confusion accuracy');
#8205 = SHAPE_DEFINITION_REPRESENTATION(#8206,#8187);
#8206 = PRODUCT_DEFINITION_SHAPE('','',#8207);
#8207 = PRODUCT_DEFINITION('design','',#8208,#8211);
#8208 = PRODUCT_DEFINITION_FORMATION('','',#8209);
#8209 = PRODUCT('R20','R20','',(#8210));
#8210 = PRODUCT_CONTEXT('',#2,'mechanical');
#8211 = PRODUCT_DEFINITION_CONTEXT('part definition',#2,'design');
#8212 = CONTEXT_DEPENDENT_SHAPE_REPRESENTATION(#8213,#8215);
#8213 = ( REPRESENTATION_RELATIONSHIP('','',#8187,#10) 
REPRESENTATION_RELATIONSHIP_WITH_TRANSFORMATION(#8214) 
SHAPE_REPRESENTATION_RELATIONSHIP() );
#8214 = ITEM_DEFINED_TRANSFORMATION('','',#11,#903);
#8215 = PRODUCT_DEFINITION_SHAPE('Placement','Placement of an item',
  #8216);
#8216 = NEXT_ASSEMBLY_USAGE_OCCURRENCE('223','=>[0:1:1:224]','',#5,#8207
  ,$);
#8217 = PRODUCT_RELATED_PRODUCT_CATEGORY('part',$,(#8209));
#8218 = ADVANCED_BREP_SHAPE_REPRESENTATION('',(#11,#8219),#8231);
#8219 = MANIFOLD_SOLID_BREP('',#8220);
#8220 = CLOSED_SHELL('',(#8221));
#8221 = ADVANCED_FACE('',(#8222),#8226,.T.);
#8222 = FACE_BOUND('',#8223,.T.);
#8223 = VERTEX_LOOP('',#8224);
#8224 = VERTEX_POINT('',#8225);
#8225 = CARTESIAN_POINT('',(9.184850993605E-18,-2.249639673993E-33,-0.15
    ));
#8226 = SPHERICAL_SURFACE('',#8227,0.15);
#8227 = AXIS2_PLACEMENT_3D('',#8228,#8229,#8230);
#8228 = CARTESIAN_POINT('',(0.,0.,0.));
#8229 = DIRECTION('',(0.,0.,1.));
#8230 = DIRECTION('',(1.,0.,-0.));
#8231 = ( GEOMETRIC_REPRESENTATION_CONTEXT(3) 
GLOBAL_UNCERTAINTY_ASSIGNED_CONTEXT((#8235)) 
GLOBAL_UNIT_ASSIGNED_CONTEXT((#8232,#8233,#8234)) REPRESENTATION_CONTEXT
('Context #1','3D Context with UNIT and UNCERTAINTY') );
#8232 = ( LENGTH_UNIT() NAMED_UNIT(*) SI_UNIT(.MILLI.,.METRE.) );
#8233 = ( NAMED_UNIT(*) PLANE_ANGLE_UNIT() SI_UNIT($,.RADIAN.) );
#8234 = ( NAMED_UNIT(*) SI_UNIT($,.STERADIAN.) SOLID_ANGLE_UNIT() );
#8235 = UNCERTAINTY_MEASURE_WITH_UNIT(LENGTH_MEASURE(1.E-07),#8232,
  'distance_accuracy_value','confusion accuracy');
#8236 = SHAPE_DEFINITION_REPRESENTATION(#8237,#8218);
#8237 = PRODUCT_DEFINITION_SHAPE('','',#8238);
#8238 = PRODUCT_DEFINITION('design','',#8239,#8242);
#8239 = PRODUCT_DEFINITION_FORMATION('','',#8240);
#8240 = PRODUCT('R21','R21','',(#8241));
#8241 = PRODUCT_CONTEXT('',#2,'mechanical');
#8242 = PRODUCT_DEFINITION_CONTEXT('part definition',#2,'design');
#8243 = CONTEXT_DEPENDENT_SHAPE_REPRESENTATION(#8244,#8246);
#8244 = ( REPRESENTATION_RELATIONSHIP('','',#8218,#10) 
REPRESENTATION_RELATIONSHIP_WITH_TRANSFORMATION(#8245) 
SHAPE_REPRESENTATION_RELATIONSHIP() );
#8245 = ITEM_DEFINED_TRANSFORMATION('','',#11,#907);
#8246 = PRODUCT_DEFINITION_SHAPE('Placement','Placement of an item',
  #8247);
#8247 = NEXT_ASSEMBLY_USAGE_OCCURRENCE('224','=>[0:1:1:225]','',#5,#8238
  ,$);
#8248 = PRODUCT_RELATED_PRODUCT_CATEGORY('part',$,(#8240));
#8249 = ADVANCED_BREP_SHAPE_REPRESENTATION('',(#11,#8250),#8262);
#8250 = MANIFOLD_SOLID_BREP('',#8251);
#8251 = CLOSED_SHELL('',(#8252));
#8252 = ADVANCED_FACE('',(#8253),#8257,.T.);
#8253 = FACE_BOUND('',#8254,.T.);
#8254 = VERTEX_LOOP('',#8255);
#8255 = VERTEX_POINT('',#8256);
#8256 = CARTESIAN_POINT('',(9.184850993605E-18,-2.249639673993E-33,-0.15
    ));
#8257 = SPHERICAL_SURFACE('',#8258,0.15);
#8258 = AXIS2_PLACEMENT_3D('',#8259,#8260,#8261);
#8259 = CARTESIAN_POINT('',(0.,0.,0.));
#8260 = DIRECTION('',(0.,0.,1.));
#8261 = DIRECTION('',(1.,0.,-0.));
#8262 = ( GEOMETRIC_REPRESENTATION_CONTEXT(3) 
GLOBAL_UNCERTAINTY_ASSIGNED_CONTEXT((#8266)) 
GLOBAL_UNIT_ASSIGNED_CONTEXT((#8263,#8264,#8265)) REPRESENTATION_CONTEXT
('Context #1','3D Context with UNIT and UNCERTAINTY') );
#8263 = ( LENGTH_UNIT() NAMED_UNIT(*) SI_UNIT(.MILLI.,.METRE.) );
#8264 = ( NAMED_UNIT(*) PLANE_ANGLE_UNIT() SI_UNIT($,.RADIAN.) );
#8265 = ( NAMED_UNIT(*) SI_UNIT($,.STERADIAN.) SOLID_ANGLE_UNIT() );
#8266 = UNCERTAINTY_MEASURE_WITH_UNIT(LENGTH_MEASURE(1.E-07),#8263,
  'distance_accuracy_value','confusion accuracy');
#8267 = SHAPE_DEFINITION_REPRESENTATION(#8268,#8249);
#8268 = PRODUCT_DEFINITION_SHAPE('','',#8269);
#8269 = PRODUCT_DEFINITION('design','',#8270,#8273);
#8270 = PRODUCT_DEFINITION_FORMATION('','',#8271);
#8271 = PRODUCT('T1','T1','',(#8272));
#8272 = PRODUCT_CONTEXT('',#2,'mechanical');
#8273 = PRODUCT_DEFINITION_CONTEXT('part definition',#2,'design');
#8274 = CONTEXT_DEPENDENT_SHAPE_REPRESENTATION(#8275,#8277);
#8275 = ( REPRESENTATION_RELATIONSHIP('','',#8249,#10) 
REPRESENTATION_RELATIONSHIP_WITH_TRANSFORMATION(#8276) 
SHAPE_REPRESENTATION_RELATIONSHIP() );
#8276 = ITEM_DEFINED_TRANSFORMATION('','',#11,#911);
#8277 = PRODUCT_DEFINITION_SHAPE('Placement','Placement of an item',
  #8278);
#8278 = NEXT_ASSEMBLY_USAGE_OCCURRENCE('225','=>[0:1:1:226]','',#5,#8269
  ,$);
#8279 = PRODUCT_RELATED_PRODUCT_CATEGORY('part',$,(#8271));
#8280 = ADVANCED_BREP_SHAPE_REPRESENTATION('',(#11,#8281),#8293);
#8281 = MANIFOLD_SOLID_BREP('',#8282);
#8282 = CLOSED_SHELL('',(#8283));
#8283 = ADVANCED_FACE('',(#8284),#8288,.T.);
#8284 = FACE_BOUND('',#8285,.T.);
#8285 = VERTEX_LOOP('',#8286);
#8286 = VERTEX_POINT('',#8287);
#8287 = CARTESIAN_POINT('',(9.184850993605E-18,-2.249639673993E-33,-0.15
    ));
#8288 = SPHERICAL_SURFACE('',#8289,0.15);
#8289 = AXIS2_PLACEMENT_3D('',#8290,#8291,#8292);
#8290 = CARTESIAN_POINT('',(0.,0.,0.));
#8291 = DIRECTION('',(0.,0.,1.));
#8292 = DIRECTION('',(1.,0.,-0.));
#8293 = ( GEOMETRIC_REPRESENTATION_CONTEXT(3) 
GLOBAL_UNCERTAINTY_ASSIGNED_CONTEXT((#8297)) 
GLOBAL_UNIT_ASSIGNED_CONTEXT((#8294,#8295,#8296)) REPRESENTATION_CONTEXT
('Context #1','3D Context with UNIT and UNCERTAINTY') );
#8294 = ( LENGTH_UNIT() NAMED_UNIT(*) SI_UNIT(.MILLI.,.METRE.) );
#8295 = ( NAMED_UNIT(*) PLANE_ANGLE_UNIT() SI_UNIT($,.RADIAN.) );
#8296 = ( NAMED_UNIT(*) SI_UNIT($,.STERADIAN.) SOLID_ANGLE_UNIT() );
#8297 = UNCERTAINTY_MEASURE_WITH_UNIT(LENGTH_MEASURE(1.E-07),#8294,
  'distance_accuracy_value','confusion accuracy');
#8298 = SHAPE_DEFINITION_REPRESENTATION(#8299,#8280);
#8299 = PRODUCT_DEFINITION_SHAPE('','',#8300);
#8300 = PRODUCT_DEFINITION('design','',#8301,#8304);
#8301 = PRODUCT_DEFINITION_FORMATION('','',#8302);
#8302 = PRODUCT('T2','T2','',(#8303));
#8303 = PRODUCT_CONTEXT('',#2,'mechanical');
#8304 = PRODUCT_DEFINITION_CONTEXT('part definition',#2,'design');
#8305 = CONTEXT_DEPENDENT_SHAPE_REPRESENTATION(#8306,#8308);
#8306 = ( REPRESENTATION_RELATIONSHIP('','',#8280,#10) 
REPRESENTATION_RELATIONSHIP_WITH_TRANSFORMATION(#8307) 
SHAPE_REPRESENTATION_RELATIONSHIP() );
#8307 = ITEM_DEFINED_TRANSFORMATION('','',#11,#915);
#8308 = PRODUCT_DEFINITION_SHAPE('Placement','Placement of an item',
  #8309);
#8309 = NEXT_ASSEMBLY_USAGE_OCCURRENCE('226','=>[0:1:1:227]','',#5,#8300
  ,$);
#8310 = PRODUCT_RELATED_PRODUCT_CATEGORY('part',$,(#8302));
#8311 = ADVANCED_BREP_SHAPE_REPRESENTATION('',(#11,#8312),#8324);
#8312 = MANIFOLD_SOLID_BREP('',#8313);
#8313 = CLOSED_SHELL('',(#8314));
#8314 = ADVANCED_FACE('',(#8315),#8319,.T.);
#8315 = FACE_BOUND('',#8316,.T.);
#8316 = VERTEX_LOOP('',#8317);
#8317 = VERTEX_POINT('',#8318);
#8318 = CARTESIAN_POINT('',(9.184850993605E-18,-2.249639673993E-33,-0.15
    ));
#8319 = SPHERICAL_SURFACE('',#8320,0.15);
#8320 = AXIS2_PLACEMENT_3D('',#8321,#8322,#8323);
#8321 = CARTESIAN_POINT('',(0.,0.,0.));
#8322 = DIRECTION('',(0.,0.,1.));
#8323 = DIRECTION('',(1.,0.,-0.));
#8324 = ( GEOMETRIC_REPRESENTATION_CONTEXT(3) 
GLOBAL_UNCERTAINTY_ASSIGNED_CONTEXT((#8328)) 
GLOBAL_UNIT_ASSIGNED_CONTEXT((#8325,#8326,#8327)) REPRESENTATION_CONTEXT
('Context #1','3D Context with UNIT and UNCERTAINTY') );
#8325 = ( LENGTH_UNIT() NAMED_UNIT(*) SI_UNIT(.MILLI.,.METRE.) );
#8326 = ( NAMED_UNIT(*) PLANE_ANGLE_UNIT() SI_UNIT($,.RADIAN.) );
#8327 = ( NAMED_UNIT(*) SI_UNIT($,.STERADIAN.) SOLID_ANGLE_UNIT() );
#8328 = UNCERTAINTY_MEASURE_WITH_UNIT(LENGTH_MEASURE(1.E-07),#8325,
  'distance_accuracy_value','confusion accuracy');
#8329 = SHAPE_DEFINITION_REPRESENTATION(#8330,#8311);
#8330 = PRODUCT_DEFINITION_SHAPE('','',#8331);
#8331 = PRODUCT_DEFINITION('design','',#8332,#8335);
#8332 = PRODUCT_DEFINITION_FORMATION('','',#8333);
#8333 = PRODUCT('T3','T3','',(#8334));
#8334 = PRODUCT_CONTEXT('',#2,'mechanical');
#8335 = PRODUCT_DEFINITION_CONTEXT('part definition',#2,'design');
#8336 = CONTEXT_DEPENDENT_SHAPE_REPRESENTATION(#8337,#8339);
#8337 = ( REPRESENTATION_RELATIONSHIP('','',#8311,#10) 
REPRESENTATION_RELATIONSHIP_WITH_TRANSFORMATION(#8338) 
SHAPE_REPRESENTATION_RELATIONSHIP() );
#8338 = ITEM_DEFINED_TRANSFORMATION('','',#11,#919);
#8339 = PRODUCT_DEFINITION_SHAPE('Placement','Placement of an item',
  #8340);
#8340 = NEXT_ASSEMBLY_USAGE_OCCURRENCE('227','=>[0:1:1:228]','',#5,#8331
  ,$);
#8341 = PRODUCT_RELATED_PRODUCT_CATEGORY('part',$,(#8333));
#8342 = ADVANCED_BREP_SHAPE_REPRESENTATION('',(#11,#8343),#8355);
#8343 = MANIFOLD_SOLID_BREP('',#8344);
#8344 = CLOSED_SHELL('',(#8345));
#8345 = ADVANCED_FACE('',(#8346),#8350,.T.);
#8346 = FACE_BOUND('',#8347,.T.);
#8347 = VERTEX_LOOP('',#8348);
#8348 = VERTEX_POINT('',#8349);
#8349 = CARTESIAN_POINT('',(9.184850993605E-18,-2.249639673993E-33,-0.15
    ));
#8350 = SPHERICAL_SURFACE('',#8351,0.15);
#8351 = AXIS2_PLACEMENT_3D('',#8352,#8353,#8354);
#8352 = CARTESIAN_POINT('',(0.,0.,0.));
#8353 = DIRECTION('',(0.,0.,1.));
#8354 = DIRECTION('',(1.,0.,-0.));
#8355 = ( GEOMETRIC_REPRESENTATION_CONTEXT(3) 
GLOBAL_UNCERTAINTY_ASSIGNED_CONTEXT((#8359)) 
GLOBAL_UNIT_ASSIGNED_CONTEXT((#8356,#8357,#8358)) REPRESENTATION_CONTEXT
('Context #1','3D Context with UNIT and UNCERTAINTY') );
#8356 = ( LENGTH_UNIT() NAMED_UNIT(*) SI_UNIT(.MILLI.,.METRE.) );
#8357 = ( NAMED_UNIT(*) PLANE_ANGLE_UNIT() SI_UNIT($,.RADIAN.) );
#8358 = ( NAMED_UNIT(*) SI_UNIT($,.STERADIAN.) SOLID_ANGLE_UNIT() );
#8359 = UNCERTAINTY_MEASURE_WITH_UNIT(LENGTH_MEASURE(1.E-07),#8356,
  'distance_accuracy_value','confusion accuracy');
#8360 = SHAPE_DEFINITION_REPRESENTATION(#8361,#8342);
#8361 = PRODUCT_DEFINITION_SHAPE('','',#8362);
#8362 = PRODUCT_DEFINITION('design','',#8363,#8366);
#8363 = PRODUCT_DEFINITION_FORMATION('','',#8364);
#8364 = PRODUCT('T4','T4','',(#8365));
#8365 = PRODUCT_CONTEXT('',#2,'mechanical');
#8366 = PRODUCT_DEFINITION_CONTEXT('part definition',#2,'design');
#8367 = CONTEXT_DEPENDENT_SHAPE_REPRESENTATION(#8368,#8370);
#8368 = ( REPRESENTATION_RELATIONSHIP('','',#8342,#10) 
REPRESENTATION_RELATIONSHIP_WITH_TRANSFORMATION(#8369) 
SHAPE_REPRESENTATION_RELATIONSHIP() );
#8369 = ITEM_DEFINED_TRANSFORMATION('','',#11,#923);
#8370 = PRODUCT_DEFINITION_SHAPE('Placement','Placement of an item',
  #8371);
#8371 = NEXT_ASSEMBLY_USAGE_OCCURRENCE('228','=>[0:1:1:229]','',#5,#8362
  ,$);
#8372 = PRODUCT_RELATED_PRODUCT_CATEGORY('part',$,(#8364));
#8373 = ADVANCED_BREP_SHAPE_REPRESENTATION('',(#11,#8374),#8386);
#8374 = MANIFOLD_SOLID_BREP('',#8375);
#8375 = CLOSED_SHELL('',(#8376));
#8376 = ADVANCED_FACE('',(#8377),#8381,.T.);
#8377 = FACE_BOUND('',#8378,.T.);
#8378 = VERTEX_LOOP('',#8379);
#8379 = VERTEX_POINT('',#8380);
#8380 = CARTESIAN_POINT('',(9.184850993605E-18,-2.249639673993E-33,-0.15
    ));
#8381 = SPHERICAL_SURFACE('',#8382,0.15);
#8382 = AXIS2_PLACEMENT_3D('',#8383,#8384,#8385);
#8383 = CARTESIAN_POINT('',(0.,0.,0.));
#8384 = DIRECTION('',(0.,0.,1.));
#8385 = DIRECTION('',(1.,0.,-0.));
#8386 = ( GEOMETRIC_REPRESENTATION_CONTEXT(3) 
GLOBAL_UNCERTAINTY_ASSIGNED_CONTEXT((#8390)) 
GLOBAL_UNIT_ASSIGNED_CONTEXT((#8387,#8388,#8389)) REPRESENTATION_CONTEXT
('Context #1','3D Context with UNIT and UNCERTAINTY') );
#8387 = ( LENGTH_UNIT() NAMED_UNIT(*) SI_UNIT(.MILLI.,.METRE.) );
#8388 = ( NAMED_UNIT(*) PLANE_ANGLE_UNIT() SI_UNIT($,.RADIAN.) );
#8389 = ( NAMED_UNIT(*) SI_UNIT($,.STERADIAN.) SOLID_ANGLE_UNIT() );
#8390 = UNCERTAINTY_MEASURE_WITH_UNIT(LENGTH_MEASURE(1.E-07),#8387,
  'distance_accuracy_value','confusion accuracy');
#8391 = SHAPE_DEFINITION_REPRESENTATION(#8392,#8373);
#8392 = PRODUCT_DEFINITION_SHAPE('','',#8393);
#8393 = PRODUCT_DEFINITION('design','',#8394,#8397);
#8394 = PRODUCT_DEFINITION_FORMATION('','',#8395);
#8395 = PRODUCT('T5','T5','',(#8396));
#8396 = PRODUCT_CONTEXT('',#2,'mechanical');
#8397 = PRODUCT_DEFINITION_CONTEXT('part definition',#2,'design');
#8398 = CONTEXT_DEPENDENT_SHAPE_REPRESENTATION(#8399,#8401);
#8399 = ( REPRESENTATION_RELATIONSHIP('','',#8373,#10) 
REPRESENTATION_RELATIONSHIP_WITH_TRANSFORMATION(#8400) 
SHAPE_REPRESENTATION_RELATIONSHIP() );
#8400 = ITEM_DEFINED_TRANSFORMATION('','',#11,#927);
#8401 = PRODUCT_DEFINITION_SHAPE('Placement','Placement of an item',
  #8402);
#8402 = NEXT_ASSEMBLY_USAGE_OCCURRENCE('229','=>[0:1:1:230]','',#5,#8393
  ,$);
#8403 = PRODUCT_RELATED_PRODUCT_CATEGORY('part',$,(#8395));
#8404 = ADVANCED_BREP_SHAPE_REPRESENTATION('',(#11,#8405),#8417);
#8405 = MANIFOLD_SOLID_BREP('',#8406);
#8406 = CLOSED_SHELL('',(#8407));
#8407 = ADVANCED_FACE('',(#8408),#8412,.T.);
#8408 = FACE_BOUND('',#8409,.T.);
#8409 = VERTEX_LOOP('',#8410);
#8410 = VERTEX_POINT('',#8411);
#8411 = CARTESIAN_POINT('',(9.184850993605E-18,-2.249639673993E-33,-0.15
    ));
#8412 = SPHERICAL_SURFACE('',#8413,0.15);
#8413 = AXIS2_PLACEMENT_3D('',#8414,#8415,#8416);
#8414 = CARTESIAN_POINT('',(0.,0.,0.));
#8415 = DIRECTION('',(0.,0.,1.));
#8416 = DIRECTION('',(1.,0.,-0.));
#8417 = ( GEOMETRIC_REPRESENTATION_CONTEXT(3) 
GLOBAL_UNCERTAINTY_ASSIGNED_CONTEXT((#8421)) 
GLOBAL_UNIT_ASSIGNED_CONTEXT((#8418,#8419,#8420)) REPRESENTATION_CONTEXT
('Context #1','3D Context with UNIT and UNCERTAINTY') );
#8418 = ( LENGTH_UNIT() NAMED_UNIT(*) SI_UNIT(.MILLI.,.METRE.) );
#8419 = ( NAMED_UNIT(*) PLANE_ANGLE_UNIT() SI_UNIT($,.RADIAN.) );
#8420 = ( NAMED_UNIT(*) SI_UNIT($,.STERADIAN.) SOLID_ANGLE_UNIT() );
#8421 = UNCERTAINTY_MEASURE_WITH_UNIT(LENGTH_MEASURE(1.E-07),#8418,
  'distance_accuracy_value','confusion accuracy');
#8422 = SHAPE_DEFINITION_REPRESENTATION(#8423,#8404);
#8423 = PRODUCT_DEFINITION_SHAPE('','',#8424);
#8424 = PRODUCT_DEFINITION('design','',#8425,#8428);
#8425 = PRODUCT_DEFINITION_FORMATION('','',#8426);
#8426 = PRODUCT('T17','T17','',(#8427));
#8427 = PRODUCT_CONTEXT('',#2,'mechanical');
#8428 = PRODUCT_DEFINITION_CONTEXT('part definition',#2,'design');
#8429 = CONTEXT_DEPENDENT_SHAPE_REPRESENTATION(#8430,#8432);
#8430 = ( REPRESENTATION_RELATIONSHIP('','',#8404,#10) 
REPRESENTATION_RELATIONSHIP_WITH_TRANSFORMATION(#8431) 
SHAPE_REPRESENTATION_RELATIONSHIP() );
#8431 = ITEM_DEFINED_TRANSFORMATION('','',#11,#931);
#8432 = PRODUCT_DEFINITION_SHAPE('Placement','Placement of an item',
  #8433);
#8433 = NEXT_ASSEMBLY_USAGE_OCCURRENCE('230','=>[0:1:1:231]','',#5,#8424
  ,$);
#8434 = PRODUCT_RELATED_PRODUCT_CATEGORY('part',$,(#8426));
#8435 = ADVANCED_BREP_SHAPE_REPRESENTATION('',(#11,#8436),#8448);
#8436 = MANIFOLD_SOLID_BREP('',#8437);
#8437 = CLOSED_SHELL('',(#8438));
#8438 = ADVANCED_FACE('',(#8439),#8443,.T.);
#8439 = FACE_BOUND('',#8440,.T.);
#8440 = VERTEX_LOOP('',#8441);
#8441 = VERTEX_POINT('',#8442);
#8442 = CARTESIAN_POINT('',(9.184850993605E-18,-2.249639673993E-33,-0.15
    ));
#8443 = SPHERICAL_SURFACE('',#8444,0.15);
#8444 = AXIS2_PLACEMENT_3D('',#8445,#8446,#8447);
#8445 = CARTESIAN_POINT('',(0.,0.,0.));
#8446 = DIRECTION('',(0.,0.,1.));
#8447 = DIRECTION('',(1.,0.,-0.));
#8448 = ( GEOMETRIC_REPRESENTATION_CONTEXT(3) 
GLOBAL_UNCERTAINTY_ASSIGNED_CONTEXT((#8452)) 
GLOBAL_UNIT_ASSIGNED_CONTEXT((#8449,#8450,#8451)) REPRESENTATION_CONTEXT
('Context #1','3D Context with UNIT and UNCERTAINTY') );
#8449 = ( LENGTH_UNIT() NAMED_UNIT(*) SI_UNIT(.MILLI.,.METRE.) );
#8450 = ( NAMED_UNIT(*) PLANE_ANGLE_UNIT() SI_UNIT($,.RADIAN.) );
#8451 = ( NAMED_UNIT(*) SI_UNIT($,.STERADIAN.) SOLID_ANGLE_UNIT() );
#8452 = UNCERTAINTY_MEASURE_WITH_UNIT(LENGTH_MEASURE(1.E-07),#8449,
  'distance_accuracy_value','confusion accuracy');
#8453 = SHAPE_DEFINITION_REPRESENTATION(#8454,#8435);
#8454 = PRODUCT_DEFINITION_SHAPE('','',#8455);
#8455 = PRODUCT_DEFINITION('design','',#8456,#8459);
#8456 = PRODUCT_DEFINITION_FORMATION('','',#8457);
#8457 = PRODUCT('T18','T18','',(#8458));
#8458 = PRODUCT_CONTEXT('',#2,'mechanical');
#8459 = PRODUCT_DEFINITION_CONTEXT('part definition',#2,'design');
#8460 = CONTEXT_DEPENDENT_SHAPE_REPRESENTATION(#8461,#8463);
#8461 = ( REPRESENTATION_RELATIONSHIP('','',#8435,#10) 
REPRESENTATION_RELATIONSHIP_WITH_TRANSFORMATION(#8462) 
SHAPE_REPRESENTATION_RELATIONSHIP() );
#8462 = ITEM_DEFINED_TRANSFORMATION('','',#11,#935);
#8463 = PRODUCT_DEFINITION_SHAPE('Placement','Placement of an item',
  #8464);
#8464 = NEXT_ASSEMBLY_USAGE_OCCURRENCE('231','=>[0:1:1:232]','',#5,#8455
  ,$);
#8465 = PRODUCT_RELATED_PRODUCT_CATEGORY('part',$,(#8457));
#8466 = ADVANCED_BREP_SHAPE_REPRESENTATION('',(#11,#8467),#8479);
#8467 = MANIFOLD_SOLID_BREP('',#8468);
#8468 = CLOSED_SHELL('',(#8469));
#8469 = ADVANCED_FACE('',(#8470),#8474,.T.);
#8470 = FACE_BOUND('',#8471,.T.);
#8471 = VERTEX_LOOP('',#8472);
#8472 = VERTEX_POINT('',#8473);
#8473 = CARTESIAN_POINT('',(9.184850993605E-18,-2.249639673993E-33,-0.15
    ));
#8474 = SPHERICAL_SURFACE('',#8475,0.15);
#8475 = AXIS2_PLACEMENT_3D('',#8476,#8477,#8478);
#8476 = CARTESIAN_POINT('',(0.,0.,0.));
#8477 = DIRECTION('',(0.,0.,1.));
#8478 = DIRECTION('',(1.,0.,-0.));
#8479 = ( GEOMETRIC_REPRESENTATION_CONTEXT(3) 
GLOBAL_UNCERTAINTY_ASSIGNED_CONTEXT((#8483)) 
GLOBAL_UNIT_ASSIGNED_CONTEXT((#8480,#8481,#8482)) REPRESENTATION_CONTEXT
('Context #1','3D Context with UNIT and UNCERTAINTY') );
#8480 = ( LENGTH_UNIT() NAMED_UNIT(*) SI_UNIT(.MILLI.,.METRE.) );
#8481 = ( NAMED_UNIT(*) PLANE_ANGLE_UNIT() SI_UNIT($,.RADIAN.) );
#8482 = ( NAMED_UNIT(*) SI_UNIT($,.STERADIAN.) SOLID_ANGLE_UNIT() );
#8483 = UNCERTAINTY_MEASURE_WITH_UNIT(LENGTH_MEASURE(1.E-07),#8480,
  'distance_accuracy_value','confusion accuracy');
#8484 = SHAPE_DEFINITION_REPRESENTATION(#8485,#8466);
#8485 = PRODUCT_DEFINITION_SHAPE('','',#8486);
#8486 = PRODUCT_DEFINITION('design','',#8487,#8490);
#8487 = PRODUCT_DEFINITION_FORMATION('','',#8488);
#8488 = PRODUCT('T19','T19','',(#8489));
#8489 = PRODUCT_CONTEXT('',#2,'mechanical');
#8490 = PRODUCT_DEFINITION_CONTEXT('part definition',#2,'design');
#8491 = CONTEXT_DEPENDENT_SHAPE_REPRESENTATION(#8492,#8494);
#8492 = ( REPRESENTATION_RELATIONSHIP('','',#8466,#10) 
REPRESENTATION_RELATIONSHIP_WITH_TRANSFORMATION(#8493) 
SHAPE_REPRESENTATION_RELATIONSHIP() );
#8493 = ITEM_DEFINED_TRANSFORMATION('','',#11,#939);
#8494 = PRODUCT_DEFINITION_SHAPE('Placement','Placement of an item',
  #8495);
#8495 = NEXT_ASSEMBLY_USAGE_OCCURRENCE('232','=>[0:1:1:233]','',#5,#8486
  ,$);
#8496 = PRODUCT_RELATED_PRODUCT_CATEGORY('part',$,(#8488));
#8497 = ADVANCED_BREP_SHAPE_REPRESENTATION('',(#11,#8498),#8510);
#8498 = MANIFOLD_SOLID_BREP('',#8499);
#8499 = CLOSED_SHELL('',(#8500));
#8500 = ADVANCED_FACE('',(#8501),#8505,.T.);
#8501 = FACE_BOUND('',#8502,.T.);
#8502 = VERTEX_LOOP('',#8503);
#8503 = VERTEX_POINT('',#8504);
#8504 = CARTESIAN_POINT('',(9.184850993605E-18,-2.249639673993E-33,-0.15
    ));
#8505 = SPHERICAL_SURFACE('',#8506,0.15);
#8506 = AXIS2_PLACEMENT_3D('',#8507,#8508,#8509);
#8507 = CARTESIAN_POINT('',(0.,0.,0.));
#8508 = DIRECTION('',(0.,0.,1.));
#8509 = DIRECTION('',(1.,0.,-0.));
#8510 = ( GEOMETRIC_REPRESENTATION_CONTEXT(3) 
GLOBAL_UNCERTAINTY_ASSIGNED_CONTEXT((#8514)) 
GLOBAL_UNIT_ASSIGNED_CONTEXT((#8511,#8512,#8513)) REPRESENTATION_CONTEXT
('Context #1','3D Context with UNIT and UNCERTAINTY') );
#8511 = ( LENGTH_UNIT() NAMED_UNIT(*) SI_UNIT(.MILLI.,.METRE.) );
#8512 = ( NAMED_UNIT(*) PLANE_ANGLE_UNIT() SI_UNIT($,.RADIAN.) );
#8513 = ( NAMED_UNIT(*) SI_UNIT($,.STERADIAN.) SOLID_ANGLE_UNIT() );
#8514 = UNCERTAINTY_MEASURE_WITH_UNIT(LENGTH_MEASURE(1.E-07),#8511,
  'distance_accuracy_value','confusion accuracy');
#8515 = SHAPE_DEFINITION_REPRESENTATION(#8516,#8497);
#8516 = PRODUCT_DEFINITION_SHAPE('','',#8517);
#8517 = PRODUCT_DEFINITION('design','',#8518,#8521);
#8518 = PRODUCT_DEFINITION_FORMATION('','',#8519);
#8519 = PRODUCT('T20','T20','',(#8520));
#8520 = PRODUCT_CONTEXT('',#2,'mechanical');
#8521 = PRODUCT_DEFINITION_CONTEXT('part definition',#2,'design');
#8522 = CONTEXT_DEPENDENT_SHAPE_REPRESENTATION(#8523,#8525);
#8523 = ( REPRESENTATION_RELATIONSHIP('','',#8497,#10) 
REPRESENTATION_RELATIONSHIP_WITH_TRANSFORMATION(#8524) 
SHAPE_REPRESENTATION_RELATIONSHIP() );
#8524 = ITEM_DEFINED_TRANSFORMATION('','',#11,#943);
#8525 = PRODUCT_DEFINITION_SHAPE('Placement','Placement of an item',
  #8526);
#8526 = NEXT_ASSEMBLY_USAGE_OCCURRENCE('233','=>[0:1:1:234]','',#5,#8517
  ,$);
#8527 = PRODUCT_RELATED_PRODUCT_CATEGORY('part',$,(#8519));
#8528 = ADVANCED_BREP_SHAPE_REPRESENTATION('',(#11,#8529),#8541);
#8529 = MANIFOLD_SOLID_BREP('',#8530);
#8530 = CLOSED_SHELL('',(#8531));
#8531 = ADVANCED_FACE('',(#8532),#8536,.T.);
#8532 = FACE_BOUND('',#8533,.T.);
#8533 = VERTEX_LOOP('',#8534);
#8534 = VERTEX_POINT('',#8535);
#8535 = CARTESIAN_POINT('',(9.184850993605E-18,-2.249639673993E-33,-0.15
    ));
#8536 = SPHERICAL_SURFACE('',#8537,0.15);
#8537 = AXIS2_PLACEMENT_3D('',#8538,#8539,#8540);
#8538 = CARTESIAN_POINT('',(0.,0.,0.));
#8539 = DIRECTION('',(0.,0.,1.));
#8540 = DIRECTION('',(1.,0.,-0.));
#8541 = ( GEOMETRIC_REPRESENTATION_CONTEXT(3) 
GLOBAL_UNCERTAINTY_ASSIGNED_CONTEXT((#8545)) 
GLOBAL_UNIT_ASSIGNED_CONTEXT((#8542,#8543,#8544)) REPRESENTATION_CONTEXT
('Context #1','3D Context with UNIT and UNCERTAINTY') );
#8542 = ( LENGTH_UNIT() NAMED_UNIT(*) SI_UNIT(.MILLI.,.METRE.) );
#8543 = ( NAMED_UNIT(*) PLANE_ANGLE_UNIT() SI_UNIT($,.RADIAN.) );
#8544 = ( NAMED_UNIT(*) SI_UNIT($,.STERADIAN.) SOLID_ANGLE_UNIT() );
#8545 = UNCERTAINTY_MEASURE_WITH_UNIT(LENGTH_MEASURE(1.E-07),#8542,
  'distance_accuracy_value','confusion accuracy');
#8546 = SHAPE_DEFINITION_REPRESENTATION(#8547,#8528);
#8547 = PRODUCT_DEFINITION_SHAPE('','',#8548);
#8548 = PRODUCT_DEFINITION('design','',#8549,#8552);
#8549 = PRODUCT_DEFINITION_FORMATION('','',#8550);
#8550 = PRODUCT('T21','T21','',(#8551));
#8551 = PRODUCT_CONTEXT('',#2,'mechanical');
#8552 = PRODUCT_DEFINITION_CONTEXT('part definition',#2,'design');
#8553 = CONTEXT_DEPENDENT_SHAPE_REPRESENTATION(#8554,#8556);
#8554 = ( REPRESENTATION_RELATIONSHIP('','',#8528,#10) 
REPRESENTATION_RELATIONSHIP_WITH_TRANSFORMATION(#8555) 
SHAPE_REPRESENTATION_RELATIONSHIP() );
#8555 = ITEM_DEFINED_TRANSFORMATION('','',#11,#947);
#8556 = PRODUCT_DEFINITION_SHAPE('Placement','Placement of an item',
  #8557);
#8557 = NEXT_ASSEMBLY_USAGE_OCCURRENCE('234','=>[0:1:1:235]','',#5,#8548
  ,$);
#8558 = PRODUCT_RELATED_PRODUCT_CATEGORY('part',$,(#8550));
#8559 = ADVANCED_BREP_SHAPE_REPRESENTATION('',(#11,#8560),#8572);
#8560 = MANIFOLD_SOLID_BREP('',#8561);
#8561 = CLOSED_SHELL('',(#8562));
#8562 = ADVANCED_FACE('',(#8563),#8567,.T.);
#8563 = FACE_BOUND('',#8564,.T.);
#8564 = VERTEX_LOOP('',#8565);
#8565 = VERTEX_POINT('',#8566);
#8566 = CARTESIAN_POINT('',(9.184850993605E-18,-2.249639673993E-33,-0.15
    ));
#8567 = SPHERICAL_SURFACE('',#8568,0.15);
#8568 = AXIS2_PLACEMENT_3D('',#8569,#8570,#8571);
#8569 = CARTESIAN_POINT('',(0.,0.,0.));
#8570 = DIRECTION('',(0.,0.,1.));
#8571 = DIRECTION('',(1.,0.,-0.));
#8572 = ( GEOMETRIC_REPRESENTATION_CONTEXT(3) 
GLOBAL_UNCERTAINTY_ASSIGNED_CONTEXT((#8576)) 
GLOBAL_UNIT_ASSIGNED_CONTEXT((#8573,#8574,#8575)) REPRESENTATION_CONTEXT
('Context #1','3D Context with UNIT and UNCERTAINTY') );
#8573 = ( LENGTH_UNIT() NAMED_UNIT(*) SI_UNIT(.MILLI.,.METRE.) );
#8574 = ( NAMED_UNIT(*) PLANE_ANGLE_UNIT() SI_UNIT($,.RADIAN.) );
#8575 = ( NAMED_UNIT(*) SI_UNIT($,.STERADIAN.) SOLID_ANGLE_UNIT() );
#8576 = UNCERTAINTY_MEASURE_WITH_UNIT(LENGTH_MEASURE(1.E-07),#8573,
  'distance_accuracy_value','confusion accuracy');
#8577 = SHAPE_DEFINITION_REPRESENTATION(#8578,#8559);
#8578 = PRODUCT_DEFINITION_SHAPE('','',#8579);
#8579 = PRODUCT_DEFINITION('design','',#8580,#8583);
#8580 = PRODUCT_DEFINITION_FORMATION('','',#8581);
#8581 = PRODUCT('U2','U2','',(#8582));
#8582 = PRODUCT_CONTEXT('',#2,'mechanical');
#8583 = PRODUCT_DEFINITION_CONTEXT('part definition',#2,'design');
#8584 = CONTEXT_DEPENDENT_SHAPE_REPRESENTATION(#8585,#8587);
#8585 = ( REPRESENTATION_RELATIONSHIP('','',#8559,#10) 
REPRESENTATION_RELATIONSHIP_WITH_TRANSFORMATION(#8586) 
SHAPE_REPRESENTATION_RELATIONSHIP() );
#8586 = ITEM_DEFINED_TRANSFORMATION('','',#11,#951);
#8587 = PRODUCT_DEFINITION_SHAPE('Placement','Placement of an item',
  #8588);
#8588 = NEXT_ASSEMBLY_USAGE_OCCURRENCE('235','=>[0:1:1:236]','',#5,#8579
  ,$);
#8589 = PRODUCT_RELATED_PRODUCT_CATEGORY('part',$,(#8581));
#8590 = ADVANCED_BREP_SHAPE_REPRESENTATION('',(#11,#8591),#8603);
#8591 = MANIFOLD_SOLID_BREP('',#8592);
#8592 = CLOSED_SHELL('',(#8593));
#8593 = ADVANCED_FACE('',(#8594),#8598,.T.);
#8594 = FACE_BOUND('',#8595,.T.);
#8595 = VERTEX_LOOP('',#8596);
#8596 = VERTEX_POINT('',#8597);
#8597 = CARTESIAN_POINT('',(9.184850993605E-18,-2.249639673993E-33,-0.15
    ));
#8598 = SPHERICAL_SURFACE('',#8599,0.15);
#8599 = AXIS2_PLACEMENT_3D('',#8600,#8601,#8602);
#8600 = CARTESIAN_POINT('',(0.,0.,0.));
#8601 = DIRECTION('',(0.,0.,1.));
#8602 = DIRECTION('',(1.,0.,-0.));
#8603 = ( GEOMETRIC_REPRESENTATION_CONTEXT(3) 
GLOBAL_UNCERTAINTY_ASSIGNED_CONTEXT((#8607)) 
GLOBAL_UNIT_ASSIGNED_CONTEXT((#8604,#8605,#8606)) REPRESENTATION_CONTEXT
('Context #1','3D Context with UNIT and UNCERTAINTY') );
#8604 = ( LENGTH_UNIT() NAMED_UNIT(*) SI_UNIT(.MILLI.,.METRE.) );
#8605 = ( NAMED_UNIT(*) PLANE_ANGLE_UNIT() SI_UNIT($,.RADIAN.) );
#8606 = ( NAMED_UNIT(*) SI_UNIT($,.STERADIAN.) SOLID_ANGLE_UNIT() );
#8607 = UNCERTAINTY_MEASURE_WITH_UNIT(LENGTH_MEASURE(1.E-07),#8604,
  'distance_accuracy_value','confusion accuracy');
#8608 = SHAPE_DEFINITION_REPRESENTATION(#8609,#8590);
#8609 = PRODUCT_DEFINITION_SHAPE('','',#8610);
#8610 = PRODUCT_DEFINITION('design','',#8611,#8614);
#8611 = PRODUCT_DEFINITION_FORMATION('','',#8612);
#8612 = PRODUCT('U3','U3','',(#8613));
#8613 = PRODUCT_CONTEXT('',#2,'mechanical');
#8614 = PRODUCT_DEFINITION_CONTEXT('part definition',#2,'design');
#8615 = CONTEXT_DEPENDENT_SHAPE_REPRESENTATION(#8616,#8618);
#8616 = ( REPRESENTATION_RELATIONSHIP('','',#8590,#10) 
REPRESENTATION_RELATIONSHIP_WITH_TRANSFORMATION(#8617) 
SHAPE_REPRESENTATION_RELATIONSHIP() );
#8617 = ITEM_DEFINED_TRANSFORMATION('','',#11,#955);
#8618 = PRODUCT_DEFINITION_SHAPE('Placement','Placement of an item',
  #8619);
#8619 = NEXT_ASSEMBLY_USAGE_OCCURRENCE('236','=>[0:1:1:237]','',#5,#8610
  ,$);
#8620 = PRODUCT_RELATED_PRODUCT_CATEGORY('part',$,(#8612));
#8621 = ADVANCED_BREP_SHAPE_REPRESENTATION('',(#11,#8622),#8634);
#8622 = MANIFOLD_SOLID_BREP('',#8623);
#8623 = CLOSED_SHELL('',(#8624));
#8624 = ADVANCED_FACE('',(#8625),#8629,.T.);
#8625 = FACE_BOUND('',#8626,.T.);
#8626 = VERTEX_LOOP('',#8627);
#8627 = VERTEX_POINT('',#8628);
#8628 = CARTESIAN_POINT('',(9.184850993605E-18,-2.249639673993E-33,-0.15
    ));
#8629 = SPHERICAL_SURFACE('',#8630,0.15);
#8630 = AXIS2_PLACEMENT_3D('',#8631,#8632,#8633);
#8631 = CARTESIAN_POINT('',(0.,0.,0.));
#8632 = DIRECTION('',(0.,0.,1.));
#8633 = DIRECTION('',(1.,0.,-0.));
#8634 = ( GEOMETRIC_REPRESENTATION_CONTEXT(3) 
GLOBAL_UNCERTAINTY_ASSIGNED_CONTEXT((#8638)) 
GLOBAL_UNIT_ASSIGNED_CONTEXT((#8635,#8636,#8637)) REPRESENTATION_CONTEXT
('Context #1','3D Context with UNIT and UNCERTAINTY') );
#8635 = ( LENGTH_UNIT() NAMED_UNIT(*) SI_UNIT(.MILLI.,.METRE.) );
#8636 = ( NAMED_UNIT(*) PLANE_ANGLE_UNIT() SI_UNIT($,.RADIAN.) );
#8637 = ( NAMED_UNIT(*) SI_UNIT($,.STERADIAN.) SOLID_ANGLE_UNIT() );
#8638 = UNCERTAINTY_MEASURE_WITH_UNIT(LENGTH_MEASURE(1.E-07),#8635,
  'distance_accuracy_value','confusion accuracy');
#8639 = SHAPE_DEFINITION_REPRESENTATION(#8640,#8621);
#8640 = PRODUCT_DEFINITION_SHAPE('','',#8641);
#8641 = PRODUCT_DEFINITION('design','',#8642,#8645);
#8642 = PRODUCT_DEFINITION_FORMATION('','',#8643);
#8643 = PRODUCT('U5','U5','',(#8644));
#8644 = PRODUCT_CONTEXT('',#2,'mechanical');
#8645 = PRODUCT_DEFINITION_CONTEXT('part definition',#2,'design');
#8646 = CONTEXT_DEPENDENT_SHAPE_REPRESENTATION(#8647,#8649);
#8647 = ( REPRESENTATION_RELATIONSHIP('','',#8621,#10) 
REPRESENTATION_RELATIONSHIP_WITH_TRANSFORMATION(#8648) 
SHAPE_REPRESENTATION_RELATIONSHIP() );
#8648 = ITEM_DEFINED_TRANSFORMATION('','',#11,#959);
#8649 = PRODUCT_DEFINITION_SHAPE('Placement','Placement of an item',
  #8650);
#8650 = NEXT_ASSEMBLY_USAGE_OCCURRENCE('237','=>[0:1:1:238]','',#5,#8641
  ,$);
#8651 = PRODUCT_RELATED_PRODUCT_CATEGORY('part',$,(#8643));
#8652 = ADVANCED_BREP_SHAPE_REPRESENTATION('',(#11,#8653),#8665);
#8653 = MANIFOLD_SOLID_BREP('',#8654);
#8654 = CLOSED_SHELL('',(#8655));
#8655 = ADVANCED_FACE('',(#8656),#8660,.T.);
#8656 = FACE_BOUND('',#8657,.T.);
#8657 = VERTEX_LOOP('',#8658);
#8658 = VERTEX_POINT('',#8659);
#8659 = CARTESIAN_POINT('',(9.184850993605E-18,-2.249639673993E-33,-0.15
    ));
#8660 = SPHERICAL_SURFACE('',#8661,0.15);
#8661 = AXIS2_PLACEMENT_3D('',#8662,#8663,#8664);
#8662 = CARTESIAN_POINT('',(0.,0.,0.));
#8663 = DIRECTION('',(0.,0.,1.));
#8664 = DIRECTION('',(1.,0.,-0.));
#8665 = ( GEOMETRIC_REPRESENTATION_CONTEXT(3) 
GLOBAL_UNCERTAINTY_ASSIGNED_CONTEXT((#8669)) 
GLOBAL_UNIT_ASSIGNED_CONTEXT((#8666,#8667,#8668)) REPRESENTATION_CONTEXT
('Context #1','3D Context with UNIT and UNCERTAINTY') );
#8666 = ( LENGTH_UNIT() NAMED_UNIT(*) SI_UNIT(.MILLI.,.METRE.) );
#8667 = ( NAMED_UNIT(*) PLANE_ANGLE_UNIT() SI_UNIT($,.RADIAN.) );
#8668 = ( NAMED_UNIT(*) SI_UNIT($,.STERADIAN.) SOLID_ANGLE_UNIT() );
#8669 = UNCERTAINTY_MEASURE_WITH_UNIT(LENGTH_MEASURE(1.E-07),#8666,
  'distance_accuracy_value','confusion accuracy');
#8670 = SHAPE_DEFINITION_REPRESENTATION(#8671,#8652);
#8671 = PRODUCT_DEFINITION_SHAPE('','',#8672);
#8672 = PRODUCT_DEFINITION('design','',#8673,#8676);
#8673 = PRODUCT_DEFINITION_FORMATION('','',#8674);
#8674 = PRODUCT('U6','U6','',(#8675));
#8675 = PRODUCT_CONTEXT('',#2,'mechanical');
#8676 = PRODUCT_DEFINITION_CONTEXT('part definition',#2,'design');
#8677 = CONTEXT_DEPENDENT_SHAPE_REPRESENTATION(#8678,#8680);
#8678 = ( REPRESENTATION_RELATIONSHIP('','',#8652,#10) 
REPRESENTATION_RELATIONSHIP_WITH_TRANSFORMATION(#8679) 
SHAPE_REPRESENTATION_RELATIONSHIP() );
#8679 = ITEM_DEFINED_TRANSFORMATION('','',#11,#963);
#8680 = PRODUCT_DEFINITION_SHAPE('Placement','Placement of an item',
  #8681);
#8681 = NEXT_ASSEMBLY_USAGE_OCCURRENCE('238','=>[0:1:1:239]','',#5,#8672
  ,$);
#8682 = PRODUCT_RELATED_PRODUCT_CATEGORY('part',$,(#8674));
#8683 = ADVANCED_BREP_SHAPE_REPRESENTATION('',(#11,#8684),#8696);
#8684 = MANIFOLD_SOLID_BREP('',#8685);
#8685 = CLOSED_SHELL('',(#8686));
#8686 = ADVANCED_FACE('',(#8687),#8691,.T.);
#8687 = FACE_BOUND('',#8688,.T.);
#8688 = VERTEX_LOOP('',#8689);
#8689 = VERTEX_POINT('',#8690);
#8690 = CARTESIAN_POINT('',(9.184850993605E-18,-2.249639673993E-33,-0.15
    ));
#8691 = SPHERICAL_SURFACE('',#8692,0.15);
#8692 = AXIS2_PLACEMENT_3D('',#8693,#8694,#8695);
#8693 = CARTESIAN_POINT('',(0.,0.,0.));
#8694 = DIRECTION('',(0.,0.,1.));
#8695 = DIRECTION('',(1.,0.,-0.));
#8696 = ( GEOMETRIC_REPRESENTATION_CONTEXT(3) 
GLOBAL_UNCERTAINTY_ASSIGNED_CONTEXT((#8700)) 
GLOBAL_UNIT_ASSIGNED_CONTEXT((#8697,#8698,#8699)) REPRESENTATION_CONTEXT
('Context #1','3D Context with UNIT and UNCERTAINTY') );
#8697 = ( LENGTH_UNIT() NAMED_UNIT(*) SI_UNIT(.MILLI.,.METRE.) );
#8698 = ( NAMED_UNIT(*) PLANE_ANGLE_UNIT() SI_UNIT($,.RADIAN.) );
#8699 = ( NAMED_UNIT(*) SI_UNIT($,.STERADIAN.) SOLID_ANGLE_UNIT() );
#8700 = UNCERTAINTY_MEASURE_WITH_UNIT(LENGTH_MEASURE(1.E-07),#8697,
  'distance_accuracy_value','confusion accuracy');
#8701 = SHAPE_DEFINITION_REPRESENTATION(#8702,#8683);
#8702 = PRODUCT_DEFINITION_SHAPE('','',#8703);
#8703 = PRODUCT_DEFINITION('design','',#8704,#8707);
#8704 = PRODUCT_DEFINITION_FORMATION('','',#8705);
#8705 = PRODUCT('U7','U7','',(#8706));
#8706 = PRODUCT_CONTEXT('',#2,'mechanical');
#8707 = PRODUCT_DEFINITION_CONTEXT('part definition',#2,'design');
#8708 = CONTEXT_DEPENDENT_SHAPE_REPRESENTATION(#8709,#8711);
#8709 = ( REPRESENTATION_RELATIONSHIP('','',#8683,#10) 
REPRESENTATION_RELATIONSHIP_WITH_TRANSFORMATION(#8710) 
SHAPE_REPRESENTATION_RELATIONSHIP() );
#8710 = ITEM_DEFINED_TRANSFORMATION('','',#11,#967);
#8711 = PRODUCT_DEFINITION_SHAPE('Placement','Placement of an item',
  #8712);
#8712 = NEXT_ASSEMBLY_USAGE_OCCURRENCE('239','=>[0:1:1:240]','',#5,#8703
  ,$);
#8713 = PRODUCT_RELATED_PRODUCT_CATEGORY('part',$,(#8705));
#8714 = ADVANCED_BREP_SHAPE_REPRESENTATION('',(#11,#8715),#8727);
#8715 = MANIFOLD_SOLID_BREP('',#8716);
#8716 = CLOSED_SHELL('',(#8717));
#8717 = ADVANCED_FACE('',(#8718),#8722,.T.);
#8718 = FACE_BOUND('',#8719,.T.);
#8719 = VERTEX_LOOP('',#8720);
#8720 = VERTEX_POINT('',#8721);
#8721 = CARTESIAN_POINT('',(9.184850993605E-18,-2.249639673993E-33,-0.15
    ));
#8722 = SPHERICAL_SURFACE('',#8723,0.15);
#8723 = AXIS2_PLACEMENT_3D('',#8724,#8725,#8726);
#8724 = CARTESIAN_POINT('',(0.,0.,0.));
#8725 = DIRECTION('',(0.,0.,1.));
#8726 = DIRECTION('',(1.,0.,-0.));
#8727 = ( GEOMETRIC_REPRESENTATION_CONTEXT(3) 
GLOBAL_UNCERTAINTY_ASSIGNED_CONTEXT((#8731)) 
GLOBAL_UNIT_ASSIGNED_CONTEXT((#8728,#8729,#8730)) REPRESENTATION_CONTEXT
('Context #1','3D Context with UNIT and UNCERTAINTY') );
#8728 = ( LENGTH_UNIT() NAMED_UNIT(*) SI_UNIT(.MILLI.,.METRE.) );
#8729 = ( NAMED_UNIT(*) PLANE_ANGLE_UNIT() SI_UNIT($,.RADIAN.) );
#8730 = ( NAMED_UNIT(*) SI_UNIT($,.STERADIAN.) SOLID_ANGLE_UNIT() );
#8731 = UNCERTAINTY_MEASURE_WITH_UNIT(LENGTH_MEASURE(1.E-07),#8728,
  'distance_accuracy_value','confusion accuracy');
#8732 = SHAPE_DEFINITION_REPRESENTATION(#8733,#8714);
#8733 = PRODUCT_DEFINITION_SHAPE('','',#8734);
#8734 = PRODUCT_DEFINITION('design','',#8735,#8738);
#8735 = PRODUCT_DEFINITION_FORMATION('','',#8736);
#8736 = PRODUCT('U8','U8','',(#8737));
#8737 = PRODUCT_CONTEXT('',#2,'mechanical');
#8738 = PRODUCT_DEFINITION_CONTEXT('part definition',#2,'design');
#8739 = CONTEXT_DEPENDENT_SHAPE_REPRESENTATION(#8740,#8742);
#8740 = ( REPRESENTATION_RELATIONSHIP('','',#8714,#10) 
REPRESENTATION_RELATIONSHIP_WITH_TRANSFORMATION(#8741) 
SHAPE_REPRESENTATION_RELATIONSHIP() );
#8741 = ITEM_DEFINED_TRANSFORMATION('','',#11,#971);
#8742 = PRODUCT_DEFINITION_SHAPE('Placement','Placement of an item',
  #8743);
#8743 = NEXT_ASSEMBLY_USAGE_OCCURRENCE('240','=>[0:1:1:241]','',#5,#8734
  ,$);
#8744 = PRODUCT_RELATED_PRODUCT_CATEGORY('part',$,(#8736));
#8745 = ADVANCED_BREP_SHAPE_REPRESENTATION('',(#11,#8746),#8758);
#8746 = MANIFOLD_SOLID_BREP('',#8747);
#8747 = CLOSED_SHELL('',(#8748));
#8748 = ADVANCED_FACE('',(#8749),#8753,.T.);
#8749 = FACE_BOUND('',#8750,.T.);
#8750 = VERTEX_LOOP('',#8751);
#8751 = VERTEX_POINT('',#8752);
#8752 = CARTESIAN_POINT('',(9.184850993605E-18,-2.249639673993E-33,-0.15
    ));
#8753 = SPHERICAL_SURFACE('',#8754,0.15);
#8754 = AXIS2_PLACEMENT_3D('',#8755,#8756,#8757);
#8755 = CARTESIAN_POINT('',(0.,0.,0.));
#8756 = DIRECTION('',(0.,0.,1.));
#8757 = DIRECTION('',(1.,0.,-0.));
#8758 = ( GEOMETRIC_REPRESENTATION_CONTEXT(3) 
GLOBAL_UNCERTAINTY_ASSIGNED_CONTEXT((#8762)) 
GLOBAL_UNIT_ASSIGNED_CONTEXT((#8759,#8760,#8761)) REPRESENTATION_CONTEXT
('Context #1','3D Context with UNIT and UNCERTAINTY') );
#8759 = ( LENGTH_UNIT() NAMED_UNIT(*) SI_UNIT(.MILLI.,.METRE.) );
#8760 = ( NAMED_UNIT(*) PLANE_ANGLE_UNIT() SI_UNIT($,.RADIAN.) );
#8761 = ( NAMED_UNIT(*) SI_UNIT($,.STERADIAN.) SOLID_ANGLE_UNIT() );
#8762 = UNCERTAINTY_MEASURE_WITH_UNIT(LENGTH_MEASURE(1.E-07),#8759,
  'distance_accuracy_value','confusion accuracy');
#8763 = SHAPE_DEFINITION_REPRESENTATION(#8764,#8745);
#8764 = PRODUCT_DEFINITION_SHAPE('','',#8765);
#8765 = PRODUCT_DEFINITION('design','',#8766,#8769);
#8766 = PRODUCT_DEFINITION_FORMATION('','',#8767);
#8767 = PRODUCT('U9','U9','',(#8768));
#8768 = PRODUCT_CONTEXT('',#2,'mechanical');
#8769 = PRODUCT_DEFINITION_CONTEXT('part definition',#2,'design');
#8770 = CONTEXT_DEPENDENT_SHAPE_REPRESENTATION(#8771,#8773);
#8771 = ( REPRESENTATION_RELATIONSHIP('','',#8745,#10) 
REPRESENTATION_RELATIONSHIP_WITH_TRANSFORMATION(#8772) 
SHAPE_REPRESENTATION_RELATIONSHIP() );
#8772 = ITEM_DEFINED_TRANSFORMATION('','',#11,#975);
#8773 = PRODUCT_DEFINITION_SHAPE('Placement','Placement of an item',
  #8774);
#8774 = NEXT_ASSEMBLY_USAGE_OCCURRENCE('241','=>[0:1:1:242]','',#5,#8765
  ,$);
#8775 = PRODUCT_RELATED_PRODUCT_CATEGORY('part',$,(#8767));
#8776 = ADVANCED_BREP_SHAPE_REPRESENTATION('',(#11,#8777),#8789);
#8777 = MANIFOLD_SOLID_BREP('',#8778);
#8778 = CLOSED_SHELL('',(#8779));
#8779 = ADVANCED_FACE('',(#8780),#8784,.T.);
#8780 = FACE_BOUND('',#8781,.T.);
#8781 = VERTEX_LOOP('',#8782);
#8782 = VERTEX_POINT('',#8783);
#8783 = CARTESIAN_POINT('',(9.184850993605E-18,-2.249639673993E-33,-0.15
    ));
#8784 = SPHERICAL_SURFACE('',#8785,0.15);
#8785 = AXIS2_PLACEMENT_3D('',#8786,#8787,#8788);
#8786 = CARTESIAN_POINT('',(0.,0.,0.));
#8787 = DIRECTION('',(0.,0.,1.));
#8788 = DIRECTION('',(1.,0.,-0.));
#8789 = ( GEOMETRIC_REPRESENTATION_CONTEXT(3) 
GLOBAL_UNCERTAINTY_ASSIGNED_CONTEXT((#8793)) 
GLOBAL_UNIT_ASSIGNED_CONTEXT((#8790,#8791,#8792)) REPRESENTATION_CONTEXT
('Context #1','3D Context with UNIT and UNCERTAINTY') );
#8790 = ( LENGTH_UNIT() NAMED_UNIT(*) SI_UNIT(.MILLI.,.METRE.) );
#8791 = ( NAMED_UNIT(*) PLANE_ANGLE_UNIT() SI_UNIT($,.RADIAN.) );
#8792 = ( NAMED_UNIT(*) SI_UNIT($,.STERADIAN.) SOLID_ANGLE_UNIT() );
#8793 = UNCERTAINTY_MEASURE_WITH_UNIT(LENGTH_MEASURE(1.E-07),#8790,
  'distance_accuracy_value','confusion accuracy');
#8794 = SHAPE_DEFINITION_REPRESENTATION(#8795,#8776);
#8795 = PRODUCT_DEFINITION_SHAPE('','',#8796);
#8796 = PRODUCT_DEFINITION('design','',#8797,#8800);
#8797 = PRODUCT_DEFINITION_FORMATION('','',#8798);
#8798 = PRODUCT('U10','U10','',(#8799));
#8799 = PRODUCT_CONTEXT('',#2,'mechanical');
#8800 = PRODUCT_DEFINITION_CONTEXT('part definition',#2,'design');
#8801 = CONTEXT_DEPENDENT_SHAPE_REPRESENTATION(#8802,#8804);
#8802 = ( REPRESENTATION_RELATIONSHIP('','',#8776,#10) 
REPRESENTATION_RELATIONSHIP_WITH_TRANSFORMATION(#8803) 
SHAPE_REPRESENTATION_RELATIONSHIP() );
#8803 = ITEM_DEFINED_TRANSFORMATION('','',#11,#979);
#8804 = PRODUCT_DEFINITION_SHAPE('Placement','Placement of an item',
  #8805);
#8805 = NEXT_ASSEMBLY_USAGE_OCCURRENCE('242','=>[0:1:1:243]','',#5,#8796
  ,$);
#8806 = PRODUCT_RELATED_PRODUCT_CATEGORY('part',$,(#8798));
#8807 = ADVANCED_BREP_SHAPE_REPRESENTATION('',(#11,#8808),#8820);
#8808 = MANIFOLD_SOLID_BREP('',#8809);
#8809 = CLOSED_SHELL('',(#8810));
#8810 = ADVANCED_FACE('',(#8811),#8815,.T.);
#8811 = FACE_BOUND('',#8812,.T.);
#8812 = VERTEX_LOOP('',#8813);
#8813 = VERTEX_POINT('',#8814);
#8814 = CARTESIAN_POINT('',(9.184850993605E-18,-2.249639673993E-33,-0.15
    ));
#8815 = SPHERICAL_SURFACE('',#8816,0.15);
#8816 = AXIS2_PLACEMENT_3D('',#8817,#8818,#8819);
#8817 = CARTESIAN_POINT('',(0.,0.,0.));
#8818 = DIRECTION('',(0.,0.,1.));
#8819 = DIRECTION('',(1.,0.,-0.));
#8820 = ( GEOMETRIC_REPRESENTATION_CONTEXT(3) 
GLOBAL_UNCERTAINTY_ASSIGNED_CONTEXT((#8824)) 
GLOBAL_UNIT_ASSIGNED_CONTEXT((#8821,#8822,#8823)) REPRESENTATION_CONTEXT
('Context #1','3D Context with UNIT and UNCERTAINTY') );
#8821 = ( LENGTH_UNIT() NAMED_UNIT(*) SI_UNIT(.MILLI.,.METRE.) );
#8822 = ( NAMED_UNIT(*) PLANE_ANGLE_UNIT() SI_UNIT($,.RADIAN.) );
#8823 = ( NAMED_UNIT(*) SI_UNIT($,.STERADIAN.) SOLID_ANGLE_UNIT() );
#8824 = UNCERTAINTY_MEASURE_WITH_UNIT(LENGTH_MEASURE(1.E-07),#8821,
  'distance_accuracy_value','confusion accuracy');
#8825 = SHAPE_DEFINITION_REPRESENTATION(#8826,#8807);
#8826 = PRODUCT_DEFINITION_SHAPE('','',#8827);
#8827 = PRODUCT_DEFINITION('design','',#8828,#8831);
#8828 = PRODUCT_DEFINITION_FORMATION('','',#8829);
#8829 = PRODUCT('U11','U11','',(#8830));
#8830 = PRODUCT_CONTEXT('',#2,'mechanical');
#8831 = PRODUCT_DEFINITION_CONTEXT('part definition',#2,'design');
#8832 = CONTEXT_DEPENDENT_SHAPE_REPRESENTATION(#8833,#8835);
#8833 = ( REPRESENTATION_RELATIONSHIP('','',#8807,#10) 
REPRESENTATION_RELATIONSHIP_WITH_TRANSFORMATION(#8834) 
SHAPE_REPRESENTATION_RELATIONSHIP() );
#8834 = ITEM_DEFINED_TRANSFORMATION('','',#11,#983);
#8835 = PRODUCT_DEFINITION_SHAPE('Placement','Placement of an item',
  #8836);
#8836 = NEXT_ASSEMBLY_USAGE_OCCURRENCE('243','=>[0:1:1:244]','',#5,#8827
  ,$);
#8837 = PRODUCT_RELATED_PRODUCT_CATEGORY('part',$,(#8829));
#8838 = ADVANCED_BREP_SHAPE_REPRESENTATION('',(#11,#8839),#8851);
#8839 = MANIFOLD_SOLID_BREP('',#8840);
#8840 = CLOSED_SHELL('',(#8841));
#8841 = ADVANCED_FACE('',(#8842),#8846,.T.);
#8842 = FACE_BOUND('',#8843,.T.);
#8843 = VERTEX_LOOP('',#8844);
#8844 = VERTEX_POINT('',#8845);
#8845 = CARTESIAN_POINT('',(9.184850993605E-18,-2.249639673993E-33,-0.15
    ));
#8846 = SPHERICAL_SURFACE('',#8847,0.15);
#8847 = AXIS2_PLACEMENT_3D('',#8848,#8849,#8850);
#8848 = CARTESIAN_POINT('',(0.,0.,0.));
#8849 = DIRECTION('',(0.,0.,1.));
#8850 = DIRECTION('',(1.,0.,-0.));
#8851 = ( GEOMETRIC_REPRESENTATION_CONTEXT(3) 
GLOBAL_UNCERTAINTY_ASSIGNED_CONTEXT((#8855)) 
GLOBAL_UNIT_ASSIGNED_CONTEXT((#8852,#8853,#8854)) REPRESENTATION_CONTEXT
('Context #1','3D Context with UNIT and UNCERTAINTY') );
#8852 = ( LENGTH_UNIT() NAMED_UNIT(*) SI_UNIT(.MILLI.,.METRE.) );
#8853 = ( NAMED_UNIT(*) PLANE_ANGLE_UNIT() SI_UNIT($,.RADIAN.) );
#8854 = ( NAMED_UNIT(*) SI_UNIT($,.STERADIAN.) SOLID_ANGLE_UNIT() );
#8855 = UNCERTAINTY_MEASURE_WITH_UNIT(LENGTH_MEASURE(1.E-07),#8852,
  'distance_accuracy_value','confusion accuracy');
#8856 = SHAPE_DEFINITION_REPRESENTATION(#8857,#8838);
#8857 = PRODUCT_DEFINITION_SHAPE('','',#8858);
#8858 = PRODUCT_DEFINITION('design','',#8859,#8862);
#8859 = PRODUCT_DEFINITION_FORMATION('','',#8860);
#8860 = PRODUCT('U12','U12','',(#8861));
#8861 = PRODUCT_CONTEXT('',#2,'mechanical');
#8862 = PRODUCT_DEFINITION_CONTEXT('part definition',#2,'design');
#8863 = CONTEXT_DEPENDENT_SHAPE_REPRESENTATION(#8864,#8866);
#8864 = ( REPRESENTATION_RELATIONSHIP('','',#8838,#10) 
REPRESENTATION_RELATIONSHIP_WITH_TRANSFORMATION(#8865) 
SHAPE_REPRESENTATION_RELATIONSHIP() );
#8865 = ITEM_DEFINED_TRANSFORMATION('','',#11,#987);
#8866 = PRODUCT_DEFINITION_SHAPE('Placement','Placement of an item',
  #8867);
#8867 = NEXT_ASSEMBLY_USAGE_OCCURRENCE('244','=>[0:1:1:245]','',#5,#8858
  ,$);
#8868 = PRODUCT_RELATED_PRODUCT_CATEGORY('part',$,(#8860));
#8869 = ADVANCED_BREP_SHAPE_REPRESENTATION('',(#11,#8870),#8882);
#8870 = MANIFOLD_SOLID_BREP('',#8871);
#8871 = CLOSED_SHELL('',(#8872));
#8872 = ADVANCED_FACE('',(#8873),#8877,.T.);
#8873 = FACE_BOUND('',#8874,.T.);
#8874 = VERTEX_LOOP('',#8875);
#8875 = VERTEX_POINT('',#8876);
#8876 = CARTESIAN_POINT('',(9.184850993605E-18,-2.249639673993E-33,-0.15
    ));
#8877 = SPHERICAL_SURFACE('',#8878,0.15);
#8878 = AXIS2_PLACEMENT_3D('',#8879,#8880,#8881);
#8879 = CARTESIAN_POINT('',(0.,0.,0.));
#8880 = DIRECTION('',(0.,0.,1.));
#8881 = DIRECTION('',(1.,0.,-0.));
#8882 = ( GEOMETRIC_REPRESENTATION_CONTEXT(3) 
GLOBAL_UNCERTAINTY_ASSIGNED_CONTEXT((#8886)) 
GLOBAL_UNIT_ASSIGNED_CONTEXT((#8883,#8884,#8885)) REPRESENTATION_CONTEXT
('Context #1','3D Context with UNIT and UNCERTAINTY') );
#8883 = ( LENGTH_UNIT() NAMED_UNIT(*) SI_UNIT(.MILLI.,.METRE.) );
#8884 = ( NAMED_UNIT(*) PLANE_ANGLE_UNIT() SI_UNIT($,.RADIAN.) );
#8885 = ( NAMED_UNIT(*) SI_UNIT($,.STERADIAN.) SOLID_ANGLE_UNIT() );
#8886 = UNCERTAINTY_MEASURE_WITH_UNIT(LENGTH_MEASURE(1.E-07),#8883,
  'distance_accuracy_value','confusion accuracy');
#8887 = SHAPE_DEFINITION_REPRESENTATION(#8888,#8869);
#8888 = PRODUCT_DEFINITION_SHAPE('','',#8889);
#8889 = PRODUCT_DEFINITION('design','',#8890,#8893);
#8890 = PRODUCT_DEFINITION_FORMATION('','',#8891);
#8891 = PRODUCT('U13','U13','',(#8892));
#8892 = PRODUCT_CONTEXT('',#2,'mechanical');
#8893 = PRODUCT_DEFINITION_CONTEXT('part definition',#2,'design');
#8894 = CONTEXT_DEPENDENT_SHAPE_REPRESENTATION(#8895,#8897);
#8895 = ( REPRESENTATION_RELATIONSHIP('','',#8869,#10) 
REPRESENTATION_RELATIONSHIP_WITH_TRANSFORMATION(#8896) 
SHAPE_REPRESENTATION_RELATIONSHIP() );
#8896 = ITEM_DEFINED_TRANSFORMATION('','',#11,#991);
#8897 = PRODUCT_DEFINITION_SHAPE('Placement','Placement of an item',
  #8898);
#8898 = NEXT_ASSEMBLY_USAGE_OCCURRENCE('245','=>[0:1:1:246]','',#5,#8889
  ,$);
#8899 = PRODUCT_RELATED_PRODUCT_CATEGORY('part',$,(#8891));
#8900 = ADVANCED_BREP_SHAPE_REPRESENTATION('',(#11,#8901),#8913);
#8901 = MANIFOLD_SOLID_BREP('',#8902);
#8902 = CLOSED_SHELL('',(#8903));
#8903 = ADVANCED_FACE('',(#8904),#8908,.T.);
#8904 = FACE_BOUND('',#8905,.T.);
#8905 = VERTEX_LOOP('',#8906);
#8906 = VERTEX_POINT('',#8907);
#8907 = CARTESIAN_POINT('',(9.184850993605E-18,-2.249639673993E-33,-0.15
    ));
#8908 = SPHERICAL_SURFACE('',#8909,0.15);
#8909 = AXIS2_PLACEMENT_3D('',#8910,#8911,#8912);
#8910 = CARTESIAN_POINT('',(0.,0.,0.));
#8911 = DIRECTION('',(0.,0.,1.));
#8912 = DIRECTION('',(1.,0.,-0.));
#8913 = ( GEOMETRIC_REPRESENTATION_CONTEXT(3) 
GLOBAL_UNCERTAINTY_ASSIGNED_CONTEXT((#8917)) 
GLOBAL_UNIT_ASSIGNED_CONTEXT((#8914,#8915,#8916)) REPRESENTATION_CONTEXT
('Context #1','3D Context with UNIT and UNCERTAINTY') );
#8914 = ( LENGTH_UNIT() NAMED_UNIT(*) SI_UNIT(.MILLI.,.METRE.) );
#8915 = ( NAMED_UNIT(*) PLANE_ANGLE_UNIT() SI_UNIT($,.RADIAN.) );
#8916 = ( NAMED_UNIT(*) SI_UNIT($,.STERADIAN.) SOLID_ANGLE_UNIT() );
#8917 = UNCERTAINTY_MEASURE_WITH_UNIT(LENGTH_MEASURE(1.E-07),#8914,
  'distance_accuracy_value','confusion accuracy');
#8918 = SHAPE_DEFINITION_REPRESENTATION(#8919,#8900);
#8919 = PRODUCT_DEFINITION_SHAPE('','',#8920);
#8920 = PRODUCT_DEFINITION('design','',#8921,#8924);
#8921 = PRODUCT_DEFINITION_FORMATION('','',#8922);
#8922 = PRODUCT('U14','U14','',(#8923));
#8923 = PRODUCT_CONTEXT('',#2,'mechanical');
#8924 = PRODUCT_DEFINITION_CONTEXT('part definition',#2,'design');
#8925 = CONTEXT_DEPENDENT_SHAPE_REPRESENTATION(#8926,#8928);
#8926 = ( REPRESENTATION_RELATIONSHIP('','',#8900,#10) 
REPRESENTATION_RELATIONSHIP_WITH_TRANSFORMATION(#8927) 
SHAPE_REPRESENTATION_RELATIONSHIP() );
#8927 = ITEM_DEFINED_TRANSFORMATION('','',#11,#995);
#8928 = PRODUCT_DEFINITION_SHAPE('Placement','Placement of an item',
  #8929);
#8929 = NEXT_ASSEMBLY_USAGE_OCCURRENCE('246','=>[0:1:1:247]','',#5,#8920
  ,$);
#8930 = PRODUCT_RELATED_PRODUCT_CATEGORY('part',$,(#8922));
#8931 = ADVANCED_BREP_SHAPE_REPRESENTATION('',(#11,#8932),#8944);
#8932 = MANIFOLD_SOLID_BREP('',#8933);
#8933 = CLOSED_SHELL('',(#8934));
#8934 = ADVANCED_FACE('',(#8935),#8939,.T.);
#8935 = FACE_BOUND('',#8936,.T.);
#8936 = VERTEX_LOOP('',#8937);
#8937 = VERTEX_POINT('',#8938);
#8938 = CARTESIAN_POINT('',(9.184850993605E-18,-2.249639673993E-33,-0.15
    ));
#8939 = SPHERICAL_SURFACE('',#8940,0.15);
#8940 = AXIS2_PLACEMENT_3D('',#8941,#8942,#8943);
#8941 = CARTESIAN_POINT('',(0.,0.,0.));
#8942 = DIRECTION('',(0.,0.,1.));
#8943 = DIRECTION('',(1.,0.,-0.));
#8944 = ( GEOMETRIC_REPRESENTATION_CONTEXT(3) 
GLOBAL_UNCERTAINTY_ASSIGNED_CONTEXT((#8948)) 
GLOBAL_UNIT_ASSIGNED_CONTEXT((#8945,#8946,#8947)) REPRESENTATION_CONTEXT
('Context #1','3D Context with UNIT and UNCERTAINTY') );
#8945 = ( LENGTH_UNIT() NAMED_UNIT(*) SI_UNIT(.MILLI.,.METRE.) );
#8946 = ( NAMED_UNIT(*) PLANE_ANGLE_UNIT() SI_UNIT($,.RADIAN.) );
#8947 = ( NAMED_UNIT(*) SI_UNIT($,.STERADIAN.) SOLID_ANGLE_UNIT() );
#8948 = UNCERTAINTY_MEASURE_WITH_UNIT(LENGTH_MEASURE(1.E-07),#8945,
  'distance_accuracy_value','confusion accuracy');
#8949 = SHAPE_DEFINITION_REPRESENTATION(#8950,#8931);
#8950 = PRODUCT_DEFINITION_SHAPE('','',#8951);
#8951 = PRODUCT_DEFINITION('design','',#8952,#8955);
#8952 = PRODUCT_DEFINITION_FORMATION('','',#8953);
#8953 = PRODUCT('U15','U15','',(#8954));
#8954 = PRODUCT_CONTEXT('',#2,'mechanical');
#8955 = PRODUCT_DEFINITION_CONTEXT('part definition',#2,'design');
#8956 = CONTEXT_DEPENDENT_SHAPE_REPRESENTATION(#8957,#8959);
#8957 = ( REPRESENTATION_RELATIONSHIP('','',#8931,#10) 
REPRESENTATION_RELATIONSHIP_WITH_TRANSFORMATION(#8958) 
SHAPE_REPRESENTATION_RELATIONSHIP() );
#8958 = ITEM_DEFINED_TRANSFORMATION('','',#11,#999);
#8959 = PRODUCT_DEFINITION_SHAPE('Placement','Placement of an item',
  #8960);
#8960 = NEXT_ASSEMBLY_USAGE_OCCURRENCE('247','=>[0:1:1:248]','',#5,#8951
  ,$);
#8961 = PRODUCT_RELATED_PRODUCT_CATEGORY('part',$,(#8953));
#8962 = ADVANCED_BREP_SHAPE_REPRESENTATION('',(#11,#8963),#8975);
#8963 = MANIFOLD_SOLID_BREP('',#8964);
#8964 = CLOSED_SHELL('',(#8965));
#8965 = ADVANCED_FACE('',(#8966),#8970,.T.);
#8966 = FACE_BOUND('',#8967,.T.);
#8967 = VERTEX_LOOP('',#8968);
#8968 = VERTEX_POINT('',#8969);
#8969 = CARTESIAN_POINT('',(9.184850993605E-18,-2.249639673993E-33,-0.15
    ));
#8970 = SPHERICAL_SURFACE('',#8971,0.15);
#8971 = AXIS2_PLACEMENT_3D('',#8972,#8973,#8974);
#8972 = CARTESIAN_POINT('',(0.,0.,0.));
#8973 = DIRECTION('',(0.,0.,1.));
#8974 = DIRECTION('',(1.,0.,-0.));
#8975 = ( GEOMETRIC_REPRESENTATION_CONTEXT(3) 
GLOBAL_UNCERTAINTY_ASSIGNED_CONTEXT((#8979)) 
GLOBAL_UNIT_ASSIGNED_CONTEXT((#8976,#8977,#8978)) REPRESENTATION_CONTEXT
('Context #1','3D Context with UNIT and UNCERTAINTY') );
#8976 = ( LENGTH_UNIT() NAMED_UNIT(*) SI_UNIT(.MILLI.,.METRE.) );
#8977 = ( NAMED_UNIT(*) PLANE_ANGLE_UNIT() SI_UNIT($,.RADIAN.) );
#8978 = ( NAMED_UNIT(*) SI_UNIT($,.STERADIAN.) SOLID_ANGLE_UNIT() );
#8979 = UNCERTAINTY_MEASURE_WITH_UNIT(LENGTH_MEASURE(1.E-07),#8976,
  'distance_accuracy_value','confusion accuracy');
#8980 = SHAPE_DEFINITION_REPRESENTATION(#8981,#8962);
#8981 = PRODUCT_DEFINITION_SHAPE('','',#8982);
#8982 = PRODUCT_DEFINITION('design','',#8983,#8986);
#8983 = PRODUCT_DEFINITION_FORMATION('','',#8984);
#8984 = PRODUCT('U16','U16','',(#8985));
#8985 = PRODUCT_CONTEXT('',#2,'mechanical');
#8986 = PRODUCT_DEFINITION_CONTEXT('part definition',#2,'design');
#8987 = CONTEXT_DEPENDENT_SHAPE_REPRESENTATION(#8988,#8990);
#8988 = ( REPRESENTATION_RELATIONSHIP('','',#8962,#10) 
REPRESENTATION_RELATIONSHIP_WITH_TRANSFORMATION(#8989) 
SHAPE_REPRESENTATION_RELATIONSHIP() );
#8989 = ITEM_DEFINED_TRANSFORMATION('','',#11,#1003);
#8990 = PRODUCT_DEFINITION_SHAPE('Placement','Placement of an item',
  #8991);
#8991 = NEXT_ASSEMBLY_USAGE_OCCURRENCE('248','=>[0:1:1:249]','',#5,#8982
  ,$);
#8992 = PRODUCT_RELATED_PRODUCT_CATEGORY('part',$,(#8984));
#8993 = ADVANCED_BREP_SHAPE_REPRESENTATION('',(#11,#8994),#9006);
#8994 = MANIFOLD_SOLID_BREP('',#8995);
#8995 = CLOSED_SHELL('',(#8996));
#8996 = ADVANCED_FACE('',(#8997),#9001,.T.);
#8997 = FACE_BOUND('',#8998,.T.);
#8998 = VERTEX_LOOP('',#8999);
#8999 = VERTEX_POINT('',#9000);
#9000 = CARTESIAN_POINT('',(9.184850993605E-18,-2.249639673993E-33,-0.15
    ));
#9001 = SPHERICAL_SURFACE('',#9002,0.15);
#9002 = AXIS2_PLACEMENT_3D('',#9003,#9004,#9005);
#9003 = CARTESIAN_POINT('',(0.,0.,0.));
#9004 = DIRECTION('',(0.,0.,1.));
#9005 = DIRECTION('',(1.,0.,-0.));
#9006 = ( GEOMETRIC_REPRESENTATION_CONTEXT(3) 
GLOBAL_UNCERTAINTY_ASSIGNED_CONTEXT((#9010)) 
GLOBAL_UNIT_ASSIGNED_CONTEXT((#9007,#9008,#9009)) REPRESENTATION_CONTEXT
('Context #1','3D Context with UNIT and UNCERTAINTY') );
#9007 = ( LENGTH_UNIT() NAMED_UNIT(*) SI_UNIT(.MILLI.,.METRE.) );
#9008 = ( NAMED_UNIT(*) PLANE_ANGLE_UNIT() SI_UNIT($,.RADIAN.) );
#9009 = ( NAMED_UNIT(*) SI_UNIT($,.STERADIAN.) SOLID_ANGLE_UNIT() );
#9010 = UNCERTAINTY_MEASURE_WITH_UNIT(LENGTH_MEASURE(1.E-07),#9007,
  'distance_accuracy_value','confusion accuracy');
#9011 = SHAPE_DEFINITION_REPRESENTATION(#9012,#8993);
#9012 = PRODUCT_DEFINITION_SHAPE('','',#9013);
#9013 = PRODUCT_DEFINITION('design','',#9014,#9017);
#9014 = PRODUCT_DEFINITION_FORMATION('','',#9015);
#9015 = PRODUCT('U17','U17','',(#9016));
#9016 = PRODUCT_CONTEXT('',#2,'mechanical');
#9017 = PRODUCT_DEFINITION_CONTEXT('part definition',#2,'design');
#9018 = CONTEXT_DEPENDENT_SHAPE_REPRESENTATION(#9019,#9021);
#9019 = ( REPRESENTATION_RELATIONSHIP('','',#8993,#10) 
REPRESENTATION_RELATIONSHIP_WITH_TRANSFORMATION(#9020) 
SHAPE_REPRESENTATION_RELATIONSHIP() );
#9020 = ITEM_DEFINED_TRANSFORMATION('','',#11,#1007);
#9021 = PRODUCT_DEFINITION_SHAPE('Placement','Placement of an item',
  #9022);
#9022 = NEXT_ASSEMBLY_USAGE_OCCURRENCE('249','=>[0:1:1:250]','',#5,#9013
  ,$);
#9023 = PRODUCT_RELATED_PRODUCT_CATEGORY('part',$,(#9015));
#9024 = ADVANCED_BREP_SHAPE_REPRESENTATION('',(#11,#9025),#9037);
#9025 = MANIFOLD_SOLID_BREP('',#9026);
#9026 = CLOSED_SHELL('',(#9027));
#9027 = ADVANCED_FACE('',(#9028),#9032,.T.);
#9028 = FACE_BOUND('',#9029,.T.);
#9029 = VERTEX_LOOP('',#9030);
#9030 = VERTEX_POINT('',#9031);
#9031 = CARTESIAN_POINT('',(9.184850993605E-18,-2.249639673993E-33,-0.15
    ));
#9032 = SPHERICAL_SURFACE('',#9033,0.15);
#9033 = AXIS2_PLACEMENT_3D('',#9034,#9035,#9036);
#9034 = CARTESIAN_POINT('',(0.,0.,0.));
#9035 = DIRECTION('',(0.,0.,1.));
#9036 = DIRECTION('',(1.,0.,-0.));
#9037 = ( GEOMETRIC_REPRESENTATION_CONTEXT(3) 
GLOBAL_UNCERTAINTY_ASSIGNED_CONTEXT((#9041)) 
GLOBAL_UNIT_ASSIGNED_CONTEXT((#9038,#9039,#9040)) REPRESENTATION_CONTEXT
('Context #1','3D Context with UNIT and UNCERTAINTY') );
#9038 = ( LENGTH_UNIT() NAMED_UNIT(*) SI_UNIT(.MILLI.,.METRE.) );
#9039 = ( NAMED_UNIT(*) PLANE_ANGLE_UNIT() SI_UNIT($,.RADIAN.) );
#9040 = ( NAMED_UNIT(*) SI_UNIT($,.STERADIAN.) SOLID_ANGLE_UNIT() );
#9041 = UNCERTAINTY_MEASURE_WITH_UNIT(LENGTH_MEASURE(1.E-07),#9038,
  'distance_accuracy_value','confusion accuracy');
#9042 = SHAPE_DEFINITION_REPRESENTATION(#9043,#9024);
#9043 = PRODUCT_DEFINITION_SHAPE('','',#9044);
#9044 = PRODUCT_DEFINITION('design','',#9045,#9048);
#9045 = PRODUCT_DEFINITION_FORMATION('','',#9046);
#9046 = PRODUCT('U19','U19','',(#9047));
#9047 = PRODUCT_CONTEXT('',#2,'mechanical');
#9048 = PRODUCT_DEFINITION_CONTEXT('part definition',#2,'design');
#9049 = CONTEXT_DEPENDENT_SHAPE_REPRESENTATION(#9050,#9052);
#9050 = ( REPRESENTATION_RELATIONSHIP('','',#9024,#10) 
REPRESENTATION_RELATIONSHIP_WITH_TRANSFORMATION(#9051) 
SHAPE_REPRESENTATION_RELATIONSHIP() );
#9051 = ITEM_DEFINED_TRANSFORMATION('','',#11,#1011);
#9052 = PRODUCT_DEFINITION_SHAPE('Placement','Placement of an item',
  #9053);
#9053 = NEXT_ASSEMBLY_USAGE_OCCURRENCE('250','=>[0:1:1:251]','',#5,#9044
  ,$);
#9054 = PRODUCT_RELATED_PRODUCT_CATEGORY('part',$,(#9046));
#9055 = ADVANCED_BREP_SHAPE_REPRESENTATION('',(#11,#9056),#9068);
#9056 = MANIFOLD_SOLID_BREP('',#9057);
#9057 = CLOSED_SHELL('',(#9058));
#9058 = ADVANCED_FACE('',(#9059),#9063,.T.);
#9059 = FACE_BOUND('',#9060,.T.);
#9060 = VERTEX_LOOP('',#9061);
#9061 = VERTEX_POINT('',#9062);
#9062 = CARTESIAN_POINT('',(9.184850993605E-18,-2.249639673993E-33,-0.15
    ));
#9063 = SPHERICAL_SURFACE('',#9064,0.15);
#9064 = AXIS2_PLACEMENT_3D('',#9065,#9066,#9067);
#9065 = CARTESIAN_POINT('',(0.,0.,0.));
#9066 = DIRECTION('',(0.,0.,1.));
#9067 = DIRECTION('',(1.,0.,-0.));
#9068 = ( GEOMETRIC_REPRESENTATION_CONTEXT(3) 
GLOBAL_UNCERTAINTY_ASSIGNED_CONTEXT((#9072)) 
GLOBAL_UNIT_ASSIGNED_CONTEXT((#9069,#9070,#9071)) REPRESENTATION_CONTEXT
('Context #1','3D Context with UNIT and UNCERTAINTY') );
#9069 = ( LENGTH_UNIT() NAMED_UNIT(*) SI_UNIT(.MILLI.,.METRE.) );
#9070 = ( NAMED_UNIT(*) PLANE_ANGLE_UNIT() SI_UNIT($,.RADIAN.) );
#9071 = ( NAMED_UNIT(*) SI_UNIT($,.STERADIAN.) SOLID_ANGLE_UNIT() );
#9072 = UNCERTAINTY_MEASURE_WITH_UNIT(LENGTH_MEASURE(1.E-07),#9069,
  'distance_accuracy_value','confusion accuracy');
#9073 = SHAPE_DEFINITION_REPRESENTATION(#9074,#9055);
#9074 = PRODUCT_DEFINITION_SHAPE('','',#9075);
#9075 = PRODUCT_DEFINITION('design','',#9076,#9079);
#9076 = PRODUCT_DEFINITION_FORMATION('','',#9077);
#9077 = PRODUCT('U20','U20','',(#9078));
#9078 = PRODUCT_CONTEXT('',#2,'mechanical');
#9079 = PRODUCT_DEFINITION_CONTEXT('part definition',#2,'design');
#9080 = CONTEXT_DEPENDENT_SHAPE_REPRESENTATION(#9081,#9083);
#9081 = ( REPRESENTATION_RELATIONSHIP('','',#9055,#10) 
REPRESENTATION_RELATIONSHIP_WITH_TRANSFORMATION(#9082) 
SHAPE_REPRESENTATION_RELATIONSHIP() );
#9082 = ITEM_DEFINED_TRANSFORMATION('','',#11,#1015);
#9083 = PRODUCT_DEFINITION_SHAPE('Placement','Placement of an item',
  #9084);
#9084 = NEXT_ASSEMBLY_USAGE_OCCURRENCE('251','=>[0:1:1:252]','',#5,#9075
  ,$);
#9085 = PRODUCT_RELATED_PRODUCT_CATEGORY('part',$,(#9077));
#9086 = ADVANCED_BREP_SHAPE_REPRESENTATION('',(#11,#9087),#9099);
#9087 = MANIFOLD_SOLID_BREP('',#9088);
#9088 = CLOSED_SHELL('',(#9089));
#9089 = ADVANCED_FACE('',(#9090),#9094,.T.);
#9090 = FACE_BOUND('',#9091,.T.);
#9091 = VERTEX_LOOP('',#9092);
#9092 = VERTEX_POINT('',#9093);
#9093 = CARTESIAN_POINT('',(9.184850993605E-18,-2.249639673993E-33,-0.15
    ));
#9094 = SPHERICAL_SURFACE('',#9095,0.15);
#9095 = AXIS2_PLACEMENT_3D('',#9096,#9097,#9098);
#9096 = CARTESIAN_POINT('',(0.,0.,0.));
#9097 = DIRECTION('',(0.,0.,1.));
#9098 = DIRECTION('',(1.,0.,-0.));
#9099 = ( GEOMETRIC_REPRESENTATION_CONTEXT(3) 
GLOBAL_UNCERTAINTY_ASSIGNED_CONTEXT((#9103)) 
GLOBAL_UNIT_ASSIGNED_CONTEXT((#9100,#9101,#9102)) REPRESENTATION_CONTEXT
('Context #1','3D Context with UNIT and UNCERTAINTY') );
#9100 = ( LENGTH_UNIT() NAMED_UNIT(*) SI_UNIT(.MILLI.,.METRE.) );
#9101 = ( NAMED_UNIT(*) PLANE_ANGLE_UNIT() SI_UNIT($,.RADIAN.) );
#9102 = ( NAMED_UNIT(*) SI_UNIT($,.STERADIAN.) SOLID_ANGLE_UNIT() );
#9103 = UNCERTAINTY_MEASURE_WITH_UNIT(LENGTH_MEASURE(1.E-07),#9100,
  'distance_accuracy_value','confusion accuracy');
#9104 = SHAPE_DEFINITION_REPRESENTATION(#9105,#9086);
#9105 = PRODUCT_DEFINITION_SHAPE('','',#9106);
#9106 = PRODUCT_DEFINITION('design','',#9107,#9110);
#9107 = PRODUCT_DEFINITION_FORMATION('','',#9108);
#9108 = PRODUCT('V1','V1','',(#9109));
#9109 = PRODUCT_CONTEXT('',#2,'mechanical');
#9110 = PRODUCT_DEFINITION_CONTEXT('part definition',#2,'design');
#9111 = CONTEXT_DEPENDENT_SHAPE_REPRESENTATION(#9112,#9114);
#9112 = ( REPRESENTATION_RELATIONSHIP('','',#9086,#10) 
REPRESENTATION_RELATIONSHIP_WITH_TRANSFORMATION(#9113) 
SHAPE_REPRESENTATION_RELATIONSHIP() );
#9113 = ITEM_DEFINED_TRANSFORMATION('','',#11,#1019);
#9114 = PRODUCT_DEFINITION_SHAPE('Placement','Placement of an item',
  #9115);
#9115 = NEXT_ASSEMBLY_USAGE_OCCURRENCE('252','=>[0:1:1:253]','',#5,#9106
  ,$);
#9116 = PRODUCT_RELATED_PRODUCT_CATEGORY('part',$,(#9108));
#9117 = ADVANCED_BREP_SHAPE_REPRESENTATION('',(#11,#9118),#9130);
#9118 = MANIFOLD_SOLID_BREP('',#9119);
#9119 = CLOSED_SHELL('',(#9120));
#9120 = ADVANCED_FACE('',(#9121),#9125,.T.);
#9121 = FACE_BOUND('',#9122,.T.);
#9122 = VERTEX_LOOP('',#9123);
#9123 = VERTEX_POINT('',#9124);
#9124 = CARTESIAN_POINT('',(9.184850993605E-18,-2.249639673993E-33,-0.15
    ));
#9125 = SPHERICAL_SURFACE('',#9126,0.15);
#9126 = AXIS2_PLACEMENT_3D('',#9127,#9128,#9129);
#9127 = CARTESIAN_POINT('',(0.,0.,0.));
#9128 = DIRECTION('',(0.,0.,1.));
#9129 = DIRECTION('',(1.,0.,-0.));
#9130 = ( GEOMETRIC_REPRESENTATION_CONTEXT(3) 
GLOBAL_UNCERTAINTY_ASSIGNED_CONTEXT((#9134)) 
GLOBAL_UNIT_ASSIGNED_CONTEXT((#9131,#9132,#9133)) REPRESENTATION_CONTEXT
('Context #1','3D Context with UNIT and UNCERTAINTY') );
#9131 = ( LENGTH_UNIT() NAMED_UNIT(*) SI_UNIT(.MILLI.,.METRE.) );
#9132 = ( NAMED_UNIT(*) PLANE_ANGLE_UNIT() SI_UNIT($,.RADIAN.) );
#9133 = ( NAMED_UNIT(*) SI_UNIT($,.STERADIAN.) SOLID_ANGLE_UNIT() );
#9134 = UNCERTAINTY_MEASURE_WITH_UNIT(LENGTH_MEASURE(1.E-07),#9131,
  'distance_accuracy_value','confusion accuracy');
#9135 = SHAPE_DEFINITION_REPRESENTATION(#9136,#9117);
#9136 = PRODUCT_DEFINITION_SHAPE('','',#9137);
#9137 = PRODUCT_DEFINITION('design','',#9138,#9141);
#9138 = PRODUCT_DEFINITION_FORMATION('','',#9139);
#9139 = PRODUCT('V2','V2','',(#9140));
#9140 = PRODUCT_CONTEXT('',#2,'mechanical');
#9141 = PRODUCT_DEFINITION_CONTEXT('part definition',#2,'design');
#9142 = CONTEXT_DEPENDENT_SHAPE_REPRESENTATION(#9143,#9145);
#9143 = ( REPRESENTATION_RELATIONSHIP('','',#9117,#10) 
REPRESENTATION_RELATIONSHIP_WITH_TRANSFORMATION(#9144) 
SHAPE_REPRESENTATION_RELATIONSHIP() );
#9144 = ITEM_DEFINED_TRANSFORMATION('','',#11,#1023);
#9145 = PRODUCT_DEFINITION_SHAPE('Placement','Placement of an item',
  #9146);
#9146 = NEXT_ASSEMBLY_USAGE_OCCURRENCE('253','=>[0:1:1:254]','',#5,#9137
  ,$);
#9147 = PRODUCT_RELATED_PRODUCT_CATEGORY('part',$,(#9139));
#9148 = ADVANCED_BREP_SHAPE_REPRESENTATION('',(#11,#9149),#9161);
#9149 = MANIFOLD_SOLID_BREP('',#9150);
#9150 = CLOSED_SHELL('',(#9151));
#9151 = ADVANCED_FACE('',(#9152),#9156,.T.);
#9152 = FACE_BOUND('',#9153,.T.);
#9153 = VERTEX_LOOP('',#9154);
#9154 = VERTEX_POINT('',#9155);
#9155 = CARTESIAN_POINT('',(9.184850993605E-18,-2.249639673993E-33,-0.15
    ));
#9156 = SPHERICAL_SURFACE('',#9157,0.15);
#9157 = AXIS2_PLACEMENT_3D('',#9158,#9159,#9160);
#9158 = CARTESIAN_POINT('',(0.,0.,0.));
#9159 = DIRECTION('',(0.,0.,1.));
#9160 = DIRECTION('',(1.,0.,-0.));
#9161 = ( GEOMETRIC_REPRESENTATION_CONTEXT(3) 
GLOBAL_UNCERTAINTY_ASSIGNED_CONTEXT((#9165)) 
GLOBAL_UNIT_ASSIGNED_CONTEXT((#9162,#9163,#9164)) REPRESENTATION_CONTEXT
('Context #1','3D Context with UNIT and UNCERTAINTY') );
#9162 = ( LENGTH_UNIT() NAMED_UNIT(*) SI_UNIT(.MILLI.,.METRE.) );
#9163 = ( NAMED_UNIT(*) PLANE_ANGLE_UNIT() SI_UNIT($,.RADIAN.) );
#9164 = ( NAMED_UNIT(*) SI_UNIT($,.STERADIAN.) SOLID_ANGLE_UNIT() );
#9165 = UNCERTAINTY_MEASURE_WITH_UNIT(LENGTH_MEASURE(1.E-07),#9162,
  'distance_accuracy_value','confusion accuracy');
#9166 = SHAPE_DEFINITION_REPRESENTATION(#9167,#9148);
#9167 = PRODUCT_DEFINITION_SHAPE('','',#9168);
#9168 = PRODUCT_DEFINITION('design','',#9169,#9172);
#9169 = PRODUCT_DEFINITION_FORMATION('','',#9170);
#9170 = PRODUCT('V3','V3','',(#9171));
#9171 = PRODUCT_CONTEXT('',#2,'mechanical');
#9172 = PRODUCT_DEFINITION_CONTEXT('part definition',#2,'design');
#9173 = CONTEXT_DEPENDENT_SHAPE_REPRESENTATION(#9174,#9176);
#9174 = ( REPRESENTATION_RELATIONSHIP('','',#9148,#10) 
REPRESENTATION_RELATIONSHIP_WITH_TRANSFORMATION(#9175) 
SHAPE_REPRESENTATION_RELATIONSHIP() );
#9175 = ITEM_DEFINED_TRANSFORMATION('','',#11,#1027);
#9176 = PRODUCT_DEFINITION_SHAPE('Placement','Placement of an item',
  #9177);
#9177 = NEXT_ASSEMBLY_USAGE_OCCURRENCE('254','=>[0:1:1:255]','',#5,#9168
  ,$);
#9178 = PRODUCT_RELATED_PRODUCT_CATEGORY('part',$,(#9170));
#9179 = ADVANCED_BREP_SHAPE_REPRESENTATION('',(#11,#9180),#9192);
#9180 = MANIFOLD_SOLID_BREP('',#9181);
#9181 = CLOSED_SHELL('',(#9182));
#9182 = ADVANCED_FACE('',(#9183),#9187,.T.);
#9183 = FACE_BOUND('',#9184,.T.);
#9184 = VERTEX_LOOP('',#9185);
#9185 = VERTEX_POINT('',#9186);
#9186 = CARTESIAN_POINT('',(9.184850993605E-18,-2.249639673993E-33,-0.15
    ));
#9187 = SPHERICAL_SURFACE('',#9188,0.15);
#9188 = AXIS2_PLACEMENT_3D('',#9189,#9190,#9191);
#9189 = CARTESIAN_POINT('',(0.,0.,0.));
#9190 = DIRECTION('',(0.,0.,1.));
#9191 = DIRECTION('',(1.,0.,-0.));
#9192 = ( GEOMETRIC_REPRESENTATION_CONTEXT(3) 
GLOBAL_UNCERTAINTY_ASSIGNED_CONTEXT((#9196)) 
GLOBAL_UNIT_ASSIGNED_CONTEXT((#9193,#9194,#9195)) REPRESENTATION_CONTEXT
('Context #1','3D Context with UNIT and UNCERTAINTY') );
#9193 = ( LENGTH_UNIT() NAMED_UNIT(*) SI_UNIT(.MILLI.,.METRE.) );
#9194 = ( NAMED_UNIT(*) PLANE_ANGLE_UNIT() SI_UNIT($,.RADIAN.) );
#9195 = ( NAMED_UNIT(*) SI_UNIT($,.STERADIAN.) SOLID_ANGLE_UNIT() );
#9196 = UNCERTAINTY_MEASURE_WITH_UNIT(LENGTH_MEASURE(1.E-07),#9193,
  'distance_accuracy_value','confusion accuracy');
#9197 = SHAPE_DEFINITION_REPRESENTATION(#9198,#9179);
#9198 = PRODUCT_DEFINITION_SHAPE('','',#9199);
#9199 = PRODUCT_DEFINITION('design','',#9200,#9203);
#9200 = PRODUCT_DEFINITION_FORMATION('','',#9201);
#9201 = PRODUCT('V6','V6','',(#9202));
#9202 = PRODUCT_CONTEXT('',#2,'mechanical');
#9203 = PRODUCT_DEFINITION_CONTEXT('part definition',#2,'design');
#9204 = CONTEXT_DEPENDENT_SHAPE_REPRESENTATION(#9205,#9207);
#9205 = ( REPRESENTATION_RELATIONSHIP('','',#9179,#10) 
REPRESENTATION_RELATIONSHIP_WITH_TRANSFORMATION(#9206) 
SHAPE_REPRESENTATION_RELATIONSHIP() );
#9206 = ITEM_DEFINED_TRANSFORMATION('','',#11,#1031);
#9207 = PRODUCT_DEFINITION_SHAPE('Placement','Placement of an item',
  #9208);
#9208 = NEXT_ASSEMBLY_USAGE_OCCURRENCE('255','=>[0:1:1:256]','',#5,#9199
  ,$);
#9209 = PRODUCT_RELATED_PRODUCT_CATEGORY('part',$,(#9201));
#9210 = ADVANCED_BREP_SHAPE_REPRESENTATION('',(#11,#9211),#9223);
#9211 = MANIFOLD_SOLID_BREP('',#9212);
#9212 = CLOSED_SHELL('',(#9213));
#9213 = ADVANCED_FACE('',(#9214),#9218,.T.);
#9214 = FACE_BOUND('',#9215,.T.);
#9215 = VERTEX_LOOP('',#9216);
#9216 = VERTEX_POINT('',#9217);
#9217 = CARTESIAN_POINT('',(9.184850993605E-18,-2.249639673993E-33,-0.15
    ));
#9218 = SPHERICAL_SURFACE('',#9219,0.15);
#9219 = AXIS2_PLACEMENT_3D('',#9220,#9221,#9222);
#9220 = CARTESIAN_POINT('',(0.,0.,0.));
#9221 = DIRECTION('',(0.,0.,1.));
#9222 = DIRECTION('',(1.,0.,-0.));
#9223 = ( GEOMETRIC_REPRESENTATION_CONTEXT(3) 
GLOBAL_UNCERTAINTY_ASSIGNED_CONTEXT((#9227)) 
GLOBAL_UNIT_ASSIGNED_CONTEXT((#9224,#9225,#9226)) REPRESENTATION_CONTEXT
('Context #1','3D Context with UNIT and UNCERTAINTY') );
#9224 = ( LENGTH_UNIT() NAMED_UNIT(*) SI_UNIT(.MILLI.,.METRE.) );
#9225 = ( NAMED_UNIT(*) PLANE_ANGLE_UNIT() SI_UNIT($,.RADIAN.) );
#9226 = ( NAMED_UNIT(*) SI_UNIT($,.STERADIAN.) SOLID_ANGLE_UNIT() );
#9227 = UNCERTAINTY_MEASURE_WITH_UNIT(LENGTH_MEASURE(1.E-07),#9224,
  'distance_accuracy_value','confusion accuracy');
#9228 = SHAPE_DEFINITION_REPRESENTATION(#9229,#9210);
#9229 = PRODUCT_DEFINITION_SHAPE('','',#9230);
#9230 = PRODUCT_DEFINITION('design','',#9231,#9234);
#9231 = PRODUCT_DEFINITION_FORMATION('','',#9232);
#9232 = PRODUCT('V8','V8','',(#9233));
#9233 = PRODUCT_CONTEXT('',#2,'mechanical');
#9234 = PRODUCT_DEFINITION_CONTEXT('part definition',#2,'design');
#9235 = CONTEXT_DEPENDENT_SHAPE_REPRESENTATION(#9236,#9238);
#9236 = ( REPRESENTATION_RELATIONSHIP('','',#9210,#10) 
REPRESENTATION_RELATIONSHIP_WITH_TRANSFORMATION(#9237) 
SHAPE_REPRESENTATION_RELATIONSHIP() );
#9237 = ITEM_DEFINED_TRANSFORMATION('','',#11,#1035);
#9238 = PRODUCT_DEFINITION_SHAPE('Placement','Placement of an item',
  #9239);
#9239 = NEXT_ASSEMBLY_USAGE_OCCURRENCE('256','=>[0:1:1:257]','',#5,#9230
  ,$);
#9240 = PRODUCT_RELATED_PRODUCT_CATEGORY('part',$,(#9232));
#9241 = ADVANCED_BREP_SHAPE_REPRESENTATION('',(#11,#9242),#9254);
#9242 = MANIFOLD_SOLID_BREP('',#9243);
#9243 = CLOSED_SHELL('',(#9244));
#9244 = ADVANCED_FACE('',(#9245),#9249,.T.);
#9245 = FACE_BOUND('',#9246,.T.);
#9246 = VERTEX_LOOP('',#9247);
#9247 = VERTEX_POINT('',#9248);
#9248 = CARTESIAN_POINT('',(9.184850993605E-18,-2.249639673993E-33,-0.15
    ));
#9249 = SPHERICAL_SURFACE('',#9250,0.15);
#9250 = AXIS2_PLACEMENT_3D('',#9251,#9252,#9253);
#9251 = CARTESIAN_POINT('',(0.,0.,0.));
#9252 = DIRECTION('',(0.,0.,1.));
#9253 = DIRECTION('',(1.,0.,-0.));
#9254 = ( GEOMETRIC_REPRESENTATION_CONTEXT(3) 
GLOBAL_UNCERTAINTY_ASSIGNED_CONTEXT((#9258)) 
GLOBAL_UNIT_ASSIGNED_CONTEXT((#9255,#9256,#9257)) REPRESENTATION_CONTEXT
('Context #1','3D Context with UNIT and UNCERTAINTY') );
#9255 = ( LENGTH_UNIT() NAMED_UNIT(*) SI_UNIT(.MILLI.,.METRE.) );
#9256 = ( NAMED_UNIT(*) PLANE_ANGLE_UNIT() SI_UNIT($,.RADIAN.) );
#9257 = ( NAMED_UNIT(*) SI_UNIT($,.STERADIAN.) SOLID_ANGLE_UNIT() );
#9258 = UNCERTAINTY_MEASURE_WITH_UNIT(LENGTH_MEASURE(1.E-07),#9255,
  'distance_accuracy_value','confusion accuracy');
#9259 = SHAPE_DEFINITION_REPRESENTATION(#9260,#9241);
#9260 = PRODUCT_DEFINITION_SHAPE('','',#9261);
#9261 = PRODUCT_DEFINITION('design','',#9262,#9265);
#9262 = PRODUCT_DEFINITION_FORMATION('','',#9263);
#9263 = PRODUCT('V11','V11','',(#9264));
#9264 = PRODUCT_CONTEXT('',#2,'mechanical');
#9265 = PRODUCT_DEFINITION_CONTEXT('part definition',#2,'design');
#9266 = CONTEXT_DEPENDENT_SHAPE_REPRESENTATION(#9267,#9269);
#9267 = ( REPRESENTATION_RELATIONSHIP('','',#9241,#10) 
REPRESENTATION_RELATIONSHIP_WITH_TRANSFORMATION(#9268) 
SHAPE_REPRESENTATION_RELATIONSHIP() );
#9268 = ITEM_DEFINED_TRANSFORMATION('','',#11,#1039);
#9269 = PRODUCT_DEFINITION_SHAPE('Placement','Placement of an item',
  #9270);
#9270 = NEXT_ASSEMBLY_USAGE_OCCURRENCE('257','=>[0:1:1:258]','',#5,#9261
  ,$);
#9271 = PRODUCT_RELATED_PRODUCT_CATEGORY('part',$,(#9263));
#9272 = ADVANCED_BREP_SHAPE_REPRESENTATION('',(#11,#9273),#9285);
#9273 = MANIFOLD_SOLID_BREP('',#9274);
#9274 = CLOSED_SHELL('',(#9275));
#9275 = ADVANCED_FACE('',(#9276),#9280,.T.);
#9276 = FACE_BOUND('',#9277,.T.);
#9277 = VERTEX_LOOP('',#9278);
#9278 = VERTEX_POINT('',#9279);
#9279 = CARTESIAN_POINT('',(9.184850993605E-18,-2.249639673993E-33,-0.15
    ));
#9280 = SPHERICAL_SURFACE('',#9281,0.15);
#9281 = AXIS2_PLACEMENT_3D('',#9282,#9283,#9284);
#9282 = CARTESIAN_POINT('',(0.,0.,0.));
#9283 = DIRECTION('',(0.,0.,1.));
#9284 = DIRECTION('',(1.,0.,-0.));
#9285 = ( GEOMETRIC_REPRESENTATION_CONTEXT(3) 
GLOBAL_UNCERTAINTY_ASSIGNED_CONTEXT((#9289)) 
GLOBAL_UNIT_ASSIGNED_CONTEXT((#9286,#9287,#9288)) REPRESENTATION_CONTEXT
('Context #1','3D Context with UNIT and UNCERTAINTY') );
#9286 = ( LENGTH_UNIT() NAMED_UNIT(*) SI_UNIT(.MILLI.,.METRE.) );
#9287 = ( NAMED_UNIT(*) PLANE_ANGLE_UNIT() SI_UNIT($,.RADIAN.) );
#9288 = ( NAMED_UNIT(*) SI_UNIT($,.STERADIAN.) SOLID_ANGLE_UNIT() );
#9289 = UNCERTAINTY_MEASURE_WITH_UNIT(LENGTH_MEASURE(1.E-07),#9286,
  'distance_accuracy_value','confusion accuracy');
#9290 = SHAPE_DEFINITION_REPRESENTATION(#9291,#9272);
#9291 = PRODUCT_DEFINITION_SHAPE('','',#9292);
#9292 = PRODUCT_DEFINITION('design','',#9293,#9296);
#9293 = PRODUCT_DEFINITION_FORMATION('','',#9294);
#9294 = PRODUCT('V14','V14','',(#9295));
#9295 = PRODUCT_CONTEXT('',#2,'mechanical');
#9296 = PRODUCT_DEFINITION_CONTEXT('part definition',#2,'design');
#9297 = CONTEXT_DEPENDENT_SHAPE_REPRESENTATION(#9298,#9300);
#9298 = ( REPRESENTATION_RELATIONSHIP('','',#9272,#10) 
REPRESENTATION_RELATIONSHIP_WITH_TRANSFORMATION(#9299) 
SHAPE_REPRESENTATION_RELATIONSHIP() );
#9299 = ITEM_DEFINED_TRANSFORMATION('','',#11,#1043);
#9300 = PRODUCT_DEFINITION_SHAPE('Placement','Placement of an item',
  #9301);
#9301 = NEXT_ASSEMBLY_USAGE_OCCURRENCE('258','=>[0:1:1:259]','',#5,#9292
  ,$);
#9302 = PRODUCT_RELATED_PRODUCT_CATEGORY('part',$,(#9294));
#9303 = ADVANCED_BREP_SHAPE_REPRESENTATION('',(#11,#9304),#9316);
#9304 = MANIFOLD_SOLID_BREP('',#9305);
#9305 = CLOSED_SHELL('',(#9306));
#9306 = ADVANCED_FACE('',(#9307),#9311,.T.);
#9307 = FACE_BOUND('',#9308,.T.);
#9308 = VERTEX_LOOP('',#9309);
#9309 = VERTEX_POINT('',#9310);
#9310 = CARTESIAN_POINT('',(9.184850993605E-18,-2.249639673993E-33,-0.15
    ));
#9311 = SPHERICAL_SURFACE('',#9312,0.15);
#9312 = AXIS2_PLACEMENT_3D('',#9313,#9314,#9315);
#9313 = CARTESIAN_POINT('',(0.,0.,0.));
#9314 = DIRECTION('',(0.,0.,1.));
#9315 = DIRECTION('',(1.,0.,-0.));
#9316 = ( GEOMETRIC_REPRESENTATION_CONTEXT(3) 
GLOBAL_UNCERTAINTY_ASSIGNED_CONTEXT((#9320)) 
GLOBAL_UNIT_ASSIGNED_CONTEXT((#9317,#9318,#9319)) REPRESENTATION_CONTEXT
('Context #1','3D Context with UNIT and UNCERTAINTY') );
#9317 = ( LENGTH_UNIT() NAMED_UNIT(*) SI_UNIT(.MILLI.,.METRE.) );
#9318 = ( NAMED_UNIT(*) PLANE_ANGLE_UNIT() SI_UNIT($,.RADIAN.) );
#9319 = ( NAMED_UNIT(*) SI_UNIT($,.STERADIAN.) SOLID_ANGLE_UNIT() );
#9320 = UNCERTAINTY_MEASURE_WITH_UNIT(LENGTH_MEASURE(1.E-07),#9317,
  'distance_accuracy_value','confusion accuracy');
#9321 = SHAPE_DEFINITION_REPRESENTATION(#9322,#9303);
#9322 = PRODUCT_DEFINITION_SHAPE('','',#9323);
#9323 = PRODUCT_DEFINITION('design','',#9324,#9327);
#9324 = PRODUCT_DEFINITION_FORMATION('','',#9325);
#9325 = PRODUCT('V16','V16','',(#9326));
#9326 = PRODUCT_CONTEXT('',#2,'mechanical');
#9327 = PRODUCT_DEFINITION_CONTEXT('part definition',#2,'design');
#9328 = CONTEXT_DEPENDENT_SHAPE_REPRESENTATION(#9329,#9331);
#9329 = ( REPRESENTATION_RELATIONSHIP('','',#9303,#10) 
REPRESENTATION_RELATIONSHIP_WITH_TRANSFORMATION(#9330) 
SHAPE_REPRESENTATION_RELATIONSHIP() );
#9330 = ITEM_DEFINED_TRANSFORMATION('','',#11,#1047);
#9331 = PRODUCT_DEFINITION_SHAPE('Placement','Placement of an item',
  #9332);
#9332 = NEXT_ASSEMBLY_USAGE_OCCURRENCE('259','=>[0:1:1:260]','',#5,#9323
  ,$);
#9333 = PRODUCT_RELATED_PRODUCT_CATEGORY('part',$,(#9325));
#9334 = ADVANCED_BREP_SHAPE_REPRESENTATION('',(#11,#9335),#9347);
#9335 = MANIFOLD_SOLID_BREP('',#9336);
#9336 = CLOSED_SHELL('',(#9337));
#9337 = ADVANCED_FACE('',(#9338),#9342,.T.);
#9338 = FACE_BOUND('',#9339,.T.);
#9339 = VERTEX_LOOP('',#9340);
#9340 = VERTEX_POINT('',#9341);
#9341 = CARTESIAN_POINT('',(9.184850993605E-18,-2.249639673993E-33,-0.15
    ));
#9342 = SPHERICAL_SURFACE('',#9343,0.15);
#9343 = AXIS2_PLACEMENT_3D('',#9344,#9345,#9346);
#9344 = CARTESIAN_POINT('',(0.,0.,0.));
#9345 = DIRECTION('',(0.,0.,1.));
#9346 = DIRECTION('',(1.,0.,-0.));
#9347 = ( GEOMETRIC_REPRESENTATION_CONTEXT(3) 
GLOBAL_UNCERTAINTY_ASSIGNED_CONTEXT((#9351)) 
GLOBAL_UNIT_ASSIGNED_CONTEXT((#9348,#9349,#9350)) REPRESENTATION_CONTEXT
('Context #1','3D Context with UNIT and UNCERTAINTY') );
#9348 = ( LENGTH_UNIT() NAMED_UNIT(*) SI_UNIT(.MILLI.,.METRE.) );
#9349 = ( NAMED_UNIT(*) PLANE_ANGLE_UNIT() SI_UNIT($,.RADIAN.) );
#9350 = ( NAMED_UNIT(*) SI_UNIT($,.STERADIAN.) SOLID_ANGLE_UNIT() );
#9351 = UNCERTAINTY_MEASURE_WITH_UNIT(LENGTH_MEASURE(1.E-07),#9348,
  'distance_accuracy_value','confusion accuracy');
#9352 = SHAPE_DEFINITION_REPRESENTATION(#9353,#9334);
#9353 = PRODUCT_DEFINITION_SHAPE('','',#9354);
#9354 = PRODUCT_DEFINITION('design','',#9355,#9358);
#9355 = PRODUCT_DEFINITION_FORMATION('','',#9356);
#9356 = PRODUCT('V19','V19','',(#9357));
#9357 = PRODUCT_CONTEXT('',#2,'mechanical');
#9358 = PRODUCT_DEFINITION_CONTEXT('part definition',#2,'design');
#9359 = CONTEXT_DEPENDENT_SHAPE_REPRESENTATION(#9360,#9362);
#9360 = ( REPRESENTATION_RELATIONSHIP('','',#9334,#10) 
REPRESENTATION_RELATIONSHIP_WITH_TRANSFORMATION(#9361) 
SHAPE_REPRESENTATION_RELATIONSHIP() );
#9361 = ITEM_DEFINED_TRANSFORMATION('','',#11,#1051);
#9362 = PRODUCT_DEFINITION_SHAPE('Placement','Placement of an item',
  #9363);
#9363 = NEXT_ASSEMBLY_USAGE_OCCURRENCE('260','=>[0:1:1:261]','',#5,#9354
  ,$);
#9364 = PRODUCT_RELATED_PRODUCT_CATEGORY('part',$,(#9356));
#9365 = ADVANCED_BREP_SHAPE_REPRESENTATION('',(#11,#9366),#9378);
#9366 = MANIFOLD_SOLID_BREP('',#9367);
#9367 = CLOSED_SHELL('',(#9368));
#9368 = ADVANCED_FACE('',(#9369),#9373,.T.);
#9369 = FACE_BOUND('',#9370,.T.);
#9370 = VERTEX_LOOP('',#9371);
#9371 = VERTEX_POINT('',#9372);
#9372 = CARTESIAN_POINT('',(9.184850993605E-18,-2.249639673993E-33,-0.15
    ));
#9373 = SPHERICAL_SURFACE('',#9374,0.15);
#9374 = AXIS2_PLACEMENT_3D('',#9375,#9376,#9377);
#9375 = CARTESIAN_POINT('',(0.,0.,0.));
#9376 = DIRECTION('',(0.,0.,1.));
#9377 = DIRECTION('',(1.,0.,-0.));
#9378 = ( GEOMETRIC_REPRESENTATION_CONTEXT(3) 
GLOBAL_UNCERTAINTY_ASSIGNED_CONTEXT((#9382)) 
GLOBAL_UNIT_ASSIGNED_CONTEXT((#9379,#9380,#9381)) REPRESENTATION_CONTEXT
('Context #1','3D Context with UNIT and UNCERTAINTY') );
#9379 = ( LENGTH_UNIT() NAMED_UNIT(*) SI_UNIT(.MILLI.,.METRE.) );
#9380 = ( NAMED_UNIT(*) PLANE_ANGLE_UNIT() SI_UNIT($,.RADIAN.) );
#9381 = ( NAMED_UNIT(*) SI_UNIT($,.STERADIAN.) SOLID_ANGLE_UNIT() );
#9382 = UNCERTAINTY_MEASURE_WITH_UNIT(LENGTH_MEASURE(1.E-07),#9379,
  'distance_accuracy_value','confusion accuracy');
#9383 = SHAPE_DEFINITION_REPRESENTATION(#9384,#9365);
#9384 = PRODUCT_DEFINITION_SHAPE('','',#9385);
#9385 = PRODUCT_DEFINITION('design','',#9386,#9389);
#9386 = PRODUCT_DEFINITION_FORMATION('','',#9387);
#9387 = PRODUCT('V20','V20','',(#9388));
#9388 = PRODUCT_CONTEXT('',#2,'mechanical');
#9389 = PRODUCT_DEFINITION_CONTEXT('part definition',#2,'design');
#9390 = CONTEXT_DEPENDENT_SHAPE_REPRESENTATION(#9391,#9393);
#9391 = ( REPRESENTATION_RELATIONSHIP('','',#9365,#10) 
REPRESENTATION_RELATIONSHIP_WITH_TRANSFORMATION(#9392) 
SHAPE_REPRESENTATION_RELATIONSHIP() );
#9392 = ITEM_DEFINED_TRANSFORMATION('','',#11,#1055);
#9393 = PRODUCT_DEFINITION_SHAPE('Placement','Placement of an item',
  #9394);
#9394 = NEXT_ASSEMBLY_USAGE_OCCURRENCE('261','=>[0:1:1:262]','',#5,#9385
  ,$);
#9395 = PRODUCT_RELATED_PRODUCT_CATEGORY('part',$,(#9387));
#9396 = ADVANCED_BREP_SHAPE_REPRESENTATION('',(#11,#9397),#9409);
#9397 = MANIFOLD_SOLID_BREP('',#9398);
#9398 = CLOSED_SHELL('',(#9399));
#9399 = ADVANCED_FACE('',(#9400),#9404,.T.);
#9400 = FACE_BOUND('',#9401,.T.);
#9401 = VERTEX_LOOP('',#9402);
#9402 = VERTEX_POINT('',#9403);
#9403 = CARTESIAN_POINT('',(9.184850993605E-18,-2.249639673993E-33,-0.15
    ));
#9404 = SPHERICAL_SURFACE('',#9405,0.15);
#9405 = AXIS2_PLACEMENT_3D('',#9406,#9407,#9408);
#9406 = CARTESIAN_POINT('',(0.,0.,0.));
#9407 = DIRECTION('',(0.,0.,1.));
#9408 = DIRECTION('',(1.,0.,-0.));
#9409 = ( GEOMETRIC_REPRESENTATION_CONTEXT(3) 
GLOBAL_UNCERTAINTY_ASSIGNED_CONTEXT((#9413)) 
GLOBAL_UNIT_ASSIGNED_CONTEXT((#9410,#9411,#9412)) REPRESENTATION_CONTEXT
('Context #1','3D Context with UNIT and UNCERTAINTY') );
#9410 = ( LENGTH_UNIT() NAMED_UNIT(*) SI_UNIT(.MILLI.,.METRE.) );
#9411 = ( NAMED_UNIT(*) PLANE_ANGLE_UNIT() SI_UNIT($,.RADIAN.) );
#9412 = ( NAMED_UNIT(*) SI_UNIT($,.STERADIAN.) SOLID_ANGLE_UNIT() );
#9413 = UNCERTAINTY_MEASURE_WITH_UNIT(LENGTH_MEASURE(1.E-07),#9410,
  'distance_accuracy_value','confusion accuracy');
#9414 = SHAPE_DEFINITION_REPRESENTATION(#9415,#9396);
#9415 = PRODUCT_DEFINITION_SHAPE('','',#9416);
#9416 = PRODUCT_DEFINITION('design','',#9417,#9420);
#9417 = PRODUCT_DEFINITION_FORMATION('','',#9418);
#9418 = PRODUCT('V21','V21','',(#9419));
#9419 = PRODUCT_CONTEXT('',#2,'mechanical');
#9420 = PRODUCT_DEFINITION_CONTEXT('part definition',#2,'design');
#9421 = CONTEXT_DEPENDENT_SHAPE_REPRESENTATION(#9422,#9424);
#9422 = ( REPRESENTATION_RELATIONSHIP('','',#9396,#10) 
REPRESENTATION_RELATIONSHIP_WITH_TRANSFORMATION(#9423) 
SHAPE_REPRESENTATION_RELATIONSHIP() );
#9423 = ITEM_DEFINED_TRANSFORMATION('','',#11,#1059);
#9424 = PRODUCT_DEFINITION_SHAPE('Placement','Placement of an item',
  #9425);
#9425 = NEXT_ASSEMBLY_USAGE_OCCURRENCE('262','=>[0:1:1:263]','',#5,#9416
  ,$);
#9426 = PRODUCT_RELATED_PRODUCT_CATEGORY('part',$,(#9418));
#9427 = ADVANCED_BREP_SHAPE_REPRESENTATION('',(#11,#9428),#9440);
#9428 = MANIFOLD_SOLID_BREP('',#9429);
#9429 = CLOSED_SHELL('',(#9430));
#9430 = ADVANCED_FACE('',(#9431),#9435,.T.);
#9431 = FACE_BOUND('',#9432,.T.);
#9432 = VERTEX_LOOP('',#9433);
#9433 = VERTEX_POINT('',#9434);
#9434 = CARTESIAN_POINT('',(9.184850993605E-18,-2.249639673993E-33,-0.15
    ));
#9435 = SPHERICAL_SURFACE('',#9436,0.15);
#9436 = AXIS2_PLACEMENT_3D('',#9437,#9438,#9439);
#9437 = CARTESIAN_POINT('',(0.,0.,0.));
#9438 = DIRECTION('',(0.,0.,1.));
#9439 = DIRECTION('',(1.,0.,-0.));
#9440 = ( GEOMETRIC_REPRESENTATION_CONTEXT(3) 
GLOBAL_UNCERTAINTY_ASSIGNED_CONTEXT((#9444)) 
GLOBAL_UNIT_ASSIGNED_CONTEXT((#9441,#9442,#9443)) REPRESENTATION_CONTEXT
('Context #1','3D Context with UNIT and UNCERTAINTY') );
#9441 = ( LENGTH_UNIT() NAMED_UNIT(*) SI_UNIT(.MILLI.,.METRE.) );
#9442 = ( NAMED_UNIT(*) PLANE_ANGLE_UNIT() SI_UNIT($,.RADIAN.) );
#9443 = ( NAMED_UNIT(*) SI_UNIT($,.STERADIAN.) SOLID_ANGLE_UNIT() );
#9444 = UNCERTAINTY_MEASURE_WITH_UNIT(LENGTH_MEASURE(1.E-07),#9441,
  'distance_accuracy_value','confusion accuracy');
#9445 = SHAPE_DEFINITION_REPRESENTATION(#9446,#9427);
#9446 = PRODUCT_DEFINITION_SHAPE('','',#9447);
#9447 = PRODUCT_DEFINITION('design','',#9448,#9451);
#9448 = PRODUCT_DEFINITION_FORMATION('','',#9449);
#9449 = PRODUCT('W1','W1','',(#9450));
#9450 = PRODUCT_CONTEXT('',#2,'mechanical');
#9451 = PRODUCT_DEFINITION_CONTEXT('part definition',#2,'design');
#9452 = CONTEXT_DEPENDENT_SHAPE_REPRESENTATION(#9453,#9455);
#9453 = ( REPRESENTATION_RELATIONSHIP('','',#9427,#10) 
REPRESENTATION_RELATIONSHIP_WITH_TRANSFORMATION(#9454) 
SHAPE_REPRESENTATION_RELATIONSHIP() );
#9454 = ITEM_DEFINED_TRANSFORMATION('','',#11,#1063);
#9455 = PRODUCT_DEFINITION_SHAPE('Placement','Placement of an item',
  #9456);
#9456 = NEXT_ASSEMBLY_USAGE_OCCURRENCE('263','=>[0:1:1:264]','',#5,#9447
  ,$);
#9457 = PRODUCT_RELATED_PRODUCT_CATEGORY('part',$,(#9449));
#9458 = ADVANCED_BREP_SHAPE_REPRESENTATION('',(#11,#9459),#9471);
#9459 = MANIFOLD_SOLID_BREP('',#9460);
#9460 = CLOSED_SHELL('',(#9461));
#9461 = ADVANCED_FACE('',(#9462),#9466,.T.);
#9462 = FACE_BOUND('',#9463,.T.);
#9463 = VERTEX_LOOP('',#9464);
#9464 = VERTEX_POINT('',#9465);
#9465 = CARTESIAN_POINT('',(9.184850993605E-18,-2.249639673993E-33,-0.15
    ));
#9466 = SPHERICAL_SURFACE('',#9467,0.15);
#9467 = AXIS2_PLACEMENT_3D('',#9468,#9469,#9470);
#9468 = CARTESIAN_POINT('',(0.,0.,0.));
#9469 = DIRECTION('',(0.,0.,1.));
#9470 = DIRECTION('',(1.,0.,-0.));
#9471 = ( GEOMETRIC_REPRESENTATION_CONTEXT(3) 
GLOBAL_UNCERTAINTY_ASSIGNED_CONTEXT((#9475)) 
GLOBAL_UNIT_ASSIGNED_CONTEXT((#9472,#9473,#9474)) REPRESENTATION_CONTEXT
('Context #1','3D Context with UNIT and UNCERTAINTY') );
#9472 = ( LENGTH_UNIT() NAMED_UNIT(*) SI_UNIT(.MILLI.,.METRE.) );
#9473 = ( NAMED_UNIT(*) PLANE_ANGLE_UNIT() SI_UNIT($,.RADIAN.) );
#9474 = ( NAMED_UNIT(*) SI_UNIT($,.STERADIAN.) SOLID_ANGLE_UNIT() );
#9475 = UNCERTAINTY_MEASURE_WITH_UNIT(LENGTH_MEASURE(1.E-07),#9472,
  'distance_accuracy_value','confusion accuracy');
#9476 = SHAPE_DEFINITION_REPRESENTATION(#9477,#9458);
#9477 = PRODUCT_DEFINITION_SHAPE('','',#9478);
#9478 = PRODUCT_DEFINITION('design','',#9479,#9482);
#9479 = PRODUCT_DEFINITION_FORMATION('','',#9480);
#9480 = PRODUCT('W2','W2','',(#9481));
#9481 = PRODUCT_CONTEXT('',#2,'mechanical');
#9482 = PRODUCT_DEFINITION_CONTEXT('part definition',#2,'design');
#9483 = CONTEXT_DEPENDENT_SHAPE_REPRESENTATION(#9484,#9486);
#9484 = ( REPRESENTATION_RELATIONSHIP('','',#9458,#10) 
REPRESENTATION_RELATIONSHIP_WITH_TRANSFORMATION(#9485) 
SHAPE_REPRESENTATION_RELATIONSHIP() );
#9485 = ITEM_DEFINED_TRANSFORMATION('','',#11,#1067);
#9486 = PRODUCT_DEFINITION_SHAPE('Placement','Placement of an item',
  #9487);
#9487 = NEXT_ASSEMBLY_USAGE_OCCURRENCE('264','=>[0:1:1:265]','',#5,#9478
  ,$);
#9488 = PRODUCT_RELATED_PRODUCT_CATEGORY('part',$,(#9480));
#9489 = ADVANCED_BREP_SHAPE_REPRESENTATION('',(#11,#9490),#9502);
#9490 = MANIFOLD_SOLID_BREP('',#9491);
#9491 = CLOSED_SHELL('',(#9492));
#9492 = ADVANCED_FACE('',(#9493),#9497,.T.);
#9493 = FACE_BOUND('',#9494,.T.);
#9494 = VERTEX_LOOP('',#9495);
#9495 = VERTEX_POINT('',#9496);
#9496 = CARTESIAN_POINT('',(9.184850993605E-18,-2.249639673993E-33,-0.15
    ));
#9497 = SPHERICAL_SURFACE('',#9498,0.15);
#9498 = AXIS2_PLACEMENT_3D('',#9499,#9500,#9501);
#9499 = CARTESIAN_POINT('',(0.,0.,0.));
#9500 = DIRECTION('',(0.,0.,1.));
#9501 = DIRECTION('',(1.,0.,-0.));
#9502 = ( GEOMETRIC_REPRESENTATION_CONTEXT(3) 
GLOBAL_UNCERTAINTY_ASSIGNED_CONTEXT((#9506)) 
GLOBAL_UNIT_ASSIGNED_CONTEXT((#9503,#9504,#9505)) REPRESENTATION_CONTEXT
('Context #1','3D Context with UNIT and UNCERTAINTY') );
#9503 = ( LENGTH_UNIT() NAMED_UNIT(*) SI_UNIT(.MILLI.,.METRE.) );
#9504 = ( NAMED_UNIT(*) PLANE_ANGLE_UNIT() SI_UNIT($,.RADIAN.) );
#9505 = ( NAMED_UNIT(*) SI_UNIT($,.STERADIAN.) SOLID_ANGLE_UNIT() );
#9506 = UNCERTAINTY_MEASURE_WITH_UNIT(LENGTH_MEASURE(1.E-07),#9503,
  'distance_accuracy_value','confusion accuracy');
#9507 = SHAPE_DEFINITION_REPRESENTATION(#9508,#9489);
#9508 = PRODUCT_DEFINITION_SHAPE('','',#9509);
#9509 = PRODUCT_DEFINITION('design','',#9510,#9513);
#9510 = PRODUCT_DEFINITION_FORMATION('','',#9511);
#9511 = PRODUCT('W3','W3','',(#9512));
#9512 = PRODUCT_CONTEXT('',#2,'mechanical');
#9513 = PRODUCT_DEFINITION_CONTEXT('part definition',#2,'design');
#9514 = CONTEXT_DEPENDENT_SHAPE_REPRESENTATION(#9515,#9517);
#9515 = ( REPRESENTATION_RELATIONSHIP('','',#9489,#10) 
REPRESENTATION_RELATIONSHIP_WITH_TRANSFORMATION(#9516) 
SHAPE_REPRESENTATION_RELATIONSHIP() );
#9516 = ITEM_DEFINED_TRANSFORMATION('','',#11,#1071);
#9517 = PRODUCT_DEFINITION_SHAPE('Placement','Placement of an item',
  #9518);
#9518 = NEXT_ASSEMBLY_USAGE_OCCURRENCE('265','=>[0:1:1:266]','',#5,#9509
  ,$);
#9519 = PRODUCT_RELATED_PRODUCT_CATEGORY('part',$,(#9511));
#9520 = ADVANCED_BREP_SHAPE_REPRESENTATION('',(#11,#9521),#9533);
#9521 = MANIFOLD_SOLID_BREP('',#9522);
#9522 = CLOSED_SHELL('',(#9523));
#9523 = ADVANCED_FACE('',(#9524),#9528,.T.);
#9524 = FACE_BOUND('',#9525,.T.);
#9525 = VERTEX_LOOP('',#9526);
#9526 = VERTEX_POINT('',#9527);
#9527 = CARTESIAN_POINT('',(9.184850993605E-18,-2.249639673993E-33,-0.15
    ));
#9528 = SPHERICAL_SURFACE('',#9529,0.15);
#9529 = AXIS2_PLACEMENT_3D('',#9530,#9531,#9532);
#9530 = CARTESIAN_POINT('',(0.,0.,0.));
#9531 = DIRECTION('',(0.,0.,1.));
#9532 = DIRECTION('',(1.,0.,-0.));
#9533 = ( GEOMETRIC_REPRESENTATION_CONTEXT(3) 
GLOBAL_UNCERTAINTY_ASSIGNED_CONTEXT((#9537)) 
GLOBAL_UNIT_ASSIGNED_CONTEXT((#9534,#9535,#9536)) REPRESENTATION_CONTEXT
('Context #1','3D Context with UNIT and UNCERTAINTY') );
#9534 = ( LENGTH_UNIT() NAMED_UNIT(*) SI_UNIT(.MILLI.,.METRE.) );
#9535 = ( NAMED_UNIT(*) PLANE_ANGLE_UNIT() SI_UNIT($,.RADIAN.) );
#9536 = ( NAMED_UNIT(*) SI_UNIT($,.STERADIAN.) SOLID_ANGLE_UNIT() );
#9537 = UNCERTAINTY_MEASURE_WITH_UNIT(LENGTH_MEASURE(1.E-07),#9534,
  'distance_accuracy_value','confusion accuracy');
#9538 = SHAPE_DEFINITION_REPRESENTATION(#9539,#9520);
#9539 = PRODUCT_DEFINITION_SHAPE('','',#9540);
#9540 = PRODUCT_DEFINITION('design','',#9541,#9544);
#9541 = PRODUCT_DEFINITION_FORMATION('','',#9542);
#9542 = PRODUCT('W4','W4','',(#9543));
#9543 = PRODUCT_CONTEXT('',#2,'mechanical');
#9544 = PRODUCT_DEFINITION_CONTEXT('part definition',#2,'design');
#9545 = CONTEXT_DEPENDENT_SHAPE_REPRESENTATION(#9546,#9548);
#9546 = ( REPRESENTATION_RELATIONSHIP('','',#9520,#10) 
REPRESENTATION_RELATIONSHIP_WITH_TRANSFORMATION(#9547) 
SHAPE_REPRESENTATION_RELATIONSHIP() );
#9547 = ITEM_DEFINED_TRANSFORMATION('','',#11,#1075);
#9548 = PRODUCT_DEFINITION_SHAPE('Placement','Placement of an item',
  #9549);
#9549 = NEXT_ASSEMBLY_USAGE_OCCURRENCE('266','=>[0:1:1:267]','',#5,#9540
  ,$);
#9550 = PRODUCT_RELATED_PRODUCT_CATEGORY('part',$,(#9542));
#9551 = ADVANCED_BREP_SHAPE_REPRESENTATION('',(#11,#9552),#9564);
#9552 = MANIFOLD_SOLID_BREP('',#9553);
#9553 = CLOSED_SHELL('',(#9554));
#9554 = ADVANCED_FACE('',(#9555),#9559,.T.);
#9555 = FACE_BOUND('',#9556,.T.);
#9556 = VERTEX_LOOP('',#9557);
#9557 = VERTEX_POINT('',#9558);
#9558 = CARTESIAN_POINT('',(9.184850993605E-18,-2.249639673993E-33,-0.15
    ));
#9559 = SPHERICAL_SURFACE('',#9560,0.15);
#9560 = AXIS2_PLACEMENT_3D('',#9561,#9562,#9563);
#9561 = CARTESIAN_POINT('',(0.,0.,0.));
#9562 = DIRECTION('',(0.,0.,1.));
#9563 = DIRECTION('',(1.,0.,-0.));
#9564 = ( GEOMETRIC_REPRESENTATION_CONTEXT(3) 
GLOBAL_UNCERTAINTY_ASSIGNED_CONTEXT((#9568)) 
GLOBAL_UNIT_ASSIGNED_CONTEXT((#9565,#9566,#9567)) REPRESENTATION_CONTEXT
('Context #1','3D Context with UNIT and UNCERTAINTY') );
#9565 = ( LENGTH_UNIT() NAMED_UNIT(*) SI_UNIT(.MILLI.,.METRE.) );
#9566 = ( NAMED_UNIT(*) PLANE_ANGLE_UNIT() SI_UNIT($,.RADIAN.) );
#9567 = ( NAMED_UNIT(*) SI_UNIT($,.STERADIAN.) SOLID_ANGLE_UNIT() );
#9568 = UNCERTAINTY_MEASURE_WITH_UNIT(LENGTH_MEASURE(1.E-07),#9565,
  'distance_accuracy_value','confusion accuracy');
#9569 = SHAPE_DEFINITION_REPRESENTATION(#9570,#9551);
#9570 = PRODUCT_DEFINITION_SHAPE('','',#9571);
#9571 = PRODUCT_DEFINITION('design','',#9572,#9575);
#9572 = PRODUCT_DEFINITION_FORMATION('','',#9573);
#9573 = PRODUCT('W5','W5','',(#9574));
#9574 = PRODUCT_CONTEXT('',#2,'mechanical');
#9575 = PRODUCT_DEFINITION_CONTEXT('part definition',#2,'design');
#9576 = CONTEXT_DEPENDENT_SHAPE_REPRESENTATION(#9577,#9579);
#9577 = ( REPRESENTATION_RELATIONSHIP('','',#9551,#10) 
REPRESENTATION_RELATIONSHIP_WITH_TRANSFORMATION(#9578) 
SHAPE_REPRESENTATION_RELATIONSHIP() );
#9578 = ITEM_DEFINED_TRANSFORMATION('','',#11,#1079);
#9579 = PRODUCT_DEFINITION_SHAPE('Placement','Placement of an item',
  #9580);
#9580 = NEXT_ASSEMBLY_USAGE_OCCURRENCE('267','=>[0:1:1:268]','',#5,#9571
  ,$);
#9581 = PRODUCT_RELATED_PRODUCT_CATEGORY('part',$,(#9573));
#9582 = ADVANCED_BREP_SHAPE_REPRESENTATION('',(#11,#9583),#9595);
#9583 = MANIFOLD_SOLID_BREP('',#9584);
#9584 = CLOSED_SHELL('',(#9585));
#9585 = ADVANCED_FACE('',(#9586),#9590,.T.);
#9586 = FACE_BOUND('',#9587,.T.);
#9587 = VERTEX_LOOP('',#9588);
#9588 = VERTEX_POINT('',#9589);
#9589 = CARTESIAN_POINT('',(9.184850993605E-18,-2.249639673993E-33,-0.15
    ));
#9590 = SPHERICAL_SURFACE('',#9591,0.15);
#9591 = AXIS2_PLACEMENT_3D('',#9592,#9593,#9594);
#9592 = CARTESIAN_POINT('',(0.,0.,0.));
#9593 = DIRECTION('',(0.,0.,1.));
#9594 = DIRECTION('',(1.,0.,-0.));
#9595 = ( GEOMETRIC_REPRESENTATION_CONTEXT(3) 
GLOBAL_UNCERTAINTY_ASSIGNED_CONTEXT((#9599)) 
GLOBAL_UNIT_ASSIGNED_CONTEXT((#9596,#9597,#9598)) REPRESENTATION_CONTEXT
('Context #1','3D Context with UNIT and UNCERTAINTY') );
#9596 = ( LENGTH_UNIT() NAMED_UNIT(*) SI_UNIT(.MILLI.,.METRE.) );
#9597 = ( NAMED_UNIT(*) PLANE_ANGLE_UNIT() SI_UNIT($,.RADIAN.) );
#9598 = ( NAMED_UNIT(*) SI_UNIT($,.STERADIAN.) SOLID_ANGLE_UNIT() );
#9599 = UNCERTAINTY_MEASURE_WITH_UNIT(LENGTH_MEASURE(1.E-07),#9596,
  'distance_accuracy_value','confusion accuracy');
#9600 = SHAPE_DEFINITION_REPRESENTATION(#9601,#9582);
#9601 = PRODUCT_DEFINITION_SHAPE('','',#9602);
#9602 = PRODUCT_DEFINITION('design','',#9603,#9606);
#9603 = PRODUCT_DEFINITION_FORMATION('','',#9604);
#9604 = PRODUCT('W6','W6','',(#9605));
#9605 = PRODUCT_CONTEXT('',#2,'mechanical');
#9606 = PRODUCT_DEFINITION_CONTEXT('part definition',#2,'design');
#9607 = CONTEXT_DEPENDENT_SHAPE_REPRESENTATION(#9608,#9610);
#9608 = ( REPRESENTATION_RELATIONSHIP('','',#9582,#10) 
REPRESENTATION_RELATIONSHIP_WITH_TRANSFORMATION(#9609) 
SHAPE_REPRESENTATION_RELATIONSHIP() );
#9609 = ITEM_DEFINED_TRANSFORMATION('','',#11,#1083);
#9610 = PRODUCT_DEFINITION_SHAPE('Placement','Placement of an item',
  #9611);
#9611 = NEXT_ASSEMBLY_USAGE_OCCURRENCE('268','=>[0:1:1:269]','',#5,#9602
  ,$);
#9612 = PRODUCT_RELATED_PRODUCT_CATEGORY('part',$,(#9604));
#9613 = ADVANCED_BREP_SHAPE_REPRESENTATION('',(#11,#9614),#9626);
#9614 = MANIFOLD_SOLID_BREP('',#9615);
#9615 = CLOSED_SHELL('',(#9616));
#9616 = ADVANCED_FACE('',(#9617),#9621,.T.);
#9617 = FACE_BOUND('',#9618,.T.);
#9618 = VERTEX_LOOP('',#9619);
#9619 = VERTEX_POINT('',#9620);
#9620 = CARTESIAN_POINT('',(9.184850993605E-18,-2.249639673993E-33,-0.15
    ));
#9621 = SPHERICAL_SURFACE('',#9622,0.15);
#9622 = AXIS2_PLACEMENT_3D('',#9623,#9624,#9625);
#9623 = CARTESIAN_POINT('',(0.,0.,0.));
#9624 = DIRECTION('',(0.,0.,1.));
#9625 = DIRECTION('',(1.,0.,-0.));
#9626 = ( GEOMETRIC_REPRESENTATION_CONTEXT(3) 
GLOBAL_UNCERTAINTY_ASSIGNED_CONTEXT((#9630)) 
GLOBAL_UNIT_ASSIGNED_CONTEXT((#9627,#9628,#9629)) REPRESENTATION_CONTEXT
('Context #1','3D Context with UNIT and UNCERTAINTY') );
#9627 = ( LENGTH_UNIT() NAMED_UNIT(*) SI_UNIT(.MILLI.,.METRE.) );
#9628 = ( NAMED_UNIT(*) PLANE_ANGLE_UNIT() SI_UNIT($,.RADIAN.) );
#9629 = ( NAMED_UNIT(*) SI_UNIT($,.STERADIAN.) SOLID_ANGLE_UNIT() );
#9630 = UNCERTAINTY_MEASURE_WITH_UNIT(LENGTH_MEASURE(1.E-07),#9627,
  'distance_accuracy_value','confusion accuracy');
#9631 = SHAPE_DEFINITION_REPRESENTATION(#9632,#9613);
#9632 = PRODUCT_DEFINITION_SHAPE('','',#9633);
#9633 = PRODUCT_DEFINITION('design','',#9634,#9637);
#9634 = PRODUCT_DEFINITION_FORMATION('','',#9635);
#9635 = PRODUCT('W7','W7','',(#9636));
#9636 = PRODUCT_CONTEXT('',#2,'mechanical');
#9637 = PRODUCT_DEFINITION_CONTEXT('part definition',#2,'design');
#9638 = CONTEXT_DEPENDENT_SHAPE_REPRESENTATION(#9639,#9641);
#9639 = ( REPRESENTATION_RELATIONSHIP('','',#9613,#10) 
REPRESENTATION_RELATIONSHIP_WITH_TRANSFORMATION(#9640) 
SHAPE_REPRESENTATION_RELATIONSHIP() );
#9640 = ITEM_DEFINED_TRANSFORMATION('','',#11,#1087);
#9641 = PRODUCT_DEFINITION_SHAPE('Placement','Placement of an item',
  #9642);
#9642 = NEXT_ASSEMBLY_USAGE_OCCURRENCE('269','=>[0:1:1:270]','',#5,#9633
  ,$);
#9643 = PRODUCT_RELATED_PRODUCT_CATEGORY('part',$,(#9635));
#9644 = ADVANCED_BREP_SHAPE_REPRESENTATION('',(#11,#9645),#9657);
#9645 = MANIFOLD_SOLID_BREP('',#9646);
#9646 = CLOSED_SHELL('',(#9647));
#9647 = ADVANCED_FACE('',(#9648),#9652,.T.);
#9648 = FACE_BOUND('',#9649,.T.);
#9649 = VERTEX_LOOP('',#9650);
#9650 = VERTEX_POINT('',#9651);
#9651 = CARTESIAN_POINT('',(9.184850993605E-18,-2.249639673993E-33,-0.15
    ));
#9652 = SPHERICAL_SURFACE('',#9653,0.15);
#9653 = AXIS2_PLACEMENT_3D('',#9654,#9655,#9656);
#9654 = CARTESIAN_POINT('',(0.,0.,0.));
#9655 = DIRECTION('',(0.,0.,1.));
#9656 = DIRECTION('',(1.,0.,-0.));
#9657 = ( GEOMETRIC_REPRESENTATION_CONTEXT(3) 
GLOBAL_UNCERTAINTY_ASSIGNED_CONTEXT((#9661)) 
GLOBAL_UNIT_ASSIGNED_CONTEXT((#9658,#9659,#9660)) REPRESENTATION_CONTEXT
('Context #1','3D Context with UNIT and UNCERTAINTY') );
#9658 = ( LENGTH_UNIT() NAMED_UNIT(*) SI_UNIT(.MILLI.,.METRE.) );
#9659 = ( NAMED_UNIT(*) PLANE_ANGLE_UNIT() SI_UNIT($,.RADIAN.) );
#9660 = ( NAMED_UNIT(*) SI_UNIT($,.STERADIAN.) SOLID_ANGLE_UNIT() );
#9661 = UNCERTAINTY_MEASURE_WITH_UNIT(LENGTH_MEASURE(1.E-07),#9658,
  'distance_accuracy_value','confusion accuracy');
#9662 = SHAPE_DEFINITION_REPRESENTATION(#9663,#9644);
#9663 = PRODUCT_DEFINITION_SHAPE('','',#9664);
#9664 = PRODUCT_DEFINITION('design','',#9665,#9668);
#9665 = PRODUCT_DEFINITION_FORMATION('','',#9666);
#9666 = PRODUCT('W8','W8','',(#9667));
#9667 = PRODUCT_CONTEXT('',#2,'mechanical');
#9668 = PRODUCT_DEFINITION_CONTEXT('part definition',#2,'design');
#9669 = CONTEXT_DEPENDENT_SHAPE_REPRESENTATION(#9670,#9672);
#9670 = ( REPRESENTATION_RELATIONSHIP('','',#9644,#10) 
REPRESENTATION_RELATIONSHIP_WITH_TRANSFORMATION(#9671) 
SHAPE_REPRESENTATION_RELATIONSHIP() );
#9671 = ITEM_DEFINED_TRANSFORMATION('','',#11,#1091);
#9672 = PRODUCT_DEFINITION_SHAPE('Placement','Placement of an item',
  #9673);
#9673 = NEXT_ASSEMBLY_USAGE_OCCURRENCE('270','=>[0:1:1:271]','',#5,#9664
  ,$);
#9674 = PRODUCT_RELATED_PRODUCT_CATEGORY('part',$,(#9666));
#9675 = ADVANCED_BREP_SHAPE_REPRESENTATION('',(#11,#9676),#9688);
#9676 = MANIFOLD_SOLID_BREP('',#9677);
#9677 = CLOSED_SHELL('',(#9678));
#9678 = ADVANCED_FACE('',(#9679),#9683,.T.);
#9679 = FACE_BOUND('',#9680,.T.);
#9680 = VERTEX_LOOP('',#9681);
#9681 = VERTEX_POINT('',#9682);
#9682 = CARTESIAN_POINT('',(9.184850993605E-18,-2.249639673993E-33,-0.15
    ));
#9683 = SPHERICAL_SURFACE('',#9684,0.15);
#9684 = AXIS2_PLACEMENT_3D('',#9685,#9686,#9687);
#9685 = CARTESIAN_POINT('',(0.,0.,0.));
#9686 = DIRECTION('',(0.,0.,1.));
#9687 = DIRECTION('',(1.,0.,-0.));
#9688 = ( GEOMETRIC_REPRESENTATION_CONTEXT(3) 
GLOBAL_UNCERTAINTY_ASSIGNED_CONTEXT((#9692)) 
GLOBAL_UNIT_ASSIGNED_CONTEXT((#9689,#9690,#9691)) REPRESENTATION_CONTEXT
('Context #1','3D Context with UNIT and UNCERTAINTY') );
#9689 = ( LENGTH_UNIT() NAMED_UNIT(*) SI_UNIT(.MILLI.,.METRE.) );
#9690 = ( NAMED_UNIT(*) PLANE_ANGLE_UNIT() SI_UNIT($,.RADIAN.) );
#9691 = ( NAMED_UNIT(*) SI_UNIT($,.STERADIAN.) SOLID_ANGLE_UNIT() );
#9692 = UNCERTAINTY_MEASURE_WITH_UNIT(LENGTH_MEASURE(1.E-07),#9689,
  'distance_accuracy_value','confusion accuracy');
#9693 = SHAPE_DEFINITION_REPRESENTATION(#9694,#9675);
#9694 = PRODUCT_DEFINITION_SHAPE('','',#9695);
#9695 = PRODUCT_DEFINITION('design','',#9696,#9699);
#9696 = PRODUCT_DEFINITION_FORMATION('','',#9697);
#9697 = PRODUCT('W9','W9','',(#9698));
#9698 = PRODUCT_CONTEXT('',#2,'mechanical');
#9699 = PRODUCT_DEFINITION_CONTEXT('part definition',#2,'design');
#9700 = CONTEXT_DEPENDENT_SHAPE_REPRESENTATION(#9701,#9703);
#9701 = ( REPRESENTATION_RELATIONSHIP('','',#9675,#10) 
REPRESENTATION_RELATIONSHIP_WITH_TRANSFORMATION(#9702) 
SHAPE_REPRESENTATION_RELATIONSHIP() );
#9702 = ITEM_DEFINED_TRANSFORMATION('','',#11,#1095);
#9703 = PRODUCT_DEFINITION_SHAPE('Placement','Placement of an item',
  #9704);
#9704 = NEXT_ASSEMBLY_USAGE_OCCURRENCE('271','=>[0:1:1:272]','',#5,#9695
  ,$);
#9705 = PRODUCT_RELATED_PRODUCT_CATEGORY('part',$,(#9697));
#9706 = ADVANCED_BREP_SHAPE_REPRESENTATION('',(#11,#9707),#9719);
#9707 = MANIFOLD_SOLID_BREP('',#9708);
#9708 = CLOSED_SHELL('',(#9709));
#9709 = ADVANCED_FACE('',(#9710),#9714,.T.);
#9710 = FACE_BOUND('',#9711,.T.);
#9711 = VERTEX_LOOP('',#9712);
#9712 = VERTEX_POINT('',#9713);
#9713 = CARTESIAN_POINT('',(9.184850993605E-18,-2.249639673993E-33,-0.15
    ));
#9714 = SPHERICAL_SURFACE('',#9715,0.15);
#9715 = AXIS2_PLACEMENT_3D('',#9716,#9717,#9718);
#9716 = CARTESIAN_POINT('',(0.,0.,0.));
#9717 = DIRECTION('',(0.,0.,1.));
#9718 = DIRECTION('',(1.,0.,-0.));
#9719 = ( GEOMETRIC_REPRESENTATION_CONTEXT(3) 
GLOBAL_UNCERTAINTY_ASSIGNED_CONTEXT((#9723)) 
GLOBAL_UNIT_ASSIGNED_CONTEXT((#9720,#9721,#9722)) REPRESENTATION_CONTEXT
('Context #1','3D Context with UNIT and UNCERTAINTY') );
#9720 = ( LENGTH_UNIT() NAMED_UNIT(*) SI_UNIT(.MILLI.,.METRE.) );
#9721 = ( NAMED_UNIT(*) PLANE_ANGLE_UNIT() SI_UNIT($,.RADIAN.) );
#9722 = ( NAMED_UNIT(*) SI_UNIT($,.STERADIAN.) SOLID_ANGLE_UNIT() );
#9723 = UNCERTAINTY_MEASURE_WITH_UNIT(LENGTH_MEASURE(1.E-07),#9720,
  'distance_accuracy_value','confusion accuracy');
#9724 = SHAPE_DEFINITION_REPRESENTATION(#9725,#9706);
#9725 = PRODUCT_DEFINITION_SHAPE('','',#9726);
#9726 = PRODUCT_DEFINITION('design','',#9727,#9730);
#9727 = PRODUCT_DEFINITION_FORMATION('','',#9728);
#9728 = PRODUCT('W10','W10','',(#9729));
#9729 = PRODUCT_CONTEXT('',#2,'mechanical');
#9730 = PRODUCT_DEFINITION_CONTEXT('part definition',#2,'design');
#9731 = CONTEXT_DEPENDENT_SHAPE_REPRESENTATION(#9732,#9734);
#9732 = ( REPRESENTATION_RELATIONSHIP('','',#9706,#10) 
REPRESENTATION_RELATIONSHIP_WITH_TRANSFORMATION(#9733) 
SHAPE_REPRESENTATION_RELATIONSHIP() );
#9733 = ITEM_DEFINED_TRANSFORMATION('','',#11,#1099);
#9734 = PRODUCT_DEFINITION_SHAPE('Placement','Placement of an item',
  #9735);
#9735 = NEXT_ASSEMBLY_USAGE_OCCURRENCE('272','=>[0:1:1:273]','',#5,#9726
  ,$);
#9736 = PRODUCT_RELATED_PRODUCT_CATEGORY('part',$,(#9728));
#9737 = ADVANCED_BREP_SHAPE_REPRESENTATION('',(#11,#9738),#9750);
#9738 = MANIFOLD_SOLID_BREP('',#9739);
#9739 = CLOSED_SHELL('',(#9740));
#9740 = ADVANCED_FACE('',(#9741),#9745,.T.);
#9741 = FACE_BOUND('',#9742,.T.);
#9742 = VERTEX_LOOP('',#9743);
#9743 = VERTEX_POINT('',#9744);
#9744 = CARTESIAN_POINT('',(9.184850993605E-18,-2.249639673993E-33,-0.15
    ));
#9745 = SPHERICAL_SURFACE('',#9746,0.15);
#9746 = AXIS2_PLACEMENT_3D('',#9747,#9748,#9749);
#9747 = CARTESIAN_POINT('',(0.,0.,0.));
#9748 = DIRECTION('',(0.,0.,1.));
#9749 = DIRECTION('',(1.,0.,-0.));
#9750 = ( GEOMETRIC_REPRESENTATION_CONTEXT(3) 
GLOBAL_UNCERTAINTY_ASSIGNED_CONTEXT((#9754)) 
GLOBAL_UNIT_ASSIGNED_CONTEXT((#9751,#9752,#9753)) REPRESENTATION_CONTEXT
('Context #1','3D Context with UNIT and UNCERTAINTY') );
#9751 = ( LENGTH_UNIT() NAMED_UNIT(*) SI_UNIT(.MILLI.,.METRE.) );
#9752 = ( NAMED_UNIT(*) PLANE_ANGLE_UNIT() SI_UNIT($,.RADIAN.) );
#9753 = ( NAMED_UNIT(*) SI_UNIT($,.STERADIAN.) SOLID_ANGLE_UNIT() );
#9754 = UNCERTAINTY_MEASURE_WITH_UNIT(LENGTH_MEASURE(1.E-07),#9751,
  'distance_accuracy_value','confusion accuracy');
#9755 = SHAPE_DEFINITION_REPRESENTATION(#9756,#9737);
#9756 = PRODUCT_DEFINITION_SHAPE('','',#9757);
#9757 = PRODUCT_DEFINITION('design','',#9758,#9761);
#9758 = PRODUCT_DEFINITION_FORMATION('','',#9759);
#9759 = PRODUCT('W11','W11','',(#9760));
#9760 = PRODUCT_CONTEXT('',#2,'mechanical');
#9761 = PRODUCT_DEFINITION_CONTEXT('part definition',#2,'design');
#9762 = CONTEXT_DEPENDENT_SHAPE_REPRESENTATION(#9763,#9765);
#9763 = ( REPRESENTATION_RELATIONSHIP('','',#9737,#10) 
REPRESENTATION_RELATIONSHIP_WITH_TRANSFORMATION(#9764) 
SHAPE_REPRESENTATION_RELATIONSHIP() );
#9764 = ITEM_DEFINED_TRANSFORMATION('','',#11,#1103);
#9765 = PRODUCT_DEFINITION_SHAPE('Placement','Placement of an item',
  #9766);
#9766 = NEXT_ASSEMBLY_USAGE_OCCURRENCE('273','=>[0:1:1:274]','',#5,#9757
  ,$);
#9767 = PRODUCT_RELATED_PRODUCT_CATEGORY('part',$,(#9759));
#9768 = ADVANCED_BREP_SHAPE_REPRESENTATION('',(#11,#9769),#9781);
#9769 = MANIFOLD_SOLID_BREP('',#9770);
#9770 = CLOSED_SHELL('',(#9771));
#9771 = ADVANCED_FACE('',(#9772),#9776,.T.);
#9772 = FACE_BOUND('',#9773,.T.);
#9773 = VERTEX_LOOP('',#9774);
#9774 = VERTEX_POINT('',#9775);
#9775 = CARTESIAN_POINT('',(9.184850993605E-18,-2.249639673993E-33,-0.15
    ));
#9776 = SPHERICAL_SURFACE('',#9777,0.15);
#9777 = AXIS2_PLACEMENT_3D('',#9778,#9779,#9780);
#9778 = CARTESIAN_POINT('',(0.,0.,0.));
#9779 = DIRECTION('',(0.,0.,1.));
#9780 = DIRECTION('',(1.,0.,-0.));
#9781 = ( GEOMETRIC_REPRESENTATION_CONTEXT(3) 
GLOBAL_UNCERTAINTY_ASSIGNED_CONTEXT((#9785)) 
GLOBAL_UNIT_ASSIGNED_CONTEXT((#9782,#9783,#9784)) REPRESENTATION_CONTEXT
('Context #1','3D Context with UNIT and UNCERTAINTY') );
#9782 = ( LENGTH_UNIT() NAMED_UNIT(*) SI_UNIT(.MILLI.,.METRE.) );
#9783 = ( NAMED_UNIT(*) PLANE_ANGLE_UNIT() SI_UNIT($,.RADIAN.) );
#9784 = ( NAMED_UNIT(*) SI_UNIT($,.STERADIAN.) SOLID_ANGLE_UNIT() );
#9785 = UNCERTAINTY_MEASURE_WITH_UNIT(LENGTH_MEASURE(1.E-07),#9782,
  'distance_accuracy_value','confusion accuracy');
#9786 = SHAPE_DEFINITION_REPRESENTATION(#9787,#9768);
#9787 = PRODUCT_DEFINITION_SHAPE('','',#9788);
#9788 = PRODUCT_DEFINITION('design','',#9789,#9792);
#9789 = PRODUCT_DEFINITION_FORMATION('','',#9790);
#9790 = PRODUCT('W12','W12','',(#9791));
#9791 = PRODUCT_CONTEXT('',#2,'mechanical');
#9792 = PRODUCT_DEFINITION_CONTEXT('part definition',#2,'design');
#9793 = CONTEXT_DEPENDENT_SHAPE_REPRESENTATION(#9794,#9796);
#9794 = ( REPRESENTATION_RELATIONSHIP('','',#9768,#10) 
REPRESENTATION_RELATIONSHIP_WITH_TRANSFORMATION(#9795) 
SHAPE_REPRESENTATION_RELATIONSHIP() );
#9795 = ITEM_DEFINED_TRANSFORMATION('','',#11,#1107);
#9796 = PRODUCT_DEFINITION_SHAPE('Placement','Placement of an item',
  #9797);
#9797 = NEXT_ASSEMBLY_USAGE_OCCURRENCE('274','=>[0:1:1:275]','',#5,#9788
  ,$);
#9798 = PRODUCT_RELATED_PRODUCT_CATEGORY('part',$,(#9790));
#9799 = ADVANCED_BREP_SHAPE_REPRESENTATION('',(#11,#9800),#9812);
#9800 = MANIFOLD_SOLID_BREP('',#9801);
#9801 = CLOSED_SHELL('',(#9802));
#9802 = ADVANCED_FACE('',(#9803),#9807,.T.);
#9803 = FACE_BOUND('',#9804,.T.);
#9804 = VERTEX_LOOP('',#9805);
#9805 = VERTEX_POINT('',#9806);
#9806 = CARTESIAN_POINT('',(9.184850993605E-18,-2.249639673993E-33,-0.15
    ));
#9807 = SPHERICAL_SURFACE('',#9808,0.15);
#9808 = AXIS2_PLACEMENT_3D('',#9809,#9810,#9811);
#9809 = CARTESIAN_POINT('',(0.,0.,0.));
#9810 = DIRECTION('',(0.,0.,1.));
#9811 = DIRECTION('',(1.,0.,-0.));
#9812 = ( GEOMETRIC_REPRESENTATION_CONTEXT(3) 
GLOBAL_UNCERTAINTY_ASSIGNED_CONTEXT((#9816)) 
GLOBAL_UNIT_ASSIGNED_CONTEXT((#9813,#9814,#9815)) REPRESENTATION_CONTEXT
('Context #1','3D Context with UNIT and UNCERTAINTY') );
#9813 = ( LENGTH_UNIT() NAMED_UNIT(*) SI_UNIT(.MILLI.,.METRE.) );
#9814 = ( NAMED_UNIT(*) PLANE_ANGLE_UNIT() SI_UNIT($,.RADIAN.) );
#9815 = ( NAMED_UNIT(*) SI_UNIT($,.STERADIAN.) SOLID_ANGLE_UNIT() );
#9816 = UNCERTAINTY_MEASURE_WITH_UNIT(LENGTH_MEASURE(1.E-07),#9813,
  'distance_accuracy_value','confusion accuracy');
#9817 = SHAPE_DEFINITION_REPRESENTATION(#9818,#9799);
#9818 = PRODUCT_DEFINITION_SHAPE('','',#9819);
#9819 = PRODUCT_DEFINITION('design','',#9820,#9823);
#9820 = PRODUCT_DEFINITION_FORMATION('','',#9821);
#9821 = PRODUCT('W13','W13','',(#9822));
#9822 = PRODUCT_CONTEXT('',#2,'mechanical');
#9823 = PRODUCT_DEFINITION_CONTEXT('part definition',#2,'design');
#9824 = CONTEXT_DEPENDENT_SHAPE_REPRESENTATION(#9825,#9827);
#9825 = ( REPRESENTATION_RELATIONSHIP('','',#9799,#10) 
REPRESENTATION_RELATIONSHIP_WITH_TRANSFORMATION(#9826) 
SHAPE_REPRESENTATION_RELATIONSHIP() );
#9826 = ITEM_DEFINED_TRANSFORMATION('','',#11,#1111);
#9827 = PRODUCT_DEFINITION_SHAPE('Placement','Placement of an item',
  #9828);
#9828 = NEXT_ASSEMBLY_USAGE_OCCURRENCE('275','=>[0:1:1:276]','',#5,#9819
  ,$);
#9829 = PRODUCT_RELATED_PRODUCT_CATEGORY('part',$,(#9821));
#9830 = ADVANCED_BREP_SHAPE_REPRESENTATION('',(#11,#9831),#9843);
#9831 = MANIFOLD_SOLID_BREP('',#9832);
#9832 = CLOSED_SHELL('',(#9833));
#9833 = ADVANCED_FACE('',(#9834),#9838,.T.);
#9834 = FACE_BOUND('',#9835,.T.);
#9835 = VERTEX_LOOP('',#9836);
#9836 = VERTEX_POINT('',#9837);
#9837 = CARTESIAN_POINT('',(9.184850993605E-18,-2.249639673993E-33,-0.15
    ));
#9838 = SPHERICAL_SURFACE('',#9839,0.15);
#9839 = AXIS2_PLACEMENT_3D('',#9840,#9841,#9842);
#9840 = CARTESIAN_POINT('',(0.,0.,0.));
#9841 = DIRECTION('',(0.,0.,1.));
#9842 = DIRECTION('',(1.,0.,-0.));
#9843 = ( GEOMETRIC_REPRESENTATION_CONTEXT(3) 
GLOBAL_UNCERTAINTY_ASSIGNED_CONTEXT((#9847)) 
GLOBAL_UNIT_ASSIGNED_CONTEXT((#9844,#9845,#9846)) REPRESENTATION_CONTEXT
('Context #1','3D Context with UNIT and UNCERTAINTY') );
#9844 = ( LENGTH_UNIT() NAMED_UNIT(*) SI_UNIT(.MILLI.,.METRE.) );
#9845 = ( NAMED_UNIT(*) PLANE_ANGLE_UNIT() SI_UNIT($,.RADIAN.) );
#9846 = ( NAMED_UNIT(*) SI_UNIT($,.STERADIAN.) SOLID_ANGLE_UNIT() );
#9847 = UNCERTAINTY_MEASURE_WITH_UNIT(LENGTH_MEASURE(1.E-07),#9844,
  'distance_accuracy_value','confusion accuracy');
#9848 = SHAPE_DEFINITION_REPRESENTATION(#9849,#9830);
#9849 = PRODUCT_DEFINITION_SHAPE('','',#9850);
#9850 = PRODUCT_DEFINITION('design','',#9851,#9854);
#9851 = PRODUCT_DEFINITION_FORMATION('','',#9852);
#9852 = PRODUCT('W14','W14','',(#9853));
#9853 = PRODUCT_CONTEXT('',#2,'mechanical');
#9854 = PRODUCT_DEFINITION_CONTEXT('part definition',#2,'design');
#9855 = CONTEXT_DEPENDENT_SHAPE_REPRESENTATION(#9856,#9858);
#9856 = ( REPRESENTATION_RELATIONSHIP('','',#9830,#10) 
REPRESENTATION_RELATIONSHIP_WITH_TRANSFORMATION(#9857) 
SHAPE_REPRESENTATION_RELATIONSHIP() );
#9857 = ITEM_DEFINED_TRANSFORMATION('','',#11,#1115);
#9858 = PRODUCT_DEFINITION_SHAPE('Placement','Placement of an item',
  #9859);
#9859 = NEXT_ASSEMBLY_USAGE_OCCURRENCE('276','=>[0:1:1:277]','',#5,#9850
  ,$);
#9860 = PRODUCT_RELATED_PRODUCT_CATEGORY('part',$,(#9852));
#9861 = ADVANCED_BREP_SHAPE_REPRESENTATION('',(#11,#9862),#9874);
#9862 = MANIFOLD_SOLID_BREP('',#9863);
#9863 = CLOSED_SHELL('',(#9864));
#9864 = ADVANCED_FACE('',(#9865),#9869,.T.);
#9865 = FACE_BOUND('',#9866,.T.);
#9866 = VERTEX_LOOP('',#9867);
#9867 = VERTEX_POINT('',#9868);
#9868 = CARTESIAN_POINT('',(9.184850993605E-18,-2.249639673993E-33,-0.15
    ));
#9869 = SPHERICAL_SURFACE('',#9870,0.15);
#9870 = AXIS2_PLACEMENT_3D('',#9871,#9872,#9873);
#9871 = CARTESIAN_POINT('',(0.,0.,0.));
#9872 = DIRECTION('',(0.,0.,1.));
#9873 = DIRECTION('',(1.,0.,-0.));
#9874 = ( GEOMETRIC_REPRESENTATION_CONTEXT(3) 
GLOBAL_UNCERTAINTY_ASSIGNED_CONTEXT((#9878)) 
GLOBAL_UNIT_ASSIGNED_CONTEXT((#9875,#9876,#9877)) REPRESENTATION_CONTEXT
('Context #1','3D Context with UNIT and UNCERTAINTY') );
#9875 = ( LENGTH_UNIT() NAMED_UNIT(*) SI_UNIT(.MILLI.,.METRE.) );
#9876 = ( NAMED_UNIT(*) PLANE_ANGLE_UNIT() SI_UNIT($,.RADIAN.) );
#9877 = ( NAMED_UNIT(*) SI_UNIT($,.STERADIAN.) SOLID_ANGLE_UNIT() );
#9878 = UNCERTAINTY_MEASURE_WITH_UNIT(LENGTH_MEASURE(1.E-07),#9875,
  'distance_accuracy_value','confusion accuracy');
#9879 = SHAPE_DEFINITION_REPRESENTATION(#9880,#9861);
#9880 = PRODUCT_DEFINITION_SHAPE('','',#9881);
#9881 = PRODUCT_DEFINITION('design','',#9882,#9885);
#9882 = PRODUCT_DEFINITION_FORMATION('','',#9883);
#9883 = PRODUCT('W15','W15','',(#9884));
#9884 = PRODUCT_CONTEXT('',#2,'mechanical');
#9885 = PRODUCT_DEFINITION_CONTEXT('part definition',#2,'design');
#9886 = CONTEXT_DEPENDENT_SHAPE_REPRESENTATION(#9887,#9889);
#9887 = ( REPRESENTATION_RELATIONSHIP('','',#9861,#10) 
REPRESENTATION_RELATIONSHIP_WITH_TRANSFORMATION(#9888) 
SHAPE_REPRESENTATION_RELATIONSHIP() );
#9888 = ITEM_DEFINED_TRANSFORMATION('','',#11,#1119);
#9889 = PRODUCT_DEFINITION_SHAPE('Placement','Placement of an item',
  #9890);
#9890 = NEXT_ASSEMBLY_USAGE_OCCURRENCE('277','=>[0:1:1:278]','',#5,#9881
  ,$);
#9891 = PRODUCT_RELATED_PRODUCT_CATEGORY('part',$,(#9883));
#9892 = ADVANCED_BREP_SHAPE_REPRESENTATION('',(#11,#9893),#9905);
#9893 = MANIFOLD_SOLID_BREP('',#9894);
#9894 = CLOSED_SHELL('',(#9895));
#9895 = ADVANCED_FACE('',(#9896),#9900,.T.);
#9896 = FACE_BOUND('',#9897,.T.);
#9897 = VERTEX_LOOP('',#9898);
#9898 = VERTEX_POINT('',#9899);
#9899 = CARTESIAN_POINT('',(9.184850993605E-18,-2.249639673993E-33,-0.15
    ));
#9900 = SPHERICAL_SURFACE('',#9901,0.15);
#9901 = AXIS2_PLACEMENT_3D('',#9902,#9903,#9904);
#9902 = CARTESIAN_POINT('',(0.,0.,0.));
#9903 = DIRECTION('',(0.,0.,1.));
#9904 = DIRECTION('',(1.,0.,-0.));
#9905 = ( GEOMETRIC_REPRESENTATION_CONTEXT(3) 
GLOBAL_UNCERTAINTY_ASSIGNED_CONTEXT((#9909)) 
GLOBAL_UNIT_ASSIGNED_CONTEXT((#9906,#9907,#9908)) REPRESENTATION_CONTEXT
('Context #1','3D Context with UNIT and UNCERTAINTY') );
#9906 = ( LENGTH_UNIT() NAMED_UNIT(*) SI_UNIT(.MILLI.,.METRE.) );
#9907 = ( NAMED_UNIT(*) PLANE_ANGLE_UNIT() SI_UNIT($,.RADIAN.) );
#9908 = ( NAMED_UNIT(*) SI_UNIT($,.STERADIAN.) SOLID_ANGLE_UNIT() );
#9909 = UNCERTAINTY_MEASURE_WITH_UNIT(LENGTH_MEASURE(1.E-07),#9906,
  'distance_accuracy_value','confusion accuracy');
#9910 = SHAPE_DEFINITION_REPRESENTATION(#9911,#9892);
#9911 = PRODUCT_DEFINITION_SHAPE('','',#9912);
#9912 = PRODUCT_DEFINITION('design','',#9913,#9916);
#9913 = PRODUCT_DEFINITION_FORMATION('','',#9914);
#9914 = PRODUCT('W16','W16','',(#9915));
#9915 = PRODUCT_CONTEXT('',#2,'mechanical');
#9916 = PRODUCT_DEFINITION_CONTEXT('part definition',#2,'design');
#9917 = CONTEXT_DEPENDENT_SHAPE_REPRESENTATION(#9918,#9920);
#9918 = ( REPRESENTATION_RELATIONSHIP('','',#9892,#10) 
REPRESENTATION_RELATIONSHIP_WITH_TRANSFORMATION(#9919) 
SHAPE_REPRESENTATION_RELATIONSHIP() );
#9919 = ITEM_DEFINED_TRANSFORMATION('','',#11,#1123);
#9920 = PRODUCT_DEFINITION_SHAPE('Placement','Placement of an item',
  #9921);
#9921 = NEXT_ASSEMBLY_USAGE_OCCURRENCE('278','=>[0:1:1:279]','',#5,#9912
  ,$);
#9922 = PRODUCT_RELATED_PRODUCT_CATEGORY('part',$,(#9914));
#9923 = ADVANCED_BREP_SHAPE_REPRESENTATION('',(#11,#9924),#9936);
#9924 = MANIFOLD_SOLID_BREP('',#9925);
#9925 = CLOSED_SHELL('',(#9926));
#9926 = ADVANCED_FACE('',(#9927),#9931,.T.);
#9927 = FACE_BOUND('',#9928,.T.);
#9928 = VERTEX_LOOP('',#9929);
#9929 = VERTEX_POINT('',#9930);
#9930 = CARTESIAN_POINT('',(9.184850993605E-18,-2.249639673993E-33,-0.15
    ));
#9931 = SPHERICAL_SURFACE('',#9932,0.15);
#9932 = AXIS2_PLACEMENT_3D('',#9933,#9934,#9935);
#9933 = CARTESIAN_POINT('',(0.,0.,0.));
#9934 = DIRECTION('',(0.,0.,1.));
#9935 = DIRECTION('',(1.,0.,-0.));
#9936 = ( GEOMETRIC_REPRESENTATION_CONTEXT(3) 
GLOBAL_UNCERTAINTY_ASSIGNED_CONTEXT((#9940)) 
GLOBAL_UNIT_ASSIGNED_CONTEXT((#9937,#9938,#9939)) REPRESENTATION_CONTEXT
('Context #1','3D Context with UNIT and UNCERTAINTY') );
#9937 = ( LENGTH_UNIT() NAMED_UNIT(*) SI_UNIT(.MILLI.,.METRE.) );
#9938 = ( NAMED_UNIT(*) PLANE_ANGLE_UNIT() SI_UNIT($,.RADIAN.) );
#9939 = ( NAMED_UNIT(*) SI_UNIT($,.STERADIAN.) SOLID_ANGLE_UNIT() );
#9940 = UNCERTAINTY_MEASURE_WITH_UNIT(LENGTH_MEASURE(1.E-07),#9937,
  'distance_accuracy_value','confusion accuracy');
#9941 = SHAPE_DEFINITION_REPRESENTATION(#9942,#9923);
#9942 = PRODUCT_DEFINITION_SHAPE('','',#9943);
#9943 = PRODUCT_DEFINITION('design','',#9944,#9947);
#9944 = PRODUCT_DEFINITION_FORMATION('','',#9945);
#9945 = PRODUCT('W17','W17','',(#9946));
#9946 = PRODUCT_CONTEXT('',#2,'mechanical');
#9947 = PRODUCT_DEFINITION_CONTEXT('part definition',#2,'design');
#9948 = CONTEXT_DEPENDENT_SHAPE_REPRESENTATION(#9949,#9951);
#9949 = ( REPRESENTATION_RELATIONSHIP('','',#9923,#10) 
REPRESENTATION_RELATIONSHIP_WITH_TRANSFORMATION(#9950) 
SHAPE_REPRESENTATION_RELATIONSHIP() );
#9950 = ITEM_DEFINED_TRANSFORMATION('','',#11,#1127);
#9951 = PRODUCT_DEFINITION_SHAPE('Placement','Placement of an item',
  #9952);
#9952 = NEXT_ASSEMBLY_USAGE_OCCURRENCE('279','=>[0:1:1:280]','',#5,#9943
  ,$);
#9953 = PRODUCT_RELATED_PRODUCT_CATEGORY('part',$,(#9945));
#9954 = ADVANCED_BREP_SHAPE_REPRESENTATION('',(#11,#9955),#9967);
#9955 = MANIFOLD_SOLID_BREP('',#9956);
#9956 = CLOSED_SHELL('',(#9957));
#9957 = ADVANCED_FACE('',(#9958),#9962,.T.);
#9958 = FACE_BOUND('',#9959,.T.);
#9959 = VERTEX_LOOP('',#9960);
#9960 = VERTEX_POINT('',#9961);
#9961 = CARTESIAN_POINT('',(9.184850993605E-18,-2.249639673993E-33,-0.15
    ));
#9962 = SPHERICAL_SURFACE('',#9963,0.15);
#9963 = AXIS2_PLACEMENT_3D('',#9964,#9965,#9966);
#9964 = CARTESIAN_POINT('',(0.,0.,0.));
#9965 = DIRECTION('',(0.,0.,1.));
#9966 = DIRECTION('',(1.,0.,-0.));
#9967 = ( GEOMETRIC_REPRESENTATION_CONTEXT(3) 
GLOBAL_UNCERTAINTY_ASSIGNED_CONTEXT((#9971)) 
GLOBAL_UNIT_ASSIGNED_CONTEXT((#9968,#9969,#9970)) REPRESENTATION_CONTEXT
('Context #1','3D Context with UNIT and UNCERTAINTY') );
#9968 = ( LENGTH_UNIT() NAMED_UNIT(*) SI_UNIT(.MILLI.,.METRE.) );
#9969 = ( NAMED_UNIT(*) PLANE_ANGLE_UNIT() SI_UNIT($,.RADIAN.) );
#9970 = ( NAMED_UNIT(*) SI_UNIT($,.STERADIAN.) SOLID_ANGLE_UNIT() );
#9971 = UNCERTAINTY_MEASURE_WITH_UNIT(LENGTH_MEASURE(1.E-07),#9968,
  'distance_accuracy_value','confusion accuracy');
#9972 = SHAPE_DEFINITION_REPRESENTATION(#9973,#9954);
#9973 = PRODUCT_DEFINITION_SHAPE('','',#9974);
#9974 = PRODUCT_DEFINITION('design','',#9975,#9978);
#9975 = PRODUCT_DEFINITION_FORMATION('','',#9976);
#9976 = PRODUCT('W18','W18','',(#9977));
#9977 = PRODUCT_CONTEXT('',#2,'mechanical');
#9978 = PRODUCT_DEFINITION_CONTEXT('part definition',#2,'design');
#9979 = CONTEXT_DEPENDENT_SHAPE_REPRESENTATION(#9980,#9982);
#9980 = ( REPRESENTATION_RELATIONSHIP('','',#9954,#10) 
REPRESENTATION_RELATIONSHIP_WITH_TRANSFORMATION(#9981) 
SHAPE_REPRESENTATION_RELATIONSHIP() );
#9981 = ITEM_DEFINED_TRANSFORMATION('','',#11,#1131);
#9982 = PRODUCT_DEFINITION_SHAPE('Placement','Placement of an item',
  #9983);
#9983 = NEXT_ASSEMBLY_USAGE_OCCURRENCE('280','=>[0:1:1:281]','',#5,#9974
  ,$);
#9984 = PRODUCT_RELATED_PRODUCT_CATEGORY('part',$,(#9976));
#9985 = ADVANCED_BREP_SHAPE_REPRESENTATION('',(#11,#9986),#9998);
#9986 = MANIFOLD_SOLID_BREP('',#9987);
#9987 = CLOSED_SHELL('',(#9988));
#9988 = ADVANCED_FACE('',(#9989),#9993,.T.);
#9989 = FACE_BOUND('',#9990,.T.);
#9990 = VERTEX_LOOP('',#9991);
#9991 = VERTEX_POINT('',#9992);
#9992 = CARTESIAN_POINT('',(9.184850993605E-18,-2.249639673993E-33,-0.15
    ));
#9993 = SPHERICAL_SURFACE('',#9994,0.15);
#9994 = AXIS2_PLACEMENT_3D('',#9995,#9996,#9997);
#9995 = CARTESIAN_POINT('',(0.,0.,0.));
#9996 = DIRECTION('',(0.,0.,1.));
#9997 = DIRECTION('',(1.,0.,-0.));
#9998 = ( GEOMETRIC_REPRESENTATION_CONTEXT(3) 
GLOBAL_UNCERTAINTY_ASSIGNED_CONTEXT((#10002)) 
GLOBAL_UNIT_ASSIGNED_CONTEXT((#9999,#10000,#10001)) 
REPRESENTATION_CONTEXT('Context #1',
  '3D Context with UNIT and UNCERTAINTY') );
#9999 = ( LENGTH_UNIT() NAMED_UNIT(*) SI_UNIT(.MILLI.,.METRE.) );
#10000 = ( NAMED_UNIT(*) PLANE_ANGLE_UNIT() SI_UNIT($,.RADIAN.) );
#10001 = ( NAMED_UNIT(*) SI_UNIT($,.STERADIAN.) SOLID_ANGLE_UNIT() );
#10002 = UNCERTAINTY_MEASURE_WITH_UNIT(LENGTH_MEASURE(1.E-07),#9999,
  'distance_accuracy_value','confusion accuracy');
#10003 = SHAPE_DEFINITION_REPRESENTATION(#10004,#9985);
#10004 = PRODUCT_DEFINITION_SHAPE('','',#10005);
#10005 = PRODUCT_DEFINITION('design','',#10006,#10009);
#10006 = PRODUCT_DEFINITION_FORMATION('','',#10007);
#10007 = PRODUCT('W19','W19','',(#10008));
#10008 = PRODUCT_CONTEXT('',#2,'mechanical');
#10009 = PRODUCT_DEFINITION_CONTEXT('part definition',#2,'design');
#10010 = CONTEXT_DEPENDENT_SHAPE_REPRESENTATION(#10011,#10013);
#10011 = ( REPRESENTATION_RELATIONSHIP('','',#9985,#10) 
REPRESENTATION_RELATIONSHIP_WITH_TRANSFORMATION(#10012) 
SHAPE_REPRESENTATION_RELATIONSHIP() );
#10012 = ITEM_DEFINED_TRANSFORMATION('','',#11,#1135);
#10013 = PRODUCT_DEFINITION_SHAPE('Placement','Placement of an item',
  #10014);
#10014 = NEXT_ASSEMBLY_USAGE_OCCURRENCE('281','=>[0:1:1:282]','',#5,
  #10005,$);
#10015 = PRODUCT_RELATED_PRODUCT_CATEGORY('part',$,(#10007));
#10016 = ADVANCED_BREP_SHAPE_REPRESENTATION('',(#11,#10017),#10029);
#10017 = MANIFOLD_SOLID_BREP('',#10018);
#10018 = CLOSED_SHELL('',(#10019));
#10019 = ADVANCED_FACE('',(#10020),#10024,.T.);
#10020 = FACE_BOUND('',#10021,.T.);
#10021 = VERTEX_LOOP('',#10022);
#10022 = VERTEX_POINT('',#10023);
#10023 = CARTESIAN_POINT('',(9.184850993605E-18,-2.249639673993E-33,
    -0.15));
#10024 = SPHERICAL_SURFACE('',#10025,0.15);
#10025 = AXIS2_PLACEMENT_3D('',#10026,#10027,#10028);
#10026 = CARTESIAN_POINT('',(0.,0.,0.));
#10027 = DIRECTION('',(0.,0.,1.));
#10028 = DIRECTION('',(1.,0.,-0.));
#10029 = ( GEOMETRIC_REPRESENTATION_CONTEXT(3) 
GLOBAL_UNCERTAINTY_ASSIGNED_CONTEXT((#10033)) 
GLOBAL_UNIT_ASSIGNED_CONTEXT((#10030,#10031,#10032)) 
REPRESENTATION_CONTEXT('Context #1',
  '3D Context with UNIT and UNCERTAINTY') );
#10030 = ( LENGTH_UNIT() NAMED_UNIT(*) SI_UNIT(.MILLI.,.METRE.) );
#10031 = ( NAMED_UNIT(*) PLANE_ANGLE_UNIT() SI_UNIT($,.RADIAN.) );
#10032 = ( NAMED_UNIT(*) SI_UNIT($,.STERADIAN.) SOLID_ANGLE_UNIT() );
#10033 = UNCERTAINTY_MEASURE_WITH_UNIT(LENGTH_MEASURE(1.E-07),#10030,
  'distance_accuracy_value','confusion accuracy');
#10034 = SHAPE_DEFINITION_REPRESENTATION(#10035,#10016);
#10035 = PRODUCT_DEFINITION_SHAPE('','',#10036);
#10036 = PRODUCT_DEFINITION('design','',#10037,#10040);
#10037 = PRODUCT_DEFINITION_FORMATION('','',#10038);
#10038 = PRODUCT('W20','W20','',(#10039));
#10039 = PRODUCT_CONTEXT('',#2,'mechanical');
#10040 = PRODUCT_DEFINITION_CONTEXT('part definition',#2,'design');
#10041 = CONTEXT_DEPENDENT_SHAPE_REPRESENTATION(#10042,#10044);
#10042 = ( REPRESENTATION_RELATIONSHIP('','',#10016,#10) 
REPRESENTATION_RELATIONSHIP_WITH_TRANSFORMATION(#10043) 
SHAPE_REPRESENTATION_RELATIONSHIP() );
#10043 = ITEM_DEFINED_TRANSFORMATION('','',#11,#1139);
#10044 = PRODUCT_DEFINITION_SHAPE('Placement','Placement of an item',
  #10045);
#10045 = NEXT_ASSEMBLY_USAGE_OCCURRENCE('282','=>[0:1:1:283]','',#5,
  #10036,$);
#10046 = PRODUCT_RELATED_PRODUCT_CATEGORY('part',$,(#10038));
#10047 = ADVANCED_BREP_SHAPE_REPRESENTATION('',(#11,#10048),#10060);
#10048 = MANIFOLD_SOLID_BREP('',#10049);
#10049 = CLOSED_SHELL('',(#10050));
#10050 = ADVANCED_FACE('',(#10051),#10055,.T.);
#10051 = FACE_BOUND('',#10052,.T.);
#10052 = VERTEX_LOOP('',#10053);
#10053 = VERTEX_POINT('',#10054);
#10054 = CARTESIAN_POINT('',(9.184850993605E-18,-2.249639673993E-33,
    -0.15));
#10055 = SPHERICAL_SURFACE('',#10056,0.15);
#10056 = AXIS2_PLACEMENT_3D('',#10057,#10058,#10059);
#10057 = CARTESIAN_POINT('',(0.,0.,0.));
#10058 = DIRECTION('',(0.,0.,1.));
#10059 = DIRECTION('',(1.,0.,-0.));
#10060 = ( GEOMETRIC_REPRESENTATION_CONTEXT(3) 
GLOBAL_UNCERTAINTY_ASSIGNED_CONTEXT((#10064)) 
GLOBAL_UNIT_ASSIGNED_CONTEXT((#10061,#10062,#10063)) 
REPRESENTATION_CONTEXT('Context #1',
  '3D Context with UNIT and UNCERTAINTY') );
#10061 = ( LENGTH_UNIT() NAMED_UNIT(*) SI_UNIT(.MILLI.,.METRE.) );
#10062 = ( NAMED_UNIT(*) PLANE_ANGLE_UNIT() SI_UNIT($,.RADIAN.) );
#10063 = ( NAMED_UNIT(*) SI_UNIT($,.STERADIAN.) SOLID_ANGLE_UNIT() );
#10064 = UNCERTAINTY_MEASURE_WITH_UNIT(LENGTH_MEASURE(1.E-07),#10061,
  'distance_accuracy_value','confusion accuracy');
#10065 = SHAPE_DEFINITION_REPRESENTATION(#10066,#10047);
#10066 = PRODUCT_DEFINITION_SHAPE('','',#10067);
#10067 = PRODUCT_DEFINITION('design','',#10068,#10071);
#10068 = PRODUCT_DEFINITION_FORMATION('','',#10069);
#10069 = PRODUCT('W21','W21','',(#10070));
#10070 = PRODUCT_CONTEXT('',#2,'mechanical');
#10071 = PRODUCT_DEFINITION_CONTEXT('part definition',#2,'design');
#10072 = CONTEXT_DEPENDENT_SHAPE_REPRESENTATION(#10073,#10075);
#10073 = ( REPRESENTATION_RELATIONSHIP('','',#10047,#10) 
REPRESENTATION_RELATIONSHIP_WITH_TRANSFORMATION(#10074) 
SHAPE_REPRESENTATION_RELATIONSHIP() );
#10074 = ITEM_DEFINED_TRANSFORMATION('','',#11,#1143);
#10075 = PRODUCT_DEFINITION_SHAPE('Placement','Placement of an item',
  #10076);
#10076 = NEXT_ASSEMBLY_USAGE_OCCURRENCE('283','=>[0:1:1:284]','',#5,
  #10067,$);
#10077 = PRODUCT_RELATED_PRODUCT_CATEGORY('part',$,(#10069));
#10078 = ADVANCED_BREP_SHAPE_REPRESENTATION('',(#11,#10079),#10091);
#10079 = MANIFOLD_SOLID_BREP('',#10080);
#10080 = CLOSED_SHELL('',(#10081));
#10081 = ADVANCED_FACE('',(#10082),#10086,.T.);
#10082 = FACE_BOUND('',#10083,.T.);
#10083 = VERTEX_LOOP('',#10084);
#10084 = VERTEX_POINT('',#10085);
#10085 = CARTESIAN_POINT('',(9.184850993605E-18,-2.249639673993E-33,
    -0.15));
#10086 = SPHERICAL_SURFACE('',#10087,0.15);
#10087 = AXIS2_PLACEMENT_3D('',#10088,#10089,#10090);
#10088 = CARTESIAN_POINT('',(0.,0.,0.));
#10089 = DIRECTION('',(0.,0.,1.));
#10090 = DIRECTION('',(1.,0.,-0.));
#10091 = ( GEOMETRIC_REPRESENTATION_CONTEXT(3) 
GLOBAL_UNCERTAINTY_ASSIGNED_CONTEXT((#10095)) 
GLOBAL_UNIT_ASSIGNED_CONTEXT((#10092,#10093,#10094)) 
REPRESENTATION_CONTEXT('Context #1',
  '3D Context with UNIT and UNCERTAINTY') );
#10092 = ( LENGTH_UNIT() NAMED_UNIT(*) SI_UNIT(.MILLI.,.METRE.) );
#10093 = ( NAMED_UNIT(*) PLANE_ANGLE_UNIT() SI_UNIT($,.RADIAN.) );
#10094 = ( NAMED_UNIT(*) SI_UNIT($,.STERADIAN.) SOLID_ANGLE_UNIT() );
#10095 = UNCERTAINTY_MEASURE_WITH_UNIT(LENGTH_MEASURE(1.E-07),#10092,
  'distance_accuracy_value','confusion accuracy');
#10096 = SHAPE_DEFINITION_REPRESENTATION(#10097,#10078);
#10097 = PRODUCT_DEFINITION_SHAPE('','',#10098);
#10098 = PRODUCT_DEFINITION('design','',#10099,#10102);
#10099 = PRODUCT_DEFINITION_FORMATION('','',#10100);
#10100 = PRODUCT('Y1','Y1','',(#10101));
#10101 = PRODUCT_CONTEXT('',#2,'mechanical');
#10102 = PRODUCT_DEFINITION_CONTEXT('part definition',#2,'design');
#10103 = CONTEXT_DEPENDENT_SHAPE_REPRESENTATION(#10104,#10106);
#10104 = ( REPRESENTATION_RELATIONSHIP('','',#10078,#10) 
REPRESENTATION_RELATIONSHIP_WITH_TRANSFORMATION(#10105) 
SHAPE_REPRESENTATION_RELATIONSHIP() );
#10105 = ITEM_DEFINED_TRANSFORMATION('','',#11,#1147);
#10106 = PRODUCT_DEFINITION_SHAPE('Placement','Placement of an item',
  #10107);
#10107 = NEXT_ASSEMBLY_USAGE_OCCURRENCE('284','=>[0:1:1:285]','',#5,
  #10098,$);
#10108 = PRODUCT_RELATED_PRODUCT_CATEGORY('part',$,(#10100));
#10109 = ADVANCED_BREP_SHAPE_REPRESENTATION('',(#11,#10110),#10122);
#10110 = MANIFOLD_SOLID_BREP('',#10111);
#10111 = CLOSED_SHELL('',(#10112));
#10112 = ADVANCED_FACE('',(#10113),#10117,.T.);
#10113 = FACE_BOUND('',#10114,.T.);
#10114 = VERTEX_LOOP('',#10115);
#10115 = VERTEX_POINT('',#10116);
#10116 = CARTESIAN_POINT('',(9.184850993605E-18,-2.249639673993E-33,
    -0.15));
#10117 = SPHERICAL_SURFACE('',#10118,0.15);
#10118 = AXIS2_PLACEMENT_3D('',#10119,#10120,#10121);
#10119 = CARTESIAN_POINT('',(0.,0.,0.));
#10120 = DIRECTION('',(0.,0.,1.));
#10121 = DIRECTION('',(1.,0.,-0.));
#10122 = ( GEOMETRIC_REPRESENTATION_CONTEXT(3) 
GLOBAL_UNCERTAINTY_ASSIGNED_CONTEXT((#10126)) 
GLOBAL_UNIT_ASSIGNED_CONTEXT((#10123,#10124,#10125)) 
REPRESENTATION_CONTEXT('Context #1',
  '3D Context with UNIT and UNCERTAINTY') );
#10123 = ( LENGTH_UNIT() NAMED_UNIT(*) SI_UNIT(.MILLI.,.METRE.) );
#10124 = ( NAMED_UNIT(*) PLANE_ANGLE_UNIT() SI_UNIT($,.RADIAN.) );
#10125 = ( NAMED_UNIT(*) SI_UNIT($,.STERADIAN.) SOLID_ANGLE_UNIT() );
#10126 = UNCERTAINTY_MEASURE_WITH_UNIT(LENGTH_MEASURE(1.E-07),#10123,
  'distance_accuracy_value','confusion accuracy');
#10127 = SHAPE_DEFINITION_REPRESENTATION(#10128,#10109);
#10128 = PRODUCT_DEFINITION_SHAPE('','',#10129);
#10129 = PRODUCT_DEFINITION('design','',#10130,#10133);
#10130 = PRODUCT_DEFINITION_FORMATION('','',#10131);
#10131 = PRODUCT('Y2','Y2','',(#10132));
#10132 = PRODUCT_CONTEXT('',#2,'mechanical');
#10133 = PRODUCT_DEFINITION_CONTEXT('part definition',#2,'design');
#10134 = CONTEXT_DEPENDENT_SHAPE_REPRESENTATION(#10135,#10137);
#10135 = ( REPRESENTATION_RELATIONSHIP('','',#10109,#10) 
REPRESENTATION_RELATIONSHIP_WITH_TRANSFORMATION(#10136) 
SHAPE_REPRESENTATION_RELATIONSHIP() );
#10136 = ITEM_DEFINED_TRANSFORMATION('','',#11,#1151);
#10137 = PRODUCT_DEFINITION_SHAPE('Placement','Placement of an item',
  #10138);
#10138 = NEXT_ASSEMBLY_USAGE_OCCURRENCE('285','=>[0:1:1:286]','',#5,
  #10129,$);
#10139 = PRODUCT_RELATED_PRODUCT_CATEGORY('part',$,(#10131));
#10140 = ADVANCED_BREP_SHAPE_REPRESENTATION('',(#11,#10141),#10153);
#10141 = MANIFOLD_SOLID_BREP('',#10142);
#10142 = CLOSED_SHELL('',(#10143));
#10143 = ADVANCED_FACE('',(#10144),#10148,.T.);
#10144 = FACE_BOUND('',#10145,.T.);
#10145 = VERTEX_LOOP('',#10146);
#10146 = VERTEX_POINT('',#10147);
#10147 = CARTESIAN_POINT('',(9.184850993605E-18,-2.249639673993E-33,
    -0.15));
#10148 = SPHERICAL_SURFACE('',#10149,0.15);
#10149 = AXIS2_PLACEMENT_3D('',#10150,#10151,#10152);
#10150 = CARTESIAN_POINT('',(0.,0.,0.));
#10151 = DIRECTION('',(0.,0.,1.));
#10152 = DIRECTION('',(1.,0.,-0.));
#10153 = ( GEOMETRIC_REPRESENTATION_CONTEXT(3) 
GLOBAL_UNCERTAINTY_ASSIGNED_CONTEXT((#10157)) 
GLOBAL_UNIT_ASSIGNED_CONTEXT((#10154,#10155,#10156)) 
REPRESENTATION_CONTEXT('Context #1',
  '3D Context with UNIT and UNCERTAINTY') );
#10154 = ( LENGTH_UNIT() NAMED_UNIT(*) SI_UNIT(.MILLI.,.METRE.) );
#10155 = ( NAMED_UNIT(*) PLANE_ANGLE_UNIT() SI_UNIT($,.RADIAN.) );
#10156 = ( NAMED_UNIT(*) SI_UNIT($,.STERADIAN.) SOLID_ANGLE_UNIT() );
#10157 = UNCERTAINTY_MEASURE_WITH_UNIT(LENGTH_MEASURE(1.E-07),#10154,
  'distance_accuracy_value','confusion accuracy');
#10158 = SHAPE_DEFINITION_REPRESENTATION(#10159,#10140);
#10159 = PRODUCT_DEFINITION_SHAPE('','',#10160);
#10160 = PRODUCT_DEFINITION('design','',#10161,#10164);
#10161 = PRODUCT_DEFINITION_FORMATION('','',#10162);
#10162 = PRODUCT('Y3','Y3','',(#10163));
#10163 = PRODUCT_CONTEXT('',#2,'mechanical');
#10164 = PRODUCT_DEFINITION_CONTEXT('part definition',#2,'design');
#10165 = CONTEXT_DEPENDENT_SHAPE_REPRESENTATION(#10166,#10168);
#10166 = ( REPRESENTATION_RELATIONSHIP('','',#10140,#10) 
REPRESENTATION_RELATIONSHIP_WITH_TRANSFORMATION(#10167) 
SHAPE_REPRESENTATION_RELATIONSHIP() );
#10167 = ITEM_DEFINED_TRANSFORMATION('','',#11,#1155);
#10168 = PRODUCT_DEFINITION_SHAPE('Placement','Placement of an item',
  #10169);
#10169 = NEXT_ASSEMBLY_USAGE_OCCURRENCE('286','=>[0:1:1:287]','',#5,
  #10160,$);
#10170 = PRODUCT_RELATED_PRODUCT_CATEGORY('part',$,(#10162));
#10171 = ADVANCED_BREP_SHAPE_REPRESENTATION('',(#11,#10172),#10184);
#10172 = MANIFOLD_SOLID_BREP('',#10173);
#10173 = CLOSED_SHELL('',(#10174));
#10174 = ADVANCED_FACE('',(#10175),#10179,.T.);
#10175 = FACE_BOUND('',#10176,.T.);
#10176 = VERTEX_LOOP('',#10177);
#10177 = VERTEX_POINT('',#10178);
#10178 = CARTESIAN_POINT('',(9.184850993605E-18,-2.249639673993E-33,
    -0.15));
#10179 = SPHERICAL_SURFACE('',#10180,0.15);
#10180 = AXIS2_PLACEMENT_3D('',#10181,#10182,#10183);
#10181 = CARTESIAN_POINT('',(0.,0.,0.));
#10182 = DIRECTION('',(0.,0.,1.));
#10183 = DIRECTION('',(1.,0.,-0.));
#10184 = ( GEOMETRIC_REPRESENTATION_CONTEXT(3) 
GLOBAL_UNCERTAINTY_ASSIGNED_CONTEXT((#10188)) 
GLOBAL_UNIT_ASSIGNED_CONTEXT((#10185,#10186,#10187)) 
REPRESENTATION_CONTEXT('Context #1',
  '3D Context with UNIT and UNCERTAINTY') );
#10185 = ( LENGTH_UNIT() NAMED_UNIT(*) SI_UNIT(.MILLI.,.METRE.) );
#10186 = ( NAMED_UNIT(*) PLANE_ANGLE_UNIT() SI_UNIT($,.RADIAN.) );
#10187 = ( NAMED_UNIT(*) SI_UNIT($,.STERADIAN.) SOLID_ANGLE_UNIT() );
#10188 = UNCERTAINTY_MEASURE_WITH_UNIT(LENGTH_MEASURE(1.E-07),#10185,
  'distance_accuracy_value','confusion accuracy');
#10189 = SHAPE_DEFINITION_REPRESENTATION(#10190,#10171);
#10190 = PRODUCT_DEFINITION_SHAPE('','',#10191);
#10191 = PRODUCT_DEFINITION('design','',#10192,#10195);
#10192 = PRODUCT_DEFINITION_FORMATION('','',#10193);
#10193 = PRODUCT('Y4','Y4','',(#10194));
#10194 = PRODUCT_CONTEXT('',#2,'mechanical');
#10195 = PRODUCT_DEFINITION_CONTEXT('part definition',#2,'design');
#10196 = CONTEXT_DEPENDENT_SHAPE_REPRESENTATION(#10197,#10199);
#10197 = ( REPRESENTATION_RELATIONSHIP('','',#10171,#10) 
REPRESENTATION_RELATIONSHIP_WITH_TRANSFORMATION(#10198) 
SHAPE_REPRESENTATION_RELATIONSHIP() );
#10198 = ITEM_DEFINED_TRANSFORMATION('','',#11,#1159);
#10199 = PRODUCT_DEFINITION_SHAPE('Placement','Placement of an item',
  #10200);
#10200 = NEXT_ASSEMBLY_USAGE_OCCURRENCE('287','=>[0:1:1:288]','',#5,
  #10191,$);
#10201 = PRODUCT_RELATED_PRODUCT_CATEGORY('part',$,(#10193));
#10202 = ADVANCED_BREP_SHAPE_REPRESENTATION('',(#11,#10203),#10215);
#10203 = MANIFOLD_SOLID_BREP('',#10204);
#10204 = CLOSED_SHELL('',(#10205));
#10205 = ADVANCED_FACE('',(#10206),#10210,.T.);
#10206 = FACE_BOUND('',#10207,.T.);
#10207 = VERTEX_LOOP('',#10208);
#10208 = VERTEX_POINT('',#10209);
#10209 = CARTESIAN_POINT('',(9.184850993605E-18,-2.249639673993E-33,
    -0.15));
#10210 = SPHERICAL_SURFACE('',#10211,0.15);
#10211 = AXIS2_PLACEMENT_3D('',#10212,#10213,#10214);
#10212 = CARTESIAN_POINT('',(0.,0.,0.));
#10213 = DIRECTION('',(0.,0.,1.));
#10214 = DIRECTION('',(1.,0.,-0.));
#10215 = ( GEOMETRIC_REPRESENTATION_CONTEXT(3) 
GLOBAL_UNCERTAINTY_ASSIGNED_CONTEXT((#10219)) 
GLOBAL_UNIT_ASSIGNED_CONTEXT((#10216,#10217,#10218)) 
REPRESENTATION_CONTEXT('Context #1',
  '3D Context with UNIT and UNCERTAINTY') );
#10216 = ( LENGTH_UNIT() NAMED_UNIT(*) SI_UNIT(.MILLI.,.METRE.) );
#10217 = ( NAMED_UNIT(*) PLANE_ANGLE_UNIT() SI_UNIT($,.RADIAN.) );
#10218 = ( NAMED_UNIT(*) SI_UNIT($,.STERADIAN.) SOLID_ANGLE_UNIT() );
#10219 = UNCERTAINTY_MEASURE_WITH_UNIT(LENGTH_MEASURE(1.E-07),#10216,
  'distance_accuracy_value','confusion accuracy');
#10220 = SHAPE_DEFINITION_REPRESENTATION(#10221,#10202);
#10221 = PRODUCT_DEFINITION_SHAPE('','',#10222);
#10222 = PRODUCT_DEFINITION('design','',#10223,#10226);
#10223 = PRODUCT_DEFINITION_FORMATION('','',#10224);
#10224 = PRODUCT('Y5','Y5','',(#10225));
#10225 = PRODUCT_CONTEXT('',#2,'mechanical');
#10226 = PRODUCT_DEFINITION_CONTEXT('part definition',#2,'design');
#10227 = CONTEXT_DEPENDENT_SHAPE_REPRESENTATION(#10228,#10230);
#10228 = ( REPRESENTATION_RELATIONSHIP('','',#10202,#10) 
REPRESENTATION_RELATIONSHIP_WITH_TRANSFORMATION(#10229) 
SHAPE_REPRESENTATION_RELATIONSHIP() );
#10229 = ITEM_DEFINED_TRANSFORMATION('','',#11,#1163);
#10230 = PRODUCT_DEFINITION_SHAPE('Placement','Placement of an item',
  #10231);
#10231 = NEXT_ASSEMBLY_USAGE_OCCURRENCE('288','=>[0:1:1:289]','',#5,
  #10222,$);
#10232 = PRODUCT_RELATED_PRODUCT_CATEGORY('part',$,(#10224));
#10233 = ADVANCED_BREP_SHAPE_REPRESENTATION('',(#11,#10234),#10246);
#10234 = MANIFOLD_SOLID_BREP('',#10235);
#10235 = CLOSED_SHELL('',(#10236));
#10236 = ADVANCED_FACE('',(#10237),#10241,.T.);
#10237 = FACE_BOUND('',#10238,.T.);
#10238 = VERTEX_LOOP('',#10239);
#10239 = VERTEX_POINT('',#10240);
#10240 = CARTESIAN_POINT('',(9.184850993605E-18,-2.249639673993E-33,
    -0.15));
#10241 = SPHERICAL_SURFACE('',#10242,0.15);
#10242 = AXIS2_PLACEMENT_3D('',#10243,#10244,#10245);
#10243 = CARTESIAN_POINT('',(0.,0.,0.));
#10244 = DIRECTION('',(0.,0.,1.));
#10245 = DIRECTION('',(1.,0.,-0.));
#10246 = ( GEOMETRIC_REPRESENTATION_CONTEXT(3) 
GLOBAL_UNCERTAINTY_ASSIGNED_CONTEXT((#10250)) 
GLOBAL_UNIT_ASSIGNED_CONTEXT((#10247,#10248,#10249)) 
REPRESENTATION_CONTEXT('Context #1',
  '3D Context with UNIT and UNCERTAINTY') );
#10247 = ( LENGTH_UNIT() NAMED_UNIT(*) SI_UNIT(.MILLI.,.METRE.) );
#10248 = ( NAMED_UNIT(*) PLANE_ANGLE_UNIT() SI_UNIT($,.RADIAN.) );
#10249 = ( NAMED_UNIT(*) SI_UNIT($,.STERADIAN.) SOLID_ANGLE_UNIT() );
#10250 = UNCERTAINTY_MEASURE_WITH_UNIT(LENGTH_MEASURE(1.E-07),#10247,
  'distance_accuracy_value','confusion accuracy');
#10251 = SHAPE_DEFINITION_REPRESENTATION(#10252,#10233);
#10252 = PRODUCT_DEFINITION_SHAPE('','',#10253);
#10253 = PRODUCT_DEFINITION('design','',#10254,#10257);
#10254 = PRODUCT_DEFINITION_FORMATION('','',#10255);
#10255 = PRODUCT('Y6','Y6','',(#10256));
#10256 = PRODUCT_CONTEXT('',#2,'mechanical');
#10257 = PRODUCT_DEFINITION_CONTEXT('part definition',#2,'design');
#10258 = CONTEXT_DEPENDENT_SHAPE_REPRESENTATION(#10259,#10261);
#10259 = ( REPRESENTATION_RELATIONSHIP('','',#10233,#10) 
REPRESENTATION_RELATIONSHIP_WITH_TRANSFORMATION(#10260) 
SHAPE_REPRESENTATION_RELATIONSHIP() );
#10260 = ITEM_DEFINED_TRANSFORMATION('','',#11,#1167);
#10261 = PRODUCT_DEFINITION_SHAPE('Placement','Placement of an item',
  #10262);
#10262 = NEXT_ASSEMBLY_USAGE_OCCURRENCE('289','=>[0:1:1:290]','',#5,
  #10253,$);
#10263 = PRODUCT_RELATED_PRODUCT_CATEGORY('part',$,(#10255));
#10264 = ADVANCED_BREP_SHAPE_REPRESENTATION('',(#11,#10265),#10277);
#10265 = MANIFOLD_SOLID_BREP('',#10266);
#10266 = CLOSED_SHELL('',(#10267));
#10267 = ADVANCED_FACE('',(#10268),#10272,.T.);
#10268 = FACE_BOUND('',#10269,.T.);
#10269 = VERTEX_LOOP('',#10270);
#10270 = VERTEX_POINT('',#10271);
#10271 = CARTESIAN_POINT('',(9.184850993605E-18,-2.249639673993E-33,
    -0.15));
#10272 = SPHERICAL_SURFACE('',#10273,0.15);
#10273 = AXIS2_PLACEMENT_3D('',#10274,#10275,#10276);
#10274 = CARTESIAN_POINT('',(0.,0.,0.));
#10275 = DIRECTION('',(0.,0.,1.));
#10276 = DIRECTION('',(1.,0.,-0.));
#10277 = ( GEOMETRIC_REPRESENTATION_CONTEXT(3) 
GLOBAL_UNCERTAINTY_ASSIGNED_CONTEXT((#10281)) 
GLOBAL_UNIT_ASSIGNED_CONTEXT((#10278,#10279,#10280)) 
REPRESENTATION_CONTEXT('Context #1',
  '3D Context with UNIT and UNCERTAINTY') );
#10278 = ( LENGTH_UNIT() NAMED_UNIT(*) SI_UNIT(.MILLI.,.METRE.) );
#10279 = ( NAMED_UNIT(*) PLANE_ANGLE_UNIT() SI_UNIT($,.RADIAN.) );
#10280 = ( NAMED_UNIT(*) SI_UNIT($,.STERADIAN.) SOLID_ANGLE_UNIT() );
#10281 = UNCERTAINTY_MEASURE_WITH_UNIT(LENGTH_MEASURE(1.E-07),#10278,
  'distance_accuracy_value','confusion accuracy');
#10282 = SHAPE_DEFINITION_REPRESENTATION(#10283,#10264);
#10283 = PRODUCT_DEFINITION_SHAPE('','',#10284);
#10284 = PRODUCT_DEFINITION('design','',#10285,#10288);
#10285 = PRODUCT_DEFINITION_FORMATION('','',#10286);
#10286 = PRODUCT('Y7','Y7','',(#10287));
#10287 = PRODUCT_CONTEXT('',#2,'mechanical');
#10288 = PRODUCT_DEFINITION_CONTEXT('part definition',#2,'design');
#10289 = CONTEXT_DEPENDENT_SHAPE_REPRESENTATION(#10290,#10292);
#10290 = ( REPRESENTATION_RELATIONSHIP('','',#10264,#10) 
REPRESENTATION_RELATIONSHIP_WITH_TRANSFORMATION(#10291) 
SHAPE_REPRESENTATION_RELATIONSHIP() );
#10291 = ITEM_DEFINED_TRANSFORMATION('','',#11,#1171);
#10292 = PRODUCT_DEFINITION_SHAPE('Placement','Placement of an item',
  #10293);
#10293 = NEXT_ASSEMBLY_USAGE_OCCURRENCE('290','=>[0:1:1:291]','',#5,
  #10284,$);
#10294 = PRODUCT_RELATED_PRODUCT_CATEGORY('part',$,(#10286));
#10295 = ADVANCED_BREP_SHAPE_REPRESENTATION('',(#11,#10296),#10308);
#10296 = MANIFOLD_SOLID_BREP('',#10297);
#10297 = CLOSED_SHELL('',(#10298));
#10298 = ADVANCED_FACE('',(#10299),#10303,.T.);
#10299 = FACE_BOUND('',#10300,.T.);
#10300 = VERTEX_LOOP('',#10301);
#10301 = VERTEX_POINT('',#10302);
#10302 = CARTESIAN_POINT('',(9.184850993605E-18,-2.249639673993E-33,
    -0.15));
#10303 = SPHERICAL_SURFACE('',#10304,0.15);
#10304 = AXIS2_PLACEMENT_3D('',#10305,#10306,#10307);
#10305 = CARTESIAN_POINT('',(0.,0.,0.));
#10306 = DIRECTION('',(0.,0.,1.));
#10307 = DIRECTION('',(1.,0.,-0.));
#10308 = ( GEOMETRIC_REPRESENTATION_CONTEXT(3) 
GLOBAL_UNCERTAINTY_ASSIGNED_CONTEXT((#10312)) 
GLOBAL_UNIT_ASSIGNED_CONTEXT((#10309,#10310,#10311)) 
REPRESENTATION_CONTEXT('Context #1',
  '3D Context with UNIT and UNCERTAINTY') );
#10309 = ( LENGTH_UNIT() NAMED_UNIT(*) SI_UNIT(.MILLI.,.METRE.) );
#10310 = ( NAMED_UNIT(*) PLANE_ANGLE_UNIT() SI_UNIT($,.RADIAN.) );
#10311 = ( NAMED_UNIT(*) SI_UNIT($,.STERADIAN.) SOLID_ANGLE_UNIT() );
#10312 = UNCERTAINTY_MEASURE_WITH_UNIT(LENGTH_MEASURE(1.E-07),#10309,
  'distance_accuracy_value','confusion accuracy');
#10313 = SHAPE_DEFINITION_REPRESENTATION(#10314,#10295);
#10314 = PRODUCT_DEFINITION_SHAPE('','',#10315);
#10315 = PRODUCT_DEFINITION('design','',#10316,#10319);
#10316 = PRODUCT_DEFINITION_FORMATION('','',#10317);
#10317 = PRODUCT('Y8','Y8','',(#10318));
#10318 = PRODUCT_CONTEXT('',#2,'mechanical');
#10319 = PRODUCT_DEFINITION_CONTEXT('part definition',#2,'design');
#10320 = CONTEXT_DEPENDENT_SHAPE_REPRESENTATION(#10321,#10323);
#10321 = ( REPRESENTATION_RELATIONSHIP('','',#10295,#10) 
REPRESENTATION_RELATIONSHIP_WITH_TRANSFORMATION(#10322) 
SHAPE_REPRESENTATION_RELATIONSHIP() );
#10322 = ITEM_DEFINED_TRANSFORMATION('','',#11,#1175);
#10323 = PRODUCT_DEFINITION_SHAPE('Placement','Placement of an item',
  #10324);
#10324 = NEXT_ASSEMBLY_USAGE_OCCURRENCE('291','=>[0:1:1:292]','',#5,
  #10315,$);
#10325 = PRODUCT_RELATED_PRODUCT_CATEGORY('part',$,(#10317));
#10326 = ADVANCED_BREP_SHAPE_REPRESENTATION('',(#11,#10327),#10339);
#10327 = MANIFOLD_SOLID_BREP('',#10328);
#10328 = CLOSED_SHELL('',(#10329));
#10329 = ADVANCED_FACE('',(#10330),#10334,.T.);
#10330 = FACE_BOUND('',#10331,.T.);
#10331 = VERTEX_LOOP('',#10332);
#10332 = VERTEX_POINT('',#10333);
#10333 = CARTESIAN_POINT('',(9.184850993605E-18,-2.249639673993E-33,
    -0.15));
#10334 = SPHERICAL_SURFACE('',#10335,0.15);
#10335 = AXIS2_PLACEMENT_3D('',#10336,#10337,#10338);
#10336 = CARTESIAN_POINT('',(0.,0.,0.));
#10337 = DIRECTION('',(0.,0.,1.));
#10338 = DIRECTION('',(1.,0.,-0.));
#10339 = ( GEOMETRIC_REPRESENTATION_CONTEXT(3) 
GLOBAL_UNCERTAINTY_ASSIGNED_CONTEXT((#10343)) 
GLOBAL_UNIT_ASSIGNED_CONTEXT((#10340,#10341,#10342)) 
REPRESENTATION_CONTEXT('Context #1',
  '3D Context with UNIT and UNCERTAINTY') );
#10340 = ( LENGTH_UNIT() NAMED_UNIT(*) SI_UNIT(.MILLI.,.METRE.) );
#10341 = ( NAMED_UNIT(*) PLANE_ANGLE_UNIT() SI_UNIT($,.RADIAN.) );
#10342 = ( NAMED_UNIT(*) SI_UNIT($,.STERADIAN.) SOLID_ANGLE_UNIT() );
#10343 = UNCERTAINTY_MEASURE_WITH_UNIT(LENGTH_MEASURE(1.E-07),#10340,
  'distance_accuracy_value','confusion accuracy');
#10344 = SHAPE_DEFINITION_REPRESENTATION(#10345,#10326);
#10345 = PRODUCT_DEFINITION_SHAPE('','',#10346);
#10346 = PRODUCT_DEFINITION('design','',#10347,#10350);
#10347 = PRODUCT_DEFINITION_FORMATION('','',#10348);
#10348 = PRODUCT('Y9','Y9','',(#10349));
#10349 = PRODUCT_CONTEXT('',#2,'mechanical');
#10350 = PRODUCT_DEFINITION_CONTEXT('part definition',#2,'design');
#10351 = CONTEXT_DEPENDENT_SHAPE_REPRESENTATION(#10352,#10354);
#10352 = ( REPRESENTATION_RELATIONSHIP('','',#10326,#10) 
REPRESENTATION_RELATIONSHIP_WITH_TRANSFORMATION(#10353) 
SHAPE_REPRESENTATION_RELATIONSHIP() );
#10353 = ITEM_DEFINED_TRANSFORMATION('','',#11,#1179);
#10354 = PRODUCT_DEFINITION_SHAPE('Placement','Placement of an item',
  #10355);
#10355 = NEXT_ASSEMBLY_USAGE_OCCURRENCE('292','=>[0:1:1:293]','',#5,
  #10346,$);
#10356 = PRODUCT_RELATED_PRODUCT_CATEGORY('part',$,(#10348));
#10357 = ADVANCED_BREP_SHAPE_REPRESENTATION('',(#11,#10358),#10370);
#10358 = MANIFOLD_SOLID_BREP('',#10359);
#10359 = CLOSED_SHELL('',(#10360));
#10360 = ADVANCED_FACE('',(#10361),#10365,.T.);
#10361 = FACE_BOUND('',#10362,.T.);
#10362 = VERTEX_LOOP('',#10363);
#10363 = VERTEX_POINT('',#10364);
#10364 = CARTESIAN_POINT('',(9.184850993605E-18,-2.249639673993E-33,
    -0.15));
#10365 = SPHERICAL_SURFACE('',#10366,0.15);
#10366 = AXIS2_PLACEMENT_3D('',#10367,#10368,#10369);
#10367 = CARTESIAN_POINT('',(0.,0.,0.));
#10368 = DIRECTION('',(0.,0.,1.));
#10369 = DIRECTION('',(1.,0.,-0.));
#10370 = ( GEOMETRIC_REPRESENTATION_CONTEXT(3) 
GLOBAL_UNCERTAINTY_ASSIGNED_CONTEXT((#10374)) 
GLOBAL_UNIT_ASSIGNED_CONTEXT((#10371,#10372,#10373)) 
REPRESENTATION_CONTEXT('Context #1',
  '3D Context with UNIT and UNCERTAINTY') );
#10371 = ( LENGTH_UNIT() NAMED_UNIT(*) SI_UNIT(.MILLI.,.METRE.) );
#10372 = ( NAMED_UNIT(*) PLANE_ANGLE_UNIT() SI_UNIT($,.RADIAN.) );
#10373 = ( NAMED_UNIT(*) SI_UNIT($,.STERADIAN.) SOLID_ANGLE_UNIT() );
#10374 = UNCERTAINTY_MEASURE_WITH_UNIT(LENGTH_MEASURE(1.E-07),#10371,
  'distance_accuracy_value','confusion accuracy');
#10375 = SHAPE_DEFINITION_REPRESENTATION(#10376,#10357);
#10376 = PRODUCT_DEFINITION_SHAPE('','',#10377);
#10377 = PRODUCT_DEFINITION('design','',#10378,#10381);
#10378 = PRODUCT_DEFINITION_FORMATION('','',#10379);
#10379 = PRODUCT('Y10','Y10','',(#10380));
#10380 = PRODUCT_CONTEXT('',#2,'mechanical');
#10381 = PRODUCT_DEFINITION_CONTEXT('part definition',#2,'design');
#10382 = CONTEXT_DEPENDENT_SHAPE_REPRESENTATION(#10383,#10385);
#10383 = ( REPRESENTATION_RELATIONSHIP('','',#10357,#10) 
REPRESENTATION_RELATIONSHIP_WITH_TRANSFORMATION(#10384) 
SHAPE_REPRESENTATION_RELATIONSHIP() );
#10384 = ITEM_DEFINED_TRANSFORMATION('','',#11,#1183);
#10385 = PRODUCT_DEFINITION_SHAPE('Placement','Placement of an item',
  #10386);
#10386 = NEXT_ASSEMBLY_USAGE_OCCURRENCE('293','=>[0:1:1:294]','',#5,
  #10377,$);
#10387 = PRODUCT_RELATED_PRODUCT_CATEGORY('part',$,(#10379));
#10388 = ADVANCED_BREP_SHAPE_REPRESENTATION('',(#11,#10389),#10401);
#10389 = MANIFOLD_SOLID_BREP('',#10390);
#10390 = CLOSED_SHELL('',(#10391));
#10391 = ADVANCED_FACE('',(#10392),#10396,.T.);
#10392 = FACE_BOUND('',#10393,.T.);
#10393 = VERTEX_LOOP('',#10394);
#10394 = VERTEX_POINT('',#10395);
#10395 = CARTESIAN_POINT('',(9.184850993605E-18,-2.249639673993E-33,
    -0.15));
#10396 = SPHERICAL_SURFACE('',#10397,0.15);
#10397 = AXIS2_PLACEMENT_3D('',#10398,#10399,#10400);
#10398 = CARTESIAN_POINT('',(0.,0.,0.));
#10399 = DIRECTION('',(0.,0.,1.));
#10400 = DIRECTION('',(1.,0.,-0.));
#10401 = ( GEOMETRIC_REPRESENTATION_CONTEXT(3) 
GLOBAL_UNCERTAINTY_ASSIGNED_CONTEXT((#10405)) 
GLOBAL_UNIT_ASSIGNED_CONTEXT((#10402,#10403,#10404)) 
REPRESENTATION_CONTEXT('Context #1',
  '3D Context with UNIT and UNCERTAINTY') );
#10402 = ( LENGTH_UNIT() NAMED_UNIT(*) SI_UNIT(.MILLI.,.METRE.) );
#10403 = ( NAMED_UNIT(*) PLANE_ANGLE_UNIT() SI_UNIT($,.RADIAN.) );
#10404 = ( NAMED_UNIT(*) SI_UNIT($,.STERADIAN.) SOLID_ANGLE_UNIT() );
#10405 = UNCERTAINTY_MEASURE_WITH_UNIT(LENGTH_MEASURE(1.E-07),#10402,
  'distance_accuracy_value','confusion accuracy');
#10406 = SHAPE_DEFINITION_REPRESENTATION(#10407,#10388);
#10407 = PRODUCT_DEFINITION_SHAPE('','',#10408);
#10408 = PRODUCT_DEFINITION('design','',#10409,#10412);
#10409 = PRODUCT_DEFINITION_FORMATION('','',#10410);
#10410 = PRODUCT('Y11','Y11','',(#10411));
#10411 = PRODUCT_CONTEXT('',#2,'mechanical');
#10412 = PRODUCT_DEFINITION_CONTEXT('part definition',#2,'design');
#10413 = CONTEXT_DEPENDENT_SHAPE_REPRESENTATION(#10414,#10416);
#10414 = ( REPRESENTATION_RELATIONSHIP('','',#10388,#10) 
REPRESENTATION_RELATIONSHIP_WITH_TRANSFORMATION(#10415) 
SHAPE_REPRESENTATION_RELATIONSHIP() );
#10415 = ITEM_DEFINED_TRANSFORMATION('','',#11,#1187);
#10416 = PRODUCT_DEFINITION_SHAPE('Placement','Placement of an item',
  #10417);
#10417 = NEXT_ASSEMBLY_USAGE_OCCURRENCE('294','=>[0:1:1:295]','',#5,
  #10408,$);
#10418 = PRODUCT_RELATED_PRODUCT_CATEGORY('part',$,(#10410));
#10419 = ADVANCED_BREP_SHAPE_REPRESENTATION('',(#11,#10420),#10432);
#10420 = MANIFOLD_SOLID_BREP('',#10421);
#10421 = CLOSED_SHELL('',(#10422));
#10422 = ADVANCED_FACE('',(#10423),#10427,.T.);
#10423 = FACE_BOUND('',#10424,.T.);
#10424 = VERTEX_LOOP('',#10425);
#10425 = VERTEX_POINT('',#10426);
#10426 = CARTESIAN_POINT('',(9.184850993605E-18,-2.249639673993E-33,
    -0.15));
#10427 = SPHERICAL_SURFACE('',#10428,0.15);
#10428 = AXIS2_PLACEMENT_3D('',#10429,#10430,#10431);
#10429 = CARTESIAN_POINT('',(0.,0.,0.));
#10430 = DIRECTION('',(0.,0.,1.));
#10431 = DIRECTION('',(1.,0.,-0.));
#10432 = ( GEOMETRIC_REPRESENTATION_CONTEXT(3) 
GLOBAL_UNCERTAINTY_ASSIGNED_CONTEXT((#10436)) 
GLOBAL_UNIT_ASSIGNED_CONTEXT((#10433,#10434,#10435)) 
REPRESENTATION_CONTEXT('Context #1',
  '3D Context with UNIT and UNCERTAINTY') );
#10433 = ( LENGTH_UNIT() NAMED_UNIT(*) SI_UNIT(.MILLI.,.METRE.) );
#10434 = ( NAMED_UNIT(*) PLANE_ANGLE_UNIT() SI_UNIT($,.RADIAN.) );
#10435 = ( NAMED_UNIT(*) SI_UNIT($,.STERADIAN.) SOLID_ANGLE_UNIT() );
#10436 = UNCERTAINTY_MEASURE_WITH_UNIT(LENGTH_MEASURE(1.E-07),#10433,
  'distance_accuracy_value','confusion accuracy');
#10437 = SHAPE_DEFINITION_REPRESENTATION(#10438,#10419);
#10438 = PRODUCT_DEFINITION_SHAPE('','',#10439);
#10439 = PRODUCT_DEFINITION('design','',#10440,#10443);
#10440 = PRODUCT_DEFINITION_FORMATION('','',#10441);
#10441 = PRODUCT('Y12','Y12','',(#10442));
#10442 = PRODUCT_CONTEXT('',#2,'mechanical');
#10443 = PRODUCT_DEFINITION_CONTEXT('part definition',#2,'design');
#10444 = CONTEXT_DEPENDENT_SHAPE_REPRESENTATION(#10445,#10447);
#10445 = ( REPRESENTATION_RELATIONSHIP('','',#10419,#10) 
REPRESENTATION_RELATIONSHIP_WITH_TRANSFORMATION(#10446) 
SHAPE_REPRESENTATION_RELATIONSHIP() );
#10446 = ITEM_DEFINED_TRANSFORMATION('','',#11,#1191);
#10447 = PRODUCT_DEFINITION_SHAPE('Placement','Placement of an item',
  #10448);
#10448 = NEXT_ASSEMBLY_USAGE_OCCURRENCE('295','=>[0:1:1:296]','',#5,
  #10439,$);
#10449 = PRODUCT_RELATED_PRODUCT_CATEGORY('part',$,(#10441));
#10450 = ADVANCED_BREP_SHAPE_REPRESENTATION('',(#11,#10451),#10463);
#10451 = MANIFOLD_SOLID_BREP('',#10452);
#10452 = CLOSED_SHELL('',(#10453));
#10453 = ADVANCED_FACE('',(#10454),#10458,.T.);
#10454 = FACE_BOUND('',#10455,.T.);
#10455 = VERTEX_LOOP('',#10456);
#10456 = VERTEX_POINT('',#10457);
#10457 = CARTESIAN_POINT('',(9.184850993605E-18,-2.249639673993E-33,
    -0.15));
#10458 = SPHERICAL_SURFACE('',#10459,0.15);
#10459 = AXIS2_PLACEMENT_3D('',#10460,#10461,#10462);
#10460 = CARTESIAN_POINT('',(0.,0.,0.));
#10461 = DIRECTION('',(0.,0.,1.));
#10462 = DIRECTION('',(1.,0.,-0.));
#10463 = ( GEOMETRIC_REPRESENTATION_CONTEXT(3) 
GLOBAL_UNCERTAINTY_ASSIGNED_CONTEXT((#10467)) 
GLOBAL_UNIT_ASSIGNED_CONTEXT((#10464,#10465,#10466)) 
REPRESENTATION_CONTEXT('Context #1',
  '3D Context with UNIT and UNCERTAINTY') );
#10464 = ( LENGTH_UNIT() NAMED_UNIT(*) SI_UNIT(.MILLI.,.METRE.) );
#10465 = ( NAMED_UNIT(*) PLANE_ANGLE_UNIT() SI_UNIT($,.RADIAN.) );
#10466 = ( NAMED_UNIT(*) SI_UNIT($,.STERADIAN.) SOLID_ANGLE_UNIT() );
#10467 = UNCERTAINTY_MEASURE_WITH_UNIT(LENGTH_MEASURE(1.E-07),#10464,
  'distance_accuracy_value','confusion accuracy');
#10468 = SHAPE_DEFINITION_REPRESENTATION(#10469,#10450);
#10469 = PRODUCT_DEFINITION_SHAPE('','',#10470);
#10470 = PRODUCT_DEFINITION('design','',#10471,#10474);
#10471 = PRODUCT_DEFINITION_FORMATION('','',#10472);
#10472 = PRODUCT('Y13','Y13','',(#10473));
#10473 = PRODUCT_CONTEXT('',#2,'mechanical');
#10474 = PRODUCT_DEFINITION_CONTEXT('part definition',#2,'design');
#10475 = CONTEXT_DEPENDENT_SHAPE_REPRESENTATION(#10476,#10478);
#10476 = ( REPRESENTATION_RELATIONSHIP('','',#10450,#10) 
REPRESENTATION_RELATIONSHIP_WITH_TRANSFORMATION(#10477) 
SHAPE_REPRESENTATION_RELATIONSHIP() );
#10477 = ITEM_DEFINED_TRANSFORMATION('','',#11,#1195);
#10478 = PRODUCT_DEFINITION_SHAPE('Placement','Placement of an item',
  #10479);
#10479 = NEXT_ASSEMBLY_USAGE_OCCURRENCE('296','=>[0:1:1:297]','',#5,
  #10470,$);
#10480 = PRODUCT_RELATED_PRODUCT_CATEGORY('part',$,(#10472));
#10481 = ADVANCED_BREP_SHAPE_REPRESENTATION('',(#11,#10482),#10494);
#10482 = MANIFOLD_SOLID_BREP('',#10483);
#10483 = CLOSED_SHELL('',(#10484));
#10484 = ADVANCED_FACE('',(#10485),#10489,.T.);
#10485 = FACE_BOUND('',#10486,.T.);
#10486 = VERTEX_LOOP('',#10487);
#10487 = VERTEX_POINT('',#10488);
#10488 = CARTESIAN_POINT('',(9.184850993605E-18,-2.249639673993E-33,
    -0.15));
#10489 = SPHERICAL_SURFACE('',#10490,0.15);
#10490 = AXIS2_PLACEMENT_3D('',#10491,#10492,#10493);
#10491 = CARTESIAN_POINT('',(0.,0.,0.));
#10492 = DIRECTION('',(0.,0.,1.));
#10493 = DIRECTION('',(1.,0.,-0.));
#10494 = ( GEOMETRIC_REPRESENTATION_CONTEXT(3) 
GLOBAL_UNCERTAINTY_ASSIGNED_CONTEXT((#10498)) 
GLOBAL_UNIT_ASSIGNED_CONTEXT((#10495,#10496,#10497)) 
REPRESENTATION_CONTEXT('Context #1',
  '3D Context with UNIT and UNCERTAINTY') );
#10495 = ( LENGTH_UNIT() NAMED_UNIT(*) SI_UNIT(.MILLI.,.METRE.) );
#10496 = ( NAMED_UNIT(*) PLANE_ANGLE_UNIT() SI_UNIT($,.RADIAN.) );
#10497 = ( NAMED_UNIT(*) SI_UNIT($,.STERADIAN.) SOLID_ANGLE_UNIT() );
#10498 = UNCERTAINTY_MEASURE_WITH_UNIT(LENGTH_MEASURE(1.E-07),#10495,
  'distance_accuracy_value','confusion accuracy');
#10499 = SHAPE_DEFINITION_REPRESENTATION(#10500,#10481);
#10500 = PRODUCT_DEFINITION_SHAPE('','',#10501);
#10501 = PRODUCT_DEFINITION('design','',#10502,#10505);
#10502 = PRODUCT_DEFINITION_FORMATION('','',#10503);
#10503 = PRODUCT('Y14','Y14','',(#10504));
#10504 = PRODUCT_CONTEXT('',#2,'mechanical');
#10505 = PRODUCT_DEFINITION_CONTEXT('part definition',#2,'design');
#10506 = CONTEXT_DEPENDENT_SHAPE_REPRESENTATION(#10507,#10509);
#10507 = ( REPRESENTATION_RELATIONSHIP('','',#10481,#10) 
REPRESENTATION_RELATIONSHIP_WITH_TRANSFORMATION(#10508) 
SHAPE_REPRESENTATION_RELATIONSHIP() );
#10508 = ITEM_DEFINED_TRANSFORMATION('','',#11,#1199);
#10509 = PRODUCT_DEFINITION_SHAPE('Placement','Placement of an item',
  #10510);
#10510 = NEXT_ASSEMBLY_USAGE_OCCURRENCE('297','=>[0:1:1:298]','',#5,
  #10501,$);
#10511 = PRODUCT_RELATED_PRODUCT_CATEGORY('part',$,(#10503));
#10512 = ADVANCED_BREP_SHAPE_REPRESENTATION('',(#11,#10513),#10525);
#10513 = MANIFOLD_SOLID_BREP('',#10514);
#10514 = CLOSED_SHELL('',(#10515));
#10515 = ADVANCED_FACE('',(#10516),#10520,.T.);
#10516 = FACE_BOUND('',#10517,.T.);
#10517 = VERTEX_LOOP('',#10518);
#10518 = VERTEX_POINT('',#10519);
#10519 = CARTESIAN_POINT('',(9.184850993605E-18,-2.249639673993E-33,
    -0.15));
#10520 = SPHERICAL_SURFACE('',#10521,0.15);
#10521 = AXIS2_PLACEMENT_3D('',#10522,#10523,#10524);
#10522 = CARTESIAN_POINT('',(0.,0.,0.));
#10523 = DIRECTION('',(0.,0.,1.));
#10524 = DIRECTION('',(1.,0.,-0.));
#10525 = ( GEOMETRIC_REPRESENTATION_CONTEXT(3) 
GLOBAL_UNCERTAINTY_ASSIGNED_CONTEXT((#10529)) 
GLOBAL_UNIT_ASSIGNED_CONTEXT((#10526,#10527,#10528)) 
REPRESENTATION_CONTEXT('Context #1',
  '3D Context with UNIT and UNCERTAINTY') );
#10526 = ( LENGTH_UNIT() NAMED_UNIT(*) SI_UNIT(.MILLI.,.METRE.) );
#10527 = ( NAMED_UNIT(*) PLANE_ANGLE_UNIT() SI_UNIT($,.RADIAN.) );
#10528 = ( NAMED_UNIT(*) SI_UNIT($,.STERADIAN.) SOLID_ANGLE_UNIT() );
#10529 = UNCERTAINTY_MEASURE_WITH_UNIT(LENGTH_MEASURE(1.E-07),#10526,
  'distance_accuracy_value','confusion accuracy');
#10530 = SHAPE_DEFINITION_REPRESENTATION(#10531,#10512);
#10531 = PRODUCT_DEFINITION_SHAPE('','',#10532);
#10532 = PRODUCT_DEFINITION('design','',#10533,#10536);
#10533 = PRODUCT_DEFINITION_FORMATION('','',#10534);
#10534 = PRODUCT('Y15','Y15','',(#10535));
#10535 = PRODUCT_CONTEXT('',#2,'mechanical');
#10536 = PRODUCT_DEFINITION_CONTEXT('part definition',#2,'design');
#10537 = CONTEXT_DEPENDENT_SHAPE_REPRESENTATION(#10538,#10540);
#10538 = ( REPRESENTATION_RELATIONSHIP('','',#10512,#10) 
REPRESENTATION_RELATIONSHIP_WITH_TRANSFORMATION(#10539) 
SHAPE_REPRESENTATION_RELATIONSHIP() );
#10539 = ITEM_DEFINED_TRANSFORMATION('','',#11,#1203);
#10540 = PRODUCT_DEFINITION_SHAPE('Placement','Placement of an item',
  #10541);
#10541 = NEXT_ASSEMBLY_USAGE_OCCURRENCE('298','=>[0:1:1:299]','',#5,
  #10532,$);
#10542 = PRODUCT_RELATED_PRODUCT_CATEGORY('part',$,(#10534));
#10543 = ADVANCED_BREP_SHAPE_REPRESENTATION('',(#11,#10544),#10556);
#10544 = MANIFOLD_SOLID_BREP('',#10545);
#10545 = CLOSED_SHELL('',(#10546));
#10546 = ADVANCED_FACE('',(#10547),#10551,.T.);
#10547 = FACE_BOUND('',#10548,.T.);
#10548 = VERTEX_LOOP('',#10549);
#10549 = VERTEX_POINT('',#10550);
#10550 = CARTESIAN_POINT('',(9.184850993605E-18,-2.249639673993E-33,
    -0.15));
#10551 = SPHERICAL_SURFACE('',#10552,0.15);
#10552 = AXIS2_PLACEMENT_3D('',#10553,#10554,#10555);
#10553 = CARTESIAN_POINT('',(0.,0.,0.));
#10554 = DIRECTION('',(0.,0.,1.));
#10555 = DIRECTION('',(1.,0.,-0.));
#10556 = ( GEOMETRIC_REPRESENTATION_CONTEXT(3) 
GLOBAL_UNCERTAINTY_ASSIGNED_CONTEXT((#10560)) 
GLOBAL_UNIT_ASSIGNED_CONTEXT((#10557,#10558,#10559)) 
REPRESENTATION_CONTEXT('Context #1',
  '3D Context with UNIT and UNCERTAINTY') );
#10557 = ( LENGTH_UNIT() NAMED_UNIT(*) SI_UNIT(.MILLI.,.METRE.) );
#10558 = ( NAMED_UNIT(*) PLANE_ANGLE_UNIT() SI_UNIT($,.RADIAN.) );
#10559 = ( NAMED_UNIT(*) SI_UNIT($,.STERADIAN.) SOLID_ANGLE_UNIT() );
#10560 = UNCERTAINTY_MEASURE_WITH_UNIT(LENGTH_MEASURE(1.E-07),#10557,
  'distance_accuracy_value','confusion accuracy');
#10561 = SHAPE_DEFINITION_REPRESENTATION(#10562,#10543);
#10562 = PRODUCT_DEFINITION_SHAPE('','',#10563);
#10563 = PRODUCT_DEFINITION('design','',#10564,#10567);
#10564 = PRODUCT_DEFINITION_FORMATION('','',#10565);
#10565 = PRODUCT('Y16','Y16','',(#10566));
#10566 = PRODUCT_CONTEXT('',#2,'mechanical');
#10567 = PRODUCT_DEFINITION_CONTEXT('part definition',#2,'design');
#10568 = CONTEXT_DEPENDENT_SHAPE_REPRESENTATION(#10569,#10571);
#10569 = ( REPRESENTATION_RELATIONSHIP('','',#10543,#10) 
REPRESENTATION_RELATIONSHIP_WITH_TRANSFORMATION(#10570) 
SHAPE_REPRESENTATION_RELATIONSHIP() );
#10570 = ITEM_DEFINED_TRANSFORMATION('','',#11,#1207);
#10571 = PRODUCT_DEFINITION_SHAPE('Placement','Placement of an item',
  #10572);
#10572 = NEXT_ASSEMBLY_USAGE_OCCURRENCE('299','=>[0:1:1:300]','',#5,
  #10563,$);
#10573 = PRODUCT_RELATED_PRODUCT_CATEGORY('part',$,(#10565));
#10574 = ADVANCED_BREP_SHAPE_REPRESENTATION('',(#11,#10575),#10587);
#10575 = MANIFOLD_SOLID_BREP('',#10576);
#10576 = CLOSED_SHELL('',(#10577));
#10577 = ADVANCED_FACE('',(#10578),#10582,.T.);
#10578 = FACE_BOUND('',#10579,.T.);
#10579 = VERTEX_LOOP('',#10580);
#10580 = VERTEX_POINT('',#10581);
#10581 = CARTESIAN_POINT('',(9.184850993605E-18,-2.249639673993E-33,
    -0.15));
#10582 = SPHERICAL_SURFACE('',#10583,0.15);
#10583 = AXIS2_PLACEMENT_3D('',#10584,#10585,#10586);
#10584 = CARTESIAN_POINT('',(0.,0.,0.));
#10585 = DIRECTION('',(0.,0.,1.));
#10586 = DIRECTION('',(1.,0.,-0.));
#10587 = ( GEOMETRIC_REPRESENTATION_CONTEXT(3) 
GLOBAL_UNCERTAINTY_ASSIGNED_CONTEXT((#10591)) 
GLOBAL_UNIT_ASSIGNED_CONTEXT((#10588,#10589,#10590)) 
REPRESENTATION_CONTEXT('Context #1',
  '3D Context with UNIT and UNCERTAINTY') );
#10588 = ( LENGTH_UNIT() NAMED_UNIT(*) SI_UNIT(.MILLI.,.METRE.) );
#10589 = ( NAMED_UNIT(*) PLANE_ANGLE_UNIT() SI_UNIT($,.RADIAN.) );
#10590 = ( NAMED_UNIT(*) SI_UNIT($,.STERADIAN.) SOLID_ANGLE_UNIT() );
#10591 = UNCERTAINTY_MEASURE_WITH_UNIT(LENGTH_MEASURE(1.E-07),#10588,
  'distance_accuracy_value','confusion accuracy');
#10592 = SHAPE_DEFINITION_REPRESENTATION(#10593,#10574);
#10593 = PRODUCT_DEFINITION_SHAPE('','',#10594);
#10594 = PRODUCT_DEFINITION('design','',#10595,#10598);
#10595 = PRODUCT_DEFINITION_FORMATION('','',#10596);
#10596 = PRODUCT('Y17','Y17','',(#10597));
#10597 = PRODUCT_CONTEXT('',#2,'mechanical');
#10598 = PRODUCT_DEFINITION_CONTEXT('part definition',#2,'design');
#10599 = CONTEXT_DEPENDENT_SHAPE_REPRESENTATION(#10600,#10602);
#10600 = ( REPRESENTATION_RELATIONSHIP('','',#10574,#10) 
REPRESENTATION_RELATIONSHIP_WITH_TRANSFORMATION(#10601) 
SHAPE_REPRESENTATION_RELATIONSHIP() );
#10601 = ITEM_DEFINED_TRANSFORMATION('','',#11,#1211);
#10602 = PRODUCT_DEFINITION_SHAPE('Placement','Placement of an item',
  #10603);
#10603 = NEXT_ASSEMBLY_USAGE_OCCURRENCE('300','=>[0:1:1:301]','',#5,
  #10594,$);
#10604 = PRODUCT_RELATED_PRODUCT_CATEGORY('part',$,(#10596));
#10605 = ADVANCED_BREP_SHAPE_REPRESENTATION('',(#11,#10606),#10618);
#10606 = MANIFOLD_SOLID_BREP('',#10607);
#10607 = CLOSED_SHELL('',(#10608));
#10608 = ADVANCED_FACE('',(#10609),#10613,.T.);
#10609 = FACE_BOUND('',#10610,.T.);
#10610 = VERTEX_LOOP('',#10611);
#10611 = VERTEX_POINT('',#10612);
#10612 = CARTESIAN_POINT('',(9.184850993605E-18,-2.249639673993E-33,
    -0.15));
#10613 = SPHERICAL_SURFACE('',#10614,0.15);
#10614 = AXIS2_PLACEMENT_3D('',#10615,#10616,#10617);
#10615 = CARTESIAN_POINT('',(0.,0.,0.));
#10616 = DIRECTION('',(0.,0.,1.));
#10617 = DIRECTION('',(1.,0.,-0.));
#10618 = ( GEOMETRIC_REPRESENTATION_CONTEXT(3) 
GLOBAL_UNCERTAINTY_ASSIGNED_CONTEXT((#10622)) 
GLOBAL_UNIT_ASSIGNED_CONTEXT((#10619,#10620,#10621)) 
REPRESENTATION_CONTEXT('Context #1',
  '3D Context with UNIT and UNCERTAINTY') );
#10619 = ( LENGTH_UNIT() NAMED_UNIT(*) SI_UNIT(.MILLI.,.METRE.) );
#10620 = ( NAMED_UNIT(*) PLANE_ANGLE_UNIT() SI_UNIT($,.RADIAN.) );
#10621 = ( NAMED_UNIT(*) SI_UNIT($,.STERADIAN.) SOLID_ANGLE_UNIT() );
#10622 = UNCERTAINTY_MEASURE_WITH_UNIT(LENGTH_MEASURE(1.E-07),#10619,
  'distance_accuracy_value','confusion accuracy');
#10623 = SHAPE_DEFINITION_REPRESENTATION(#10624,#10605);
#10624 = PRODUCT_DEFINITION_SHAPE('','',#10625);
#10625 = PRODUCT_DEFINITION('design','',#10626,#10629);
#10626 = PRODUCT_DEFINITION_FORMATION('','',#10627);
#10627 = PRODUCT('Y18','Y18','',(#10628));
#10628 = PRODUCT_CONTEXT('',#2,'mechanical');
#10629 = PRODUCT_DEFINITION_CONTEXT('part definition',#2,'design');
#10630 = CONTEXT_DEPENDENT_SHAPE_REPRESENTATION(#10631,#10633);
#10631 = ( REPRESENTATION_RELATIONSHIP('','',#10605,#10) 
REPRESENTATION_RELATIONSHIP_WITH_TRANSFORMATION(#10632) 
SHAPE_REPRESENTATION_RELATIONSHIP() );
#10632 = ITEM_DEFINED_TRANSFORMATION('','',#11,#1215);
#10633 = PRODUCT_DEFINITION_SHAPE('Placement','Placement of an item',
  #10634);
#10634 = NEXT_ASSEMBLY_USAGE_OCCURRENCE('301','=>[0:1:1:302]','',#5,
  #10625,$);
#10635 = PRODUCT_RELATED_PRODUCT_CATEGORY('part',$,(#10627));
#10636 = ADVANCED_BREP_SHAPE_REPRESENTATION('',(#11,#10637),#10649);
#10637 = MANIFOLD_SOLID_BREP('',#10638);
#10638 = CLOSED_SHELL('',(#10639));
#10639 = ADVANCED_FACE('',(#10640),#10644,.T.);
#10640 = FACE_BOUND('',#10641,.T.);
#10641 = VERTEX_LOOP('',#10642);
#10642 = VERTEX_POINT('',#10643);
#10643 = CARTESIAN_POINT('',(9.184850993605E-18,-2.249639673993E-33,
    -0.15));
#10644 = SPHERICAL_SURFACE('',#10645,0.15);
#10645 = AXIS2_PLACEMENT_3D('',#10646,#10647,#10648);
#10646 = CARTESIAN_POINT('',(0.,0.,0.));
#10647 = DIRECTION('',(0.,0.,1.));
#10648 = DIRECTION('',(1.,0.,-0.));
#10649 = ( GEOMETRIC_REPRESENTATION_CONTEXT(3) 
GLOBAL_UNCERTAINTY_ASSIGNED_CONTEXT((#10653)) 
GLOBAL_UNIT_ASSIGNED_CONTEXT((#10650,#10651,#10652)) 
REPRESENTATION_CONTEXT('Context #1',
  '3D Context with UNIT and UNCERTAINTY') );
#10650 = ( LENGTH_UNIT() NAMED_UNIT(*) SI_UNIT(.MILLI.,.METRE.) );
#10651 = ( NAMED_UNIT(*) PLANE_ANGLE_UNIT() SI_UNIT($,.RADIAN.) );
#10652 = ( NAMED_UNIT(*) SI_UNIT($,.STERADIAN.) SOLID_ANGLE_UNIT() );
#10653 = UNCERTAINTY_MEASURE_WITH_UNIT(LENGTH_MEASURE(1.E-07),#10650,
  'distance_accuracy_value','confusion accuracy');
#10654 = SHAPE_DEFINITION_REPRESENTATION(#10655,#10636);
#10655 = PRODUCT_DEFINITION_SHAPE('','',#10656);
#10656 = PRODUCT_DEFINITION('design','',#10657,#10660);
#10657 = PRODUCT_DEFINITION_FORMATION('','',#10658);
#10658 = PRODUCT('Y19','Y19','',(#10659));
#10659 = PRODUCT_CONTEXT('',#2,'mechanical');
#10660 = PRODUCT_DEFINITION_CONTEXT('part definition',#2,'design');
#10661 = CONTEXT_DEPENDENT_SHAPE_REPRESENTATION(#10662,#10664);
#10662 = ( REPRESENTATION_RELATIONSHIP('','',#10636,#10) 
REPRESENTATION_RELATIONSHIP_WITH_TRANSFORMATION(#10663) 
SHAPE_REPRESENTATION_RELATIONSHIP() );
#10663 = ITEM_DEFINED_TRANSFORMATION('','',#11,#1219);
#10664 = PRODUCT_DEFINITION_SHAPE('Placement','Placement of an item',
  #10665);
#10665 = NEXT_ASSEMBLY_USAGE_OCCURRENCE('302','=>[0:1:1:303]','',#5,
  #10656,$);
#10666 = PRODUCT_RELATED_PRODUCT_CATEGORY('part',$,(#10658));
#10667 = ADVANCED_BREP_SHAPE_REPRESENTATION('',(#11,#10668),#10680);
#10668 = MANIFOLD_SOLID_BREP('',#10669);
#10669 = CLOSED_SHELL('',(#10670));
#10670 = ADVANCED_FACE('',(#10671),#10675,.T.);
#10671 = FACE_BOUND('',#10672,.T.);
#10672 = VERTEX_LOOP('',#10673);
#10673 = VERTEX_POINT('',#10674);
#10674 = CARTESIAN_POINT('',(9.184850993605E-18,-2.249639673993E-33,
    -0.15));
#10675 = SPHERICAL_SURFACE('',#10676,0.15);
#10676 = AXIS2_PLACEMENT_3D('',#10677,#10678,#10679);
#10677 = CARTESIAN_POINT('',(0.,0.,0.));
#10678 = DIRECTION('',(0.,0.,1.));
#10679 = DIRECTION('',(1.,0.,-0.));
#10680 = ( GEOMETRIC_REPRESENTATION_CONTEXT(3) 
GLOBAL_UNCERTAINTY_ASSIGNED_CONTEXT((#10684)) 
GLOBAL_UNIT_ASSIGNED_CONTEXT((#10681,#10682,#10683)) 
REPRESENTATION_CONTEXT('Context #1',
  '3D Context with UNIT and UNCERTAINTY') );
#10681 = ( LENGTH_UNIT() NAMED_UNIT(*) SI_UNIT(.MILLI.,.METRE.) );
#10682 = ( NAMED_UNIT(*) PLANE_ANGLE_UNIT() SI_UNIT($,.RADIAN.) );
#10683 = ( NAMED_UNIT(*) SI_UNIT($,.STERADIAN.) SOLID_ANGLE_UNIT() );
#10684 = UNCERTAINTY_MEASURE_WITH_UNIT(LENGTH_MEASURE(1.E-07),#10681,
  'distance_accuracy_value','confusion accuracy');
#10685 = SHAPE_DEFINITION_REPRESENTATION(#10686,#10667);
#10686 = PRODUCT_DEFINITION_SHAPE('','',#10687);
#10687 = PRODUCT_DEFINITION('design','',#10688,#10691);
#10688 = PRODUCT_DEFINITION_FORMATION('','',#10689);
#10689 = PRODUCT('Y20','Y20','',(#10690));
#10690 = PRODUCT_CONTEXT('',#2,'mechanical');
#10691 = PRODUCT_DEFINITION_CONTEXT('part definition',#2,'design');
#10692 = CONTEXT_DEPENDENT_SHAPE_REPRESENTATION(#10693,#10695);
#10693 = ( REPRESENTATION_RELATIONSHIP('','',#10667,#10) 
REPRESENTATION_RELATIONSHIP_WITH_TRANSFORMATION(#10694) 
SHAPE_REPRESENTATION_RELATIONSHIP() );
#10694 = ITEM_DEFINED_TRANSFORMATION('','',#11,#1223);
#10695 = PRODUCT_DEFINITION_SHAPE('Placement','Placement of an item',
  #10696);
#10696 = NEXT_ASSEMBLY_USAGE_OCCURRENCE('303','=>[0:1:1:304]','',#5,
  #10687,$);
#10697 = PRODUCT_RELATED_PRODUCT_CATEGORY('part',$,(#10689));
#10698 = ADVANCED_BREP_SHAPE_REPRESENTATION('',(#11,#10699),#10711);
#10699 = MANIFOLD_SOLID_BREP('',#10700);
#10700 = CLOSED_SHELL('',(#10701));
#10701 = ADVANCED_FACE('',(#10702),#10706,.T.);
#10702 = FACE_BOUND('',#10703,.T.);
#10703 = VERTEX_LOOP('',#10704);
#10704 = VERTEX_POINT('',#10705);
#10705 = CARTESIAN_POINT('',(9.184850993605E-18,-2.249639673993E-33,
    -0.15));
#10706 = SPHERICAL_SURFACE('',#10707,0.15);
#10707 = AXIS2_PLACEMENT_3D('',#10708,#10709,#10710);
#10708 = CARTESIAN_POINT('',(0.,0.,0.));
#10709 = DIRECTION('',(0.,0.,1.));
#10710 = DIRECTION('',(1.,0.,-0.));
#10711 = ( GEOMETRIC_REPRESENTATION_CONTEXT(3) 
GLOBAL_UNCERTAINTY_ASSIGNED_CONTEXT((#10715)) 
GLOBAL_UNIT_ASSIGNED_CONTEXT((#10712,#10713,#10714)) 
REPRESENTATION_CONTEXT('Context #1',
  '3D Context with UNIT and UNCERTAINTY') );
#10712 = ( LENGTH_UNIT() NAMED_UNIT(*) SI_UNIT(.MILLI.,.METRE.) );
#10713 = ( NAMED_UNIT(*) PLANE_ANGLE_UNIT() SI_UNIT($,.RADIAN.) );
#10714 = ( NAMED_UNIT(*) SI_UNIT($,.STERADIAN.) SOLID_ANGLE_UNIT() );
#10715 = UNCERTAINTY_MEASURE_WITH_UNIT(LENGTH_MEASURE(1.E-07),#10712,
  'distance_accuracy_value','confusion accuracy');
#10716 = SHAPE_DEFINITION_REPRESENTATION(#10717,#10698);
#10717 = PRODUCT_DEFINITION_SHAPE('','',#10718);
#10718 = PRODUCT_DEFINITION('design','',#10719,#10722);
#10719 = PRODUCT_DEFINITION_FORMATION('','',#10720);
#10720 = PRODUCT('Y21','Y21','',(#10721));
#10721 = PRODUCT_CONTEXT('',#2,'mechanical');
#10722 = PRODUCT_DEFINITION_CONTEXT('part definition',#2,'design');
#10723 = CONTEXT_DEPENDENT_SHAPE_REPRESENTATION(#10724,#10726);
#10724 = ( REPRESENTATION_RELATIONSHIP('','',#10698,#10) 
REPRESENTATION_RELATIONSHIP_WITH_TRANSFORMATION(#10725) 
SHAPE_REPRESENTATION_RELATIONSHIP() );
#10725 = ITEM_DEFINED_TRANSFORMATION('','',#11,#1227);
#10726 = PRODUCT_DEFINITION_SHAPE('Placement','Placement of an item',
  #10727);
#10727 = NEXT_ASSEMBLY_USAGE_OCCURRENCE('304','=>[0:1:1:305]','',#5,
  #10718,$);
#10728 = PRODUCT_RELATED_PRODUCT_CATEGORY('part',$,(#10720));
#10729 = ADVANCED_BREP_SHAPE_REPRESENTATION('',(#11,#10730),#10742);
#10730 = MANIFOLD_SOLID_BREP('',#10731);
#10731 = CLOSED_SHELL('',(#10732));
#10732 = ADVANCED_FACE('',(#10733),#10737,.T.);
#10733 = FACE_BOUND('',#10734,.T.);
#10734 = VERTEX_LOOP('',#10735);
#10735 = VERTEX_POINT('',#10736);
#10736 = CARTESIAN_POINT('',(9.184850993605E-18,-2.249639673993E-33,
    -0.15));
#10737 = SPHERICAL_SURFACE('',#10738,0.15);
#10738 = AXIS2_PLACEMENT_3D('',#10739,#10740,#10741);
#10739 = CARTESIAN_POINT('',(0.,0.,0.));
#10740 = DIRECTION('',(0.,0.,1.));
#10741 = DIRECTION('',(1.,0.,-0.));
#10742 = ( GEOMETRIC_REPRESENTATION_CONTEXT(3) 
GLOBAL_UNCERTAINTY_ASSIGNED_CONTEXT((#10746)) 
GLOBAL_UNIT_ASSIGNED_CONTEXT((#10743,#10744,#10745)) 
REPRESENTATION_CONTEXT('Context #1',
  '3D Context with UNIT and UNCERTAINTY') );
#10743 = ( LENGTH_UNIT() NAMED_UNIT(*) SI_UNIT(.MILLI.,.METRE.) );
#10744 = ( NAMED_UNIT(*) PLANE_ANGLE_UNIT() SI_UNIT($,.RADIAN.) );
#10745 = ( NAMED_UNIT(*) SI_UNIT($,.STERADIAN.) SOLID_ANGLE_UNIT() );
#10746 = UNCERTAINTY_MEASURE_WITH_UNIT(LENGTH_MEASURE(1.E-07),#10743,
  'distance_accuracy_value','confusion accuracy');
#10747 = SHAPE_DEFINITION_REPRESENTATION(#10748,#10729);
#10748 = PRODUCT_DEFINITION_SHAPE('','',#10749);
#10749 = PRODUCT_DEFINITION('design','',#10750,#10753);
#10750 = PRODUCT_DEFINITION_FORMATION('','',#10751);
#10751 = PRODUCT('AA1','AA1','',(#10752));
#10752 = PRODUCT_CONTEXT('',#2,'mechanical');
#10753 = PRODUCT_DEFINITION_CONTEXT('part definition',#2,'design');
#10754 = CONTEXT_DEPENDENT_SHAPE_REPRESENTATION(#10755,#10757);
#10755 = ( REPRESENTATION_RELATIONSHIP('','',#10729,#10) 
REPRESENTATION_RELATIONSHIP_WITH_TRANSFORMATION(#10756) 
SHAPE_REPRESENTATION_RELATIONSHIP() );
#10756 = ITEM_DEFINED_TRANSFORMATION('','',#11,#1231);
#10757 = PRODUCT_DEFINITION_SHAPE('Placement','Placement of an item',
  #10758);
#10758 = NEXT_ASSEMBLY_USAGE_OCCURRENCE('305','=>[0:1:1:306]','',#5,
  #10749,$);
#10759 = PRODUCT_RELATED_PRODUCT_CATEGORY('part',$,(#10751));
#10760 = ADVANCED_BREP_SHAPE_REPRESENTATION('',(#11,#10761),#10773);
#10761 = MANIFOLD_SOLID_BREP('',#10762);
#10762 = CLOSED_SHELL('',(#10763));
#10763 = ADVANCED_FACE('',(#10764),#10768,.T.);
#10764 = FACE_BOUND('',#10765,.T.);
#10765 = VERTEX_LOOP('',#10766);
#10766 = VERTEX_POINT('',#10767);
#10767 = CARTESIAN_POINT('',(9.184850993605E-18,-2.249639673993E-33,
    -0.15));
#10768 = SPHERICAL_SURFACE('',#10769,0.15);
#10769 = AXIS2_PLACEMENT_3D('',#10770,#10771,#10772);
#10770 = CARTESIAN_POINT('',(0.,0.,0.));
#10771 = DIRECTION('',(0.,0.,1.));
#10772 = DIRECTION('',(1.,0.,-0.));
#10773 = ( GEOMETRIC_REPRESENTATION_CONTEXT(3) 
GLOBAL_UNCERTAINTY_ASSIGNED_CONTEXT((#10777)) 
GLOBAL_UNIT_ASSIGNED_CONTEXT((#10774,#10775,#10776)) 
REPRESENTATION_CONTEXT('Context #1',
  '3D Context with UNIT and UNCERTAINTY') );
#10774 = ( LENGTH_UNIT() NAMED_UNIT(*) SI_UNIT(.MILLI.,.METRE.) );
#10775 = ( NAMED_UNIT(*) PLANE_ANGLE_UNIT() SI_UNIT($,.RADIAN.) );
#10776 = ( NAMED_UNIT(*) SI_UNIT($,.STERADIAN.) SOLID_ANGLE_UNIT() );
#10777 = UNCERTAINTY_MEASURE_WITH_UNIT(LENGTH_MEASURE(1.E-07),#10774,
  'distance_accuracy_value','confusion accuracy');
#10778 = SHAPE_DEFINITION_REPRESENTATION(#10779,#10760);
#10779 = PRODUCT_DEFINITION_SHAPE('','',#10780);
#10780 = PRODUCT_DEFINITION('design','',#10781,#10784);
#10781 = PRODUCT_DEFINITION_FORMATION('','',#10782);
#10782 = PRODUCT('AA2','AA2','',(#10783));
#10783 = PRODUCT_CONTEXT('',#2,'mechanical');
#10784 = PRODUCT_DEFINITION_CONTEXT('part definition',#2,'design');
#10785 = CONTEXT_DEPENDENT_SHAPE_REPRESENTATION(#10786,#10788);
#10786 = ( REPRESENTATION_RELATIONSHIP('','',#10760,#10) 
REPRESENTATION_RELATIONSHIP_WITH_TRANSFORMATION(#10787) 
SHAPE_REPRESENTATION_RELATIONSHIP() );
#10787 = ITEM_DEFINED_TRANSFORMATION('','',#11,#1235);
#10788 = PRODUCT_DEFINITION_SHAPE('Placement','Placement of an item',
  #10789);
#10789 = NEXT_ASSEMBLY_USAGE_OCCURRENCE('306','=>[0:1:1:307]','',#5,
  #10780,$);
#10790 = PRODUCT_RELATED_PRODUCT_CATEGORY('part',$,(#10782));
#10791 = ADVANCED_BREP_SHAPE_REPRESENTATION('',(#11,#10792),#10804);
#10792 = MANIFOLD_SOLID_BREP('',#10793);
#10793 = CLOSED_SHELL('',(#10794));
#10794 = ADVANCED_FACE('',(#10795),#10799,.T.);
#10795 = FACE_BOUND('',#10796,.T.);
#10796 = VERTEX_LOOP('',#10797);
#10797 = VERTEX_POINT('',#10798);
#10798 = CARTESIAN_POINT('',(9.184850993605E-18,-2.249639673993E-33,
    -0.15));
#10799 = SPHERICAL_SURFACE('',#10800,0.15);
#10800 = AXIS2_PLACEMENT_3D('',#10801,#10802,#10803);
#10801 = CARTESIAN_POINT('',(0.,0.,0.));
#10802 = DIRECTION('',(0.,0.,1.));
#10803 = DIRECTION('',(1.,0.,-0.));
#10804 = ( GEOMETRIC_REPRESENTATION_CONTEXT(3) 
GLOBAL_UNCERTAINTY_ASSIGNED_CONTEXT((#10808)) 
GLOBAL_UNIT_ASSIGNED_CONTEXT((#10805,#10806,#10807)) 
REPRESENTATION_CONTEXT('Context #1',
  '3D Context with UNIT and UNCERTAINTY') );
#10805 = ( LENGTH_UNIT() NAMED_UNIT(*) SI_UNIT(.MILLI.,.METRE.) );
#10806 = ( NAMED_UNIT(*) PLANE_ANGLE_UNIT() SI_UNIT($,.RADIAN.) );
#10807 = ( NAMED_UNIT(*) SI_UNIT($,.STERADIAN.) SOLID_ANGLE_UNIT() );
#10808 = UNCERTAINTY_MEASURE_WITH_UNIT(LENGTH_MEASURE(1.E-07),#10805,
  'distance_accuracy_value','confusion accuracy');
#10809 = SHAPE_DEFINITION_REPRESENTATION(#10810,#10791);
#10810 = PRODUCT_DEFINITION_SHAPE('','',#10811);
#10811 = PRODUCT_DEFINITION('design','',#10812,#10815);
#10812 = PRODUCT_DEFINITION_FORMATION('','',#10813);
#10813 = PRODUCT('AA3','AA3','',(#10814));
#10814 = PRODUCT_CONTEXT('',#2,'mechanical');
#10815 = PRODUCT_DEFINITION_CONTEXT('part definition',#2,'design');
#10816 = CONTEXT_DEPENDENT_SHAPE_REPRESENTATION(#10817,#10819);
#10817 = ( REPRESENTATION_RELATIONSHIP('','',#10791,#10) 
REPRESENTATION_RELATIONSHIP_WITH_TRANSFORMATION(#10818) 
SHAPE_REPRESENTATION_RELATIONSHIP() );
#10818 = ITEM_DEFINED_TRANSFORMATION('','',#11,#1239);
#10819 = PRODUCT_DEFINITION_SHAPE('Placement','Placement of an item',
  #10820);
#10820 = NEXT_ASSEMBLY_USAGE_OCCURRENCE('307','=>[0:1:1:308]','',#5,
  #10811,$);
#10821 = PRODUCT_RELATED_PRODUCT_CATEGORY('part',$,(#10813));
#10822 = ADVANCED_BREP_SHAPE_REPRESENTATION('',(#11,#10823),#10835);
#10823 = MANIFOLD_SOLID_BREP('',#10824);
#10824 = CLOSED_SHELL('',(#10825));
#10825 = ADVANCED_FACE('',(#10826),#10830,.T.);
#10826 = FACE_BOUND('',#10827,.T.);
#10827 = VERTEX_LOOP('',#10828);
#10828 = VERTEX_POINT('',#10829);
#10829 = CARTESIAN_POINT('',(9.184850993605E-18,-2.249639673993E-33,
    -0.15));
#10830 = SPHERICAL_SURFACE('',#10831,0.15);
#10831 = AXIS2_PLACEMENT_3D('',#10832,#10833,#10834);
#10832 = CARTESIAN_POINT('',(0.,0.,0.));
#10833 = DIRECTION('',(0.,0.,1.));
#10834 = DIRECTION('',(1.,0.,-0.));
#10835 = ( GEOMETRIC_REPRESENTATION_CONTEXT(3) 
GLOBAL_UNCERTAINTY_ASSIGNED_CONTEXT((#10839)) 
GLOBAL_UNIT_ASSIGNED_CONTEXT((#10836,#10837,#10838)) 
REPRESENTATION_CONTEXT('Context #1',
  '3D Context with UNIT and UNCERTAINTY') );
#10836 = ( LENGTH_UNIT() NAMED_UNIT(*) SI_UNIT(.MILLI.,.METRE.) );
#10837 = ( NAMED_UNIT(*) PLANE_ANGLE_UNIT() SI_UNIT($,.RADIAN.) );
#10838 = ( NAMED_UNIT(*) SI_UNIT($,.STERADIAN.) SOLID_ANGLE_UNIT() );
#10839 = UNCERTAINTY_MEASURE_WITH_UNIT(LENGTH_MEASURE(1.E-07),#10836,
  'distance_accuracy_value','confusion accuracy');
#10840 = SHAPE_DEFINITION_REPRESENTATION(#10841,#10822);
#10841 = PRODUCT_DEFINITION_SHAPE('','',#10842);
#10842 = PRODUCT_DEFINITION('design','',#10843,#10846);
#10843 = PRODUCT_DEFINITION_FORMATION('','',#10844);
#10844 = PRODUCT('AA4','AA4','',(#10845));
#10845 = PRODUCT_CONTEXT('',#2,'mechanical');
#10846 = PRODUCT_DEFINITION_CONTEXT('part definition',#2,'design');
#10847 = CONTEXT_DEPENDENT_SHAPE_REPRESENTATION(#10848,#10850);
#10848 = ( REPRESENTATION_RELATIONSHIP('','',#10822,#10) 
REPRESENTATION_RELATIONSHIP_WITH_TRANSFORMATION(#10849) 
SHAPE_REPRESENTATION_RELATIONSHIP() );
#10849 = ITEM_DEFINED_TRANSFORMATION('','',#11,#1243);
#10850 = PRODUCT_DEFINITION_SHAPE('Placement','Placement of an item',
  #10851);
#10851 = NEXT_ASSEMBLY_USAGE_OCCURRENCE('308','=>[0:1:1:309]','',#5,
  #10842,$);
#10852 = PRODUCT_RELATED_PRODUCT_CATEGORY('part',$,(#10844));
#10853 = ADVANCED_BREP_SHAPE_REPRESENTATION('',(#11,#10854),#10866);
#10854 = MANIFOLD_SOLID_BREP('',#10855);
#10855 = CLOSED_SHELL('',(#10856));
#10856 = ADVANCED_FACE('',(#10857),#10861,.T.);
#10857 = FACE_BOUND('',#10858,.T.);
#10858 = VERTEX_LOOP('',#10859);
#10859 = VERTEX_POINT('',#10860);
#10860 = CARTESIAN_POINT('',(9.184850993605E-18,-2.249639673993E-33,
    -0.15));
#10861 = SPHERICAL_SURFACE('',#10862,0.15);
#10862 = AXIS2_PLACEMENT_3D('',#10863,#10864,#10865);
#10863 = CARTESIAN_POINT('',(0.,0.,0.));
#10864 = DIRECTION('',(0.,0.,1.));
#10865 = DIRECTION('',(1.,0.,-0.));
#10866 = ( GEOMETRIC_REPRESENTATION_CONTEXT(3) 
GLOBAL_UNCERTAINTY_ASSIGNED_CONTEXT((#10870)) 
GLOBAL_UNIT_ASSIGNED_CONTEXT((#10867,#10868,#10869)) 
REPRESENTATION_CONTEXT('Context #1',
  '3D Context with UNIT and UNCERTAINTY') );
#10867 = ( LENGTH_UNIT() NAMED_UNIT(*) SI_UNIT(.MILLI.,.METRE.) );
#10868 = ( NAMED_UNIT(*) PLANE_ANGLE_UNIT() SI_UNIT($,.RADIAN.) );
#10869 = ( NAMED_UNIT(*) SI_UNIT($,.STERADIAN.) SOLID_ANGLE_UNIT() );
#10870 = UNCERTAINTY_MEASURE_WITH_UNIT(LENGTH_MEASURE(1.E-07),#10867,
  'distance_accuracy_value','confusion accuracy');
#10871 = SHAPE_DEFINITION_REPRESENTATION(#10872,#10853);
#10872 = PRODUCT_DEFINITION_SHAPE('','',#10873);
#10873 = PRODUCT_DEFINITION('design','',#10874,#10877);
#10874 = PRODUCT_DEFINITION_FORMATION('','',#10875);
#10875 = PRODUCT('AA6','AA6','',(#10876));
#10876 = PRODUCT_CONTEXT('',#2,'mechanical');
#10877 = PRODUCT_DEFINITION_CONTEXT('part definition',#2,'design');
#10878 = CONTEXT_DEPENDENT_SHAPE_REPRESENTATION(#10879,#10881);
#10879 = ( REPRESENTATION_RELATIONSHIP('','',#10853,#10) 
REPRESENTATION_RELATIONSHIP_WITH_TRANSFORMATION(#10880) 
SHAPE_REPRESENTATION_RELATIONSHIP() );
#10880 = ITEM_DEFINED_TRANSFORMATION('','',#11,#1247);
#10881 = PRODUCT_DEFINITION_SHAPE('Placement','Placement of an item',
  #10882);
#10882 = NEXT_ASSEMBLY_USAGE_OCCURRENCE('309','=>[0:1:1:310]','',#5,
  #10873,$);
#10883 = PRODUCT_RELATED_PRODUCT_CATEGORY('part',$,(#10875));
#10884 = ADVANCED_BREP_SHAPE_REPRESENTATION('',(#11,#10885),#10897);
#10885 = MANIFOLD_SOLID_BREP('',#10886);
#10886 = CLOSED_SHELL('',(#10887));
#10887 = ADVANCED_FACE('',(#10888),#10892,.T.);
#10888 = FACE_BOUND('',#10889,.T.);
#10889 = VERTEX_LOOP('',#10890);
#10890 = VERTEX_POINT('',#10891);
#10891 = CARTESIAN_POINT('',(9.184850993605E-18,-2.249639673993E-33,
    -0.15));
#10892 = SPHERICAL_SURFACE('',#10893,0.15);
#10893 = AXIS2_PLACEMENT_3D('',#10894,#10895,#10896);
#10894 = CARTESIAN_POINT('',(0.,0.,0.));
#10895 = DIRECTION('',(0.,0.,1.));
#10896 = DIRECTION('',(1.,0.,-0.));
#10897 = ( GEOMETRIC_REPRESENTATION_CONTEXT(3) 
GLOBAL_UNCERTAINTY_ASSIGNED_CONTEXT((#10901)) 
GLOBAL_UNIT_ASSIGNED_CONTEXT((#10898,#10899,#10900)) 
REPRESENTATION_CONTEXT('Context #1',
  '3D Context with UNIT and UNCERTAINTY') );
#10898 = ( LENGTH_UNIT() NAMED_UNIT(*) SI_UNIT(.MILLI.,.METRE.) );
#10899 = ( NAMED_UNIT(*) PLANE_ANGLE_UNIT() SI_UNIT($,.RADIAN.) );
#10900 = ( NAMED_UNIT(*) SI_UNIT($,.STERADIAN.) SOLID_ANGLE_UNIT() );
#10901 = UNCERTAINTY_MEASURE_WITH_UNIT(LENGTH_MEASURE(1.E-07),#10898,
  'distance_accuracy_value','confusion accuracy');
#10902 = SHAPE_DEFINITION_REPRESENTATION(#10903,#10884);
#10903 = PRODUCT_DEFINITION_SHAPE('','',#10904);
#10904 = PRODUCT_DEFINITION('design','',#10905,#10908);
#10905 = PRODUCT_DEFINITION_FORMATION('','',#10906);
#10906 = PRODUCT('AA7','AA7','',(#10907));
#10907 = PRODUCT_CONTEXT('',#2,'mechanical');
#10908 = PRODUCT_DEFINITION_CONTEXT('part definition',#2,'design');
#10909 = CONTEXT_DEPENDENT_SHAPE_REPRESENTATION(#10910,#10912);
#10910 = ( REPRESENTATION_RELATIONSHIP('','',#10884,#10) 
REPRESENTATION_RELATIONSHIP_WITH_TRANSFORMATION(#10911) 
SHAPE_REPRESENTATION_RELATIONSHIP() );
#10911 = ITEM_DEFINED_TRANSFORMATION('','',#11,#1251);
#10912 = PRODUCT_DEFINITION_SHAPE('Placement','Placement of an item',
  #10913);
#10913 = NEXT_ASSEMBLY_USAGE_OCCURRENCE('310','=>[0:1:1:311]','',#5,
  #10904,$);
#10914 = PRODUCT_RELATED_PRODUCT_CATEGORY('part',$,(#10906));
#10915 = ADVANCED_BREP_SHAPE_REPRESENTATION('',(#11,#10916),#10928);
#10916 = MANIFOLD_SOLID_BREP('',#10917);
#10917 = CLOSED_SHELL('',(#10918));
#10918 = ADVANCED_FACE('',(#10919),#10923,.T.);
#10919 = FACE_BOUND('',#10920,.T.);
#10920 = VERTEX_LOOP('',#10921);
#10921 = VERTEX_POINT('',#10922);
#10922 = CARTESIAN_POINT('',(9.184850993605E-18,-2.249639673993E-33,
    -0.15));
#10923 = SPHERICAL_SURFACE('',#10924,0.15);
#10924 = AXIS2_PLACEMENT_3D('',#10925,#10926,#10927);
#10925 = CARTESIAN_POINT('',(0.,0.,0.));
#10926 = DIRECTION('',(0.,0.,1.));
#10927 = DIRECTION('',(1.,0.,-0.));
#10928 = ( GEOMETRIC_REPRESENTATION_CONTEXT(3) 
GLOBAL_UNCERTAINTY_ASSIGNED_CONTEXT((#10932)) 
GLOBAL_UNIT_ASSIGNED_CONTEXT((#10929,#10930,#10931)) 
REPRESENTATION_CONTEXT('Context #1',
  '3D Context with UNIT and UNCERTAINTY') );
#10929 = ( LENGTH_UNIT() NAMED_UNIT(*) SI_UNIT(.MILLI.,.METRE.) );
#10930 = ( NAMED_UNIT(*) PLANE_ANGLE_UNIT() SI_UNIT($,.RADIAN.) );
#10931 = ( NAMED_UNIT(*) SI_UNIT($,.STERADIAN.) SOLID_ANGLE_UNIT() );
#10932 = UNCERTAINTY_MEASURE_WITH_UNIT(LENGTH_MEASURE(1.E-07),#10929,
  'distance_accuracy_value','confusion accuracy');
#10933 = SHAPE_DEFINITION_REPRESENTATION(#10934,#10915);
#10934 = PRODUCT_DEFINITION_SHAPE('','',#10935);
#10935 = PRODUCT_DEFINITION('design','',#10936,#10939);
#10936 = PRODUCT_DEFINITION_FORMATION('','',#10937);
#10937 = PRODUCT('AA9','AA9','',(#10938));
#10938 = PRODUCT_CONTEXT('',#2,'mechanical');
#10939 = PRODUCT_DEFINITION_CONTEXT('part definition',#2,'design');
#10940 = CONTEXT_DEPENDENT_SHAPE_REPRESENTATION(#10941,#10943);
#10941 = ( REPRESENTATION_RELATIONSHIP('','',#10915,#10) 
REPRESENTATION_RELATIONSHIP_WITH_TRANSFORMATION(#10942) 
SHAPE_REPRESENTATION_RELATIONSHIP() );
#10942 = ITEM_DEFINED_TRANSFORMATION('','',#11,#1255);
#10943 = PRODUCT_DEFINITION_SHAPE('Placement','Placement of an item',
  #10944);
#10944 = NEXT_ASSEMBLY_USAGE_OCCURRENCE('311','=>[0:1:1:312]','',#5,
  #10935,$);
#10945 = PRODUCT_RELATED_PRODUCT_CATEGORY('part',$,(#10937));
#10946 = ADVANCED_BREP_SHAPE_REPRESENTATION('',(#11,#10947),#10959);
#10947 = MANIFOLD_SOLID_BREP('',#10948);
#10948 = CLOSED_SHELL('',(#10949));
#10949 = ADVANCED_FACE('',(#10950),#10954,.T.);
#10950 = FACE_BOUND('',#10951,.T.);
#10951 = VERTEX_LOOP('',#10952);
#10952 = VERTEX_POINT('',#10953);
#10953 = CARTESIAN_POINT('',(9.184850993605E-18,-2.249639673993E-33,
    -0.15));
#10954 = SPHERICAL_SURFACE('',#10955,0.15);
#10955 = AXIS2_PLACEMENT_3D('',#10956,#10957,#10958);
#10956 = CARTESIAN_POINT('',(0.,0.,0.));
#10957 = DIRECTION('',(0.,0.,1.));
#10958 = DIRECTION('',(1.,0.,-0.));
#10959 = ( GEOMETRIC_REPRESENTATION_CONTEXT(3) 
GLOBAL_UNCERTAINTY_ASSIGNED_CONTEXT((#10963)) 
GLOBAL_UNIT_ASSIGNED_CONTEXT((#10960,#10961,#10962)) 
REPRESENTATION_CONTEXT('Context #1',
  '3D Context with UNIT and UNCERTAINTY') );
#10960 = ( LENGTH_UNIT() NAMED_UNIT(*) SI_UNIT(.MILLI.,.METRE.) );
#10961 = ( NAMED_UNIT(*) PLANE_ANGLE_UNIT() SI_UNIT($,.RADIAN.) );
#10962 = ( NAMED_UNIT(*) SI_UNIT($,.STERADIAN.) SOLID_ANGLE_UNIT() );
#10963 = UNCERTAINTY_MEASURE_WITH_UNIT(LENGTH_MEASURE(1.E-07),#10960,
  'distance_accuracy_value','confusion accuracy');
#10964 = SHAPE_DEFINITION_REPRESENTATION(#10965,#10946);
#10965 = PRODUCT_DEFINITION_SHAPE('','',#10966);
#10966 = PRODUCT_DEFINITION('design','',#10967,#10970);
#10967 = PRODUCT_DEFINITION_FORMATION('','',#10968);
#10968 = PRODUCT('AA10','AA10','',(#10969));
#10969 = PRODUCT_CONTEXT('',#2,'mechanical');
#10970 = PRODUCT_DEFINITION_CONTEXT('part definition',#2,'design');
#10971 = CONTEXT_DEPENDENT_SHAPE_REPRESENTATION(#10972,#10974);
#10972 = ( REPRESENTATION_RELATIONSHIP('','',#10946,#10) 
REPRESENTATION_RELATIONSHIP_WITH_TRANSFORMATION(#10973) 
SHAPE_REPRESENTATION_RELATIONSHIP() );
#10973 = ITEM_DEFINED_TRANSFORMATION('','',#11,#1259);
#10974 = PRODUCT_DEFINITION_SHAPE('Placement','Placement of an item',
  #10975);
#10975 = NEXT_ASSEMBLY_USAGE_OCCURRENCE('312','=>[0:1:1:313]','',#5,
  #10966,$);
#10976 = PRODUCT_RELATED_PRODUCT_CATEGORY('part',$,(#10968));
#10977 = ADVANCED_BREP_SHAPE_REPRESENTATION('',(#11,#10978),#10990);
#10978 = MANIFOLD_SOLID_BREP('',#10979);
#10979 = CLOSED_SHELL('',(#10980));
#10980 = ADVANCED_FACE('',(#10981),#10985,.T.);
#10981 = FACE_BOUND('',#10982,.T.);
#10982 = VERTEX_LOOP('',#10983);
#10983 = VERTEX_POINT('',#10984);
#10984 = CARTESIAN_POINT('',(9.184850993605E-18,-2.249639673993E-33,
    -0.15));
#10985 = SPHERICAL_SURFACE('',#10986,0.15);
#10986 = AXIS2_PLACEMENT_3D('',#10987,#10988,#10989);
#10987 = CARTESIAN_POINT('',(0.,0.,0.));
#10988 = DIRECTION('',(0.,0.,1.));
#10989 = DIRECTION('',(1.,0.,-0.));
#10990 = ( GEOMETRIC_REPRESENTATION_CONTEXT(3) 
GLOBAL_UNCERTAINTY_ASSIGNED_CONTEXT((#10994)) 
GLOBAL_UNIT_ASSIGNED_CONTEXT((#10991,#10992,#10993)) 
REPRESENTATION_CONTEXT('Context #1',
  '3D Context with UNIT and UNCERTAINTY') );
#10991 = ( LENGTH_UNIT() NAMED_UNIT(*) SI_UNIT(.MILLI.,.METRE.) );
#10992 = ( NAMED_UNIT(*) PLANE_ANGLE_UNIT() SI_UNIT($,.RADIAN.) );
#10993 = ( NAMED_UNIT(*) SI_UNIT($,.STERADIAN.) SOLID_ANGLE_UNIT() );
#10994 = UNCERTAINTY_MEASURE_WITH_UNIT(LENGTH_MEASURE(1.E-07),#10991,
  'distance_accuracy_value','confusion accuracy');
#10995 = SHAPE_DEFINITION_REPRESENTATION(#10996,#10977);
#10996 = PRODUCT_DEFINITION_SHAPE('','',#10997);
#10997 = PRODUCT_DEFINITION('design','',#10998,#11001);
#10998 = PRODUCT_DEFINITION_FORMATION('','',#10999);
#10999 = PRODUCT('AA12','AA12','',(#11000));
#11000 = PRODUCT_CONTEXT('',#2,'mechanical');
#11001 = PRODUCT_DEFINITION_CONTEXT('part definition',#2,'design');
#11002 = CONTEXT_DEPENDENT_SHAPE_REPRESENTATION(#11003,#11005);
#11003 = ( REPRESENTATION_RELATIONSHIP('','',#10977,#10) 
REPRESENTATION_RELATIONSHIP_WITH_TRANSFORMATION(#11004) 
SHAPE_REPRESENTATION_RELATIONSHIP() );
#11004 = ITEM_DEFINED_TRANSFORMATION('','',#11,#1263);
#11005 = PRODUCT_DEFINITION_SHAPE('Placement','Placement of an item',
  #11006);
#11006 = NEXT_ASSEMBLY_USAGE_OCCURRENCE('313','=>[0:1:1:314]','',#5,
  #10997,$);
#11007 = PRODUCT_RELATED_PRODUCT_CATEGORY('part',$,(#10999));
#11008 = ADVANCED_BREP_SHAPE_REPRESENTATION('',(#11,#11009),#11021);
#11009 = MANIFOLD_SOLID_BREP('',#11010);
#11010 = CLOSED_SHELL('',(#11011));
#11011 = ADVANCED_FACE('',(#11012),#11016,.T.);
#11012 = FACE_BOUND('',#11013,.T.);
#11013 = VERTEX_LOOP('',#11014);
#11014 = VERTEX_POINT('',#11015);
#11015 = CARTESIAN_POINT('',(9.184850993605E-18,-2.249639673993E-33,
    -0.15));
#11016 = SPHERICAL_SURFACE('',#11017,0.15);
#11017 = AXIS2_PLACEMENT_3D('',#11018,#11019,#11020);
#11018 = CARTESIAN_POINT('',(0.,0.,0.));
#11019 = DIRECTION('',(0.,0.,1.));
#11020 = DIRECTION('',(1.,0.,-0.));
#11021 = ( GEOMETRIC_REPRESENTATION_CONTEXT(3) 
GLOBAL_UNCERTAINTY_ASSIGNED_CONTEXT((#11025)) 
GLOBAL_UNIT_ASSIGNED_CONTEXT((#11022,#11023,#11024)) 
REPRESENTATION_CONTEXT('Context #1',
  '3D Context with UNIT and UNCERTAINTY') );
#11022 = ( LENGTH_UNIT() NAMED_UNIT(*) SI_UNIT(.MILLI.,.METRE.) );
#11023 = ( NAMED_UNIT(*) PLANE_ANGLE_UNIT() SI_UNIT($,.RADIAN.) );
#11024 = ( NAMED_UNIT(*) SI_UNIT($,.STERADIAN.) SOLID_ANGLE_UNIT() );
#11025 = UNCERTAINTY_MEASURE_WITH_UNIT(LENGTH_MEASURE(1.E-07),#11022,
  'distance_accuracy_value','confusion accuracy');
#11026 = SHAPE_DEFINITION_REPRESENTATION(#11027,#11008);
#11027 = PRODUCT_DEFINITION_SHAPE('','',#11028);
#11028 = PRODUCT_DEFINITION('design','',#11029,#11032);
#11029 = PRODUCT_DEFINITION_FORMATION('','',#11030);
#11030 = PRODUCT('AA13','AA13','',(#11031));
#11031 = PRODUCT_CONTEXT('',#2,'mechanical');
#11032 = PRODUCT_DEFINITION_CONTEXT('part definition',#2,'design');
#11033 = CONTEXT_DEPENDENT_SHAPE_REPRESENTATION(#11034,#11036);
#11034 = ( REPRESENTATION_RELATIONSHIP('','',#11008,#10) 
REPRESENTATION_RELATIONSHIP_WITH_TRANSFORMATION(#11035) 
SHAPE_REPRESENTATION_RELATIONSHIP() );
#11035 = ITEM_DEFINED_TRANSFORMATION('','',#11,#1267);
#11036 = PRODUCT_DEFINITION_SHAPE('Placement','Placement of an item',
  #11037);
#11037 = NEXT_ASSEMBLY_USAGE_OCCURRENCE('314','=>[0:1:1:315]','',#5,
  #11028,$);
#11038 = PRODUCT_RELATED_PRODUCT_CATEGORY('part',$,(#11030));
#11039 = ADVANCED_BREP_SHAPE_REPRESENTATION('',(#11,#11040),#11052);
#11040 = MANIFOLD_SOLID_BREP('',#11041);
#11041 = CLOSED_SHELL('',(#11042));
#11042 = ADVANCED_FACE('',(#11043),#11047,.T.);
#11043 = FACE_BOUND('',#11044,.T.);
#11044 = VERTEX_LOOP('',#11045);
#11045 = VERTEX_POINT('',#11046);
#11046 = CARTESIAN_POINT('',(9.184850993605E-18,-2.249639673993E-33,
    -0.15));
#11047 = SPHERICAL_SURFACE('',#11048,0.15);
#11048 = AXIS2_PLACEMENT_3D('',#11049,#11050,#11051);
#11049 = CARTESIAN_POINT('',(0.,0.,0.));
#11050 = DIRECTION('',(0.,0.,1.));
#11051 = DIRECTION('',(1.,0.,-0.));
#11052 = ( GEOMETRIC_REPRESENTATION_CONTEXT(3) 
GLOBAL_UNCERTAINTY_ASSIGNED_CONTEXT((#11056)) 
GLOBAL_UNIT_ASSIGNED_CONTEXT((#11053,#11054,#11055)) 
REPRESENTATION_CONTEXT('Context #1',
  '3D Context with UNIT and UNCERTAINTY') );
#11053 = ( LENGTH_UNIT() NAMED_UNIT(*) SI_UNIT(.MILLI.,.METRE.) );
#11054 = ( NAMED_UNIT(*) PLANE_ANGLE_UNIT() SI_UNIT($,.RADIAN.) );
#11055 = ( NAMED_UNIT(*) SI_UNIT($,.STERADIAN.) SOLID_ANGLE_UNIT() );
#11056 = UNCERTAINTY_MEASURE_WITH_UNIT(LENGTH_MEASURE(1.E-07),#11053,
  'distance_accuracy_value','confusion accuracy');
#11057 = SHAPE_DEFINITION_REPRESENTATION(#11058,#11039);
#11058 = PRODUCT_DEFINITION_SHAPE('','',#11059);
#11059 = PRODUCT_DEFINITION('design','',#11060,#11063);
#11060 = PRODUCT_DEFINITION_FORMATION('','',#11061);
#11061 = PRODUCT('AA15','AA15','',(#11062));
#11062 = PRODUCT_CONTEXT('',#2,'mechanical');
#11063 = PRODUCT_DEFINITION_CONTEXT('part definition',#2,'design');
#11064 = CONTEXT_DEPENDENT_SHAPE_REPRESENTATION(#11065,#11067);
#11065 = ( REPRESENTATION_RELATIONSHIP('','',#11039,#10) 
REPRESENTATION_RELATIONSHIP_WITH_TRANSFORMATION(#11066) 
SHAPE_REPRESENTATION_RELATIONSHIP() );
#11066 = ITEM_DEFINED_TRANSFORMATION('','',#11,#1271);
#11067 = PRODUCT_DEFINITION_SHAPE('Placement','Placement of an item',
  #11068);
#11068 = NEXT_ASSEMBLY_USAGE_OCCURRENCE('315','=>[0:1:1:316]','',#5,
  #11059,$);
#11069 = PRODUCT_RELATED_PRODUCT_CATEGORY('part',$,(#11061));
#11070 = ADVANCED_BREP_SHAPE_REPRESENTATION('',(#11,#11071),#11083);
#11071 = MANIFOLD_SOLID_BREP('',#11072);
#11072 = CLOSED_SHELL('',(#11073));
#11073 = ADVANCED_FACE('',(#11074),#11078,.T.);
#11074 = FACE_BOUND('',#11075,.T.);
#11075 = VERTEX_LOOP('',#11076);
#11076 = VERTEX_POINT('',#11077);
#11077 = CARTESIAN_POINT('',(9.184850993605E-18,-2.249639673993E-33,
    -0.15));
#11078 = SPHERICAL_SURFACE('',#11079,0.15);
#11079 = AXIS2_PLACEMENT_3D('',#11080,#11081,#11082);
#11080 = CARTESIAN_POINT('',(0.,0.,0.));
#11081 = DIRECTION('',(0.,0.,1.));
#11082 = DIRECTION('',(1.,0.,-0.));
#11083 = ( GEOMETRIC_REPRESENTATION_CONTEXT(3) 
GLOBAL_UNCERTAINTY_ASSIGNED_CONTEXT((#11087)) 
GLOBAL_UNIT_ASSIGNED_CONTEXT((#11084,#11085,#11086)) 
REPRESENTATION_CONTEXT('Context #1',
  '3D Context with UNIT and UNCERTAINTY') );
#11084 = ( LENGTH_UNIT() NAMED_UNIT(*) SI_UNIT(.MILLI.,.METRE.) );
#11085 = ( NAMED_UNIT(*) PLANE_ANGLE_UNIT() SI_UNIT($,.RADIAN.) );
#11086 = ( NAMED_UNIT(*) SI_UNIT($,.STERADIAN.) SOLID_ANGLE_UNIT() );
#11087 = UNCERTAINTY_MEASURE_WITH_UNIT(LENGTH_MEASURE(1.E-07),#11084,
  'distance_accuracy_value','confusion accuracy');
#11088 = SHAPE_DEFINITION_REPRESENTATION(#11089,#11070);
#11089 = PRODUCT_DEFINITION_SHAPE('','',#11090);
#11090 = PRODUCT_DEFINITION('design','',#11091,#11094);
#11091 = PRODUCT_DEFINITION_FORMATION('','',#11092);
#11092 = PRODUCT('AA16','AA16','',(#11093));
#11093 = PRODUCT_CONTEXT('',#2,'mechanical');
#11094 = PRODUCT_DEFINITION_CONTEXT('part definition',#2,'design');
#11095 = CONTEXT_DEPENDENT_SHAPE_REPRESENTATION(#11096,#11098);
#11096 = ( REPRESENTATION_RELATIONSHIP('','',#11070,#10) 
REPRESENTATION_RELATIONSHIP_WITH_TRANSFORMATION(#11097) 
SHAPE_REPRESENTATION_RELATIONSHIP() );
#11097 = ITEM_DEFINED_TRANSFORMATION('','',#11,#1275);
#11098 = PRODUCT_DEFINITION_SHAPE('Placement','Placement of an item',
  #11099);
#11099 = NEXT_ASSEMBLY_USAGE_OCCURRENCE('316','=>[0:1:1:317]','',#5,
  #11090,$);
#11100 = PRODUCT_RELATED_PRODUCT_CATEGORY('part',$,(#11092));
#11101 = ADVANCED_BREP_SHAPE_REPRESENTATION('',(#11,#11102),#11114);
#11102 = MANIFOLD_SOLID_BREP('',#11103);
#11103 = CLOSED_SHELL('',(#11104));
#11104 = ADVANCED_FACE('',(#11105),#11109,.T.);
#11105 = FACE_BOUND('',#11106,.T.);
#11106 = VERTEX_LOOP('',#11107);
#11107 = VERTEX_POINT('',#11108);
#11108 = CARTESIAN_POINT('',(9.184850993605E-18,-2.249639673993E-33,
    -0.15));
#11109 = SPHERICAL_SURFACE('',#11110,0.15);
#11110 = AXIS2_PLACEMENT_3D('',#11111,#11112,#11113);
#11111 = CARTESIAN_POINT('',(0.,0.,0.));
#11112 = DIRECTION('',(0.,0.,1.));
#11113 = DIRECTION('',(1.,0.,-0.));
#11114 = ( GEOMETRIC_REPRESENTATION_CONTEXT(3) 
GLOBAL_UNCERTAINTY_ASSIGNED_CONTEXT((#11118)) 
GLOBAL_UNIT_ASSIGNED_CONTEXT((#11115,#11116,#11117)) 
REPRESENTATION_CONTEXT('Context #1',
  '3D Context with UNIT and UNCERTAINTY') );
#11115 = ( LENGTH_UNIT() NAMED_UNIT(*) SI_UNIT(.MILLI.,.METRE.) );
#11116 = ( NAMED_UNIT(*) PLANE_ANGLE_UNIT() SI_UNIT($,.RADIAN.) );
#11117 = ( NAMED_UNIT(*) SI_UNIT($,.STERADIAN.) SOLID_ANGLE_UNIT() );
#11118 = UNCERTAINTY_MEASURE_WITH_UNIT(LENGTH_MEASURE(1.E-07),#11115,
  'distance_accuracy_value','confusion accuracy');
#11119 = SHAPE_DEFINITION_REPRESENTATION(#11120,#11101);
#11120 = PRODUCT_DEFINITION_SHAPE('','',#11121);
#11121 = PRODUCT_DEFINITION('design','',#11122,#11125);
#11122 = PRODUCT_DEFINITION_FORMATION('','',#11123);
#11123 = PRODUCT('AA18','AA18','',(#11124));
#11124 = PRODUCT_CONTEXT('',#2,'mechanical');
#11125 = PRODUCT_DEFINITION_CONTEXT('part definition',#2,'design');
#11126 = CONTEXT_DEPENDENT_SHAPE_REPRESENTATION(#11127,#11129);
#11127 = ( REPRESENTATION_RELATIONSHIP('','',#11101,#10) 
REPRESENTATION_RELATIONSHIP_WITH_TRANSFORMATION(#11128) 
SHAPE_REPRESENTATION_RELATIONSHIP() );
#11128 = ITEM_DEFINED_TRANSFORMATION('','',#11,#1279);
#11129 = PRODUCT_DEFINITION_SHAPE('Placement','Placement of an item',
  #11130);
#11130 = NEXT_ASSEMBLY_USAGE_OCCURRENCE('317','=>[0:1:1:318]','',#5,
  #11121,$);
#11131 = PRODUCT_RELATED_PRODUCT_CATEGORY('part',$,(#11123));
#11132 = ADVANCED_BREP_SHAPE_REPRESENTATION('',(#11,#11133),#11145);
#11133 = MANIFOLD_SOLID_BREP('',#11134);
#11134 = CLOSED_SHELL('',(#11135));
#11135 = ADVANCED_FACE('',(#11136),#11140,.T.);
#11136 = FACE_BOUND('',#11137,.T.);
#11137 = VERTEX_LOOP('',#11138);
#11138 = VERTEX_POINT('',#11139);
#11139 = CARTESIAN_POINT('',(9.184850993605E-18,-2.249639673993E-33,
    -0.15));
#11140 = SPHERICAL_SURFACE('',#11141,0.15);
#11141 = AXIS2_PLACEMENT_3D('',#11142,#11143,#11144);
#11142 = CARTESIAN_POINT('',(0.,0.,0.));
#11143 = DIRECTION('',(0.,0.,1.));
#11144 = DIRECTION('',(1.,0.,-0.));
#11145 = ( GEOMETRIC_REPRESENTATION_CONTEXT(3) 
GLOBAL_UNCERTAINTY_ASSIGNED_CONTEXT((#11149)) 
GLOBAL_UNIT_ASSIGNED_CONTEXT((#11146,#11147,#11148)) 
REPRESENTATION_CONTEXT('Context #1',
  '3D Context with UNIT and UNCERTAINTY') );
#11146 = ( LENGTH_UNIT() NAMED_UNIT(*) SI_UNIT(.MILLI.,.METRE.) );
#11147 = ( NAMED_UNIT(*) PLANE_ANGLE_UNIT() SI_UNIT($,.RADIAN.) );
#11148 = ( NAMED_UNIT(*) SI_UNIT($,.STERADIAN.) SOLID_ANGLE_UNIT() );
#11149 = UNCERTAINTY_MEASURE_WITH_UNIT(LENGTH_MEASURE(1.E-07),#11146,
  'distance_accuracy_value','confusion accuracy');
#11150 = SHAPE_DEFINITION_REPRESENTATION(#11151,#11132);
#11151 = PRODUCT_DEFINITION_SHAPE('','',#11152);
#11152 = PRODUCT_DEFINITION('design','',#11153,#11156);
#11153 = PRODUCT_DEFINITION_FORMATION('','',#11154);
#11154 = PRODUCT('AA19','AA19','',(#11155));
#11155 = PRODUCT_CONTEXT('',#2,'mechanical');
#11156 = PRODUCT_DEFINITION_CONTEXT('part definition',#2,'design');
#11157 = CONTEXT_DEPENDENT_SHAPE_REPRESENTATION(#11158,#11160);
#11158 = ( REPRESENTATION_RELATIONSHIP('','',#11132,#10) 
REPRESENTATION_RELATIONSHIP_WITH_TRANSFORMATION(#11159) 
SHAPE_REPRESENTATION_RELATIONSHIP() );
#11159 = ITEM_DEFINED_TRANSFORMATION('','',#11,#1283);
#11160 = PRODUCT_DEFINITION_SHAPE('Placement','Placement of an item',
  #11161);
#11161 = NEXT_ASSEMBLY_USAGE_OCCURRENCE('318','=>[0:1:1:319]','',#5,
  #11152,$);
#11162 = PRODUCT_RELATED_PRODUCT_CATEGORY('part',$,(#11154));
#11163 = ADVANCED_BREP_SHAPE_REPRESENTATION('',(#11,#11164),#11176);
#11164 = MANIFOLD_SOLID_BREP('',#11165);
#11165 = CLOSED_SHELL('',(#11166));
#11166 = ADVANCED_FACE('',(#11167),#11171,.T.);
#11167 = FACE_BOUND('',#11168,.T.);
#11168 = VERTEX_LOOP('',#11169);
#11169 = VERTEX_POINT('',#11170);
#11170 = CARTESIAN_POINT('',(9.184850993605E-18,-2.249639673993E-33,
    -0.15));
#11171 = SPHERICAL_SURFACE('',#11172,0.15);
#11172 = AXIS2_PLACEMENT_3D('',#11173,#11174,#11175);
#11173 = CARTESIAN_POINT('',(0.,0.,0.));
#11174 = DIRECTION('',(0.,0.,1.));
#11175 = DIRECTION('',(1.,0.,-0.));
#11176 = ( GEOMETRIC_REPRESENTATION_CONTEXT(3) 
GLOBAL_UNCERTAINTY_ASSIGNED_CONTEXT((#11180)) 
GLOBAL_UNIT_ASSIGNED_CONTEXT((#11177,#11178,#11179)) 
REPRESENTATION_CONTEXT('Context #1',
  '3D Context with UNIT and UNCERTAINTY') );
#11177 = ( LENGTH_UNIT() NAMED_UNIT(*) SI_UNIT(.MILLI.,.METRE.) );
#11178 = ( NAMED_UNIT(*) PLANE_ANGLE_UNIT() SI_UNIT($,.RADIAN.) );
#11179 = ( NAMED_UNIT(*) SI_UNIT($,.STERADIAN.) SOLID_ANGLE_UNIT() );
#11180 = UNCERTAINTY_MEASURE_WITH_UNIT(LENGTH_MEASURE(1.E-07),#11177,
  'distance_accuracy_value','confusion accuracy');
#11181 = SHAPE_DEFINITION_REPRESENTATION(#11182,#11163);
#11182 = PRODUCT_DEFINITION_SHAPE('','',#11183);
#11183 = PRODUCT_DEFINITION('design','',#11184,#11187);
#11184 = PRODUCT_DEFINITION_FORMATION('','',#11185);
#11185 = PRODUCT('AA20','AA20','',(#11186));
#11186 = PRODUCT_CONTEXT('',#2,'mechanical');
#11187 = PRODUCT_DEFINITION_CONTEXT('part definition',#2,'design');
#11188 = CONTEXT_DEPENDENT_SHAPE_REPRESENTATION(#11189,#11191);
#11189 = ( REPRESENTATION_RELATIONSHIP('','',#11163,#10) 
REPRESENTATION_RELATIONSHIP_WITH_TRANSFORMATION(#11190) 
SHAPE_REPRESENTATION_RELATIONSHIP() );
#11190 = ITEM_DEFINED_TRANSFORMATION('','',#11,#1287);
#11191 = PRODUCT_DEFINITION_SHAPE('Placement','Placement of an item',
  #11192);
#11192 = NEXT_ASSEMBLY_USAGE_OCCURRENCE('319','=>[0:1:1:320]','',#5,
  #11183,$);
#11193 = PRODUCT_RELATED_PRODUCT_CATEGORY('part',$,(#11185));
#11194 = ADVANCED_BREP_SHAPE_REPRESENTATION('',(#11,#11195),#11207);
#11195 = MANIFOLD_SOLID_BREP('',#11196);
#11196 = CLOSED_SHELL('',(#11197));
#11197 = ADVANCED_FACE('',(#11198),#11202,.T.);
#11198 = FACE_BOUND('',#11199,.T.);
#11199 = VERTEX_LOOP('',#11200);
#11200 = VERTEX_POINT('',#11201);
#11201 = CARTESIAN_POINT('',(9.184850993605E-18,-2.249639673993E-33,
    -0.15));
#11202 = SPHERICAL_SURFACE('',#11203,0.15);
#11203 = AXIS2_PLACEMENT_3D('',#11204,#11205,#11206);
#11204 = CARTESIAN_POINT('',(0.,0.,0.));
#11205 = DIRECTION('',(0.,0.,1.));
#11206 = DIRECTION('',(1.,0.,-0.));
#11207 = ( GEOMETRIC_REPRESENTATION_CONTEXT(3) 
GLOBAL_UNCERTAINTY_ASSIGNED_CONTEXT((#11211)) 
GLOBAL_UNIT_ASSIGNED_CONTEXT((#11208,#11209,#11210)) 
REPRESENTATION_CONTEXT('Context #1',
  '3D Context with UNIT and UNCERTAINTY') );
#11208 = ( LENGTH_UNIT() NAMED_UNIT(*) SI_UNIT(.MILLI.,.METRE.) );
#11209 = ( NAMED_UNIT(*) PLANE_ANGLE_UNIT() SI_UNIT($,.RADIAN.) );
#11210 = ( NAMED_UNIT(*) SI_UNIT($,.STERADIAN.) SOLID_ANGLE_UNIT() );
#11211 = UNCERTAINTY_MEASURE_WITH_UNIT(LENGTH_MEASURE(1.E-07),#11208,
  'distance_accuracy_value','confusion accuracy');
#11212 = SHAPE_DEFINITION_REPRESENTATION(#11213,#11194);
#11213 = PRODUCT_DEFINITION_SHAPE('','',#11214);
#11214 = PRODUCT_DEFINITION('design','',#11215,#11218);
#11215 = PRODUCT_DEFINITION_FORMATION('','',#11216);
#11216 = PRODUCT('AA21','AA21','',(#11217));
#11217 = PRODUCT_CONTEXT('',#2,'mechanical');
#11218 = PRODUCT_DEFINITION_CONTEXT('part definition',#2,'design');
#11219 = CONTEXT_DEPENDENT_SHAPE_REPRESENTATION(#11220,#11222);
#11220 = ( REPRESENTATION_RELATIONSHIP('','',#11194,#10) 
REPRESENTATION_RELATIONSHIP_WITH_TRANSFORMATION(#11221) 
SHAPE_REPRESENTATION_RELATIONSHIP() );
#11221 = ITEM_DEFINED_TRANSFORMATION('','',#11,#1291);
#11222 = PRODUCT_DEFINITION_SHAPE('Placement','Placement of an item',
  #11223);
#11223 = NEXT_ASSEMBLY_USAGE_OCCURRENCE('320','=>[0:1:1:321]','',#5,
  #11214,$);
#11224 = PRODUCT_RELATED_PRODUCT_CATEGORY('part',$,(#11216));
#11225 = ADVANCED_BREP_SHAPE_REPRESENTATION('',(#11,#11226),#11646);
#11226 = MANIFOLD_SOLID_BREP('',#11227);
#11227 = CLOSED_SHELL('',(#11228,#11348,#11424,#11504,#11553,#11580,
    #11587,#11642));
#11228 = ADVANCED_FACE('',(#11229),#11243,.F.);
#11229 = FACE_BOUND('',#11230,.F.);
#11230 = EDGE_LOOP('',(#11231,#11266,#11294,#11322));
#11231 = ORIENTED_EDGE('',*,*,#11232,.F.);
#11232 = EDGE_CURVE('',#11233,#11235,#11237,.T.);
#11233 = VERTEX_POINT('',#11234);
#11234 = CARTESIAN_POINT('',(-5.5,-5.5,0.3));
#11235 = VERTEX_POINT('',#11236);
#11236 = CARTESIAN_POINT('',(-5.5,-5.5,1.2));
#11237 = SURFACE_CURVE('',#11238,(#11242,#11254),.PCURVE_S1.);
#11238 = LINE('',#11239,#11240);
#11239 = CARTESIAN_POINT('',(-5.5,-5.5,0.3));
#11240 = VECTOR('',#11241,1.);
#11241 = DIRECTION('',(0.,0.,1.));
#11242 = PCURVE('',#11243,#11248);
#11243 = PLANE('',#11244);
#11244 = AXIS2_PLACEMENT_3D('',#11245,#11246,#11247);
#11245 = CARTESIAN_POINT('',(-5.5,-5.5,0.3));
#11246 = DIRECTION('',(1.,0.,0.));
#11247 = DIRECTION('',(0.,0.,1.));
#11248 = DEFINITIONAL_REPRESENTATION('',(#11249),#11253);
#11249 = LINE('',#11250,#11251);
#11250 = CARTESIAN_POINT('',(0.,0.));
#11251 = VECTOR('',#11252,1.);
#11252 = DIRECTION('',(1.,0.));
#11253 = ( GEOMETRIC_REPRESENTATION_CONTEXT(2) 
PARAMETRIC_REPRESENTATION_CONTEXT() REPRESENTATION_CONTEXT('2D SPACE',''
  ) );
#11254 = PCURVE('',#11255,#11260);
#11255 = PLANE('',#11256);
#11256 = AXIS2_PLACEMENT_3D('',#11257,#11258,#11259);
#11257 = CARTESIAN_POINT('',(-5.5,-5.5,0.3));
#11258 = DIRECTION('',(0.,1.,0.));
#11259 = DIRECTION('',(0.,0.,1.));
#11260 = DEFINITIONAL_REPRESENTATION('',(#11261),#11265);
#11261 = LINE('',#11262,#11263);
#11262 = CARTESIAN_POINT('',(0.,0.));
#11263 = VECTOR('',#11264,1.);
#11264 = DIRECTION('',(1.,0.));
#11265 = ( GEOMETRIC_REPRESENTATION_CONTEXT(2) 
PARAMETRIC_REPRESENTATION_CONTEXT() REPRESENTATION_CONTEXT('2D SPACE',''
  ) );
#11266 = ORIENTED_EDGE('',*,*,#11267,.T.);
#11267 = EDGE_CURVE('',#11233,#11268,#11270,.T.);
#11268 = VERTEX_POINT('',#11269);
#11269 = CARTESIAN_POINT('',(-5.5,5.5,0.3));
#11270 = SURFACE_CURVE('',#11271,(#11275,#11282),.PCURVE_S1.);
#11271 = LINE('',#11272,#11273);
#11272 = CARTESIAN_POINT('',(-5.5,-5.5,0.3));
#11273 = VECTOR('',#11274,1.);
#11274 = DIRECTION('',(0.,1.,0.));
#11275 = PCURVE('',#11243,#11276);
#11276 = DEFINITIONAL_REPRESENTATION('',(#11277),#11281);
#11277 = LINE('',#11278,#11279);
#11278 = CARTESIAN_POINT('',(0.,0.));
#11279 = VECTOR('',#11280,1.);
#11280 = DIRECTION('',(0.,-1.));
#11281 = ( GEOMETRIC_REPRESENTATION_CONTEXT(2) 
PARAMETRIC_REPRESENTATION_CONTEXT() REPRESENTATION_CONTEXT('2D SPACE',''
  ) );
#11282 = PCURVE('',#11283,#11288);
#11283 = PLANE('',#11284);
#11284 = AXIS2_PLACEMENT_3D('',#11285,#11286,#11287);
#11285 = CARTESIAN_POINT('',(-5.5,-5.5,0.3));
#11286 = DIRECTION('',(0.,0.,1.));
#11287 = DIRECTION('',(1.,0.,0.));
#11288 = DEFINITIONAL_REPRESENTATION('',(#11289),#11293);
#11289 = LINE('',#11290,#11291);
#11290 = CARTESIAN_POINT('',(0.,0.));
#11291 = VECTOR('',#11292,1.);
#11292 = DIRECTION('',(0.,1.));
#11293 = ( GEOMETRIC_REPRESENTATION_CONTEXT(2) 
PARAMETRIC_REPRESENTATION_CONTEXT() REPRESENTATION_CONTEXT('2D SPACE',''
  ) );
#11294 = ORIENTED_EDGE('',*,*,#11295,.T.);
#11295 = EDGE_CURVE('',#11268,#11296,#11298,.T.);
#11296 = VERTEX_POINT('',#11297);
#11297 = CARTESIAN_POINT('',(-5.5,5.5,1.2));
#11298 = SURFACE_CURVE('',#11299,(#11303,#11310),.PCURVE_S1.);
#11299 = LINE('',#11300,#11301);
#11300 = CARTESIAN_POINT('',(-5.5,5.5,0.3));
#11301 = VECTOR('',#11302,1.);
#11302 = DIRECTION('',(0.,0.,1.));
#11303 = PCURVE('',#11243,#11304);
#11304 = DEFINITIONAL_REPRESENTATION('',(#11305),#11309);
#11305 = LINE('',#11306,#11307);
#11306 = CARTESIAN_POINT('',(0.,-11.));
#11307 = VECTOR('',#11308,1.);
#11308 = DIRECTION('',(1.,0.));
#11309 = ( GEOMETRIC_REPRESENTATION_CONTEXT(2) 
PARAMETRIC_REPRESENTATION_CONTEXT() REPRESENTATION_CONTEXT('2D SPACE',''
  ) );
#11310 = PCURVE('',#11311,#11316);
#11311 = PLANE('',#11312);
#11312 = AXIS2_PLACEMENT_3D('',#11313,#11314,#11315);
#11313 = CARTESIAN_POINT('',(-5.5,5.5,0.3));
#11314 = DIRECTION('',(0.,1.,0.));
#11315 = DIRECTION('',(0.,0.,1.));
#11316 = DEFINITIONAL_REPRESENTATION('',(#11317),#11321);
#11317 = LINE('',#11318,#11319);
#11318 = CARTESIAN_POINT('',(0.,0.));
#11319 = VECTOR('',#11320,1.);
#11320 = DIRECTION('',(1.,0.));
#11321 = ( GEOMETRIC_REPRESENTATION_CONTEXT(2) 
PARAMETRIC_REPRESENTATION_CONTEXT() REPRESENTATION_CONTEXT('2D SPACE',''
  ) );
#11322 = ORIENTED_EDGE('',*,*,#11323,.F.);
#11323 = EDGE_CURVE('',#11235,#11296,#11324,.T.);
#11324 = SURFACE_CURVE('',#11325,(#11329,#11336),.PCURVE_S1.);
#11325 = LINE('',#11326,#11327);
#11326 = CARTESIAN_POINT('',(-5.5,-5.5,1.2));
#11327 = VECTOR('',#11328,1.);
#11328 = DIRECTION('',(0.,1.,0.));
#11329 = PCURVE('',#11243,#11330);
#11330 = DEFINITIONAL_REPRESENTATION('',(#11331),#11335);
#11331 = LINE('',#11332,#11333);
#11332 = CARTESIAN_POINT('',(0.9,0.));
#11333 = VECTOR('',#11334,1.);
#11334 = DIRECTION('',(0.,-1.));
#11335 = ( GEOMETRIC_REPRESENTATION_CONTEXT(2) 
PARAMETRIC_REPRESENTATION_CONTEXT() REPRESENTATION_CONTEXT('2D SPACE',''
  ) );
#11336 = PCURVE('',#11337,#11342);
#11337 = PLANE('',#11338);
#11338 = AXIS2_PLACEMENT_3D('',#11339,#11340,#11341);
#11339 = CARTESIAN_POINT('',(-5.5,-5.5,1.2));
#11340 = DIRECTION('',(0.,0.,1.));
#11341 = DIRECTION('',(1.,0.,0.));
#11342 = DEFINITIONAL_REPRESENTATION('',(#11343),#11347);
#11343 = LINE('',#11344,#11345);
#11344 = CARTESIAN_POINT('',(0.,0.));
#11345 = VECTOR('',#11346,1.);
#11346 = DIRECTION('',(0.,1.));
#11347 = ( GEOMETRIC_REPRESENTATION_CONTEXT(2) 
PARAMETRIC_REPRESENTATION_CONTEXT() REPRESENTATION_CONTEXT('2D SPACE',''
  ) );
#11348 = ADVANCED_FACE('',(#11349),#11255,.F.);
#11349 = FACE_BOUND('',#11350,.F.);
#11350 = EDGE_LOOP('',(#11351,#11374,#11375,#11398));
#11351 = ORIENTED_EDGE('',*,*,#11352,.F.);
#11352 = EDGE_CURVE('',#11233,#11353,#11355,.T.);
#11353 = VERTEX_POINT('',#11354);
#11354 = CARTESIAN_POINT('',(5.5,-5.5,0.3));
#11355 = SURFACE_CURVE('',#11356,(#11360,#11367),.PCURVE_S1.);
#11356 = LINE('',#11357,#11358);
#11357 = CARTESIAN_POINT('',(-5.5,-5.5,0.3));
#11358 = VECTOR('',#11359,1.);
#11359 = DIRECTION('',(1.,0.,0.));
#11360 = PCURVE('',#11255,#11361);
#11361 = DEFINITIONAL_REPRESENTATION('',(#11362),#11366);
#11362 = LINE('',#11363,#11364);
#11363 = CARTESIAN_POINT('',(0.,0.));
#11364 = VECTOR('',#11365,1.);
#11365 = DIRECTION('',(0.,1.));
#11366 = ( GEOMETRIC_REPRESENTATION_CONTEXT(2) 
PARAMETRIC_REPRESENTATION_CONTEXT() REPRESENTATION_CONTEXT('2D SPACE',''
  ) );
#11367 = PCURVE('',#11283,#11368);
#11368 = DEFINITIONAL_REPRESENTATION('',(#11369),#11373);
#11369 = LINE('',#11370,#11371);
#11370 = CARTESIAN_POINT('',(0.,0.));
#11371 = VECTOR('',#11372,1.);
#11372 = DIRECTION('',(1.,0.));
#11373 = ( GEOMETRIC_REPRESENTATION_CONTEXT(2) 
PARAMETRIC_REPRESENTATION_CONTEXT() REPRESENTATION_CONTEXT('2D SPACE',''
  ) );
#11374 = ORIENTED_EDGE('',*,*,#11232,.T.);
#11375 = ORIENTED_EDGE('',*,*,#11376,.T.);
#11376 = EDGE_CURVE('',#11235,#11377,#11379,.T.);
#11377 = VERTEX_POINT('',#11378);
#11378 = CARTESIAN_POINT('',(5.5,-5.5,1.2));
#11379 = SURFACE_CURVE('',#11380,(#11384,#11391),.PCURVE_S1.);
#11380 = LINE('',#11381,#11382);
#11381 = CARTESIAN_POINT('',(-5.5,-5.5,1.2));
#11382 = VECTOR('',#11383,1.);
#11383 = DIRECTION('',(1.,0.,0.));
#11384 = PCURVE('',#11255,#11385);
#11385 = DEFINITIONAL_REPRESENTATION('',(#11386),#11390);
#11386 = LINE('',#11387,#11388);
#11387 = CARTESIAN_POINT('',(0.9,0.));
#11388 = VECTOR('',#11389,1.);
#11389 = DIRECTION('',(0.,1.));
#11390 = ( GEOMETRIC_REPRESENTATION_CONTEXT(2) 
PARAMETRIC_REPRESENTATION_CONTEXT() REPRESENTATION_CONTEXT('2D SPACE',''
  ) );
#11391 = PCURVE('',#11337,#11392);
#11392 = DEFINITIONAL_REPRESENTATION('',(#11393),#11397);
#11393 = LINE('',#11394,#11395);
#11394 = CARTESIAN_POINT('',(0.,0.));
#11395 = VECTOR('',#11396,1.);
#11396 = DIRECTION('',(1.,0.));
#11397 = ( GEOMETRIC_REPRESENTATION_CONTEXT(2) 
PARAMETRIC_REPRESENTATION_CONTEXT() REPRESENTATION_CONTEXT('2D SPACE',''
  ) );
#11398 = ORIENTED_EDGE('',*,*,#11399,.F.);
#11399 = EDGE_CURVE('',#11353,#11377,#11400,.T.);
#11400 = SURFACE_CURVE('',#11401,(#11405,#11412),.PCURVE_S1.);
#11401 = LINE('',#11402,#11403);
#11402 = CARTESIAN_POINT('',(5.5,-5.5,0.3));
#11403 = VECTOR('',#11404,1.);
#11404 = DIRECTION('',(0.,0.,1.));
#11405 = PCURVE('',#11255,#11406);
#11406 = DEFINITIONAL_REPRESENTATION('',(#11407),#11411);
#11407 = LINE('',#11408,#11409);
#11408 = CARTESIAN_POINT('',(0.,11.));
#11409 = VECTOR('',#11410,1.);
#11410 = DIRECTION('',(1.,0.));
#11411 = ( GEOMETRIC_REPRESENTATION_CONTEXT(2) 
PARAMETRIC_REPRESENTATION_CONTEXT() REPRESENTATION_CONTEXT('2D SPACE',''
  ) );
#11412 = PCURVE('',#11413,#11418);
#11413 = PLANE('',#11414);
#11414 = AXIS2_PLACEMENT_3D('',#11415,#11416,#11417);
#11415 = CARTESIAN_POINT('',(5.5,-5.5,0.3));
#11416 = DIRECTION('',(1.,0.,0.));
#11417 = DIRECTION('',(0.,0.,1.));
#11418 = DEFINITIONAL_REPRESENTATION('',(#11419),#11423);
#11419 = LINE('',#11420,#11421);
#11420 = CARTESIAN_POINT('',(0.,0.));
#11421 = VECTOR('',#11422,1.);
#11422 = DIRECTION('',(1.,0.));
#11423 = ( GEOMETRIC_REPRESENTATION_CONTEXT(2) 
PARAMETRIC_REPRESENTATION_CONTEXT() REPRESENTATION_CONTEXT('2D SPACE',''
  ) );
#11424 = ADVANCED_FACE('',(#11425,#11473),#11337,.T.);
#11425 = FACE_BOUND('',#11426,.T.);
#11426 = EDGE_LOOP('',(#11427,#11428,#11429,#11452));
#11427 = ORIENTED_EDGE('',*,*,#11323,.F.);
#11428 = ORIENTED_EDGE('',*,*,#11376,.T.);
#11429 = ORIENTED_EDGE('',*,*,#11430,.T.);
#11430 = EDGE_CURVE('',#11377,#11431,#11433,.T.);
#11431 = VERTEX_POINT('',#11432);
#11432 = CARTESIAN_POINT('',(5.5,5.5,1.2));
#11433 = SURFACE_CURVE('',#11434,(#11438,#11445),.PCURVE_S1.);
#11434 = LINE('',#11435,#11436);
#11435 = CARTESIAN_POINT('',(5.5,-5.5,1.2));
#11436 = VECTOR('',#11437,1.);
#11437 = DIRECTION('',(0.,1.,0.));
#11438 = PCURVE('',#11337,#11439);
#11439 = DEFINITIONAL_REPRESENTATION('',(#11440),#11444);
#11440 = LINE('',#11441,#11442);
#11441 = CARTESIAN_POINT('',(11.,0.));
#11442 = VECTOR('',#11443,1.);
#11443 = DIRECTION('',(0.,1.));
#11444 = ( GEOMETRIC_REPRESENTATION_CONTEXT(2) 
PARAMETRIC_REPRESENTATION_CONTEXT() REPRESENTATION_CONTEXT('2D SPACE',''
  ) );
#11445 = PCURVE('',#11413,#11446);
#11446 = DEFINITIONAL_REPRESENTATION('',(#11447),#11451);
#11447 = LINE('',#11448,#11449);
#11448 = CARTESIAN_POINT('',(0.9,0.));
#11449 = VECTOR('',#11450,1.);
#11450 = DIRECTION('',(0.,-1.));
#11451 = ( GEOMETRIC_REPRESENTATION_CONTEXT(2) 
PARAMETRIC_REPRESENTATION_CONTEXT() REPRESENTATION_CONTEXT('2D SPACE',''
  ) );
#11452 = ORIENTED_EDGE('',*,*,#11453,.F.);
#11453 = EDGE_CURVE('',#11296,#11431,#11454,.T.);
#11454 = SURFACE_CURVE('',#11455,(#11459,#11466),.PCURVE_S1.);
#11455 = LINE('',#11456,#11457);
#11456 = CARTESIAN_POINT('',(-5.5,5.5,1.2));
#11457 = VECTOR('',#11458,1.);
#11458 = DIRECTION('',(1.,0.,0.));
#11459 = PCURVE('',#11337,#11460);
#11460 = DEFINITIONAL_REPRESENTATION('',(#11461),#11465);
#11461 = LINE('',#11462,#11463);
#11462 = CARTESIAN_POINT('',(0.,11.));
#11463 = VECTOR('',#11464,1.);
#11464 = DIRECTION('',(1.,0.));
#11465 = ( GEOMETRIC_REPRESENTATION_CONTEXT(2) 
PARAMETRIC_REPRESENTATION_CONTEXT() REPRESENTATION_CONTEXT('2D SPACE',''
  ) );
#11466 = PCURVE('',#11311,#11467);
#11467 = DEFINITIONAL_REPRESENTATION('',(#11468),#11472);
#11468 = LINE('',#11469,#11470);
#11469 = CARTESIAN_POINT('',(0.9,0.));
#11470 = VECTOR('',#11471,1.);
#11471 = DIRECTION('',(0.,1.));
#11472 = ( GEOMETRIC_REPRESENTATION_CONTEXT(2) 
PARAMETRIC_REPRESENTATION_CONTEXT() REPRESENTATION_CONTEXT('2D SPACE',''
  ) );
#11473 = FACE_BOUND('',#11474,.T.);
#11474 = EDGE_LOOP('',(#11475));
#11475 = ORIENTED_EDGE('',*,*,#11476,.F.);
#11476 = EDGE_CURVE('',#11477,#11477,#11479,.T.);
#11477 = VERTEX_POINT('',#11478);
#11478 = CARTESIAN_POINT('',(-3.4375,4.125,1.2));
#11479 = SURFACE_CURVE('',#11480,(#11485,#11492),.PCURVE_S1.);
#11480 = CIRCLE('',#11481,0.6875);
#11481 = AXIS2_PLACEMENT_3D('',#11482,#11483,#11484);
#11482 = CARTESIAN_POINT('',(-4.125,4.125,1.2));
#11483 = DIRECTION('',(0.,0.,1.));
#11484 = DIRECTION('',(1.,0.,0.));
#11485 = PCURVE('',#11337,#11486);
#11486 = DEFINITIONAL_REPRESENTATION('',(#11487),#11491);
#11487 = CIRCLE('',#11488,0.6875);
#11488 = AXIS2_PLACEMENT_2D('',#11489,#11490);
#11489 = CARTESIAN_POINT('',(1.375,9.625));
#11490 = DIRECTION('',(1.,0.));
#11491 = ( GEOMETRIC_REPRESENTATION_CONTEXT(2) 
PARAMETRIC_REPRESENTATION_CONTEXT() REPRESENTATION_CONTEXT('2D SPACE',''
  ) );
#11492 = PCURVE('',#11493,#11498);
#11493 = CYLINDRICAL_SURFACE('',#11494,0.6875);
#11494 = AXIS2_PLACEMENT_3D('',#11495,#11496,#11497);
#11495 = CARTESIAN_POINT('',(-4.125,4.125,1.08));
#11496 = DIRECTION('',(0.,0.,1.));
#11497 = DIRECTION('',(1.,0.,0.));
#11498 = DEFINITIONAL_REPRESENTATION('',(#11499),#11503);
#11499 = LINE('',#11500,#11501);
#11500 = CARTESIAN_POINT('',(0.,0.12));
#11501 = VECTOR('',#11502,1.);
#11502 = DIRECTION('',(1.,0.));
#11503 = ( GEOMETRIC_REPRESENTATION_CONTEXT(2) 
PARAMETRIC_REPRESENTATION_CONTEXT() REPRESENTATION_CONTEXT('2D SPACE',''
  ) );
#11504 = ADVANCED_FACE('',(#11505),#11311,.T.);
#11505 = FACE_BOUND('',#11506,.T.);
#11506 = EDGE_LOOP('',(#11507,#11530,#11531,#11532));
#11507 = ORIENTED_EDGE('',*,*,#11508,.F.);
#11508 = EDGE_CURVE('',#11268,#11509,#11511,.T.);
#11509 = VERTEX_POINT('',#11510);
#11510 = CARTESIAN_POINT('',(5.5,5.5,0.3));
#11511 = SURFACE_CURVE('',#11512,(#11516,#11523),.PCURVE_S1.);
#11512 = LINE('',#11513,#11514);
#11513 = CARTESIAN_POINT('',(-5.5,5.5,0.3));
#11514 = VECTOR('',#11515,1.);
#11515 = DIRECTION('',(1.,0.,0.));
#11516 = PCURVE('',#11311,#11517);
#11517 = DEFINITIONAL_REPRESENTATION('',(#11518),#11522);
#11518 = LINE('',#11519,#11520);
#11519 = CARTESIAN_POINT('',(0.,0.));
#11520 = VECTOR('',#11521,1.);
#11521 = DIRECTION('',(0.,1.));
#11522 = ( GEOMETRIC_REPRESENTATION_CONTEXT(2) 
PARAMETRIC_REPRESENTATION_CONTEXT() REPRESENTATION_CONTEXT('2D SPACE',''
  ) );
#11523 = PCURVE('',#11283,#11524);
#11524 = DEFINITIONAL_REPRESENTATION('',(#11525),#11529);
#11525 = LINE('',#11526,#11527);
#11526 = CARTESIAN_POINT('',(0.,11.));
#11527 = VECTOR('',#11528,1.);
#11528 = DIRECTION('',(1.,0.));
#11529 = ( GEOMETRIC_REPRESENTATION_CONTEXT(2) 
PARAMETRIC_REPRESENTATION_CONTEXT() REPRESENTATION_CONTEXT('2D SPACE',''
  ) );
#11530 = ORIENTED_EDGE('',*,*,#11295,.T.);
#11531 = ORIENTED_EDGE('',*,*,#11453,.T.);
#11532 = ORIENTED_EDGE('',*,*,#11533,.F.);
#11533 = EDGE_CURVE('',#11509,#11431,#11534,.T.);
#11534 = SURFACE_CURVE('',#11535,(#11539,#11546),.PCURVE_S1.);
#11535 = LINE('',#11536,#11537);
#11536 = CARTESIAN_POINT('',(5.5,5.5,0.3));
#11537 = VECTOR('',#11538,1.);
#11538 = DIRECTION('',(0.,0.,1.));
#11539 = PCURVE('',#11311,#11540);
#11540 = DEFINITIONAL_REPRESENTATION('',(#11541),#11545);
#11541 = LINE('',#11542,#11543);
#11542 = CARTESIAN_POINT('',(0.,11.));
#11543 = VECTOR('',#11544,1.);
#11544 = DIRECTION('',(1.,0.));
#11545 = ( GEOMETRIC_REPRESENTATION_CONTEXT(2) 
PARAMETRIC_REPRESENTATION_CONTEXT() REPRESENTATION_CONTEXT('2D SPACE',''
  ) );
#11546 = PCURVE('',#11413,#11547);
#11547 = DEFINITIONAL_REPRESENTATION('',(#11548),#11552);
#11548 = LINE('',#11549,#11550);
#11549 = CARTESIAN_POINT('',(0.,-11.));
#11550 = VECTOR('',#11551,1.);
#11551 = DIRECTION('',(1.,0.));
#11552 = ( GEOMETRIC_REPRESENTATION_CONTEXT(2) 
PARAMETRIC_REPRESENTATION_CONTEXT() REPRESENTATION_CONTEXT('2D SPACE',''
  ) );
#11553 = ADVANCED_FACE('',(#11554),#11283,.F.);
#11554 = FACE_BOUND('',#11555,.F.);
#11555 = EDGE_LOOP('',(#11556,#11557,#11558,#11579));
#11556 = ORIENTED_EDGE('',*,*,#11267,.F.);
#11557 = ORIENTED_EDGE('',*,*,#11352,.T.);
#11558 = ORIENTED_EDGE('',*,*,#11559,.T.);
#11559 = EDGE_CURVE('',#11353,#11509,#11560,.T.);
#11560 = SURFACE_CURVE('',#11561,(#11565,#11572),.PCURVE_S1.);
#11561 = LINE('',#11562,#11563);
#11562 = CARTESIAN_POINT('',(5.5,-5.5,0.3));
#11563 = VECTOR('',#11564,1.);
#11564 = DIRECTION('',(0.,1.,0.));
#11565 = PCURVE('',#11283,#11566);
#11566 = DEFINITIONAL_REPRESENTATION('',(#11567),#11571);
#11567 = LINE('',#11568,#11569);
#11568 = CARTESIAN_POINT('',(11.,0.));
#11569 = VECTOR('',#11570,1.);
#11570 = DIRECTION('',(0.,1.));
#11571 = ( GEOMETRIC_REPRESENTATION_CONTEXT(2) 
PARAMETRIC_REPRESENTATION_CONTEXT() REPRESENTATION_CONTEXT('2D SPACE',''
  ) );
#11572 = PCURVE('',#11413,#11573);
#11573 = DEFINITIONAL_REPRESENTATION('',(#11574),#11578);
#11574 = LINE('',#11575,#11576);
#11575 = CARTESIAN_POINT('',(0.,0.));
#11576 = VECTOR('',#11577,1.);
#11577 = DIRECTION('',(0.,-1.));
#11578 = ( GEOMETRIC_REPRESENTATION_CONTEXT(2) 
PARAMETRIC_REPRESENTATION_CONTEXT() REPRESENTATION_CONTEXT('2D SPACE',''
  ) );
#11579 = ORIENTED_EDGE('',*,*,#11508,.F.);
#11580 = ADVANCED_FACE('',(#11581),#11413,.T.);
#11581 = FACE_BOUND('',#11582,.T.);
#11582 = EDGE_LOOP('',(#11583,#11584,#11585,#11586));
#11583 = ORIENTED_EDGE('',*,*,#11399,.F.);
#11584 = ORIENTED_EDGE('',*,*,#11559,.T.);
#11585 = ORIENTED_EDGE('',*,*,#11533,.T.);
#11586 = ORIENTED_EDGE('',*,*,#11430,.F.);
#11587 = ADVANCED_FACE('',(#11588),#11493,.F.);
#11588 = FACE_BOUND('',#11589,.F.);
#11589 = EDGE_LOOP('',(#11590,#11613,#11614,#11615));
#11590 = ORIENTED_EDGE('',*,*,#11591,.T.);
#11591 = EDGE_CURVE('',#11592,#11477,#11594,.T.);
#11592 = VERTEX_POINT('',#11593);
#11593 = CARTESIAN_POINT('',(-3.4375,4.125,1.08));
#11594 = SEAM_CURVE('',#11595,(#11599,#11606),.PCURVE_S1.);
#11595 = LINE('',#11596,#11597);
#11596 = CARTESIAN_POINT('',(-3.4375,4.125,1.08));
#11597 = VECTOR('',#11598,1.);
#11598 = DIRECTION('',(0.,0.,1.));
#11599 = PCURVE('',#11493,#11600);
#11600 = DEFINITIONAL_REPRESENTATION('',(#11601),#11605);
#11601 = LINE('',#11602,#11603);
#11602 = CARTESIAN_POINT('',(6.28318530718,-0.));
#11603 = VECTOR('',#11604,1.);
#11604 = DIRECTION('',(0.,1.));
#11605 = ( GEOMETRIC_REPRESENTATION_CONTEXT(2) 
PARAMETRIC_REPRESENTATION_CONTEXT() REPRESENTATION_CONTEXT('2D SPACE',''
  ) );
#11606 = PCURVE('',#11493,#11607);
#11607 = DEFINITIONAL_REPRESENTATION('',(#11608),#11612);
#11608 = LINE('',#11609,#11610);
#11609 = CARTESIAN_POINT('',(0.,-0.));
#11610 = VECTOR('',#11611,1.);
#11611 = DIRECTION('',(0.,1.));
#11612 = ( GEOMETRIC_REPRESENTATION_CONTEXT(2) 
PARAMETRIC_REPRESENTATION_CONTEXT() REPRESENTATION_CONTEXT('2D SPACE',''
  ) );
#11613 = ORIENTED_EDGE('',*,*,#11476,.F.);
#11614 = ORIENTED_EDGE('',*,*,#11591,.F.);
#11615 = ORIENTED_EDGE('',*,*,#11616,.T.);
#11616 = EDGE_CURVE('',#11592,#11592,#11617,.T.);
#11617 = SURFACE_CURVE('',#11618,(#11623,#11630),.PCURVE_S1.);
#11618 = CIRCLE('',#11619,0.6875);
#11619 = AXIS2_PLACEMENT_3D('',#11620,#11621,#11622);
#11620 = CARTESIAN_POINT('',(-4.125,4.125,1.08));
#11621 = DIRECTION('',(0.,0.,1.));
#11622 = DIRECTION('',(1.,0.,0.));
#11623 = PCURVE('',#11493,#11624);
#11624 = DEFINITIONAL_REPRESENTATION('',(#11625),#11629);
#11625 = LINE('',#11626,#11627);
#11626 = CARTESIAN_POINT('',(0.,0.));
#11627 = VECTOR('',#11628,1.);
#11628 = DIRECTION('',(1.,0.));
#11629 = ( GEOMETRIC_REPRESENTATION_CONTEXT(2) 
PARAMETRIC_REPRESENTATION_CONTEXT() REPRESENTATION_CONTEXT('2D SPACE',''
  ) );
#11630 = PCURVE('',#11631,#11636);
#11631 = PLANE('',#11632);
#11632 = AXIS2_PLACEMENT_3D('',#11633,#11634,#11635);
#11633 = CARTESIAN_POINT('',(-4.125,4.125,1.08));
#11634 = DIRECTION('',(0.,0.,1.));
#11635 = DIRECTION('',(1.,0.,0.));
#11636 = DEFINITIONAL_REPRESENTATION('',(#11637),#11641);
#11637 = CIRCLE('',#11638,0.6875);
#11638 = AXIS2_PLACEMENT_2D('',#11639,#11640);
#11639 = CARTESIAN_POINT('',(0.,0.));
#11640 = DIRECTION('',(1.,0.));
#11641 = ( GEOMETRIC_REPRESENTATION_CONTEXT(2) 
PARAMETRIC_REPRESENTATION_CONTEXT() REPRESENTATION_CONTEXT('2D SPACE',''
  ) );
#11642 = ADVANCED_FACE('',(#11643),#11631,.T.);
#11643 = FACE_BOUND('',#11644,.F.);
#11644 = EDGE_LOOP('',(#11645));
#11645 = ORIENTED_EDGE('',*,*,#11616,.F.);
#11646 = ( GEOMETRIC_REPRESENTATION_CONTEXT(3) 
GLOBAL_UNCERTAINTY_ASSIGNED_CONTEXT((#11650)) 
GLOBAL_UNIT_ASSIGNED_CONTEXT((#11647,#11648,#11649)) 
REPRESENTATION_CONTEXT('Context #1',
  '3D Context with UNIT and UNCERTAINTY') );
#11647 = ( LENGTH_UNIT() NAMED_UNIT(*) SI_UNIT(.MILLI.,.METRE.) );
#11648 = ( NAMED_UNIT(*) PLANE_ANGLE_UNIT() SI_UNIT($,.RADIAN.) );
#11649 = ( NAMED_UNIT(*) SI_UNIT($,.STERADIAN.) SOLID_ANGLE_UNIT() );
#11650 = UNCERTAINTY_MEASURE_WITH_UNIT(LENGTH_MEASURE(1.E-07),#11647,
  'distance_accuracy_value','confusion accuracy');
#11651 = SHAPE_DEFINITION_REPRESENTATION(#11652,#11225);
#11652 = PRODUCT_DEFINITION_SHAPE('','',#11653);
#11653 = PRODUCT_DEFINITION('design','',#11654,#11657);
#11654 = PRODUCT_DEFINITION_FORMATION('','',#11655);
#11655 = PRODUCT('Body','Body','',(#11656));
#11656 = PRODUCT_CONTEXT('',#2,'mechanical');
#11657 = PRODUCT_DEFINITION_CONTEXT('part definition',#2,'design');
#11658 = CONTEXT_DEPENDENT_SHAPE_REPRESENTATION(#11659,#11661);
#11659 = ( REPRESENTATION_RELATIONSHIP('','',#11225,#10) 
REPRESENTATION_RELATIONSHIP_WITH_TRANSFORMATION(#11660) 
SHAPE_REPRESENTATION_RELATIONSHIP() );
#11660 = ITEM_DEFINED_TRANSFORMATION('','',#11,#1295);
#11661 = PRODUCT_DEFINITION_SHAPE('Placement','Placement of an item',
  #11662);
#11662 = NEXT_ASSEMBLY_USAGE_OCCURRENCE('321','=>[0:1:1:322]','',#5,
  #11653,$);
#11663 = PRODUCT_RELATED_PRODUCT_CATEGORY('part',$,(#11655));
#11664 = MECHANICAL_DESIGN_GEOMETRIC_PRESENTATION_REPRESENTATION('',(
    #11665),#10215);
#11665 = STYLED_ITEM('color',(#11666),#10203);
#11666 = PRESENTATION_STYLE_ASSIGNMENT((#11667,#11673));
#11667 = SURFACE_STYLE_USAGE(.BOTH.,#11668);
#11668 = SURFACE_SIDE_STYLE('',(#11669));
#11669 = SURFACE_STYLE_FILL_AREA(#11670);
#11670 = FILL_AREA_STYLE('',(#11671));
#11671 = FILL_AREA_STYLE_COLOUR('',#11672);
#11672 = COLOUR_RGB('',0.73400002718,0.773000001907,0.79699999094);
#11673 = CURVE_STYLE('',#11674,POSITIVE_LENGTH_MEASURE(0.1),#11672);
#11674 = DRAUGHTING_PRE_DEFINED_CURVE_FONT('continuous');
#11675 = MECHANICAL_DESIGN_GEOMETRIC_PRESENTATION_REPRESENTATION('',(
    #11676),#8789);
#11676 = STYLED_ITEM('color',(#11677),#8777);
#11677 = PRESENTATION_STYLE_ASSIGNMENT((#11678,#11683));
#11678 = SURFACE_STYLE_USAGE(.BOTH.,#11679);
#11679 = SURFACE_SIDE_STYLE('',(#11680));
#11680 = SURFACE_STYLE_FILL_AREA(#11681);
#11681 = FILL_AREA_STYLE('',(#11682));
#11682 = FILL_AREA_STYLE_COLOUR('',#11672);
#11683 = CURVE_STYLE('',#11684,POSITIVE_LENGTH_MEASURE(0.1),#11672);
#11684 = DRAUGHTING_PRE_DEFINED_CURVE_FONT('continuous');
#11685 = MECHANICAL_DESIGN_GEOMETRIC_PRESENTATION_REPRESENTATION('',(
    #11686),#8603);
#11686 = STYLED_ITEM('color',(#11687),#8591);
#11687 = PRESENTATION_STYLE_ASSIGNMENT((#11688,#11693));
#11688 = SURFACE_STYLE_USAGE(.BOTH.,#11689);
#11689 = SURFACE_SIDE_STYLE('',(#11690));
#11690 = SURFACE_STYLE_FILL_AREA(#11691);
#11691 = FILL_AREA_STYLE('',(#11692));
#11692 = FILL_AREA_STYLE_COLOUR('',#11672);
#11693 = CURVE_STYLE('',#11694,POSITIVE_LENGTH_MEASURE(0.1),#11672);
#11694 = DRAUGHTING_PRE_DEFINED_CURVE_FONT('continuous');
#11695 = MECHANICAL_DESIGN_GEOMETRIC_PRESENTATION_REPRESENTATION('',(
    #11696),#4821);
#11696 = STYLED_ITEM('color',(#11697),#4809);
#11697 = PRESENTATION_STYLE_ASSIGNMENT((#11698,#11703));
#11698 = SURFACE_STYLE_USAGE(.BOTH.,#11699);
#11699 = SURFACE_SIDE_STYLE('',(#11700));
#11700 = SURFACE_STYLE_FILL_AREA(#11701);
#11701 = FILL_AREA_STYLE('',(#11702));
#11702 = FILL_AREA_STYLE_COLOUR('',#11672);
#11703 = CURVE_STYLE('',#11704,POSITIVE_LENGTH_MEASURE(0.1),#11672);
#11704 = DRAUGHTING_PRE_DEFINED_CURVE_FONT('continuous');
#11705 = MECHANICAL_DESIGN_GEOMETRIC_PRESENTATION_REPRESENTATION('',(
    #11706),#10463);
#11706 = STYLED_ITEM('color',(#11707),#10451);
#11707 = PRESENTATION_STYLE_ASSIGNMENT((#11708,#11713));
#11708 = SURFACE_STYLE_USAGE(.BOTH.,#11709);
#11709 = SURFACE_SIDE_STYLE('',(#11710));
#11710 = SURFACE_STYLE_FILL_AREA(#11711);
#11711 = FILL_AREA_STYLE('',(#11712));
#11712 = FILL_AREA_STYLE_COLOUR('',#11672);
#11713 = CURVE_STYLE('',#11714,POSITIVE_LENGTH_MEASURE(0.1),#11672);
#11714 = DRAUGHTING_PRE_DEFINED_CURVE_FONT('continuous');
#11715 = MECHANICAL_DESIGN_GEOMETRIC_PRESENTATION_REPRESENTATION('',(
    #11716),#3147);
#11716 = STYLED_ITEM('color',(#11717),#3135);
#11717 = PRESENTATION_STYLE_ASSIGNMENT((#11718,#11723));
#11718 = SURFACE_STYLE_USAGE(.BOTH.,#11719);
#11719 = SURFACE_SIDE_STYLE('',(#11720));
#11720 = SURFACE_STYLE_FILL_AREA(#11721);
#11721 = FILL_AREA_STYLE('',(#11722));
#11722 = FILL_AREA_STYLE_COLOUR('',#11672);
#11723 = CURVE_STYLE('',#11724,POSITIVE_LENGTH_MEASURE(0.1),#11672);
#11724 = DRAUGHTING_PRE_DEFINED_CURVE_FONT('continuous');
#11725 = MECHANICAL_DESIGN_GEOMETRIC_PRESENTATION_REPRESENTATION('',(
    #11726),#8975);
#11726 = STYLED_ITEM('color',(#11727),#8963);
#11727 = PRESENTATION_STYLE_ASSIGNMENT((#11728,#11733));
#11728 = SURFACE_STYLE_USAGE(.BOTH.,#11729);
#11729 = SURFACE_SIDE_STYLE('',(#11730));
#11730 = SURFACE_STYLE_FILL_AREA(#11731);
#11731 = FILL_AREA_STYLE('',(#11732));
#11732 = FILL_AREA_STYLE_COLOUR('',#11672);
#11733 = CURVE_STYLE('',#11734,POSITIVE_LENGTH_MEASURE(0.1),#11672);
#11734 = DRAUGHTING_PRE_DEFINED_CURVE_FONT('continuous');
#11735 = MECHANICAL_DESIGN_GEOMETRIC_PRESENTATION_REPRESENTATION('',(
    #11736),#6464);
#11736 = STYLED_ITEM('color',(#11737),#6452);
#11737 = PRESENTATION_STYLE_ASSIGNMENT((#11738,#11743));
#11738 = SURFACE_STYLE_USAGE(.BOTH.,#11739);
#11739 = SURFACE_SIDE_STYLE('',(#11740));
#11740 = SURFACE_STYLE_FILL_AREA(#11741);
#11741 = FILL_AREA_STYLE('',(#11742));
#11742 = FILL_AREA_STYLE_COLOUR('',#11672);
#11743 = CURVE_STYLE('',#11744,POSITIVE_LENGTH_MEASURE(0.1),#11672);
#11744 = DRAUGHTING_PRE_DEFINED_CURVE_FONT('continuous');
#11745 = MECHANICAL_DESIGN_GEOMETRIC_PRESENTATION_REPRESENTATION('',(
    #11746),#3581);
#11746 = STYLED_ITEM('color',(#11747),#3569);
#11747 = PRESENTATION_STYLE_ASSIGNMENT((#11748,#11753));
#11748 = SURFACE_STYLE_USAGE(.BOTH.,#11749);
#11749 = SURFACE_SIDE_STYLE('',(#11750));
#11750 = SURFACE_STYLE_FILL_AREA(#11751);
#11751 = FILL_AREA_STYLE('',(#11752));
#11752 = FILL_AREA_STYLE_COLOUR('',#11672);
#11753 = CURVE_STYLE('',#11754,POSITIVE_LENGTH_MEASURE(0.1),#11672);
#11754 = DRAUGHTING_PRE_DEFINED_CURVE_FONT('continuous');
#11755 = MECHANICAL_DESIGN_GEOMETRIC_PRESENTATION_REPRESENTATION('',(
    #11756),#9719);
#11756 = STYLED_ITEM('color',(#11757),#9707);
#11757 = PRESENTATION_STYLE_ASSIGNMENT((#11758,#11763));
#11758 = SURFACE_STYLE_USAGE(.BOTH.,#11759);
#11759 = SURFACE_SIDE_STYLE('',(#11760));
#11760 = SURFACE_STYLE_FILL_AREA(#11761);
#11761 = FILL_AREA_STYLE('',(#11762));
#11762 = FILL_AREA_STYLE_COLOUR('',#11672);
#11763 = CURVE_STYLE('',#11764,POSITIVE_LENGTH_MEASURE(0.1),#11672);
#11764 = DRAUGHTING_PRE_DEFINED_CURVE_FONT('continuous');
#11765 = MECHANICAL_DESIGN_GEOMETRIC_PRESENTATION_REPRESENTATION('',(
    #11766),#7890);
#11766 = STYLED_ITEM('color',(#11767),#7878);
#11767 = PRESENTATION_STYLE_ASSIGNMENT((#11768,#11773));
#11768 = SURFACE_STYLE_USAGE(.BOTH.,#11769);
#11769 = SURFACE_SIDE_STYLE('',(#11770));
#11770 = SURFACE_STYLE_FILL_AREA(#11771);
#11771 = FILL_AREA_STYLE('',(#11772));
#11772 = FILL_AREA_STYLE_COLOUR('',#11672);
#11773 = CURVE_STYLE('',#11774,POSITIVE_LENGTH_MEASURE(0.1),#11672);
#11774 = DRAUGHTING_PRE_DEFINED_CURVE_FONT('continuous');
#11775 = MECHANICAL_DESIGN_GEOMETRIC_PRESENTATION_REPRESENTATION('',(
    #11776),#6774);
#11776 = STYLED_ITEM('color',(#11777),#6762);
#11777 = PRESENTATION_STYLE_ASSIGNMENT((#11778,#11783));
#11778 = SURFACE_STYLE_USAGE(.BOTH.,#11779);
#11779 = SURFACE_SIDE_STYLE('',(#11780));
#11780 = SURFACE_STYLE_FILL_AREA(#11781);
#11781 = FILL_AREA_STYLE('',(#11782));
#11782 = FILL_AREA_STYLE_COLOUR('',#11672);
#11783 = CURVE_STYLE('',#11784,POSITIVE_LENGTH_MEASURE(0.1),#11672);
#11784 = DRAUGHTING_PRE_DEFINED_CURVE_FONT('continuous');
#11785 = MECHANICAL_DESIGN_GEOMETRIC_PRESENTATION_REPRESENTATION('',(
    #11786),#5503);
#11786 = STYLED_ITEM('color',(#11787),#5491);
#11787 = PRESENTATION_STYLE_ASSIGNMENT((#11788,#11793));
#11788 = SURFACE_STYLE_USAGE(.BOTH.,#11789);
#11789 = SURFACE_SIDE_STYLE('',(#11790));
#11790 = SURFACE_STYLE_FILL_AREA(#11791);
#11791 = FILL_AREA_STYLE('',(#11792));
#11792 = FILL_AREA_STYLE_COLOUR('',#11672);
#11793 = CURVE_STYLE('',#11794,POSITIVE_LENGTH_MEASURE(0.1),#11672);
#11794 = DRAUGHTING_PRE_DEFINED_CURVE_FONT('continuous');
#11795 = MECHANICAL_DESIGN_GEOMETRIC_PRESENTATION_REPRESENTATION('',(
    #11796),#11114);
#11796 = STYLED_ITEM('color',(#11797),#11102);
#11797 = PRESENTATION_STYLE_ASSIGNMENT((#11798,#11803));
#11798 = SURFACE_STYLE_USAGE(.BOTH.,#11799);
#11799 = SURFACE_SIDE_STYLE('',(#11800));
#11800 = SURFACE_STYLE_FILL_AREA(#11801);
#11801 = FILL_AREA_STYLE('',(#11802));
#11802 = FILL_AREA_STYLE_COLOUR('',#11672);
#11803 = CURVE_STYLE('',#11804,POSITIVE_LENGTH_MEASURE(0.1),#11672);
#11804 = DRAUGHTING_PRE_DEFINED_CURVE_FONT('continuous');
#11805 = MECHANICAL_DESIGN_GEOMETRIC_PRESENTATION_REPRESENTATION('',(
    #11806),#6681);
#11806 = STYLED_ITEM('color',(#11807),#6669);
#11807 = PRESENTATION_STYLE_ASSIGNMENT((#11808,#11813));
#11808 = SURFACE_STYLE_USAGE(.BOTH.,#11809);
#11809 = SURFACE_SIDE_STYLE('',(#11810));
#11810 = SURFACE_STYLE_FILL_AREA(#11811);
#11811 = FILL_AREA_STYLE('',(#11812));
#11812 = FILL_AREA_STYLE_COLOUR('',#11672);
#11813 = CURVE_STYLE('',#11814,POSITIVE_LENGTH_MEASURE(0.1),#11672);
#11814 = DRAUGHTING_PRE_DEFINED_CURVE_FONT('continuous');
#11815 = MECHANICAL_DESIGN_GEOMETRIC_PRESENTATION_REPRESENTATION('',(
    #11816),#9750);
#11816 = STYLED_ITEM('color',(#11817),#9738);
#11817 = PRESENTATION_STYLE_ASSIGNMENT((#11818,#11823));
#11818 = SURFACE_STYLE_USAGE(.BOTH.,#11819);
#11819 = SURFACE_SIDE_STYLE('',(#11820));
#11820 = SURFACE_STYLE_FILL_AREA(#11821);
#11821 = FILL_AREA_STYLE('',(#11822));
#11822 = FILL_AREA_STYLE_COLOUR('',#11672);
#11823 = CURVE_STYLE('',#11824,POSITIVE_LENGTH_MEASURE(0.1),#11672);
#11824 = DRAUGHTING_PRE_DEFINED_CURVE_FONT('continuous');
#11825 = MECHANICAL_DESIGN_GEOMETRIC_PRESENTATION_REPRESENTATION('',(
    #11826),#7146);
#11826 = STYLED_ITEM('color',(#11827),#7134);
#11827 = PRESENTATION_STYLE_ASSIGNMENT((#11828,#11833));
#11828 = SURFACE_STYLE_USAGE(.BOTH.,#11829);
#11829 = SURFACE_SIDE_STYLE('',(#11830));
#11830 = SURFACE_STYLE_FILL_AREA(#11831);
#11831 = FILL_AREA_STYLE('',(#11832));
#11832 = FILL_AREA_STYLE_COLOUR('',#11672);
#11833 = CURVE_STYLE('',#11834,POSITIVE_LENGTH_MEASURE(0.1),#11672);
#11834 = DRAUGHTING_PRE_DEFINED_CURVE_FONT('continuous');
#11835 = MECHANICAL_DESIGN_GEOMETRIC_PRESENTATION_REPRESENTATION('',(
    #11836),#6030);
#11836 = STYLED_ITEM('color',(#11837),#6018);
#11837 = PRESENTATION_STYLE_ASSIGNMENT((#11838,#11843));
#11838 = SURFACE_STYLE_USAGE(.BOTH.,#11839);
#11839 = SURFACE_SIDE_STYLE('',(#11840));
#11840 = SURFACE_STYLE_FILL_AREA(#11841);
#11841 = FILL_AREA_STYLE('',(#11842));
#11842 = FILL_AREA_STYLE_COLOUR('',#11672);
#11843 = CURVE_STYLE('',#11844,POSITIVE_LENGTH_MEASURE(0.1),#11672);
#11844 = DRAUGHTING_PRE_DEFINED_CURVE_FONT('continuous');
#11845 = MECHANICAL_DESIGN_GEOMETRIC_PRESENTATION_REPRESENTATION('',(
    #11846),#10401);
#11846 = STYLED_ITEM('color',(#11847),#10389);
#11847 = PRESENTATION_STYLE_ASSIGNMENT((#11848,#11853));
#11848 = SURFACE_STYLE_USAGE(.BOTH.,#11849);
#11849 = SURFACE_SIDE_STYLE('',(#11850));
#11850 = SURFACE_STYLE_FILL_AREA(#11851);
#11851 = FILL_AREA_STYLE('',(#11852));
#11852 = FILL_AREA_STYLE_COLOUR('',#11672);
#11853 = CURVE_STYLE('',#11854,POSITIVE_LENGTH_MEASURE(0.1),#11672);
#11854 = DRAUGHTING_PRE_DEFINED_CURVE_FONT('continuous');
#11855 = MECHANICAL_DESIGN_GEOMETRIC_PRESENTATION_REPRESENTATION('',(
    #11856),#3488);
#11856 = STYLED_ITEM('color',(#11857),#3476);
#11857 = PRESENTATION_STYLE_ASSIGNMENT((#11858,#11863));
#11858 = SURFACE_STYLE_USAGE(.BOTH.,#11859);
#11859 = SURFACE_SIDE_STYLE('',(#11860));
#11860 = SURFACE_STYLE_FILL_AREA(#11861);
#11861 = FILL_AREA_STYLE('',(#11862));
#11862 = FILL_AREA_STYLE_COLOUR('',#11672);
#11863 = CURVE_STYLE('',#11864,POSITIVE_LENGTH_MEASURE(0.1),#11672);
#11864 = DRAUGHTING_PRE_DEFINED_CURVE_FONT('continuous');
#11865 = MECHANICAL_DESIGN_GEOMETRIC_PRESENTATION_REPRESENTATION('',(
    #11866),#8448);
#11866 = STYLED_ITEM('color',(#11867),#8436);
#11867 = PRESENTATION_STYLE_ASSIGNMENT((#11868,#11873));
#11868 = SURFACE_STYLE_USAGE(.BOTH.,#11869);
#11869 = SURFACE_SIDE_STYLE('',(#11870));
#11870 = SURFACE_STYLE_FILL_AREA(#11871);
#11871 = FILL_AREA_STYLE('',(#11872));
#11872 = FILL_AREA_STYLE_COLOUR('',#11672);
#11873 = CURVE_STYLE('',#11874,POSITIVE_LENGTH_MEASURE(0.1),#11672);
#11874 = DRAUGHTING_PRE_DEFINED_CURVE_FONT('continuous');
#11875 = MECHANICAL_DESIGN_GEOMETRIC_PRESENTATION_REPRESENTATION('',(
    #11876),#3023);
#11876 = STYLED_ITEM('color',(#11877),#3011);
#11877 = PRESENTATION_STYLE_ASSIGNMENT((#11878,#11883));
#11878 = SURFACE_STYLE_USAGE(.BOTH.,#11879);
#11879 = SURFACE_SIDE_STYLE('',(#11880));
#11880 = SURFACE_STYLE_FILL_AREA(#11881);
#11881 = FILL_AREA_STYLE('',(#11882));
#11882 = FILL_AREA_STYLE_COLOUR('',#11672);
#11883 = CURVE_STYLE('',#11884,POSITIVE_LENGTH_MEASURE(0.1),#11672);
#11884 = DRAUGHTING_PRE_DEFINED_CURVE_FONT('continuous');
#11885 = MECHANICAL_DESIGN_GEOMETRIC_PRESENTATION_REPRESENTATION('',(
    #11886),#6247);
#11886 = STYLED_ITEM('color',(#11887),#6235);
#11887 = PRESENTATION_STYLE_ASSIGNMENT((#11888,#11893));
#11888 = SURFACE_STYLE_USAGE(.BOTH.,#11889);
#11889 = SURFACE_SIDE_STYLE('',(#11890));
#11890 = SURFACE_STYLE_FILL_AREA(#11891);
#11891 = FILL_AREA_STYLE('',(#11892));
#11892 = FILL_AREA_STYLE_COLOUR('',#11672);
#11893 = CURVE_STYLE('',#11894,POSITIVE_LENGTH_MEASURE(0.1),#11672);
#11894 = DRAUGHTING_PRE_DEFINED_CURVE_FONT('continuous');
#11895 = MECHANICAL_DESIGN_GEOMETRIC_PRESENTATION_REPRESENTATION('',(
    #11896),#8355);
#11896 = STYLED_ITEM('color',(#11897),#8343);
#11897 = PRESENTATION_STYLE_ASSIGNMENT((#11898,#11903));
#11898 = SURFACE_STYLE_USAGE(.BOTH.,#11899);
#11899 = SURFACE_SIDE_STYLE('',(#11900));
#11900 = SURFACE_STYLE_FILL_AREA(#11901);
#11901 = FILL_AREA_STYLE('',(#11902));
#11902 = FILL_AREA_STYLE_COLOUR('',#11672);
#11903 = CURVE_STYLE('',#11904,POSITIVE_LENGTH_MEASURE(0.1),#11672);
#11904 = DRAUGHTING_PRE_DEFINED_CURVE_FONT('continuous');
#11905 = MECHANICAL_DESIGN_GEOMETRIC_PRESENTATION_REPRESENTATION('',(
    #11906),#7053);
#11906 = STYLED_ITEM('color',(#11907),#7041);
#11907 = PRESENTATION_STYLE_ASSIGNMENT((#11908,#11913));
#11908 = SURFACE_STYLE_USAGE(.BOTH.,#11909);
#11909 = SURFACE_SIDE_STYLE('',(#11910));
#11910 = SURFACE_STYLE_FILL_AREA(#11911);
#11911 = FILL_AREA_STYLE('',(#11912));
#11912 = FILL_AREA_STYLE_COLOUR('',#11672);
#11913 = CURVE_STYLE('',#11914,POSITIVE_LENGTH_MEASURE(0.1),#11672);
#11914 = DRAUGHTING_PRE_DEFINED_CURVE_FONT('continuous');
#11915 = MECHANICAL_DESIGN_GEOMETRIC_PRESENTATION_REPRESENTATION('',(
    #11916),#5844);
#11916 = STYLED_ITEM('color',(#11917),#5832);
#11917 = PRESENTATION_STYLE_ASSIGNMENT((#11918,#11923));
#11918 = SURFACE_STYLE_USAGE(.BOTH.,#11919);
#11919 = SURFACE_SIDE_STYLE('',(#11920));
#11920 = SURFACE_STYLE_FILL_AREA(#11921);
#11921 = FILL_AREA_STYLE('',(#11922));
#11922 = FILL_AREA_STYLE_COLOUR('',#11672);
#11923 = CURVE_STYLE('',#11924,POSITIVE_LENGTH_MEASURE(0.1),#11672);
#11924 = DRAUGHTING_PRE_DEFINED_CURVE_FONT('continuous');
#11925 = MECHANICAL_DESIGN_GEOMETRIC_PRESENTATION_REPRESENTATION('',(
    #11926),#11052);
#11926 = STYLED_ITEM('color',(#11927),#11040);
#11927 = PRESENTATION_STYLE_ASSIGNMENT((#11928,#11933));
#11928 = SURFACE_STYLE_USAGE(.BOTH.,#11929);
#11929 = SURFACE_SIDE_STYLE('',(#11930));
#11930 = SURFACE_STYLE_FILL_AREA(#11931);
#11931 = FILL_AREA_STYLE('',(#11932));
#11932 = FILL_AREA_STYLE_COLOUR('',#11672);
#11933 = CURVE_STYLE('',#11934,POSITIVE_LENGTH_MEASURE(0.1),#11672);
#11934 = DRAUGHTING_PRE_DEFINED_CURVE_FONT('continuous');
#11935 = MECHANICAL_DESIGN_GEOMETRIC_PRESENTATION_REPRESENTATION('',(
    #11936),#1411);
#11936 = STYLED_ITEM('color',(#11937),#1399);
#11937 = PRESENTATION_STYLE_ASSIGNMENT((#11938,#11943));
#11938 = SURFACE_STYLE_USAGE(.BOTH.,#11939);
#11939 = SURFACE_SIDE_STYLE('',(#11940));
#11940 = SURFACE_STYLE_FILL_AREA(#11941);
#11941 = FILL_AREA_STYLE('',(#11942));
#11942 = FILL_AREA_STYLE_COLOUR('',#11672);
#11943 = CURVE_STYLE('',#11944,POSITIVE_LENGTH_MEASURE(0.1),#11672);
#11944 = DRAUGHTING_PRE_DEFINED_CURVE_FONT('continuous');
#11945 = MECHANICAL_DESIGN_GEOMETRIC_PRESENTATION_REPRESENTATION('',(
    #11946),#4604);
#11946 = STYLED_ITEM('color',(#11947),#4592);
#11947 = PRESENTATION_STYLE_ASSIGNMENT((#11948,#11953));
#11948 = SURFACE_STYLE_USAGE(.BOTH.,#11949);
#11949 = SURFACE_SIDE_STYLE('',(#11950));
#11950 = SURFACE_STYLE_FILL_AREA(#11951);
#11951 = FILL_AREA_STYLE('',(#11952));
#11952 = FILL_AREA_STYLE_COLOUR('',#11672);
#11953 = CURVE_STYLE('',#11954,POSITIVE_LENGTH_MEASURE(0.1),#11672);
#11954 = DRAUGHTING_PRE_DEFINED_CURVE_FONT('continuous');
#11955 = MECHANICAL_DESIGN_GEOMETRIC_PRESENTATION_REPRESENTATION('',(
    #11956),#11207);
#11956 = STYLED_ITEM('color',(#11957),#11195);
#11957 = PRESENTATION_STYLE_ASSIGNMENT((#11958,#11963));
#11958 = SURFACE_STYLE_USAGE(.BOTH.,#11959);
#11959 = SURFACE_SIDE_STYLE('',(#11960));
#11960 = SURFACE_STYLE_FILL_AREA(#11961);
#11961 = FILL_AREA_STYLE('',(#11962));
#11962 = FILL_AREA_STYLE_COLOUR('',#11672);
#11963 = CURVE_STYLE('',#11964,POSITIVE_LENGTH_MEASURE(0.1),#11672);
#11964 = DRAUGHTING_PRE_DEFINED_CURVE_FONT('continuous');
#11965 = MECHANICAL_DESIGN_GEOMETRIC_PRESENTATION_REPRESENTATION('',(
    #11966),#10184);
#11966 = STYLED_ITEM('color',(#11967),#10172);
#11967 = PRESENTATION_STYLE_ASSIGNMENT((#11968,#11973));
#11968 = SURFACE_STYLE_USAGE(.BOTH.,#11969);
#11969 = SURFACE_SIDE_STYLE('',(#11970));
#11970 = SURFACE_STYLE_FILL_AREA(#11971);
#11971 = FILL_AREA_STYLE('',(#11972));
#11972 = FILL_AREA_STYLE_COLOUR('',#11672);
#11973 = CURVE_STYLE('',#11974,POSITIVE_LENGTH_MEASURE(0.1),#11672);
#11974 = DRAUGHTING_PRE_DEFINED_CURVE_FONT('continuous');
#11975 = MECHANICAL_DESIGN_GEOMETRIC_PRESENTATION_REPRESENTATION('',(
    #11976),#9936);
#11976 = STYLED_ITEM('color',(#11977),#9924);
#11977 = PRESENTATION_STYLE_ASSIGNMENT((#11978,#11983));
#11978 = SURFACE_STYLE_USAGE(.BOTH.,#11979);
#11979 = SURFACE_SIDE_STYLE('',(#11980));
#11980 = SURFACE_STYLE_FILL_AREA(#11981);
#11981 = FILL_AREA_STYLE('',(#11982));
#11982 = FILL_AREA_STYLE_COLOUR('',#11672);
#11983 = CURVE_STYLE('',#11984,POSITIVE_LENGTH_MEASURE(0.1),#11672);
#11984 = DRAUGHTING_PRE_DEFINED_CURVE_FONT('continuous');
#11985 = MECHANICAL_DESIGN_GEOMETRIC_PRESENTATION_REPRESENTATION('',(
    #11986),#4511);
#11986 = STYLED_ITEM('color',(#11987),#4499);
#11987 = PRESENTATION_STYLE_ASSIGNMENT((#11988,#11993));
#11988 = SURFACE_STYLE_USAGE(.BOTH.,#11989);
#11989 = SURFACE_SIDE_STYLE('',(#11990));
#11990 = SURFACE_STYLE_FILL_AREA(#11991);
#11991 = FILL_AREA_STYLE('',(#11992));
#11992 = FILL_AREA_STYLE_COLOUR('',#11672);
#11993 = CURVE_STYLE('',#11994,POSITIVE_LENGTH_MEASURE(0.1),#11672);
#11994 = DRAUGHTING_PRE_DEFINED_CURVE_FONT('continuous');
#11995 = MECHANICAL_DESIGN_GEOMETRIC_PRESENTATION_REPRESENTATION('',(
    #11996),#10866);
#11996 = STYLED_ITEM('color',(#11997),#10854);
#11997 = PRESENTATION_STYLE_ASSIGNMENT((#11998,#12003));
#11998 = SURFACE_STYLE_USAGE(.BOTH.,#11999);
#11999 = SURFACE_SIDE_STYLE('',(#12000));
#12000 = SURFACE_STYLE_FILL_AREA(#12001);
#12001 = FILL_AREA_STYLE('',(#12002));
#12002 = FILL_AREA_STYLE_COLOUR('',#11672);
#12003 = CURVE_STYLE('',#12004,POSITIVE_LENGTH_MEASURE(0.1),#11672);
#12004 = DRAUGHTING_PRE_DEFINED_CURVE_FONT('continuous');
#12005 = MECHANICAL_DESIGN_GEOMETRIC_PRESENTATION_REPRESENTATION('',(
    #12006),#6340);
#12006 = STYLED_ITEM('color',(#12007),#6328);
#12007 = PRESENTATION_STYLE_ASSIGNMENT((#12008,#12013));
#12008 = SURFACE_STYLE_USAGE(.BOTH.,#12009);
#12009 = SURFACE_SIDE_STYLE('',(#12010));
#12010 = SURFACE_STYLE_FILL_AREA(#12011);
#12011 = FILL_AREA_STYLE('',(#12012));
#12012 = FILL_AREA_STYLE_COLOUR('',#11672);
#12013 = CURVE_STYLE('',#12014,POSITIVE_LENGTH_MEASURE(0.1),#11672);
#12014 = DRAUGHTING_PRE_DEFINED_CURVE_FONT('continuous');
#12015 = MECHANICAL_DESIGN_GEOMETRIC_PRESENTATION_REPRESENTATION('',(
    #12016),#4170);
#12016 = STYLED_ITEM('color',(#12017),#4158);
#12017 = PRESENTATION_STYLE_ASSIGNMENT((#12018,#12023));
#12018 = SURFACE_STYLE_USAGE(.BOTH.,#12019);
#12019 = SURFACE_SIDE_STYLE('',(#12020));
#12020 = SURFACE_STYLE_FILL_AREA(#12021);
#12021 = FILL_AREA_STYLE('',(#12022));
#12022 = FILL_AREA_STYLE_COLOUR('',#11672);
#12023 = CURVE_STYLE('',#12024,POSITIVE_LENGTH_MEASURE(0.1),#11672);
#12024 = DRAUGHTING_PRE_DEFINED_CURVE_FONT('continuous');
#12025 = MECHANICAL_DESIGN_GEOMETRIC_PRESENTATION_REPRESENTATION('',(
    #12026),#1690);
#12026 = STYLED_ITEM('color',(#12027),#1678);
#12027 = PRESENTATION_STYLE_ASSIGNMENT((#12028,#12033));
#12028 = SURFACE_STYLE_USAGE(.BOTH.,#12029);
#12029 = SURFACE_SIDE_STYLE('',(#12030));
#12030 = SURFACE_STYLE_FILL_AREA(#12031);
#12031 = FILL_AREA_STYLE('',(#12032));
#12032 = FILL_AREA_STYLE_COLOUR('',#11672);
#12033 = CURVE_STYLE('',#12034,POSITIVE_LENGTH_MEASURE(0.1),#11672);
#12034 = DRAUGHTING_PRE_DEFINED_CURVE_FONT('continuous');
#12035 = MECHANICAL_DESIGN_GEOMETRIC_PRESENTATION_REPRESENTATION('',(
    #12036),#1752);
#12036 = STYLED_ITEM('color',(#12037),#1740);
#12037 = PRESENTATION_STYLE_ASSIGNMENT((#12038,#12043));
#12038 = SURFACE_STYLE_USAGE(.BOTH.,#12039);
#12039 = SURFACE_SIDE_STYLE('',(#12040));
#12040 = SURFACE_STYLE_FILL_AREA(#12041);
#12041 = FILL_AREA_STYLE('',(#12042));
#12042 = FILL_AREA_STYLE_COLOUR('',#11672);
#12043 = CURVE_STYLE('',#12044,POSITIVE_LENGTH_MEASURE(0.1),#11672);
#12044 = DRAUGHTING_PRE_DEFINED_CURVE_FONT('continuous');
#12045 = MECHANICAL_DESIGN_GEOMETRIC_PRESENTATION_REPRESENTATION('',(
    #12046),#6402);
#12046 = STYLED_ITEM('color',(#12047),#6390);
#12047 = PRESENTATION_STYLE_ASSIGNMENT((#12048,#12053));
#12048 = SURFACE_STYLE_USAGE(.BOTH.,#12049);
#12049 = SURFACE_SIDE_STYLE('',(#12050));
#12050 = SURFACE_STYLE_FILL_AREA(#12051);
#12051 = FILL_AREA_STYLE('',(#12052));
#12052 = FILL_AREA_STYLE_COLOUR('',#11672);
#12053 = CURVE_STYLE('',#12054,POSITIVE_LENGTH_MEASURE(0.1),#11672);
#12054 = DRAUGHTING_PRE_DEFINED_CURVE_FONT('continuous');
#12055 = MECHANICAL_DESIGN_GEOMETRIC_PRESENTATION_REPRESENTATION('',(
    #12056),#5751);
#12056 = STYLED_ITEM('color',(#12057),#5739);
#12057 = PRESENTATION_STYLE_ASSIGNMENT((#12058,#12063));
#12058 = SURFACE_STYLE_USAGE(.BOTH.,#12059);
#12059 = SURFACE_SIDE_STYLE('',(#12060));
#12060 = SURFACE_STYLE_FILL_AREA(#12061);
#12061 = FILL_AREA_STYLE('',(#12062));
#12062 = FILL_AREA_STYLE_COLOUR('',#11672);
#12063 = CURVE_STYLE('',#12064,POSITIVE_LENGTH_MEASURE(0.1),#11672);
#12064 = DRAUGHTING_PRE_DEFINED_CURVE_FONT('continuous');
#12065 = MECHANICAL_DESIGN_GEOMETRIC_PRESENTATION_REPRESENTATION('',(
    #12066),#2620);
#12066 = STYLED_ITEM('color',(#12067),#2608);
#12067 = PRESENTATION_STYLE_ASSIGNMENT((#12068,#12073));
#12068 = SURFACE_STYLE_USAGE(.BOTH.,#12069);
#12069 = SURFACE_SIDE_STYLE('',(#12070));
#12070 = SURFACE_STYLE_FILL_AREA(#12071);
#12071 = FILL_AREA_STYLE('',(#12072));
#12072 = FILL_AREA_STYLE_COLOUR('',#11672);
#12073 = CURVE_STYLE('',#12074,POSITIVE_LENGTH_MEASURE(0.1),#11672);
#12074 = DRAUGHTING_PRE_DEFINED_CURVE_FONT('continuous');
#12075 = MECHANICAL_DESIGN_GEOMETRIC_PRESENTATION_REPRESENTATION('',(
    #12076),#10928);
#12076 = STYLED_ITEM('color',(#12077),#10916);
#12077 = PRESENTATION_STYLE_ASSIGNMENT((#12078,#12083));
#12078 = SURFACE_STYLE_USAGE(.BOTH.,#12079);
#12079 = SURFACE_SIDE_STYLE('',(#12080));
#12080 = SURFACE_STYLE_FILL_AREA(#12081);
#12081 = FILL_AREA_STYLE('',(#12082));
#12082 = FILL_AREA_STYLE_COLOUR('',#11672);
#12083 = CURVE_STYLE('',#12084,POSITIVE_LENGTH_MEASURE(0.1),#11672);
#12084 = DRAUGHTING_PRE_DEFINED_CURVE_FONT('continuous');
#12085 = MECHANICAL_DESIGN_GEOMETRIC_PRESENTATION_REPRESENTATION('',(
    #12086),#6278);
#12086 = STYLED_ITEM('color',(#12087),#6266);
#12087 = PRESENTATION_STYLE_ASSIGNMENT((#12088,#12093));
#12088 = SURFACE_STYLE_USAGE(.BOTH.,#12089);
#12089 = SURFACE_SIDE_STYLE('',(#12090));
#12090 = SURFACE_STYLE_FILL_AREA(#12091);
#12091 = FILL_AREA_STYLE('',(#12092));
#12092 = FILL_AREA_STYLE_COLOUR('',#11672);
#12093 = CURVE_STYLE('',#12094,POSITIVE_LENGTH_MEASURE(0.1),#11672);
#12094 = DRAUGHTING_PRE_DEFINED_CURVE_FONT('continuous');
#12095 = MECHANICAL_DESIGN_GEOMETRIC_PRESENTATION_REPRESENTATION('',(
    #12096),#8820);
#12096 = STYLED_ITEM('color',(#12097),#8808);
#12097 = PRESENTATION_STYLE_ASSIGNMENT((#12098,#12103));
#12098 = SURFACE_STYLE_USAGE(.BOTH.,#12099);
#12099 = SURFACE_SIDE_STYLE('',(#12100));
#12100 = SURFACE_STYLE_FILL_AREA(#12101);
#12101 = FILL_AREA_STYLE('',(#12102));
#12102 = FILL_AREA_STYLE_COLOUR('',#11672);
#12103 = CURVE_STYLE('',#12104,POSITIVE_LENGTH_MEASURE(0.1),#11672);
#12104 = DRAUGHTING_PRE_DEFINED_CURVE_FONT('continuous');
#12105 = MECHANICAL_DESIGN_GEOMETRIC_PRESENTATION_REPRESENTATION('',(
    #12106),#6867);
#12106 = STYLED_ITEM('color',(#12107),#6855);
#12107 = PRESENTATION_STYLE_ASSIGNMENT((#12108,#12113));
#12108 = SURFACE_STYLE_USAGE(.BOTH.,#12109);
#12109 = SURFACE_SIDE_STYLE('',(#12110));
#12110 = SURFACE_STYLE_FILL_AREA(#12111);
#12111 = FILL_AREA_STYLE('',(#12112));
#12112 = FILL_AREA_STYLE_COLOUR('',#11672);
#12113 = CURVE_STYLE('',#12114,POSITIVE_LENGTH_MEASURE(0.1),#11672);
#12114 = DRAUGHTING_PRE_DEFINED_CURVE_FONT('continuous');
#12115 = MECHANICAL_DESIGN_GEOMETRIC_PRESENTATION_REPRESENTATION('',(
    #12116),#8200);
#12116 = STYLED_ITEM('color',(#12117),#8188);
#12117 = PRESENTATION_STYLE_ASSIGNMENT((#12118,#12123));
#12118 = SURFACE_STYLE_USAGE(.BOTH.,#12119);
#12119 = SURFACE_SIDE_STYLE('',(#12120));
#12120 = SURFACE_STYLE_FILL_AREA(#12121);
#12121 = FILL_AREA_STYLE('',(#12122));
#12122 = FILL_AREA_STYLE_COLOUR('',#11672);
#12123 = CURVE_STYLE('',#12124,POSITIVE_LENGTH_MEASURE(0.1),#11672);
#12124 = DRAUGHTING_PRE_DEFINED_CURVE_FONT('continuous');
#12125 = MECHANICAL_DESIGN_GEOMETRIC_PRESENTATION_REPRESENTATION('',(
    #12126),#8107);
#12126 = STYLED_ITEM('color',(#12127),#8095);
#12127 = PRESENTATION_STYLE_ASSIGNMENT((#12128,#12133));
#12128 = SURFACE_STYLE_USAGE(.BOTH.,#12129);
#12129 = SURFACE_SIDE_STYLE('',(#12130));
#12130 = SURFACE_STYLE_FILL_AREA(#12131);
#12131 = FILL_AREA_STYLE('',(#12132));
#12132 = FILL_AREA_STYLE_COLOUR('',#11672);
#12133 = CURVE_STYLE('',#12134,POSITIVE_LENGTH_MEASURE(0.1),#11672);
#12134 = DRAUGHTING_PRE_DEFINED_CURVE_FONT('continuous');
#12135 = MECHANICAL_DESIGN_GEOMETRIC_PRESENTATION_REPRESENTATION('',(
    #12136),#5875);
#12136 = STYLED_ITEM('color',(#12137),#5863);
#12137 = PRESENTATION_STYLE_ASSIGNMENT((#12138,#12143));
#12138 = SURFACE_STYLE_USAGE(.BOTH.,#12139);
#12139 = SURFACE_SIDE_STYLE('',(#12140));
#12140 = SURFACE_STYLE_FILL_AREA(#12141);
#12141 = FILL_AREA_STYLE('',(#12142));
#12142 = FILL_AREA_STYLE_COLOUR('',#11672);
#12143 = CURVE_STYLE('',#12144,POSITIVE_LENGTH_MEASURE(0.1),#11672);
#12144 = DRAUGHTING_PRE_DEFINED_CURVE_FONT('continuous');
#12145 = MECHANICAL_DESIGN_GEOMETRIC_PRESENTATION_REPRESENTATION('',(
    #12146),#9130);
#12146 = STYLED_ITEM('color',(#12147),#9118);
#12147 = PRESENTATION_STYLE_ASSIGNMENT((#12148,#12153));
#12148 = SURFACE_STYLE_USAGE(.BOTH.,#12149);
#12149 = SURFACE_SIDE_STYLE('',(#12150));
#12150 = SURFACE_STYLE_FILL_AREA(#12151);
#12151 = FILL_AREA_STYLE('',(#12152));
#12152 = FILL_AREA_STYLE_COLOUR('',#11672);
#12153 = CURVE_STYLE('',#12154,POSITIVE_LENGTH_MEASURE(0.1),#11672);
#12154 = DRAUGHTING_PRE_DEFINED_CURVE_FONT('continuous');
#12155 = MECHANICAL_DESIGN_GEOMETRIC_PRESENTATION_REPRESENTATION('',(
    #12156),#2682);
#12156 = STYLED_ITEM('color',(#12157),#2670);
#12157 = PRESENTATION_STYLE_ASSIGNMENT((#12158,#12163));
#12158 = SURFACE_STYLE_USAGE(.BOTH.,#12159);
#12159 = SURFACE_SIDE_STYLE('',(#12160));
#12160 = SURFACE_STYLE_FILL_AREA(#12161);
#12161 = FILL_AREA_STYLE('',(#12162));
#12162 = FILL_AREA_STYLE_COLOUR('',#11672);
#12163 = CURVE_STYLE('',#12164,POSITIVE_LENGTH_MEASURE(0.1),#11672);
#12164 = DRAUGHTING_PRE_DEFINED_CURVE_FONT('continuous');
#12165 = MECHANICAL_DESIGN_GEOMETRIC_PRESENTATION_REPRESENTATION('',(
    #12166),#8541);
#12166 = STYLED_ITEM('color',(#12167),#8529);
#12167 = PRESENTATION_STYLE_ASSIGNMENT((#12168,#12173));
#12168 = SURFACE_STYLE_USAGE(.BOTH.,#12169);
#12169 = SURFACE_SIDE_STYLE('',(#12170));
#12170 = SURFACE_STYLE_FILL_AREA(#12171);
#12171 = FILL_AREA_STYLE('',(#12172));
#12172 = FILL_AREA_STYLE_COLOUR('',#11672);
#12173 = CURVE_STYLE('',#12174,POSITIVE_LENGTH_MEASURE(0.1),#11672);
#12174 = DRAUGHTING_PRE_DEFINED_CURVE_FONT('continuous');
#12175 = MECHANICAL_DESIGN_GEOMETRIC_PRESENTATION_REPRESENTATION('',(
    #12176),#4945);
#12176 = STYLED_ITEM('color',(#12177),#4933);
#12177 = PRESENTATION_STYLE_ASSIGNMENT((#12178,#12183));
#12178 = SURFACE_STYLE_USAGE(.BOTH.,#12179);
#12179 = SURFACE_SIDE_STYLE('',(#12180));
#12180 = SURFACE_STYLE_FILL_AREA(#12181);
#12181 = FILL_AREA_STYLE('',(#12182));
#12182 = FILL_AREA_STYLE_COLOUR('',#11672);
#12183 = CURVE_STYLE('',#12184,POSITIVE_LENGTH_MEASURE(0.1),#11672);
#12184 = DRAUGHTING_PRE_DEFINED_CURVE_FONT('continuous');
#12185 = MECHANICAL_DESIGN_GEOMETRIC_PRESENTATION_REPRESENTATION('',(
    #12186),#3395);
#12186 = STYLED_ITEM('color',(#12187),#3383);
#12187 = PRESENTATION_STYLE_ASSIGNMENT((#12188,#12193));
#12188 = SURFACE_STYLE_USAGE(.BOTH.,#12189);
#12189 = SURFACE_SIDE_STYLE('',(#12190));
#12190 = SURFACE_STYLE_FILL_AREA(#12191);
#12191 = FILL_AREA_STYLE('',(#12192));
#12192 = FILL_AREA_STYLE_COLOUR('',#11672);
#12193 = CURVE_STYLE('',#12194,POSITIVE_LENGTH_MEASURE(0.1),#11672);
#12194 = DRAUGHTING_PRE_DEFINED_CURVE_FONT('continuous');
#12195 = MECHANICAL_DESIGN_GEOMETRIC_PRESENTATION_REPRESENTATION('',(
    #12196),#4356);
#12196 = STYLED_ITEM('color',(#12197),#4344);
#12197 = PRESENTATION_STYLE_ASSIGNMENT((#12198,#12203));
#12198 = SURFACE_STYLE_USAGE(.BOTH.,#12199);
#12199 = SURFACE_SIDE_STYLE('',(#12200));
#12200 = SURFACE_STYLE_FILL_AREA(#12201);
#12201 = FILL_AREA_STYLE('',(#12202));
#12202 = FILL_AREA_STYLE_COLOUR('',#11672);
#12203 = CURVE_STYLE('',#12204,POSITIVE_LENGTH_MEASURE(0.1),#11672);
#12204 = DRAUGHTING_PRE_DEFINED_CURVE_FONT('continuous');
#12205 = MECHANICAL_DESIGN_GEOMETRIC_PRESENTATION_REPRESENTATION('',(
    #12206),#3674);
#12206 = STYLED_ITEM('color',(#12207),#3662);
#12207 = PRESENTATION_STYLE_ASSIGNMENT((#12208,#12213));
#12208 = SURFACE_STYLE_USAGE(.BOTH.,#12209);
#12209 = SURFACE_SIDE_STYLE('',(#12210));
#12210 = SURFACE_STYLE_FILL_AREA(#12211);
#12211 = FILL_AREA_STYLE('',(#12212));
#12212 = FILL_AREA_STYLE_COLOUR('',#11672);
#12213 = CURVE_STYLE('',#12214,POSITIVE_LENGTH_MEASURE(0.1),#11672);
#12214 = DRAUGHTING_PRE_DEFINED_CURVE_FONT('continuous');
#12215 = MECHANICAL_DESIGN_GEOMETRIC_PRESENTATION_REPRESENTATION('',(
    #12216),#10680);
#12216 = STYLED_ITEM('color',(#12217),#10668);
#12217 = PRESENTATION_STYLE_ASSIGNMENT((#12218,#12223));
#12218 = SURFACE_STYLE_USAGE(.BOTH.,#12219);
#12219 = SURFACE_SIDE_STYLE('',(#12220));
#12220 = SURFACE_STYLE_FILL_AREA(#12221);
#12221 = FILL_AREA_STYLE('',(#12222));
#12222 = FILL_AREA_STYLE_COLOUR('',#11672);
#12223 = CURVE_STYLE('',#12224,POSITIVE_LENGTH_MEASURE(0.1),#11672);
#12224 = DRAUGHTING_PRE_DEFINED_CURVE_FONT('continuous');
#12225 = MECHANICAL_DESIGN_GEOMETRIC_PRESENTATION_REPRESENTATION('',(
    #12226),#9161);
#12226 = STYLED_ITEM('color',(#12227),#9149);
#12227 = PRESENTATION_STYLE_ASSIGNMENT((#12228,#12233));
#12228 = SURFACE_STYLE_USAGE(.BOTH.,#12229);
#12229 = SURFACE_SIDE_STYLE('',(#12230));
#12230 = SURFACE_STYLE_FILL_AREA(#12231);
#12231 = FILL_AREA_STYLE('',(#12232));
#12232 = FILL_AREA_STYLE_COLOUR('',#11672);
#12233 = CURVE_STYLE('',#12234,POSITIVE_LENGTH_MEASURE(0.1),#11672);
#12234 = DRAUGHTING_PRE_DEFINED_CURVE_FONT('continuous');
#12235 = MECHANICAL_DESIGN_GEOMETRIC_PRESENTATION_REPRESENTATION('',(
    #12236),#5596);
#12236 = STYLED_ITEM('color',(#12237),#5584);
#12237 = PRESENTATION_STYLE_ASSIGNMENT((#12238,#12243));
#12238 = SURFACE_STYLE_USAGE(.BOTH.,#12239);
#12239 = SURFACE_SIDE_STYLE('',(#12240));
#12240 = SURFACE_STYLE_FILL_AREA(#12241);
#12241 = FILL_AREA_STYLE('',(#12242));
#12242 = FILL_AREA_STYLE_COLOUR('',#11672);
#12243 = CURVE_STYLE('',#12244,POSITIVE_LENGTH_MEASURE(0.1),#11672);
#12244 = DRAUGHTING_PRE_DEFINED_CURVE_FONT('continuous');
#12245 = MECHANICAL_DESIGN_GEOMETRIC_PRESENTATION_REPRESENTATION('',(
    #12246),#1845);
#12246 = STYLED_ITEM('color',(#12247),#1833);
#12247 = PRESENTATION_STYLE_ASSIGNMENT((#12248,#12253));
#12248 = SURFACE_STYLE_USAGE(.BOTH.,#12249);
#12249 = SURFACE_SIDE_STYLE('',(#12250));
#12250 = SURFACE_STYLE_FILL_AREA(#12251);
#12251 = FILL_AREA_STYLE('',(#12252));
#12252 = FILL_AREA_STYLE_COLOUR('',#11672);
#12253 = CURVE_STYLE('',#12254,POSITIVE_LENGTH_MEASURE(0.1),#11672);
#12254 = DRAUGHTING_PRE_DEFINED_CURVE_FONT('continuous');
#12255 = MECHANICAL_DESIGN_GEOMETRIC_PRESENTATION_REPRESENTATION('',(
    #12256),#3612);
#12256 = STYLED_ITEM('color',(#12257),#3600);
#12257 = PRESENTATION_STYLE_ASSIGNMENT((#12258,#12263));
#12258 = SURFACE_STYLE_USAGE(.BOTH.,#12259);
#12259 = SURFACE_SIDE_STYLE('',(#12260));
#12260 = SURFACE_STYLE_FILL_AREA(#12261);
#12261 = FILL_AREA_STYLE('',(#12262));
#12262 = FILL_AREA_STYLE_COLOUR('',#11672);
#12263 = CURVE_STYLE('',#12264,POSITIVE_LENGTH_MEASURE(0.1),#11672);
#12264 = DRAUGHTING_PRE_DEFINED_CURVE_FONT('continuous');
#12265 = MECHANICAL_DESIGN_GEOMETRIC_PRESENTATION_REPRESENTATION('',(
    #12266),#8882);
#12266 = STYLED_ITEM('color',(#12267),#8870);
#12267 = PRESENTATION_STYLE_ASSIGNMENT((#12268,#12273));
#12268 = SURFACE_STYLE_USAGE(.BOTH.,#12269);
#12269 = SURFACE_SIDE_STYLE('',(#12270));
#12270 = SURFACE_STYLE_FILL_AREA(#12271);
#12271 = FILL_AREA_STYLE('',(#12272));
#12272 = FILL_AREA_STYLE_COLOUR('',#11672);
#12273 = CURVE_STYLE('',#12274,POSITIVE_LENGTH_MEASURE(0.1),#11672);
#12274 = DRAUGHTING_PRE_DEFINED_CURVE_FONT('continuous');
#12275 = MECHANICAL_DESIGN_GEOMETRIC_PRESENTATION_REPRESENTATION('',(
    #12276),#6743);
#12276 = STYLED_ITEM('color',(#12277),#6731);
#12277 = PRESENTATION_STYLE_ASSIGNMENT((#12278,#12283));
#12278 = SURFACE_STYLE_USAGE(.BOTH.,#12279);
#12279 = SURFACE_SIDE_STYLE('',(#12280));
#12280 = SURFACE_STYLE_FILL_AREA(#12281);
#12281 = FILL_AREA_STYLE('',(#12282));
#12282 = FILL_AREA_STYLE_COLOUR('',#11672);
#12283 = CURVE_STYLE('',#12284,POSITIVE_LENGTH_MEASURE(0.1),#11672);
#12284 = DRAUGHTING_PRE_DEFINED_CURVE_FONT('continuous');
#12285 = MECHANICAL_DESIGN_GEOMETRIC_PRESENTATION_REPRESENTATION('',(
    #12286),#3860);
#12286 = STYLED_ITEM('color',(#12287),#3848);
#12287 = PRESENTATION_STYLE_ASSIGNMENT((#12288,#12293));
#12288 = SURFACE_STYLE_USAGE(.BOTH.,#12289);
#12289 = SURFACE_SIDE_STYLE('',(#12290));
#12290 = SURFACE_STYLE_FILL_AREA(#12291);
#12291 = FILL_AREA_STYLE('',(#12292));
#12292 = FILL_AREA_STYLE_COLOUR('',#11672);
#12293 = CURVE_STYLE('',#12294,POSITIVE_LENGTH_MEASURE(0.1),#11672);
#12294 = DRAUGHTING_PRE_DEFINED_CURVE_FONT('continuous');
#12295 = MECHANICAL_DESIGN_GEOMETRIC_PRESENTATION_REPRESENTATION('',(
    #12296),#1814);
#12296 = STYLED_ITEM('color',(#12297),#1802);
#12297 = PRESENTATION_STYLE_ASSIGNMENT((#12298,#12303));
#12298 = SURFACE_STYLE_USAGE(.BOTH.,#12299);
#12299 = SURFACE_SIDE_STYLE('',(#12300));
#12300 = SURFACE_STYLE_FILL_AREA(#12301);
#12301 = FILL_AREA_STYLE('',(#12302));
#12302 = FILL_AREA_STYLE_COLOUR('',#11672);
#12303 = CURVE_STYLE('',#12304,POSITIVE_LENGTH_MEASURE(0.1),#11672);
#12304 = DRAUGHTING_PRE_DEFINED_CURVE_FONT('continuous');
#12305 = MECHANICAL_DESIGN_GEOMETRIC_PRESENTATION_REPRESENTATION('',(
    #12306),#2806);
#12306 = STYLED_ITEM('color',(#12307),#2794);
#12307 = PRESENTATION_STYLE_ASSIGNMENT((#12308,#12313));
#12308 = SURFACE_STYLE_USAGE(.BOTH.,#12309);
#12309 = SURFACE_SIDE_STYLE('',(#12310));
#12310 = SURFACE_STYLE_FILL_AREA(#12311);
#12311 = FILL_AREA_STYLE('',(#12312));
#12312 = FILL_AREA_STYLE_COLOUR('',#11672);
#12313 = CURVE_STYLE('',#12314,POSITIVE_LENGTH_MEASURE(0.1),#11672);
#12314 = DRAUGHTING_PRE_DEFINED_CURVE_FONT('continuous');
#12315 = MECHANICAL_DESIGN_GEOMETRIC_PRESENTATION_REPRESENTATION('',(
    #12316),#7425);
#12316 = STYLED_ITEM('color',(#12317),#7413);
#12317 = PRESENTATION_STYLE_ASSIGNMENT((#12318,#12323));
#12318 = SURFACE_STYLE_USAGE(.BOTH.,#12319);
#12319 = SURFACE_SIDE_STYLE('',(#12320));
#12320 = SURFACE_STYLE_FILL_AREA(#12321);
#12321 = FILL_AREA_STYLE('',(#12322));
#12322 = FILL_AREA_STYLE_COLOUR('',#11672);
#12323 = CURVE_STYLE('',#12324,POSITIVE_LENGTH_MEASURE(0.1),#11672);
#12324 = DRAUGHTING_PRE_DEFINED_CURVE_FONT('continuous');
#12325 = MECHANICAL_DESIGN_GEOMETRIC_PRESENTATION_REPRESENTATION('',(
    #12326),#2899);
#12326 = STYLED_ITEM('color',(#12327),#2887);
#12327 = PRESENTATION_STYLE_ASSIGNMENT((#12328,#12333));
#12328 = SURFACE_STYLE_USAGE(.BOTH.,#12329);
#12329 = SURFACE_SIDE_STYLE('',(#12330));
#12330 = SURFACE_STYLE_FILL_AREA(#12331);
#12331 = FILL_AREA_STYLE('',(#12332));
#12332 = FILL_AREA_STYLE_COLOUR('',#11672);
#12333 = CURVE_STYLE('',#12334,POSITIVE_LENGTH_MEASURE(0.1),#11672);
#12334 = DRAUGHTING_PRE_DEFINED_CURVE_FONT('continuous');
#12335 = MECHANICAL_DESIGN_GEOMETRIC_PRESENTATION_REPRESENTATION('',(
    #12336),#7580);
#12336 = STYLED_ITEM('color',(#12337),#7568);
#12337 = PRESENTATION_STYLE_ASSIGNMENT((#12338,#12343));
#12338 = SURFACE_STYLE_USAGE(.BOTH.,#12339);
#12339 = SURFACE_SIDE_STYLE('',(#12340));
#12340 = SURFACE_STYLE_FILL_AREA(#12341);
#12341 = FILL_AREA_STYLE('',(#12342));
#12342 = FILL_AREA_STYLE_COLOUR('',#11672);
#12343 = CURVE_STYLE('',#12344,POSITIVE_LENGTH_MEASURE(0.1),#11672);
#12344 = DRAUGHTING_PRE_DEFINED_CURVE_FONT('continuous');
#12345 = MECHANICAL_DESIGN_GEOMETRIC_PRESENTATION_REPRESENTATION('',(
    #12346),#1783);
#12346 = STYLED_ITEM('color',(#12347),#1771);
#12347 = PRESENTATION_STYLE_ASSIGNMENT((#12348,#12353));
#12348 = SURFACE_STYLE_USAGE(.BOTH.,#12349);
#12349 = SURFACE_SIDE_STYLE('',(#12350));
#12350 = SURFACE_STYLE_FILL_AREA(#12351);
#12351 = FILL_AREA_STYLE('',(#12352));
#12352 = FILL_AREA_STYLE_COLOUR('',#11672);
#12353 = CURVE_STYLE('',#12354,POSITIVE_LENGTH_MEASURE(0.1),#11672);
#12354 = DRAUGHTING_PRE_DEFINED_CURVE_FONT('continuous');
#12355 = MECHANICAL_DESIGN_GEOMETRIC_PRESENTATION_REPRESENTATION('',(
    #12356),#4263);
#12356 = STYLED_ITEM('color',(#12357),#4251);
#12357 = PRESENTATION_STYLE_ASSIGNMENT((#12358,#12363));
#12358 = SURFACE_STYLE_USAGE(.BOTH.,#12359);
#12359 = SURFACE_SIDE_STYLE('',(#12360));
#12360 = SURFACE_STYLE_FILL_AREA(#12361);
#12361 = FILL_AREA_STYLE('',(#12362));
#12362 = FILL_AREA_STYLE_COLOUR('',#11672);
#12363 = CURVE_STYLE('',#12364,POSITIVE_LENGTH_MEASURE(0.1),#11672);
#12364 = DRAUGHTING_PRE_DEFINED_CURVE_FONT('continuous');
#12365 = MECHANICAL_DESIGN_GEOMETRIC_PRESENTATION_REPRESENTATION('',(
    #12366),#6371);
#12366 = STYLED_ITEM('color',(#12367),#6359);
#12367 = PRESENTATION_STYLE_ASSIGNMENT((#12368,#12373));
#12368 = SURFACE_STYLE_USAGE(.BOTH.,#12369);
#12369 = SURFACE_SIDE_STYLE('',(#12370));
#12370 = SURFACE_STYLE_FILL_AREA(#12371);
#12371 = FILL_AREA_STYLE('',(#12372));
#12372 = FILL_AREA_STYLE_COLOUR('',#11672);
#12373 = CURVE_STYLE('',#12374,POSITIVE_LENGTH_MEASURE(0.1),#11672);
#12374 = DRAUGHTING_PRE_DEFINED_CURVE_FONT('continuous');
#12375 = MECHANICAL_DESIGN_GEOMETRIC_PRESENTATION_REPRESENTATION('',(
    #12376),#10494);
#12376 = STYLED_ITEM('color',(#12377),#10482);
#12377 = PRESENTATION_STYLE_ASSIGNMENT((#12378,#12383));
#12378 = SURFACE_STYLE_USAGE(.BOTH.,#12379);
#12379 = SURFACE_SIDE_STYLE('',(#12380));
#12380 = SURFACE_STYLE_FILL_AREA(#12381);
#12381 = FILL_AREA_STYLE('',(#12382));
#12382 = FILL_AREA_STYLE_COLOUR('',#11672);
#12383 = CURVE_STYLE('',#12384,POSITIVE_LENGTH_MEASURE(0.1),#11672);
#12384 = DRAUGHTING_PRE_DEFINED_CURVE_FONT('continuous');
#12385 = MECHANICAL_DESIGN_GEOMETRIC_PRESENTATION_REPRESENTATION('',(
    #12386),#7301);
#12386 = STYLED_ITEM('color',(#12387),#7289);
#12387 = PRESENTATION_STYLE_ASSIGNMENT((#12388,#12393));
#12388 = SURFACE_STYLE_USAGE(.BOTH.,#12389);
#12389 = SURFACE_SIDE_STYLE('',(#12390));
#12390 = SURFACE_STYLE_FILL_AREA(#12391);
#12391 = FILL_AREA_STYLE('',(#12392));
#12392 = FILL_AREA_STYLE_COLOUR('',#11672);
#12393 = CURVE_STYLE('',#12394,POSITIVE_LENGTH_MEASURE(0.1),#11672);
#12394 = DRAUGHTING_PRE_DEFINED_CURVE_FONT('continuous');
#12395 = MECHANICAL_DESIGN_GEOMETRIC_PRESENTATION_REPRESENTATION('',(
    #12396),#10122);
#12396 = STYLED_ITEM('color',(#12397),#10110);
#12397 = PRESENTATION_STYLE_ASSIGNMENT((#12398,#12403));
#12398 = SURFACE_STYLE_USAGE(.BOTH.,#12399);
#12399 = SURFACE_SIDE_STYLE('',(#12400));
#12400 = SURFACE_STYLE_FILL_AREA(#12401);
#12401 = FILL_AREA_STYLE('',(#12402));
#12402 = FILL_AREA_STYLE_COLOUR('',#11672);
#12403 = CURVE_STYLE('',#12404,POSITIVE_LENGTH_MEASURE(0.1),#11672);
#12404 = DRAUGHTING_PRE_DEFINED_CURVE_FONT('continuous');
#12405 = MECHANICAL_DESIGN_GEOMETRIC_PRESENTATION_REPRESENTATION('',(
    #12406),#8293);
#12406 = STYLED_ITEM('color',(#12407),#8281);
#12407 = PRESENTATION_STYLE_ASSIGNMENT((#12408,#12413));
#12408 = SURFACE_STYLE_USAGE(.BOTH.,#12409);
#12409 = SURFACE_SIDE_STYLE('',(#12410));
#12410 = SURFACE_STYLE_FILL_AREA(#12411);
#12411 = FILL_AREA_STYLE('',(#12412));
#12412 = FILL_AREA_STYLE_COLOUR('',#11672);
#12413 = CURVE_STYLE('',#12414,POSITIVE_LENGTH_MEASURE(0.1),#11672);
#12414 = DRAUGHTING_PRE_DEFINED_CURVE_FONT('continuous');
#12415 = MECHANICAL_DESIGN_GEOMETRIC_PRESENTATION_REPRESENTATION('',(
    #12416),#8913);
#12416 = STYLED_ITEM('color',(#12417),#8901);
#12417 = PRESENTATION_STYLE_ASSIGNMENT((#12418,#12423));
#12418 = SURFACE_STYLE_USAGE(.BOTH.,#12419);
#12419 = SURFACE_SIDE_STYLE('',(#12420));
#12420 = SURFACE_STYLE_FILL_AREA(#12421);
#12421 = FILL_AREA_STYLE('',(#12422));
#12422 = FILL_AREA_STYLE_COLOUR('',#11672);
#12423 = CURVE_STYLE('',#12424,POSITIVE_LENGTH_MEASURE(0.1),#11672);
#12424 = DRAUGHTING_PRE_DEFINED_CURVE_FONT('continuous');
#12425 = MECHANICAL_DESIGN_GEOMETRIC_PRESENTATION_REPRESENTATION('',(
    #12426),#1721);
#12426 = STYLED_ITEM('color',(#12427),#1709);
#12427 = PRESENTATION_STYLE_ASSIGNMENT((#12428,#12433));
#12428 = SURFACE_STYLE_USAGE(.BOTH.,#12429);
#12429 = SURFACE_SIDE_STYLE('',(#12430));
#12430 = SURFACE_STYLE_FILL_AREA(#12431);
#12431 = FILL_AREA_STYLE('',(#12432));
#12432 = FILL_AREA_STYLE_COLOUR('',#11672);
#12433 = CURVE_STYLE('',#12434,POSITIVE_LENGTH_MEASURE(0.1),#11672);
#12434 = DRAUGHTING_PRE_DEFINED_CURVE_FONT('continuous');
#12435 = MECHANICAL_DESIGN_GEOMETRIC_PRESENTATION_REPRESENTATION('',(
    #12436),#10618);
#12436 = STYLED_ITEM('color',(#12437),#10606);
#12437 = PRESENTATION_STYLE_ASSIGNMENT((#12438,#12443));
#12438 = SURFACE_STYLE_USAGE(.BOTH.,#12439);
#12439 = SURFACE_SIDE_STYLE('',(#12440));
#12440 = SURFACE_STYLE_FILL_AREA(#12441);
#12441 = FILL_AREA_STYLE('',(#12442));
#12442 = FILL_AREA_STYLE_COLOUR('',#11672);
#12443 = CURVE_STYLE('',#12444,POSITIVE_LENGTH_MEASURE(0.1),#11672);
#12444 = DRAUGHTING_PRE_DEFINED_CURVE_FONT('continuous');
#12445 = MECHANICAL_DESIGN_GEOMETRIC_PRESENTATION_REPRESENTATION('',(
    #12446),#4852);
#12446 = STYLED_ITEM('color',(#12447),#4840);
#12447 = PRESENTATION_STYLE_ASSIGNMENT((#12448,#12453));
#12448 = SURFACE_STYLE_USAGE(.BOTH.,#12449);
#12449 = SURFACE_SIDE_STYLE('',(#12450));
#12450 = SURFACE_STYLE_FILL_AREA(#12451);
#12451 = FILL_AREA_STYLE('',(#12452));
#12452 = FILL_AREA_STYLE_COLOUR('',#11672);
#12453 = CURVE_STYLE('',#12454,POSITIVE_LENGTH_MEASURE(0.1),#11672);
#12454 = DRAUGHTING_PRE_DEFINED_CURVE_FONT('continuous');
#12455 = MECHANICAL_DESIGN_GEOMETRIC_PRESENTATION_REPRESENTATION('',(
    #12456),#3767);
#12456 = STYLED_ITEM('color',(#12457),#3755);
#12457 = PRESENTATION_STYLE_ASSIGNMENT((#12458,#12463));
#12458 = SURFACE_STYLE_USAGE(.BOTH.,#12459);
#12459 = SURFACE_SIDE_STYLE('',(#12460));
#12460 = SURFACE_STYLE_FILL_AREA(#12461);
#12461 = FILL_AREA_STYLE('',(#12462));
#12462 = FILL_AREA_STYLE_COLOUR('',#11672);
#12463 = CURVE_STYLE('',#12464,POSITIVE_LENGTH_MEASURE(0.1),#11672);
#12464 = DRAUGHTING_PRE_DEFINED_CURVE_FONT('continuous');
#12465 = MECHANICAL_DESIGN_GEOMETRIC_PRESENTATION_REPRESENTATION('',(
    #12466),#11021);
#12466 = STYLED_ITEM('color',(#12467),#11009);
#12467 = PRESENTATION_STYLE_ASSIGNMENT((#12468,#12473));
#12468 = SURFACE_STYLE_USAGE(.BOTH.,#12469);
#12469 = SURFACE_SIDE_STYLE('',(#12470));
#12470 = SURFACE_STYLE_FILL_AREA(#12471);
#12471 = FILL_AREA_STYLE('',(#12472));
#12472 = FILL_AREA_STYLE_COLOUR('',#11672);
#12473 = CURVE_STYLE('',#12474,POSITIVE_LENGTH_MEASURE(0.1),#11672);
#12474 = DRAUGHTING_PRE_DEFINED_CURVE_FONT('continuous');
#12475 = MECHANICAL_DESIGN_GEOMETRIC_PRESENTATION_REPRESENTATION('',(
    #12476),#6557);
#12476 = STYLED_ITEM('color',(#12477),#6545);
#12477 = PRESENTATION_STYLE_ASSIGNMENT((#12478,#12483));
#12478 = SURFACE_STYLE_USAGE(.BOTH.,#12479);
#12479 = SURFACE_SIDE_STYLE('',(#12480));
#12480 = SURFACE_STYLE_FILL_AREA(#12481);
#12481 = FILL_AREA_STYLE('',(#12482));
#12482 = FILL_AREA_STYLE_COLOUR('',#11672);
#12483 = CURVE_STYLE('',#12484,POSITIVE_LENGTH_MEASURE(0.1),#11672);
#12484 = DRAUGHTING_PRE_DEFINED_CURVE_FONT('continuous');
#12485 = MECHANICAL_DESIGN_GEOMETRIC_PRESENTATION_REPRESENTATION('',(
    #12486),#4449);
#12486 = STYLED_ITEM('color',(#12487),#4437);
#12487 = PRESENTATION_STYLE_ASSIGNMENT((#12488,#12493));
#12488 = SURFACE_STYLE_USAGE(.BOTH.,#12489);
#12489 = SURFACE_SIDE_STYLE('',(#12490));
#12490 = SURFACE_STYLE_FILL_AREA(#12491);
#12491 = FILL_AREA_STYLE('',(#12492));
#12492 = FILL_AREA_STYLE_COLOUR('',#11672);
#12493 = CURVE_STYLE('',#12494,POSITIVE_LENGTH_MEASURE(0.1),#11672);
#12494 = DRAUGHTING_PRE_DEFINED_CURVE_FONT('continuous');
#12495 = MECHANICAL_DESIGN_GEOMETRIC_PRESENTATION_REPRESENTATION('',(
    #12496),#6526);
#12496 = STYLED_ITEM('color',(#12497),#6514);
#12497 = PRESENTATION_STYLE_ASSIGNMENT((#12498,#12503));
#12498 = SURFACE_STYLE_USAGE(.BOTH.,#12499);
#12499 = SURFACE_SIDE_STYLE('',(#12500));
#12500 = SURFACE_STYLE_FILL_AREA(#12501);
#12501 = FILL_AREA_STYLE('',(#12502));
#12502 = FILL_AREA_STYLE_COLOUR('',#11672);
#12503 = CURVE_STYLE('',#12504,POSITIVE_LENGTH_MEASURE(0.1),#11672);
#12504 = DRAUGHTING_PRE_DEFINED_CURVE_FONT('continuous');
#12505 = MECHANICAL_DESIGN_GEOMETRIC_PRESENTATION_REPRESENTATION('',(
    #12506),#5100);
#12506 = STYLED_ITEM('color',(#12507),#5088);
#12507 = PRESENTATION_STYLE_ASSIGNMENT((#12508,#12513));
#12508 = SURFACE_STYLE_USAGE(.BOTH.,#12509);
#12509 = SURFACE_SIDE_STYLE('',(#12510));
#12510 = SURFACE_STYLE_FILL_AREA(#12511);
#12511 = FILL_AREA_STYLE('',(#12512));
#12512 = FILL_AREA_STYLE_COLOUR('',#11672);
#12513 = CURVE_STYLE('',#12514,POSITIVE_LENGTH_MEASURE(0.1),#11672);
#12514 = DRAUGHTING_PRE_DEFINED_CURVE_FONT('continuous');
#12515 = MECHANICAL_DESIGN_GEOMETRIC_PRESENTATION_REPRESENTATION('',(
    #12516),#1659);
#12516 = STYLED_ITEM('color',(#12517),#1647);
#12517 = PRESENTATION_STYLE_ASSIGNMENT((#12518,#12523));
#12518 = SURFACE_STYLE_USAGE(.BOTH.,#12519);
#12519 = SURFACE_SIDE_STYLE('',(#12520));
#12520 = SURFACE_STYLE_FILL_AREA(#12521);
#12521 = FILL_AREA_STYLE('',(#12522));
#12522 = FILL_AREA_STYLE_COLOUR('',#11672);
#12523 = CURVE_STYLE('',#12524,POSITIVE_LENGTH_MEASURE(0.1),#11672);
#12524 = DRAUGHTING_PRE_DEFINED_CURVE_FONT('continuous');
#12525 = MECHANICAL_DESIGN_GEOMETRIC_PRESENTATION_REPRESENTATION('',(
    #12526),#10742);
#12526 = STYLED_ITEM('color',(#12527),#10730);
#12527 = PRESENTATION_STYLE_ASSIGNMENT((#12528,#12533));
#12528 = SURFACE_STYLE_USAGE(.BOTH.,#12529);
#12529 = SURFACE_SIDE_STYLE('',(#12530));
#12530 = SURFACE_STYLE_FILL_AREA(#12531);
#12531 = FILL_AREA_STYLE('',(#12532));
#12532 = FILL_AREA_STYLE_COLOUR('',#11672);
#12533 = CURVE_STYLE('',#12534,POSITIVE_LENGTH_MEASURE(0.1),#11672);
#12534 = DRAUGHTING_PRE_DEFINED_CURVE_FONT('continuous');
#12535 = MECHANICAL_DESIGN_GEOMETRIC_PRESENTATION_REPRESENTATION('',(
    #12536),#6092);
#12536 = STYLED_ITEM('color',(#12537),#6080);
#12537 = PRESENTATION_STYLE_ASSIGNMENT((#12538,#12543));
#12538 = SURFACE_STYLE_USAGE(.BOTH.,#12539);
#12539 = SURFACE_SIDE_STYLE('',(#12540));
#12540 = SURFACE_STYLE_FILL_AREA(#12541);
#12541 = FILL_AREA_STYLE('',(#12542));
#12542 = FILL_AREA_STYLE_COLOUR('',#11672);
#12543 = CURVE_STYLE('',#12544,POSITIVE_LENGTH_MEASURE(0.1),#11672);
#12544 = DRAUGHTING_PRE_DEFINED_CURVE_FONT('continuous');
#12545 = MECHANICAL_DESIGN_GEOMETRIC_PRESENTATION_REPRESENTATION('',(
    #12546),#10835);
#12546 = STYLED_ITEM('color',(#12547),#10823);
#12547 = PRESENTATION_STYLE_ASSIGNMENT((#12548,#12553));
#12548 = SURFACE_STYLE_USAGE(.BOTH.,#12549);
#12549 = SURFACE_SIDE_STYLE('',(#12550));
#12550 = SURFACE_STYLE_FILL_AREA(#12551);
#12551 = FILL_AREA_STYLE('',(#12552));
#12552 = FILL_AREA_STYLE_COLOUR('',#11672);
#12553 = CURVE_STYLE('',#12554,POSITIVE_LENGTH_MEASURE(0.1),#11672);
#12554 = DRAUGHTING_PRE_DEFINED_CURVE_FONT('continuous');
#12555 = MECHANICAL_DESIGN_GEOMETRIC_PRESENTATION_REPRESENTATION('',(
    #12556),#2930);
#12556 = STYLED_ITEM('color',(#12557),#2918);
#12557 = PRESENTATION_STYLE_ASSIGNMENT((#12558,#12563));
#12558 = SURFACE_STYLE_USAGE(.BOTH.,#12559);
#12559 = SURFACE_SIDE_STYLE('',(#12560));
#12560 = SURFACE_STYLE_FILL_AREA(#12561);
#12561 = FILL_AREA_STYLE('',(#12562));
#12562 = FILL_AREA_STYLE_COLOUR('',#11672);
#12563 = CURVE_STYLE('',#12564,POSITIVE_LENGTH_MEASURE(0.1),#11672);
#12564 = DRAUGHTING_PRE_DEFINED_CURVE_FONT('continuous');
#12565 = MECHANICAL_DESIGN_GEOMETRIC_PRESENTATION_REPRESENTATION('',(
    #12566),#3953);
#12566 = STYLED_ITEM('color',(#12567),#3941);
#12567 = PRESENTATION_STYLE_ASSIGNMENT((#12568,#12573));
#12568 = SURFACE_STYLE_USAGE(.BOTH.,#12569);
#12569 = SURFACE_SIDE_STYLE('',(#12570));
#12570 = SURFACE_STYLE_FILL_AREA(#12571);
#12571 = FILL_AREA_STYLE('',(#12572));
#12572 = FILL_AREA_STYLE_COLOUR('',#11672);
#12573 = CURVE_STYLE('',#12574,POSITIVE_LENGTH_MEASURE(0.1),#11672);
#12574 = DRAUGHTING_PRE_DEFINED_CURVE_FONT('continuous');
#12575 = MECHANICAL_DESIGN_GEOMETRIC_PRESENTATION_REPRESENTATION('',(
    #12576),#10587);
#12576 = STYLED_ITEM('color',(#12577),#10575);
#12577 = PRESENTATION_STYLE_ASSIGNMENT((#12578,#12583));
#12578 = SURFACE_STYLE_USAGE(.BOTH.,#12579);
#12579 = SURFACE_SIDE_STYLE('',(#12580));
#12580 = SURFACE_STYLE_FILL_AREA(#12581);
#12581 = FILL_AREA_STYLE('',(#12582));
#12582 = FILL_AREA_STYLE_COLOUR('',#11672);
#12583 = CURVE_STYLE('',#12584,POSITIVE_LENGTH_MEASURE(0.1),#11672);
#12584 = DRAUGHTING_PRE_DEFINED_CURVE_FONT('continuous');
#12585 = MECHANICAL_DESIGN_GEOMETRIC_PRESENTATION_REPRESENTATION('',(
    #12586),#7270);
#12586 = STYLED_ITEM('color',(#12587),#7258);
#12587 = PRESENTATION_STYLE_ASSIGNMENT((#12588,#12593));
#12588 = SURFACE_STYLE_USAGE(.BOTH.,#12589);
#12589 = SURFACE_SIDE_STYLE('',(#12590));
#12590 = SURFACE_STYLE_FILL_AREA(#12591);
#12591 = FILL_AREA_STYLE('',(#12592));
#12592 = FILL_AREA_STYLE_COLOUR('',#11672);
#12593 = CURVE_STYLE('',#12594,POSITIVE_LENGTH_MEASURE(0.1),#11672);
#12594 = DRAUGHTING_PRE_DEFINED_CURVE_FONT('continuous');
#12595 = MECHANICAL_DESIGN_GEOMETRIC_PRESENTATION_REPRESENTATION('',(
    #12596),#4077);
#12596 = STYLED_ITEM('color',(#12597),#4065);
#12597 = PRESENTATION_STYLE_ASSIGNMENT((#12598,#12603));
#12598 = SURFACE_STYLE_USAGE(.BOTH.,#12599);
#12599 = SURFACE_SIDE_STYLE('',(#12600));
#12600 = SURFACE_STYLE_FILL_AREA(#12601);
#12601 = FILL_AREA_STYLE('',(#12602));
#12602 = FILL_AREA_STYLE_COLOUR('',#11672);
#12603 = CURVE_STYLE('',#12604,POSITIVE_LENGTH_MEASURE(0.1),#11672);
#12604 = DRAUGHTING_PRE_DEFINED_CURVE_FONT('continuous');
#12605 = MECHANICAL_DESIGN_GEOMETRIC_PRESENTATION_REPRESENTATION('',(
    #12606),#1442);
#12606 = STYLED_ITEM('color',(#12607),#1430);
#12607 = PRESENTATION_STYLE_ASSIGNMENT((#12608,#12613));
#12608 = SURFACE_STYLE_USAGE(.BOTH.,#12609);
#12609 = SURFACE_SIDE_STYLE('',(#12610));
#12610 = SURFACE_STYLE_FILL_AREA(#12611);
#12611 = FILL_AREA_STYLE('',(#12612));
#12612 = FILL_AREA_STYLE_COLOUR('',#11672);
#12613 = CURVE_STYLE('',#12614,POSITIVE_LENGTH_MEASURE(0.1),#11672);
#12614 = DRAUGHTING_PRE_DEFINED_CURVE_FONT('continuous');
#12615 = MECHANICAL_DESIGN_GEOMETRIC_PRESENTATION_REPRESENTATION('',(
    #12616),#7177);
#12616 = STYLED_ITEM('color',(#12617),#7165);
#12617 = PRESENTATION_STYLE_ASSIGNMENT((#12618,#12623));
#12618 = SURFACE_STYLE_USAGE(.BOTH.,#12619);
#12619 = SURFACE_SIDE_STYLE('',(#12620));
#12620 = SURFACE_STYLE_FILL_AREA(#12621);
#12621 = FILL_AREA_STYLE('',(#12622));
#12622 = FILL_AREA_STYLE_COLOUR('',#11672);
#12623 = CURVE_STYLE('',#12624,POSITIVE_LENGTH_MEASURE(0.1),#11672);
#12624 = DRAUGHTING_PRE_DEFINED_CURVE_FONT('continuous');
#12625 = MECHANICAL_DESIGN_GEOMETRIC_PRESENTATION_REPRESENTATION('',(
    #12626),#9347);
#12626 = STYLED_ITEM('color',(#12627),#9335);
#12627 = PRESENTATION_STYLE_ASSIGNMENT((#12628,#12633));
#12628 = SURFACE_STYLE_USAGE(.BOTH.,#12629);
#12629 = SURFACE_SIDE_STYLE('',(#12630));
#12630 = SURFACE_STYLE_FILL_AREA(#12631);
#12631 = FILL_AREA_STYLE('',(#12632));
#12632 = FILL_AREA_STYLE_COLOUR('',#11672);
#12633 = CURVE_STYLE('',#12634,POSITIVE_LENGTH_MEASURE(0.1),#11672);
#12634 = DRAUGHTING_PRE_DEFINED_CURVE_FONT('continuous');
#12635 = MECHANICAL_DESIGN_GEOMETRIC_PRESENTATION_REPRESENTATION('',(
    #12636),#7952);
#12636 = STYLED_ITEM('color',(#12637),#7940);
#12637 = PRESENTATION_STYLE_ASSIGNMENT((#12638,#12643));
#12638 = SURFACE_STYLE_USAGE(.BOTH.,#12639);
#12639 = SURFACE_SIDE_STYLE('',(#12640));
#12640 = SURFACE_STYLE_FILL_AREA(#12641);
#12641 = FILL_AREA_STYLE('',(#12642));
#12642 = FILL_AREA_STYLE_COLOUR('',#11672);
#12643 = CURVE_STYLE('',#12644,POSITIVE_LENGTH_MEASURE(0.1),#11672);
#12644 = DRAUGHTING_PRE_DEFINED_CURVE_FONT('continuous');
#12645 = MECHANICAL_DESIGN_GEOMETRIC_PRESENTATION_REPRESENTATION('',(
    #12646),#3302);
#12646 = STYLED_ITEM('color',(#12647),#3290);
#12647 = PRESENTATION_STYLE_ASSIGNMENT((#12648,#12653));
#12648 = SURFACE_STYLE_USAGE(.BOTH.,#12649);
#12649 = SURFACE_SIDE_STYLE('',(#12650));
#12650 = SURFACE_STYLE_FILL_AREA(#12651);
#12651 = FILL_AREA_STYLE('',(#12652));
#12652 = FILL_AREA_STYLE_COLOUR('',#11672);
#12653 = CURVE_STYLE('',#12654,POSITIVE_LENGTH_MEASURE(0.1),#11672);
#12654 = DRAUGHTING_PRE_DEFINED_CURVE_FONT('continuous');
#12655 = MECHANICAL_DESIGN_GEOMETRIC_PRESENTATION_REPRESENTATION('',(
    #12656),#1380);
#12656 = STYLED_ITEM('color',(#12657),#1368);
#12657 = PRESENTATION_STYLE_ASSIGNMENT((#12658,#12663));
#12658 = SURFACE_STYLE_USAGE(.BOTH.,#12659);
#12659 = SURFACE_SIDE_STYLE('',(#12660));
#12660 = SURFACE_STYLE_FILL_AREA(#12661);
#12661 = FILL_AREA_STYLE('',(#12662));
#12662 = FILL_AREA_STYLE_COLOUR('',#11672);
#12663 = CURVE_STYLE('',#12664,POSITIVE_LENGTH_MEASURE(0.1),#11672);
#12664 = DRAUGHTING_PRE_DEFINED_CURVE_FONT('continuous');
#12665 = MECHANICAL_DESIGN_GEOMETRIC_PRESENTATION_REPRESENTATION('',(
    #12666),#6960);
#12666 = STYLED_ITEM('color',(#12667),#6948);
#12667 = PRESENTATION_STYLE_ASSIGNMENT((#12668,#12673));
#12668 = SURFACE_STYLE_USAGE(.BOTH.,#12669);
#12669 = SURFACE_SIDE_STYLE('',(#12670));
#12670 = SURFACE_STYLE_FILL_AREA(#12671);
#12671 = FILL_AREA_STYLE('',(#12672));
#12672 = FILL_AREA_STYLE_COLOUR('',#11672);
#12673 = CURVE_STYLE('',#12674,POSITIVE_LENGTH_MEASURE(0.1),#11672);
#12674 = DRAUGHTING_PRE_DEFINED_CURVE_FONT('continuous');
#12675 = MECHANICAL_DESIGN_GEOMETRIC_PRESENTATION_REPRESENTATION('',(
    #12676),#10990);
#12676 = STYLED_ITEM('color',(#12677),#10978);
#12677 = PRESENTATION_STYLE_ASSIGNMENT((#12678,#12683));
#12678 = SURFACE_STYLE_USAGE(.BOTH.,#12679);
#12679 = SURFACE_SIDE_STYLE('',(#12680));
#12680 = SURFACE_STYLE_FILL_AREA(#12681);
#12681 = FILL_AREA_STYLE('',(#12682));
#12682 = FILL_AREA_STYLE_COLOUR('',#11672);
#12683 = CURVE_STYLE('',#12684,POSITIVE_LENGTH_MEASURE(0.1),#11672);
#12684 = DRAUGHTING_PRE_DEFINED_CURVE_FONT('continuous');
#12685 = MECHANICAL_DESIGN_GEOMETRIC_PRESENTATION_REPRESENTATION('',(
    #12686),#2434);
#12686 = STYLED_ITEM('color',(#12687),#2422);
#12687 = PRESENTATION_STYLE_ASSIGNMENT((#12688,#12693));
#12688 = SURFACE_STYLE_USAGE(.BOTH.,#12689);
#12689 = SURFACE_SIDE_STYLE('',(#12690));
#12690 = SURFACE_STYLE_FILL_AREA(#12691);
#12691 = FILL_AREA_STYLE('',(#12692));
#12692 = FILL_AREA_STYLE_COLOUR('',#11672);
#12693 = CURVE_STYLE('',#12694,POSITIVE_LENGTH_MEASURE(0.1),#11672);
#12694 = DRAUGHTING_PRE_DEFINED_CURVE_FONT('continuous');
#12695 = MECHANICAL_DESIGN_GEOMETRIC_PRESENTATION_REPRESENTATION('',(
    #12696),#5007);
#12696 = STYLED_ITEM('color',(#12697),#4995);
#12697 = PRESENTATION_STYLE_ASSIGNMENT((#12698,#12703));
#12698 = SURFACE_STYLE_USAGE(.BOTH.,#12699);
#12699 = SURFACE_SIDE_STYLE('',(#12700));
#12700 = SURFACE_STYLE_FILL_AREA(#12701);
#12701 = FILL_AREA_STYLE('',(#12702));
#12702 = FILL_AREA_STYLE_COLOUR('',#11672);
#12703 = CURVE_STYLE('',#12704,POSITIVE_LENGTH_MEASURE(0.1),#11672);
#12704 = DRAUGHTING_PRE_DEFINED_CURVE_FONT('continuous');
#12705 = MECHANICAL_DESIGN_GEOMETRIC_PRESENTATION_REPRESENTATION('',(
    #12706),#9843);
#12706 = STYLED_ITEM('color',(#12707),#9831);
#12707 = PRESENTATION_STYLE_ASSIGNMENT((#12708,#12713));
#12708 = SURFACE_STYLE_USAGE(.BOTH.,#12709);
#12709 = SURFACE_SIDE_STYLE('',(#12710));
#12710 = SURFACE_STYLE_FILL_AREA(#12711);
#12711 = FILL_AREA_STYLE('',(#12712));
#12712 = FILL_AREA_STYLE_COLOUR('',#11672);
#12713 = CURVE_STYLE('',#12714,POSITIVE_LENGTH_MEASURE(0.1),#11672);
#12714 = DRAUGHTING_PRE_DEFINED_CURVE_FONT('continuous');
#12715 = MECHANICAL_DESIGN_GEOMETRIC_PRESENTATION_REPRESENTATION('',(
    #12716),#2744);
#12716 = STYLED_ITEM('color',(#12717),#2732);
#12717 = PRESENTATION_STYLE_ASSIGNMENT((#12718,#12723));
#12718 = SURFACE_STYLE_USAGE(.BOTH.,#12719);
#12719 = SURFACE_SIDE_STYLE('',(#12720));
#12720 = SURFACE_STYLE_FILL_AREA(#12721);
#12721 = FILL_AREA_STYLE('',(#12722));
#12722 = FILL_AREA_STYLE_COLOUR('',#11672);
#12723 = CURVE_STYLE('',#12724,POSITIVE_LENGTH_MEASURE(0.1),#11672);
#12724 = DRAUGHTING_PRE_DEFINED_CURVE_FONT('continuous');
#12725 = MECHANICAL_DESIGN_GEOMETRIC_PRESENTATION_REPRESENTATION('',(
    #12726),#5968);
#12726 = STYLED_ITEM('color',(#12727),#5956);
#12727 = PRESENTATION_STYLE_ASSIGNMENT((#12728,#12733));
#12728 = SURFACE_STYLE_USAGE(.BOTH.,#12729);
#12729 = SURFACE_SIDE_STYLE('',(#12730));
#12730 = SURFACE_STYLE_FILL_AREA(#12731);
#12731 = FILL_AREA_STYLE('',(#12732));
#12732 = FILL_AREA_STYLE_COLOUR('',#11672);
#12733 = CURVE_STYLE('',#12734,POSITIVE_LENGTH_MEASURE(0.1),#11672);
#12734 = DRAUGHTING_PRE_DEFINED_CURVE_FONT('continuous');
#12735 = MECHANICAL_DESIGN_GEOMETRIC_PRESENTATION_REPRESENTATION('',(
    #12736),#9657);
#12736 = STYLED_ITEM('color',(#12737),#9645);
#12737 = PRESENTATION_STYLE_ASSIGNMENT((#12738,#12743));
#12738 = SURFACE_STYLE_USAGE(.BOTH.,#12739);
#12739 = SURFACE_SIDE_STYLE('',(#12740));
#12740 = SURFACE_STYLE_FILL_AREA(#12741);
#12741 = FILL_AREA_STYLE('',(#12742));
#12742 = FILL_AREA_STYLE_COLOUR('',#11672);
#12743 = CURVE_STYLE('',#12744,POSITIVE_LENGTH_MEASURE(0.1),#11672);
#12744 = DRAUGHTING_PRE_DEFINED_CURVE_FONT('continuous');
#12745 = MECHANICAL_DESIGN_GEOMETRIC_PRESENTATION_REPRESENTATION('',(
    #12746),#9905);
#12746 = STYLED_ITEM('color',(#12747),#9893);
#12747 = PRESENTATION_STYLE_ASSIGNMENT((#12748,#12753));
#12748 = SURFACE_STYLE_USAGE(.BOTH.,#12749);
#12749 = SURFACE_SIDE_STYLE('',(#12750));
#12750 = SURFACE_STYLE_FILL_AREA(#12751);
#12751 = FILL_AREA_STYLE('',(#12752));
#12752 = FILL_AREA_STYLE_COLOUR('',#11672);
#12753 = CURVE_STYLE('',#12754,POSITIVE_LENGTH_MEASURE(0.1),#11672);
#12754 = DRAUGHTING_PRE_DEFINED_CURVE_FONT('continuous');
#12755 = MECHANICAL_DESIGN_GEOMETRIC_PRESENTATION_REPRESENTATION('',(
    #12756),#1349);
#12756 = STYLED_ITEM('color',(#12757),#1337);
#12757 = PRESENTATION_STYLE_ASSIGNMENT((#12758,#12763));
#12758 = SURFACE_STYLE_USAGE(.BOTH.,#12759);
#12759 = SURFACE_SIDE_STYLE('',(#12760));
#12760 = SURFACE_STYLE_FILL_AREA(#12761);
#12761 = FILL_AREA_STYLE('',(#12762));
#12762 = FILL_AREA_STYLE_COLOUR('',#11672);
#12763 = CURVE_STYLE('',#12764,POSITIVE_LENGTH_MEASURE(0.1),#11672);
#12764 = DRAUGHTING_PRE_DEFINED_CURVE_FONT('continuous');
#12765 = MECHANICAL_DESIGN_GEOMETRIC_PRESENTATION_REPRESENTATION('',(
    #12766),#3116);
#12766 = STYLED_ITEM('color',(#12767),#3104);
#12767 = PRESENTATION_STYLE_ASSIGNMENT((#12768,#12773));
#12768 = SURFACE_STYLE_USAGE(.BOTH.,#12769);
#12769 = SURFACE_SIDE_STYLE('',(#12770));
#12770 = SURFACE_STYLE_FILL_AREA(#12771);
#12771 = FILL_AREA_STYLE('',(#12772));
#12772 = FILL_AREA_STYLE_COLOUR('',#11672);
#12773 = CURVE_STYLE('',#12774,POSITIVE_LENGTH_MEASURE(0.1),#11672);
#12774 = DRAUGHTING_PRE_DEFINED_CURVE_FONT('continuous');
#12775 = MECHANICAL_DESIGN_GEOMETRIC_PRESENTATION_REPRESENTATION('',(
    #12776),#3085);
#12776 = STYLED_ITEM('color',(#12777),#3073);
#12777 = PRESENTATION_STYLE_ASSIGNMENT((#12778,#12783));
#12778 = SURFACE_STYLE_USAGE(.BOTH.,#12779);
#12779 = SURFACE_SIDE_STYLE('',(#12780));
#12780 = SURFACE_STYLE_FILL_AREA(#12781);
#12781 = FILL_AREA_STYLE('',(#12782));
#12782 = FILL_AREA_STYLE_COLOUR('',#11672);
#12783 = CURVE_STYLE('',#12784,POSITIVE_LENGTH_MEASURE(0.1),#11672);
#12784 = DRAUGHTING_PRE_DEFINED_CURVE_FONT('continuous');
#12785 = MECHANICAL_DESIGN_GEOMETRIC_PRESENTATION_REPRESENTATION('',(
    #12786),#1473);
#12786 = STYLED_ITEM('color',(#12787),#1461);
#12787 = PRESENTATION_STYLE_ASSIGNMENT((#12788,#12793));
#12788 = SURFACE_STYLE_USAGE(.BOTH.,#12789);
#12789 = SURFACE_SIDE_STYLE('',(#12790));
#12790 = SURFACE_STYLE_FILL_AREA(#12791);
#12791 = FILL_AREA_STYLE('',(#12792));
#12792 = FILL_AREA_STYLE_COLOUR('',#11672);
#12793 = CURVE_STYLE('',#12794,POSITIVE_LENGTH_MEASURE(0.1),#11672);
#12794 = DRAUGHTING_PRE_DEFINED_CURVE_FONT('continuous');
#12795 = MECHANICAL_DESIGN_GEOMETRIC_PRESENTATION_REPRESENTATION('',(
    #12796),#7859);
#12796 = STYLED_ITEM('color',(#12797),#7847);
#12797 = PRESENTATION_STYLE_ASSIGNMENT((#12798,#12803));
#12798 = SURFACE_STYLE_USAGE(.BOTH.,#12799);
#12799 = SURFACE_SIDE_STYLE('',(#12800));
#12800 = SURFACE_STYLE_FILL_AREA(#12801);
#12801 = FILL_AREA_STYLE('',(#12802));
#12802 = FILL_AREA_STYLE_COLOUR('',#11672);
#12803 = CURVE_STYLE('',#12804,POSITIVE_LENGTH_MEASURE(0.1),#11672);
#12804 = DRAUGHTING_PRE_DEFINED_CURVE_FONT('continuous');
#12805 = MECHANICAL_DESIGN_GEOMETRIC_PRESENTATION_REPRESENTATION('',(
    #12806),#7766);
#12806 = STYLED_ITEM('color',(#12807),#7754);
#12807 = PRESENTATION_STYLE_ASSIGNMENT((#12808,#12813));
#12808 = SURFACE_STYLE_USAGE(.BOTH.,#12809);
#12809 = SURFACE_SIDE_STYLE('',(#12810));
#12810 = SURFACE_STYLE_FILL_AREA(#12811);
#12811 = FILL_AREA_STYLE('',(#12812));
#12812 = FILL_AREA_STYLE_COLOUR('',#11672);
#12813 = CURVE_STYLE('',#12814,POSITIVE_LENGTH_MEASURE(0.1),#11672);
#12814 = DRAUGHTING_PRE_DEFINED_CURVE_FONT('continuous');
#12815 = MECHANICAL_DESIGN_GEOMETRIC_PRESENTATION_REPRESENTATION('',(
    #12816),#3550);
#12816 = STYLED_ITEM('color',(#12817),#3538);
#12817 = PRESENTATION_STYLE_ASSIGNMENT((#12818,#12823));
#12818 = SURFACE_STYLE_USAGE(.BOTH.,#12819);
#12819 = SURFACE_SIDE_STYLE('',(#12820));
#12820 = SURFACE_STYLE_FILL_AREA(#12821);
#12821 = FILL_AREA_STYLE('',(#12822));
#12822 = FILL_AREA_STYLE_COLOUR('',#11672);
#12823 = CURVE_STYLE('',#12824,POSITIVE_LENGTH_MEASURE(0.1),#11672);
#12824 = DRAUGHTING_PRE_DEFINED_CURVE_FONT('continuous');
#12825 = MECHANICAL_DESIGN_GEOMETRIC_PRESENTATION_REPRESENTATION('',(
    #12826),#7487);
#12826 = STYLED_ITEM('color',(#12827),#7475);
#12827 = PRESENTATION_STYLE_ASSIGNMENT((#12828,#12833));
#12828 = SURFACE_STYLE_USAGE(.BOTH.,#12829);
#12829 = SURFACE_SIDE_STYLE('',(#12830));
#12830 = SURFACE_STYLE_FILL_AREA(#12831);
#12831 = FILL_AREA_STYLE('',(#12832));
#12832 = FILL_AREA_STYLE_COLOUR('',#11672);
#12833 = CURVE_STYLE('',#12834,POSITIVE_LENGTH_MEASURE(0.1),#11672);
#12834 = DRAUGHTING_PRE_DEFINED_CURVE_FONT('continuous');
#12835 = MECHANICAL_DESIGN_GEOMETRIC_PRESENTATION_REPRESENTATION('',(
    #12836),#3271);
#12836 = STYLED_ITEM('color',(#12837),#3259);
#12837 = PRESENTATION_STYLE_ASSIGNMENT((#12838,#12843));
#12838 = SURFACE_STYLE_USAGE(.BOTH.,#12839);
#12839 = SURFACE_SIDE_STYLE('',(#12840));
#12840 = SURFACE_STYLE_FILL_AREA(#12841);
#12841 = FILL_AREA_STYLE('',(#12842));
#12842 = FILL_AREA_STYLE_COLOUR('',#11672);
#12843 = CURVE_STYLE('',#12844,POSITIVE_LENGTH_MEASURE(0.1),#11672);
#12844 = DRAUGHTING_PRE_DEFINED_CURVE_FONT('continuous');
#12845 = MECHANICAL_DESIGN_GEOMETRIC_PRESENTATION_REPRESENTATION('',(
    #12846),#6185);
#12846 = STYLED_ITEM('color',(#12847),#6173);
#12847 = PRESENTATION_STYLE_ASSIGNMENT((#12848,#12853));
#12848 = SURFACE_STYLE_USAGE(.BOTH.,#12849);
#12849 = SURFACE_SIDE_STYLE('',(#12850));
#12850 = SURFACE_STYLE_FILL_AREA(#12851);
#12851 = FILL_AREA_STYLE('',(#12852));
#12852 = FILL_AREA_STYLE_COLOUR('',#11672);
#12853 = CURVE_STYLE('',#12854,POSITIVE_LENGTH_MEASURE(0.1),#11672);
#12854 = DRAUGHTING_PRE_DEFINED_CURVE_FONT('continuous');
#12855 = MECHANICAL_DESIGN_GEOMETRIC_PRESENTATION_REPRESENTATION('',(
    #12856),#9471);
#12856 = STYLED_ITEM('color',(#12857),#9459);
#12857 = PRESENTATION_STYLE_ASSIGNMENT((#12858,#12863));
#12858 = SURFACE_STYLE_USAGE(.BOTH.,#12859);
#12859 = SURFACE_SIDE_STYLE('',(#12860));
#12860 = SURFACE_STYLE_FILL_AREA(#12861);
#12861 = FILL_AREA_STYLE('',(#12862));
#12862 = FILL_AREA_STYLE_COLOUR('',#11672);
#12863 = CURVE_STYLE('',#12864,POSITIVE_LENGTH_MEASURE(0.1),#11672);
#12864 = DRAUGHTING_PRE_DEFINED_CURVE_FONT('continuous');
#12865 = MECHANICAL_DESIGN_GEOMETRIC_PRESENTATION_REPRESENTATION('',(
    #12866),#8696);
#12866 = STYLED_ITEM('color',(#12867),#8684);
#12867 = PRESENTATION_STYLE_ASSIGNMENT((#12868,#12873));
#12868 = SURFACE_STYLE_USAGE(.BOTH.,#12869);
#12869 = SURFACE_SIDE_STYLE('',(#12870));
#12870 = SURFACE_STYLE_FILL_AREA(#12871);
#12871 = FILL_AREA_STYLE('',(#12872));
#12872 = FILL_AREA_STYLE_COLOUR('',#11672);
#12873 = CURVE_STYLE('',#12874,POSITIVE_LENGTH_MEASURE(0.1),#11672);
#12874 = DRAUGHTING_PRE_DEFINED_CURVE_FONT('continuous');
#12875 = MECHANICAL_DESIGN_GEOMETRIC_PRESENTATION_REPRESENTATION('',(
    #12876),#9998);
#12876 = STYLED_ITEM('color',(#12877),#9986);
#12877 = PRESENTATION_STYLE_ASSIGNMENT((#12878,#12883));
#12878 = SURFACE_STYLE_USAGE(.BOTH.,#12879);
#12879 = SURFACE_SIDE_STYLE('',(#12880));
#12880 = SURFACE_STYLE_FILL_AREA(#12881);
#12881 = FILL_AREA_STYLE('',(#12882));
#12882 = FILL_AREA_STYLE_COLOUR('',#11672);
#12883 = CURVE_STYLE('',#12884,POSITIVE_LENGTH_MEASURE(0.1),#11672);
#12884 = DRAUGHTING_PRE_DEFINED_CURVE_FONT('continuous');
#12885 = MECHANICAL_DESIGN_GEOMETRIC_PRESENTATION_REPRESENTATION('',(
    #12886),#8045);
#12886 = STYLED_ITEM('color',(#12887),#8033);
#12887 = PRESENTATION_STYLE_ASSIGNMENT((#12888,#12893));
#12888 = SURFACE_STYLE_USAGE(.BOTH.,#12889);
#12889 = SURFACE_SIDE_STYLE('',(#12890));
#12890 = SURFACE_STYLE_FILL_AREA(#12891);
#12891 = FILL_AREA_STYLE('',(#12892));
#12892 = FILL_AREA_STYLE_COLOUR('',#11672);
#12893 = CURVE_STYLE('',#12894,POSITIVE_LENGTH_MEASURE(0.1),#11672);
#12894 = DRAUGHTING_PRE_DEFINED_CURVE_FONT('continuous');
#12895 = MECHANICAL_DESIGN_GEOMETRIC_PRESENTATION_REPRESENTATION('',(
    #12896),#3333);
#12896 = STYLED_ITEM('color',(#12897),#3321);
#12897 = PRESENTATION_STYLE_ASSIGNMENT((#12898,#12903));
#12898 = SURFACE_STYLE_USAGE(.BOTH.,#12899);
#12899 = SURFACE_SIDE_STYLE('',(#12900));
#12900 = SURFACE_STYLE_FILL_AREA(#12901);
#12901 = FILL_AREA_STYLE('',(#12902));
#12902 = FILL_AREA_STYLE_COLOUR('',#11672);
#12903 = CURVE_STYLE('',#12904,POSITIVE_LENGTH_MEASURE(0.1),#11672);
#12904 = DRAUGHTING_PRE_DEFINED_CURVE_FONT('continuous');
#12905 = MECHANICAL_DESIGN_GEOMETRIC_PRESENTATION_REPRESENTATION('',(
    #12906),#11176);
#12906 = STYLED_ITEM('color',(#12907),#11164);
#12907 = PRESENTATION_STYLE_ASSIGNMENT((#12908,#12913));
#12908 = SURFACE_STYLE_USAGE(.BOTH.,#12909);
#12909 = SURFACE_SIDE_STYLE('',(#12910));
#12910 = SURFACE_STYLE_FILL_AREA(#12911);
#12911 = FILL_AREA_STYLE('',(#12912));
#12912 = FILL_AREA_STYLE_COLOUR('',#11672);
#12913 = CURVE_STYLE('',#12914,POSITIVE_LENGTH_MEASURE(0.1),#11672);
#12914 = DRAUGHTING_PRE_DEFINED_CURVE_FONT('continuous');
#12915 = MECHANICAL_DESIGN_GEOMETRIC_PRESENTATION_REPRESENTATION('',(
    #12916),#2124);
#12916 = STYLED_ITEM('color',(#12917),#2112);
#12917 = PRESENTATION_STYLE_ASSIGNMENT((#12918,#12923));
#12918 = SURFACE_STYLE_USAGE(.BOTH.,#12919);
#12919 = SURFACE_SIDE_STYLE('',(#12920));
#12920 = SURFACE_STYLE_FILL_AREA(#12921);
#12921 = FILL_AREA_STYLE('',(#12922));
#12922 = FILL_AREA_STYLE_COLOUR('',#11672);
#12923 = CURVE_STYLE('',#12924,POSITIVE_LENGTH_MEASURE(0.1),#11672);
#12924 = DRAUGHTING_PRE_DEFINED_CURVE_FONT('continuous');
#12925 = MECHANICAL_DESIGN_GEOMETRIC_PRESENTATION_REPRESENTATION('',(
    #12926),#10060);
#12926 = STYLED_ITEM('color',(#12927),#10048);
#12927 = PRESENTATION_STYLE_ASSIGNMENT((#12928,#12933));
#12928 = SURFACE_STYLE_USAGE(.BOTH.,#12929);
#12929 = SURFACE_SIDE_STYLE('',(#12930));
#12930 = SURFACE_STYLE_FILL_AREA(#12931);
#12931 = FILL_AREA_STYLE('',(#12932));
#12932 = FILL_AREA_STYLE_COLOUR('',#11672);
#12933 = CURVE_STYLE('',#12934,POSITIVE_LENGTH_MEASURE(0.1),#11672);
#12934 = DRAUGHTING_PRE_DEFINED_CURVE_FONT('continuous');
#12935 = MECHANICAL_DESIGN_GEOMETRIC_PRESENTATION_REPRESENTATION('',(
    #12936),#8944);
#12936 = STYLED_ITEM('color',(#12937),#8932);
#12937 = PRESENTATION_STYLE_ASSIGNMENT((#12938,#12943));
#12938 = SURFACE_STYLE_USAGE(.BOTH.,#12939);
#12939 = SURFACE_SIDE_STYLE('',(#12940));
#12940 = SURFACE_STYLE_FILL_AREA(#12941);
#12941 = FILL_AREA_STYLE('',(#12942));
#12942 = FILL_AREA_STYLE_COLOUR('',#11672);
#12943 = CURVE_STYLE('',#12944,POSITIVE_LENGTH_MEASURE(0.1),#11672);
#12944 = DRAUGHTING_PRE_DEFINED_CURVE_FONT('continuous');
#12945 = MECHANICAL_DESIGN_GEOMETRIC_PRESENTATION_REPRESENTATION('',(
    #12946),#9316);
#12946 = STYLED_ITEM('color',(#12947),#9304);
#12947 = PRESENTATION_STYLE_ASSIGNMENT((#12948,#12953));
#12948 = SURFACE_STYLE_USAGE(.BOTH.,#12949);
#12949 = SURFACE_SIDE_STYLE('',(#12950));
#12950 = SURFACE_STYLE_FILL_AREA(#12951);
#12951 = FILL_AREA_STYLE('',(#12952));
#12952 = FILL_AREA_STYLE_COLOUR('',#11672);
#12953 = CURVE_STYLE('',#12954,POSITIVE_LENGTH_MEASURE(0.1),#11672);
#12954 = DRAUGHTING_PRE_DEFINED_CURVE_FONT('continuous');
#12955 = MECHANICAL_DESIGN_GEOMETRIC_PRESENTATION_REPRESENTATION('',(
    #12956),#7518);
#12956 = STYLED_ITEM('color',(#12957),#7506);
#12957 = PRESENTATION_STYLE_ASSIGNMENT((#12958,#12963));
#12958 = SURFACE_STYLE_USAGE(.BOTH.,#12959);
#12959 = SURFACE_SIDE_STYLE('',(#12960));
#12960 = SURFACE_STYLE_FILL_AREA(#12961);
#12961 = FILL_AREA_STYLE('',(#12962));
#12962 = FILL_AREA_STYLE_COLOUR('',#11672);
#12963 = CURVE_STYLE('',#12964,POSITIVE_LENGTH_MEASURE(0.1),#11672);
#12964 = DRAUGHTING_PRE_DEFINED_CURVE_FONT('continuous');
#12965 = MECHANICAL_DESIGN_GEOMETRIC_PRESENTATION_REPRESENTATION('',(
    #12966),#9099);
#12966 = STYLED_ITEM('color',(#12967),#9087);
#12967 = PRESENTATION_STYLE_ASSIGNMENT((#12968,#12973));
#12968 = SURFACE_STYLE_USAGE(.BOTH.,#12969);
#12969 = SURFACE_SIDE_STYLE('',(#12970));
#12970 = SURFACE_STYLE_FILL_AREA(#12971);
#12971 = FILL_AREA_STYLE('',(#12972));
#12972 = FILL_AREA_STYLE_COLOUR('',#11672);
#12973 = CURVE_STYLE('',#12974,POSITIVE_LENGTH_MEASURE(0.1),#11672);
#12974 = DRAUGHTING_PRE_DEFINED_CURVE_FONT('continuous');
#12975 = MECHANICAL_DESIGN_GEOMETRIC_PRESENTATION_REPRESENTATION('',(
    #12976),#9564);
#12976 = STYLED_ITEM('color',(#12977),#9552);
#12977 = PRESENTATION_STYLE_ASSIGNMENT((#12978,#12983));
#12978 = SURFACE_STYLE_USAGE(.BOTH.,#12979);
#12979 = SURFACE_SIDE_STYLE('',(#12980));
#12980 = SURFACE_STYLE_FILL_AREA(#12981);
#12981 = FILL_AREA_STYLE('',(#12982));
#12982 = FILL_AREA_STYLE_COLOUR('',#11672);
#12983 = CURVE_STYLE('',#12984,POSITIVE_LENGTH_MEASURE(0.1),#11672);
#12984 = DRAUGHTING_PRE_DEFINED_CURVE_FONT('continuous');
#12985 = MECHANICAL_DESIGN_GEOMETRIC_PRESENTATION_REPRESENTATION('',(
    #12986),#1907);
#12986 = STYLED_ITEM('color',(#12987),#1895);
#12987 = PRESENTATION_STYLE_ASSIGNMENT((#12988,#12993));
#12988 = SURFACE_STYLE_USAGE(.BOTH.,#12989);
#12989 = SURFACE_SIDE_STYLE('',(#12990));
#12990 = SURFACE_STYLE_FILL_AREA(#12991);
#12991 = FILL_AREA_STYLE('',(#12992));
#12992 = FILL_AREA_STYLE_COLOUR('',#11672);
#12993 = CURVE_STYLE('',#12994,POSITIVE_LENGTH_MEASURE(0.1),#11672);
#12994 = DRAUGHTING_PRE_DEFINED_CURVE_FONT('continuous');
#12995 = MECHANICAL_DESIGN_GEOMETRIC_PRESENTATION_REPRESENTATION('',(
    #12996),#10370);
#12996 = STYLED_ITEM('color',(#12997),#10358);
#12997 = PRESENTATION_STYLE_ASSIGNMENT((#12998,#13003));
#12998 = SURFACE_STYLE_USAGE(.BOTH.,#12999);
#12999 = SURFACE_SIDE_STYLE('',(#13000));
#13000 = SURFACE_STYLE_FILL_AREA(#13001);
#13001 = FILL_AREA_STYLE('',(#13002));
#13002 = FILL_AREA_STYLE_COLOUR('',#11672);
#13003 = CURVE_STYLE('',#13004,POSITIVE_LENGTH_MEASURE(0.1),#11672);
#13004 = DRAUGHTING_PRE_DEFINED_CURVE_FONT('continuous');
#13005 = MECHANICAL_DESIGN_GEOMETRIC_PRESENTATION_REPRESENTATION('',(
    #13006),#6123);
#13006 = STYLED_ITEM('color',(#13007),#6111);
#13007 = PRESENTATION_STYLE_ASSIGNMENT((#13008,#13013));
#13008 = SURFACE_STYLE_USAGE(.BOTH.,#13009);
#13009 = SURFACE_SIDE_STYLE('',(#13010));
#13010 = SURFACE_STYLE_FILL_AREA(#13011);
#13011 = FILL_AREA_STYLE('',(#13012));
#13012 = FILL_AREA_STYLE_COLOUR('',#11672);
#13013 = CURVE_STYLE('',#13014,POSITIVE_LENGTH_MEASURE(0.1),#11672);
#13014 = DRAUGHTING_PRE_DEFINED_CURVE_FONT('continuous');
#13015 = MECHANICAL_DESIGN_GEOMETRIC_PRESENTATION_REPRESENTATION('',(
    #13016),#6588);
#13016 = STYLED_ITEM('color',(#13017),#6576);
#13017 = PRESENTATION_STYLE_ASSIGNMENT((#13018,#13023));
#13018 = SURFACE_STYLE_USAGE(.BOTH.,#13019);
#13019 = SURFACE_SIDE_STYLE('',(#13020));
#13020 = SURFACE_STYLE_FILL_AREA(#13021);
#13021 = FILL_AREA_STYLE('',(#13022));
#13022 = FILL_AREA_STYLE_COLOUR('',#11672);
#13023 = CURVE_STYLE('',#13024,POSITIVE_LENGTH_MEASURE(0.1),#11672);
#13024 = DRAUGHTING_PRE_DEFINED_CURVE_FONT('continuous');
#13025 = MECHANICAL_DESIGN_GEOMETRIC_PRESENTATION_REPRESENTATION('',(
    #13026),#6898);
#13026 = STYLED_ITEM('color',(#13027),#6886);
#13027 = PRESENTATION_STYLE_ASSIGNMENT((#13028,#13033));
#13028 = SURFACE_STYLE_USAGE(.BOTH.,#13029);
#13029 = SURFACE_SIDE_STYLE('',(#13030));
#13030 = SURFACE_STYLE_FILL_AREA(#13031);
#13031 = FILL_AREA_STYLE('',(#13032));
#13032 = FILL_AREA_STYLE_COLOUR('',#11672);
#13033 = CURVE_STYLE('',#13034,POSITIVE_LENGTH_MEASURE(0.1),#11672);
#13034 = DRAUGHTING_PRE_DEFINED_CURVE_FONT('continuous');
#13035 = MECHANICAL_DESIGN_GEOMETRIC_PRESENTATION_REPRESENTATION('',(
    #13036),#10246);
#13036 = STYLED_ITEM('color',(#13037),#10234);
#13037 = PRESENTATION_STYLE_ASSIGNMENT((#13038,#13043));
#13038 = SURFACE_STYLE_USAGE(.BOTH.,#13039);
#13039 = SURFACE_SIDE_STYLE('',(#13040));
#13040 = SURFACE_STYLE_FILL_AREA(#13041);
#13041 = FILL_AREA_STYLE('',(#13042));
#13042 = FILL_AREA_STYLE_COLOUR('',#11672);
#13043 = CURVE_STYLE('',#13044,POSITIVE_LENGTH_MEASURE(0.1),#11672);
#13044 = DRAUGHTING_PRE_DEFINED_CURVE_FONT('continuous');
#13045 = MECHANICAL_DESIGN_GEOMETRIC_PRESENTATION_REPRESENTATION('',(
    #13046),#3705);
#13046 = STYLED_ITEM('color',(#13047),#3693);
#13047 = PRESENTATION_STYLE_ASSIGNMENT((#13048,#13053));
#13048 = SURFACE_STYLE_USAGE(.BOTH.,#13049);
#13049 = SURFACE_SIDE_STYLE('',(#13050));
#13050 = SURFACE_STYLE_FILL_AREA(#13051);
#13051 = FILL_AREA_STYLE('',(#13052));
#13052 = FILL_AREA_STYLE_COLOUR('',#11672);
#13053 = CURVE_STYLE('',#13054,POSITIVE_LENGTH_MEASURE(0.1),#11672);
#13054 = DRAUGHTING_PRE_DEFINED_CURVE_FONT('continuous');
#13055 = MECHANICAL_DESIGN_GEOMETRIC_PRESENTATION_REPRESENTATION('',(
    #13056),#10773);
#13056 = STYLED_ITEM('color',(#13057),#10761);
#13057 = PRESENTATION_STYLE_ASSIGNMENT((#13058,#13063));
#13058 = SURFACE_STYLE_USAGE(.BOTH.,#13059);
#13059 = SURFACE_SIDE_STYLE('',(#13060));
#13060 = SURFACE_STYLE_FILL_AREA(#13061);
#13061 = FILL_AREA_STYLE('',(#13062));
#13062 = FILL_AREA_STYLE_COLOUR('',#11672);
#13063 = CURVE_STYLE('',#13064,POSITIVE_LENGTH_MEASURE(0.1),#11672);
#13064 = DRAUGHTING_PRE_DEFINED_CURVE_FONT('continuous');
#13065 = MECHANICAL_DESIGN_GEOMETRIC_PRESENTATION_REPRESENTATION('',(
    #13066),#5162);
#13066 = STYLED_ITEM('color',(#13067),#5150);
#13067 = PRESENTATION_STYLE_ASSIGNMENT((#13068,#13073));
#13068 = SURFACE_STYLE_USAGE(.BOTH.,#13069);
#13069 = SURFACE_SIDE_STYLE('',(#13070));
#13070 = SURFACE_STYLE_FILL_AREA(#13071);
#13071 = FILL_AREA_STYLE('',(#13072));
#13072 = FILL_AREA_STYLE_COLOUR('',#11672);
#13073 = CURVE_STYLE('',#13074,POSITIVE_LENGTH_MEASURE(0.1),#11672);
#13074 = DRAUGHTING_PRE_DEFINED_CURVE_FONT('continuous');
#13075 = MECHANICAL_DESIGN_GEOMETRIC_PRESENTATION_REPRESENTATION('',(
    #13076),#5286);
#13076 = STYLED_ITEM('color',(#13077),#5274);
#13077 = PRESENTATION_STYLE_ASSIGNMENT((#13078,#13083));
#13078 = SURFACE_STYLE_USAGE(.BOTH.,#13079);
#13079 = SURFACE_SIDE_STYLE('',(#13080));
#13080 = SURFACE_STYLE_FILL_AREA(#13081);
#13081 = FILL_AREA_STYLE('',(#13082));
#13082 = FILL_AREA_STYLE_COLOUR('',#11672);
#13083 = CURVE_STYLE('',#13084,POSITIVE_LENGTH_MEASURE(0.1),#11672);
#13084 = DRAUGHTING_PRE_DEFINED_CURVE_FONT('continuous');
#13085 = MECHANICAL_DESIGN_GEOMETRIC_PRESENTATION_REPRESENTATION('',(
    #13086),#7704);
#13086 = STYLED_ITEM('color',(#13087),#7692);
#13087 = PRESENTATION_STYLE_ASSIGNMENT((#13088,#13093));
#13088 = SURFACE_STYLE_USAGE(.BOTH.,#13089);
#13089 = SURFACE_SIDE_STYLE('',(#13090));
#13090 = SURFACE_STYLE_FILL_AREA(#13091);
#13091 = FILL_AREA_STYLE('',(#13092));
#13092 = FILL_AREA_STYLE_COLOUR('',#11672);
#13093 = CURVE_STYLE('',#13094,POSITIVE_LENGTH_MEASURE(0.1),#11672);
#13094 = DRAUGHTING_PRE_DEFINED_CURVE_FONT('continuous');
#13095 = MECHANICAL_DESIGN_GEOMETRIC_PRESENTATION_REPRESENTATION('',(
    #13096),#11646);
#13096 = STYLED_ITEM('color',(#13097),#11226);
#13097 = PRESENTATION_STYLE_ASSIGNMENT((#13098,#13104));
#13098 = SURFACE_STYLE_USAGE(.BOTH.,#13099);
#13099 = SURFACE_SIDE_STYLE('',(#13100));
#13100 = SURFACE_STYLE_FILL_AREA(#13101);
#13101 = FILL_AREA_STYLE('',(#13102));
#13102 = FILL_AREA_STYLE_COLOUR('',#13103);
#13103 = COLOUR_RGB('',0.300000011921,0.300000011921,0.300000011921);
#13104 = CURVE_STYLE('',#13105,POSITIVE_LENGTH_MEASURE(0.1),#13103);
#13105 = DRAUGHTING_PRE_DEFINED_CURVE_FONT('continuous');
#13106 = MECHANICAL_DESIGN_GEOMETRIC_PRESENTATION_REPRESENTATION('',(
    #13107),#4139);
#13107 = STYLED_ITEM('color',(#13108),#4127);
#13108 = PRESENTATION_STYLE_ASSIGNMENT((#13109,#13114));
#13109 = SURFACE_STYLE_USAGE(.BOTH.,#13110);
#13110 = SURFACE_SIDE_STYLE('',(#13111));
#13111 = SURFACE_STYLE_FILL_AREA(#13112);
#13112 = FILL_AREA_STYLE('',(#13113));
#13113 = FILL_AREA_STYLE_COLOUR('',#11672);
#13114 = CURVE_STYLE('',#13115,POSITIVE_LENGTH_MEASURE(0.1),#11672);
#13115 = DRAUGHTING_PRE_DEFINED_CURVE_FONT('continuous');
#13116 = MECHANICAL_DESIGN_GEOMETRIC_PRESENTATION_REPRESENTATION('',(
    #13117),#2992);
#13117 = STYLED_ITEM('color',(#13118),#2980);
#13118 = PRESENTATION_STYLE_ASSIGNMENT((#13119,#13124));
#13119 = SURFACE_STYLE_USAGE(.BOTH.,#13120);
#13120 = SURFACE_SIDE_STYLE('',(#13121));
#13121 = SURFACE_STYLE_FILL_AREA(#13122);
#13122 = FILL_AREA_STYLE('',(#13123));
#13123 = FILL_AREA_STYLE_COLOUR('',#11672);
#13124 = CURVE_STYLE('',#13125,POSITIVE_LENGTH_MEASURE(0.1),#11672);
#13125 = DRAUGHTING_PRE_DEFINED_CURVE_FONT('continuous');
#13126 = MECHANICAL_DESIGN_GEOMETRIC_PRESENTATION_REPRESENTATION('',(
    #13127),#9688);
#13127 = STYLED_ITEM('color',(#13128),#9676);
#13128 = PRESENTATION_STYLE_ASSIGNMENT((#13129,#13134));
#13129 = SURFACE_STYLE_USAGE(.BOTH.,#13130);
#13130 = SURFACE_SIDE_STYLE('',(#13131));
#13131 = SURFACE_STYLE_FILL_AREA(#13132);
#13132 = FILL_AREA_STYLE('',(#13133));
#13133 = FILL_AREA_STYLE_COLOUR('',#11672);
#13134 = CURVE_STYLE('',#13135,POSITIVE_LENGTH_MEASURE(0.1),#11672);
#13135 = DRAUGHTING_PRE_DEFINED_CURVE_FONT('continuous');
#13136 = MECHANICAL_DESIGN_GEOMETRIC_PRESENTATION_REPRESENTATION('',(
    #13137),#2031);
#13137 = STYLED_ITEM('color',(#13138),#2019);
#13138 = PRESENTATION_STYLE_ASSIGNMENT((#13139,#13144));
#13139 = SURFACE_STYLE_USAGE(.BOTH.,#13140);
#13140 = SURFACE_SIDE_STYLE('',(#13141));
#13141 = SURFACE_STYLE_FILL_AREA(#13142);
#13142 = FILL_AREA_STYLE('',(#13143));
#13143 = FILL_AREA_STYLE_COLOUR('',#11672);
#13144 = CURVE_STYLE('',#13145,POSITIVE_LENGTH_MEASURE(0.1),#11672);
#13145 = DRAUGHTING_PRE_DEFINED_CURVE_FONT('continuous');
#13146 = MECHANICAL_DESIGN_GEOMETRIC_PRESENTATION_REPRESENTATION('',(
    #13147),#1566);
#13147 = STYLED_ITEM('color',(#13148),#1554);
#13148 = PRESENTATION_STYLE_ASSIGNMENT((#13149,#13154));
#13149 = SURFACE_STYLE_USAGE(.BOTH.,#13150);
#13150 = SURFACE_SIDE_STYLE('',(#13151));
#13151 = SURFACE_STYLE_FILL_AREA(#13152);
#13152 = FILL_AREA_STYLE('',(#13153));
#13153 = FILL_AREA_STYLE_COLOUR('',#11672);
#13154 = CURVE_STYLE('',#13155,POSITIVE_LENGTH_MEASURE(0.1),#11672);
#13155 = DRAUGHTING_PRE_DEFINED_CURVE_FONT('continuous');
#13156 = MECHANICAL_DESIGN_GEOMETRIC_PRESENTATION_REPRESENTATION('',(
    #13157),#8634);
#13157 = STYLED_ITEM('color',(#13158),#8622);
#13158 = PRESENTATION_STYLE_ASSIGNMENT((#13159,#13164));
#13159 = SURFACE_STYLE_USAGE(.BOTH.,#13160);
#13160 = SURFACE_SIDE_STYLE('',(#13161));
#13161 = SURFACE_STYLE_FILL_AREA(#13162);
#13162 = FILL_AREA_STYLE('',(#13163));
#13163 = FILL_AREA_STYLE_COLOUR('',#11672);
#13164 = CURVE_STYLE('',#13165,POSITIVE_LENGTH_MEASURE(0.1),#11672);
#13165 = DRAUGHTING_PRE_DEFINED_CURVE_FONT('continuous');
#13166 = MECHANICAL_DESIGN_GEOMETRIC_PRESENTATION_REPRESENTATION('',(
    #13167),#2651);
#13167 = STYLED_ITEM('color',(#13168),#2639);
#13168 = PRESENTATION_STYLE_ASSIGNMENT((#13169,#13174));
#13169 = SURFACE_STYLE_USAGE(.BOTH.,#13170);
#13170 = SURFACE_SIDE_STYLE('',(#13171));
#13171 = SURFACE_STYLE_FILL_AREA(#13172);
#13172 = FILL_AREA_STYLE('',(#13173));
#13173 = FILL_AREA_STYLE_COLOUR('',#11672);
#13174 = CURVE_STYLE('',#13175,POSITIVE_LENGTH_MEASURE(0.1),#11672);
#13175 = DRAUGHTING_PRE_DEFINED_CURVE_FONT('continuous');
#13176 = MECHANICAL_DESIGN_GEOMETRIC_PRESENTATION_REPRESENTATION('',(
    #13177),#2496);
#13177 = STYLED_ITEM('color',(#13178),#2484);
#13178 = PRESENTATION_STYLE_ASSIGNMENT((#13179,#13184));
#13179 = SURFACE_STYLE_USAGE(.BOTH.,#13180);
#13180 = SURFACE_SIDE_STYLE('',(#13181));
#13181 = SURFACE_STYLE_FILL_AREA(#13182);
#13182 = FILL_AREA_STYLE('',(#13183));
#13183 = FILL_AREA_STYLE_COLOUR('',#11672);
#13184 = CURVE_STYLE('',#13185,POSITIVE_LENGTH_MEASURE(0.1),#11672);
#13185 = DRAUGHTING_PRE_DEFINED_CURVE_FONT('continuous');
#13186 = MECHANICAL_DESIGN_GEOMETRIC_PRESENTATION_REPRESENTATION('',(
    #13187),#9223);
#13187 = STYLED_ITEM('color',(#13188),#9211);
#13188 = PRESENTATION_STYLE_ASSIGNMENT((#13189,#13194));
#13189 = SURFACE_STYLE_USAGE(.BOTH.,#13190);
#13190 = SURFACE_SIDE_STYLE('',(#13191));
#13191 = SURFACE_STYLE_FILL_AREA(#13192);
#13192 = FILL_AREA_STYLE('',(#13193));
#13193 = FILL_AREA_STYLE_COLOUR('',#11672);
#13194 = CURVE_STYLE('',#13195,POSITIVE_LENGTH_MEASURE(0.1),#11672);
#13195 = DRAUGHTING_PRE_DEFINED_CURVE_FONT('continuous');
#13196 = MECHANICAL_DESIGN_GEOMETRIC_PRESENTATION_REPRESENTATION('',(
    #13197),#6836);
#13197 = STYLED_ITEM('color',(#13198),#6824);
#13198 = PRESENTATION_STYLE_ASSIGNMENT((#13199,#13204));
#13199 = SURFACE_STYLE_USAGE(.BOTH.,#13200);
#13200 = SURFACE_SIDE_STYLE('',(#13201));
#13201 = SURFACE_STYLE_FILL_AREA(#13202);
#13202 = FILL_AREA_STYLE('',(#13203));
#13203 = FILL_AREA_STYLE_COLOUR('',#11672);
#13204 = CURVE_STYLE('',#13205,POSITIVE_LENGTH_MEASURE(0.1),#11672);
#13205 = DRAUGHTING_PRE_DEFINED_CURVE_FONT('continuous');
#13206 = MECHANICAL_DESIGN_GEOMETRIC_PRESENTATION_REPRESENTATION('',(
    #13207),#2217);
#13207 = STYLED_ITEM('color',(#13208),#2205);
#13208 = PRESENTATION_STYLE_ASSIGNMENT((#13209,#13214));
#13209 = SURFACE_STYLE_USAGE(.BOTH.,#13210);
#13210 = SURFACE_SIDE_STYLE('',(#13211));
#13211 = SURFACE_STYLE_FILL_AREA(#13212);
#13212 = FILL_AREA_STYLE('',(#13213));
#13213 = FILL_AREA_STYLE_COLOUR('',#11672);
#13214 = CURVE_STYLE('',#13215,POSITIVE_LENGTH_MEASURE(0.1),#11672);
#13215 = DRAUGHTING_PRE_DEFINED_CURVE_FONT('continuous');
#13216 = MECHANICAL_DESIGN_GEOMETRIC_PRESENTATION_REPRESENTATION('',(
    #13217),#7239);
#13217 = STYLED_ITEM('color',(#13218),#7227);
#13218 = PRESENTATION_STYLE_ASSIGNMENT((#13219,#13224));
#13219 = SURFACE_STYLE_USAGE(.BOTH.,#13220);
#13220 = SURFACE_SIDE_STYLE('',(#13221));
#13221 = SURFACE_STYLE_FILL_AREA(#13222);
#13222 = FILL_AREA_STYLE('',(#13223));
#13223 = FILL_AREA_STYLE_COLOUR('',#11672);
#13224 = CURVE_STYLE('',#13225,POSITIVE_LENGTH_MEASURE(0.1),#11672);
#13225 = DRAUGHTING_PRE_DEFINED_CURVE_FONT('continuous');
#13226 = MECHANICAL_DESIGN_GEOMETRIC_PRESENTATION_REPRESENTATION('',(
    #13227),#7673);
#13227 = STYLED_ITEM('color',(#13228),#7661);
#13228 = PRESENTATION_STYLE_ASSIGNMENT((#13229,#13234));
#13229 = SURFACE_STYLE_USAGE(.BOTH.,#13230);
#13230 = SURFACE_SIDE_STYLE('',(#13231));
#13231 = SURFACE_STYLE_FILL_AREA(#13232);
#13232 = FILL_AREA_STYLE('',(#13233));
#13233 = FILL_AREA_STYLE_COLOUR('',#11672);
#13234 = CURVE_STYLE('',#13235,POSITIVE_LENGTH_MEASURE(0.1),#11672);
#13235 = DRAUGHTING_PRE_DEFINED_CURVE_FONT('continuous');
#13236 = MECHANICAL_DESIGN_GEOMETRIC_PRESENTATION_REPRESENTATION('',(
    #13237),#2527);
#13237 = STYLED_ITEM('color',(#13238),#2515);
#13238 = PRESENTATION_STYLE_ASSIGNMENT((#13239,#13244));
#13239 = SURFACE_STYLE_USAGE(.BOTH.,#13240);
#13240 = SURFACE_SIDE_STYLE('',(#13241));
#13241 = SURFACE_STYLE_FILL_AREA(#13242);
#13242 = FILL_AREA_STYLE('',(#13243));
#13243 = FILL_AREA_STYLE_COLOUR('',#11672);
#13244 = CURVE_STYLE('',#13245,POSITIVE_LENGTH_MEASURE(0.1),#11672);
#13245 = DRAUGHTING_PRE_DEFINED_CURVE_FONT('continuous');
#13246 = MECHANICAL_DESIGN_GEOMETRIC_PRESENTATION_REPRESENTATION('',(
    #13247),#10556);
#13247 = STYLED_ITEM('color',(#13248),#10544);
#13248 = PRESENTATION_STYLE_ASSIGNMENT((#13249,#13254));
#13249 = SURFACE_STYLE_USAGE(.BOTH.,#13250);
#13250 = SURFACE_SIDE_STYLE('',(#13251));
#13251 = SURFACE_STYLE_FILL_AREA(#13252);
#13252 = FILL_AREA_STYLE('',(#13253));
#13253 = FILL_AREA_STYLE_COLOUR('',#11672);
#13254 = CURVE_STYLE('',#13255,POSITIVE_LENGTH_MEASURE(0.1),#11672);
#13255 = DRAUGHTING_PRE_DEFINED_CURVE_FONT('continuous');
#13256 = MECHANICAL_DESIGN_GEOMETRIC_PRESENTATION_REPRESENTATION('',(
    #13257),#2558);
#13257 = STYLED_ITEM('color',(#13258),#2546);
#13258 = PRESENTATION_STYLE_ASSIGNMENT((#13259,#13264));
#13259 = SURFACE_STYLE_USAGE(.BOTH.,#13260);
#13260 = SURFACE_SIDE_STYLE('',(#13261));
#13261 = SURFACE_STYLE_FILL_AREA(#13262);
#13262 = FILL_AREA_STYLE('',(#13263));
#13263 = FILL_AREA_STYLE_COLOUR('',#11672);
#13264 = CURVE_STYLE('',#13265,POSITIVE_LENGTH_MEASURE(0.1),#11672);
#13265 = DRAUGHTING_PRE_DEFINED_CURVE_FONT('continuous');
#13266 = MECHANICAL_DESIGN_GEOMETRIC_PRESENTATION_REPRESENTATION('',(
    #13267),#5348);
#13267 = STYLED_ITEM('color',(#13268),#5336);
#13268 = PRESENTATION_STYLE_ASSIGNMENT((#13269,#13274));
#13269 = SURFACE_STYLE_USAGE(.BOTH.,#13270);
#13270 = SURFACE_SIDE_STYLE('',(#13271));
#13271 = SURFACE_STYLE_FILL_AREA(#13272);
#13272 = FILL_AREA_STYLE('',(#13273));
#13273 = FILL_AREA_STYLE_COLOUR('',#11672);
#13274 = CURVE_STYLE('',#13275,POSITIVE_LENGTH_MEASURE(0.1),#11672);
#13275 = DRAUGHTING_PRE_DEFINED_CURVE_FONT('continuous');
#13276 = MECHANICAL_DESIGN_GEOMETRIC_PRESENTATION_REPRESENTATION('',(
    #13277),#5720);
#13277 = STYLED_ITEM('color',(#13278),#5708);
#13278 = PRESENTATION_STYLE_ASSIGNMENT((#13279,#13284));
#13279 = SURFACE_STYLE_USAGE(.BOTH.,#13280);
#13280 = SURFACE_SIDE_STYLE('',(#13281));
#13281 = SURFACE_STYLE_FILL_AREA(#13282);
#13282 = FILL_AREA_STYLE('',(#13283));
#13283 = FILL_AREA_STYLE_COLOUR('',#11672);
#13284 = CURVE_STYLE('',#13285,POSITIVE_LENGTH_MEASURE(0.1),#11672);
#13285 = DRAUGHTING_PRE_DEFINED_CURVE_FONT('continuous');
#13286 = MECHANICAL_DESIGN_GEOMETRIC_PRESENTATION_REPRESENTATION('',(
    #13287),#3457);
#13287 = STYLED_ITEM('color',(#13288),#3445);
#13288 = PRESENTATION_STYLE_ASSIGNMENT((#13289,#13294));
#13289 = SURFACE_STYLE_USAGE(.BOTH.,#13290);
#13290 = SURFACE_SIDE_STYLE('',(#13291));
#13291 = SURFACE_STYLE_FILL_AREA(#13292);
#13292 = FILL_AREA_STYLE('',(#13293));
#13293 = FILL_AREA_STYLE_COLOUR('',#11672);
#13294 = CURVE_STYLE('',#13295,POSITIVE_LENGTH_MEASURE(0.1),#11672);
#13295 = DRAUGHTING_PRE_DEFINED_CURVE_FONT('continuous');
#13296 = MECHANICAL_DESIGN_GEOMETRIC_PRESENTATION_REPRESENTATION('',(
    #13297),#3209);
#13297 = STYLED_ITEM('color',(#13298),#3197);
#13298 = PRESENTATION_STYLE_ASSIGNMENT((#13299,#13304));
#13299 = SURFACE_STYLE_USAGE(.BOTH.,#13300);
#13300 = SURFACE_SIDE_STYLE('',(#13301));
#13301 = SURFACE_STYLE_FILL_AREA(#13302);
#13302 = FILL_AREA_STYLE('',(#13303));
#13303 = FILL_AREA_STYLE_COLOUR('',#11672);
#13304 = CURVE_STYLE('',#13305,POSITIVE_LENGTH_MEASURE(0.1),#11672);
#13305 = DRAUGHTING_PRE_DEFINED_CURVE_FONT('continuous');
#13306 = MECHANICAL_DESIGN_GEOMETRIC_PRESENTATION_REPRESENTATION('',(
    #13307),#7332);
#13307 = STYLED_ITEM('color',(#13308),#7320);
#13308 = PRESENTATION_STYLE_ASSIGNMENT((#13309,#13314));
#13309 = SURFACE_STYLE_USAGE(.BOTH.,#13310);
#13310 = SURFACE_SIDE_STYLE('',(#13311));
#13311 = SURFACE_STYLE_FILL_AREA(#13312);
#13312 = FILL_AREA_STYLE('',(#13313));
#13313 = FILL_AREA_STYLE_COLOUR('',#11672);
#13314 = CURVE_STYLE('',#13315,POSITIVE_LENGTH_MEASURE(0.1),#11672);
#13315 = DRAUGHTING_PRE_DEFINED_CURVE_FONT('continuous');
#13316 = MECHANICAL_DESIGN_GEOMETRIC_PRESENTATION_REPRESENTATION('',(
    #13317),#6495);
#13317 = STYLED_ITEM('color',(#13318),#6483);
#13318 = PRESENTATION_STYLE_ASSIGNMENT((#13319,#13324));
#13319 = SURFACE_STYLE_USAGE(.BOTH.,#13320);
#13320 = SURFACE_SIDE_STYLE('',(#13321));
#13321 = SURFACE_STYLE_FILL_AREA(#13322);
#13322 = FILL_AREA_STYLE('',(#13323));
#13323 = FILL_AREA_STYLE_COLOUR('',#11672);
#13324 = CURVE_STYLE('',#13325,POSITIVE_LENGTH_MEASURE(0.1),#11672);
#13325 = DRAUGHTING_PRE_DEFINED_CURVE_FONT('continuous');
#13326 = MECHANICAL_DESIGN_GEOMETRIC_PRESENTATION_REPRESENTATION('',(
    #13327),#8572);
#13327 = STYLED_ITEM('color',(#13328),#8560);
#13328 = PRESENTATION_STYLE_ASSIGNMENT((#13329,#13334));
#13329 = SURFACE_STYLE_USAGE(.BOTH.,#13330);
#13330 = SURFACE_SIDE_STYLE('',(#13331));
#13331 = SURFACE_STYLE_FILL_AREA(#13332);
#13332 = FILL_AREA_STYLE('',(#13333));
#13333 = FILL_AREA_STYLE_COLOUR('',#11672);
#13334 = CURVE_STYLE('',#13335,POSITIVE_LENGTH_MEASURE(0.1),#11672);
#13335 = DRAUGHTING_PRE_DEFINED_CURVE_FONT('continuous');
#13336 = MECHANICAL_DESIGN_GEOMETRIC_PRESENTATION_REPRESENTATION('',(
    #13337),#8479);
#13337 = STYLED_ITEM('color',(#13338),#8467);
#13338 = PRESENTATION_STYLE_ASSIGNMENT((#13339,#13344));
#13339 = SURFACE_STYLE_USAGE(.BOTH.,#13340);
#13340 = SURFACE_SIDE_STYLE('',(#13341));
#13341 = SURFACE_STYLE_FILL_AREA(#13342);
#13342 = FILL_AREA_STYLE('',(#13343));
#13343 = FILL_AREA_STYLE_COLOUR('',#11672);
#13344 = CURVE_STYLE('',#13345,POSITIVE_LENGTH_MEASURE(0.1),#11672);
#13345 = DRAUGHTING_PRE_DEFINED_CURVE_FONT('continuous');
#13346 = MECHANICAL_DESIGN_GEOMETRIC_PRESENTATION_REPRESENTATION('',(
    #13347),#10091);
#13347 = STYLED_ITEM('color',(#13348),#10079);
#13348 = PRESENTATION_STYLE_ASSIGNMENT((#13349,#13354));
#13349 = SURFACE_STYLE_USAGE(.BOTH.,#13350);
#13350 = SURFACE_SIDE_STYLE('',(#13351));
#13351 = SURFACE_STYLE_FILL_AREA(#13352);
#13352 = FILL_AREA_STYLE('',(#13353));
#13353 = FILL_AREA_STYLE_COLOUR('',#11672);
#13354 = CURVE_STYLE('',#13355,POSITIVE_LENGTH_MEASURE(0.1),#11672);
#13355 = DRAUGHTING_PRE_DEFINED_CURVE_FONT('continuous');
#13356 = MECHANICAL_DESIGN_GEOMETRIC_PRESENTATION_REPRESENTATION('',(
    #13357),#2589);
#13357 = STYLED_ITEM('color',(#13358),#2577);
#13358 = PRESENTATION_STYLE_ASSIGNMENT((#13359,#13364));
#13359 = SURFACE_STYLE_USAGE(.BOTH.,#13360);
#13360 = SURFACE_SIDE_STYLE('',(#13361));
#13361 = SURFACE_STYLE_FILL_AREA(#13362);
#13362 = FILL_AREA_STYLE('',(#13363));
#13363 = FILL_AREA_STYLE_COLOUR('',#11672);
#13364 = CURVE_STYLE('',#13365,POSITIVE_LENGTH_MEASURE(0.1),#11672);
#13365 = DRAUGHTING_PRE_DEFINED_CURVE_FONT('continuous');
#13366 = MECHANICAL_DESIGN_GEOMETRIC_PRESENTATION_REPRESENTATION('',(
    #13367),#9440);
#13367 = STYLED_ITEM('color',(#13368),#9428);
#13368 = PRESENTATION_STYLE_ASSIGNMENT((#13369,#13374));
#13369 = SURFACE_STYLE_USAGE(.BOTH.,#13370);
#13370 = SURFACE_SIDE_STYLE('',(#13371));
#13371 = SURFACE_STYLE_FILL_AREA(#13372);
#13372 = FILL_AREA_STYLE('',(#13373));
#13373 = FILL_AREA_STYLE_COLOUR('',#11672);
#13374 = CURVE_STYLE('',#13375,POSITIVE_LENGTH_MEASURE(0.1),#11672);
#13375 = DRAUGHTING_PRE_DEFINED_CURVE_FONT('continuous');
#13376 = MECHANICAL_DESIGN_GEOMETRIC_PRESENTATION_REPRESENTATION('',(
    #13377),#6216);
#13377 = STYLED_ITEM('color',(#13378),#6204);
#13378 = PRESENTATION_STYLE_ASSIGNMENT((#13379,#13384));
#13379 = SURFACE_STYLE_USAGE(.BOTH.,#13380);
#13380 = SURFACE_SIDE_STYLE('',(#13381));
#13381 = SURFACE_STYLE_FILL_AREA(#13382);
#13382 = FILL_AREA_STYLE('',(#13383));
#13383 = FILL_AREA_STYLE_COLOUR('',#11672);
#13384 = CURVE_STYLE('',#13385,POSITIVE_LENGTH_MEASURE(0.1),#11672);
#13385 = DRAUGHTING_PRE_DEFINED_CURVE_FONT('continuous');
#13386 = MECHANICAL_DESIGN_GEOMETRIC_PRESENTATION_REPRESENTATION('',(
    #13387),#4232);
#13387 = STYLED_ITEM('color',(#13388),#4220);
#13388 = PRESENTATION_STYLE_ASSIGNMENT((#13389,#13394));
#13389 = SURFACE_STYLE_USAGE(.BOTH.,#13390);
#13390 = SURFACE_SIDE_STYLE('',(#13391));
#13391 = SURFACE_STYLE_FILL_AREA(#13392);
#13392 = FILL_AREA_STYLE('',(#13393));
#13393 = FILL_AREA_STYLE_COLOUR('',#11672);
#13394 = CURVE_STYLE('',#13395,POSITIVE_LENGTH_MEASURE(0.1),#11672);
#13395 = DRAUGHTING_PRE_DEFINED_CURVE_FONT('continuous');
#13396 = MECHANICAL_DESIGN_GEOMETRIC_PRESENTATION_REPRESENTATION('',(
    #13397),#9409);
#13397 = STYLED_ITEM('color',(#13398),#9397);
#13398 = PRESENTATION_STYLE_ASSIGNMENT((#13399,#13404));
#13399 = SURFACE_STYLE_USAGE(.BOTH.,#13400);
#13400 = SURFACE_SIDE_STYLE('',(#13401));
#13401 = SURFACE_STYLE_FILL_AREA(#13402);
#13402 = FILL_AREA_STYLE('',(#13403));
#13403 = FILL_AREA_STYLE_COLOUR('',#11672);
#13404 = CURVE_STYLE('',#13405,POSITIVE_LENGTH_MEASURE(0.1),#11672);
#13405 = DRAUGHTING_PRE_DEFINED_CURVE_FONT('continuous');
#13406 = MECHANICAL_DESIGN_GEOMETRIC_PRESENTATION_REPRESENTATION('',(
    #13407),#4635);
#13407 = STYLED_ITEM('color',(#13408),#4623);
#13408 = PRESENTATION_STYLE_ASSIGNMENT((#13409,#13414));
#13409 = SURFACE_STYLE_USAGE(.BOTH.,#13410);
#13410 = SURFACE_SIDE_STYLE('',(#13411));
#13411 = SURFACE_STYLE_FILL_AREA(#13412);
#13412 = FILL_AREA_STYLE('',(#13413));
#13413 = FILL_AREA_STYLE_COLOUR('',#11672);
#13414 = CURVE_STYLE('',#13415,POSITIVE_LENGTH_MEASURE(0.1),#11672);
#13415 = DRAUGHTING_PRE_DEFINED_CURVE_FONT('continuous');
#13416 = MECHANICAL_DESIGN_GEOMETRIC_PRESENTATION_REPRESENTATION('',(
    #13417),#5317);
#13417 = STYLED_ITEM('color',(#13418),#5305);
#13418 = PRESENTATION_STYLE_ASSIGNMENT((#13419,#13424));
#13419 = SURFACE_STYLE_USAGE(.BOTH.,#13420);
#13420 = SURFACE_SIDE_STYLE('',(#13421));
#13421 = SURFACE_STYLE_FILL_AREA(#13422);
#13422 = FILL_AREA_STYLE('',(#13423));
#13423 = FILL_AREA_STYLE_COLOUR('',#11672);
#13424 = CURVE_STYLE('',#13425,POSITIVE_LENGTH_MEASURE(0.1),#11672);
#13425 = DRAUGHTING_PRE_DEFINED_CURVE_FONT('continuous');
#13426 = MECHANICAL_DESIGN_GEOMETRIC_PRESENTATION_REPRESENTATION('',(
    #13427),#2403);
#13427 = STYLED_ITEM('color',(#13428),#2391);
#13428 = PRESENTATION_STYLE_ASSIGNMENT((#13429,#13434));
#13429 = SURFACE_STYLE_USAGE(.BOTH.,#13430);
#13430 = SURFACE_SIDE_STYLE('',(#13431));
#13431 = SURFACE_STYLE_FILL_AREA(#13432);
#13432 = FILL_AREA_STYLE('',(#13433));
#13433 = FILL_AREA_STYLE_COLOUR('',#11672);
#13434 = CURVE_STYLE('',#13435,POSITIVE_LENGTH_MEASURE(0.1),#11672);
#13435 = DRAUGHTING_PRE_DEFINED_CURVE_FONT('continuous');
#13436 = MECHANICAL_DESIGN_GEOMETRIC_PRESENTATION_REPRESENTATION('',(
    #13437),#7797);
#13437 = STYLED_ITEM('color',(#13438),#7785);
#13438 = PRESENTATION_STYLE_ASSIGNMENT((#13439,#13444));
#13439 = SURFACE_STYLE_USAGE(.BOTH.,#13440);
#13440 = SURFACE_SIDE_STYLE('',(#13441));
#13441 = SURFACE_STYLE_FILL_AREA(#13442);
#13442 = FILL_AREA_STYLE('',(#13443));
#13443 = FILL_AREA_STYLE_COLOUR('',#11672);
#13444 = CURVE_STYLE('',#13445,POSITIVE_LENGTH_MEASURE(0.1),#11672);
#13445 = DRAUGHTING_PRE_DEFINED_CURVE_FONT('continuous');
#13446 = MECHANICAL_DESIGN_GEOMETRIC_PRESENTATION_REPRESENTATION('',(
    #13447),#6712);
#13447 = STYLED_ITEM('color',(#13448),#6700);
#13448 = PRESENTATION_STYLE_ASSIGNMENT((#13449,#13454));
#13449 = SURFACE_STYLE_USAGE(.BOTH.,#13450);
#13450 = SURFACE_SIDE_STYLE('',(#13451));
#13451 = SURFACE_STYLE_FILL_AREA(#13452);
#13452 = FILL_AREA_STYLE('',(#13453));
#13453 = FILL_AREA_STYLE_COLOUR('',#11672);
#13454 = CURVE_STYLE('',#13455,POSITIVE_LENGTH_MEASURE(0.1),#11672);
#13455 = DRAUGHTING_PRE_DEFINED_CURVE_FONT('continuous');
#13456 = MECHANICAL_DESIGN_GEOMETRIC_PRESENTATION_REPRESENTATION('',(
    #13457),#9037);
#13457 = STYLED_ITEM('color',(#13458),#9025);
#13458 = PRESENTATION_STYLE_ASSIGNMENT((#13459,#13464));
#13459 = SURFACE_STYLE_USAGE(.BOTH.,#13460);
#13460 = SURFACE_SIDE_STYLE('',(#13461));
#13461 = SURFACE_STYLE_FILL_AREA(#13462);
#13462 = FILL_AREA_STYLE('',(#13463));
#13463 = FILL_AREA_STYLE_COLOUR('',#11672);
#13464 = CURVE_STYLE('',#13465,POSITIVE_LENGTH_MEASURE(0.1),#11672);
#13465 = DRAUGHTING_PRE_DEFINED_CURVE_FONT('continuous');
#13466 = MECHANICAL_DESIGN_GEOMETRIC_PRESENTATION_REPRESENTATION('',(
    #13467),#1318);
#13467 = STYLED_ITEM('color',(#13468),#1306);
#13468 = PRESENTATION_STYLE_ASSIGNMENT((#13469,#13474));
#13469 = SURFACE_STYLE_USAGE(.BOTH.,#13470);
#13470 = SURFACE_SIDE_STYLE('',(#13471));
#13471 = SURFACE_STYLE_FILL_AREA(#13472);
#13472 = FILL_AREA_STYLE('',(#13473));
#13473 = FILL_AREA_STYLE_COLOUR('',#11672);
#13474 = CURVE_STYLE('',#13475,POSITIVE_LENGTH_MEASURE(0.1),#11672);
#13475 = DRAUGHTING_PRE_DEFINED_CURVE_FONT('continuous');
#13476 = MECHANICAL_DESIGN_GEOMETRIC_PRESENTATION_REPRESENTATION('',(
    #13477),#11145);
#13477 = STYLED_ITEM('color',(#13478),#11133);
#13478 = PRESENTATION_STYLE_ASSIGNMENT((#13479,#13484));
#13479 = SURFACE_STYLE_USAGE(.BOTH.,#13480);
#13480 = SURFACE_SIDE_STYLE('',(#13481));
#13481 = SURFACE_STYLE_FILL_AREA(#13482);
#13482 = FILL_AREA_STYLE('',(#13483));
#13483 = FILL_AREA_STYLE_COLOUR('',#11672);
#13484 = CURVE_STYLE('',#13485,POSITIVE_LENGTH_MEASURE(0.1),#11672);
#13485 = DRAUGHTING_PRE_DEFINED_CURVE_FONT('continuous');
#13486 = MECHANICAL_DESIGN_GEOMETRIC_PRESENTATION_REPRESENTATION('',(
    #13487),#1876);
#13487 = STYLED_ITEM('color',(#13488),#1864);
#13488 = PRESENTATION_STYLE_ASSIGNMENT((#13489,#13494));
#13489 = SURFACE_STYLE_USAGE(.BOTH.,#13490);
#13490 = SURFACE_SIDE_STYLE('',(#13491));
#13491 = SURFACE_STYLE_FILL_AREA(#13492);
#13492 = FILL_AREA_STYLE('',(#13493));
#13493 = FILL_AREA_STYLE_COLOUR('',#11672);
#13494 = CURVE_STYLE('',#13495,POSITIVE_LENGTH_MEASURE(0.1),#11672);
#13495 = DRAUGHTING_PRE_DEFINED_CURVE_FONT('continuous');
#13496 = MECHANICAL_DESIGN_GEOMETRIC_PRESENTATION_REPRESENTATION('',(
    #13497),#2868);
#13497 = STYLED_ITEM('color',(#13498),#2856);
#13498 = PRESENTATION_STYLE_ASSIGNMENT((#13499,#13504));
#13499 = SURFACE_STYLE_USAGE(.BOTH.,#13500);
#13500 = SURFACE_SIDE_STYLE('',(#13501));
#13501 = SURFACE_STYLE_FILL_AREA(#13502);
#13502 = FILL_AREA_STYLE('',(#13503));
#13503 = FILL_AREA_STYLE_COLOUR('',#11672);
#13504 = CURVE_STYLE('',#13505,POSITIVE_LENGTH_MEASURE(0.1),#11672);
#13505 = DRAUGHTING_PRE_DEFINED_CURVE_FONT('continuous');
#13506 = MECHANICAL_DESIGN_GEOMETRIC_PRESENTATION_REPRESENTATION('',(
    #13507),#8324);
#13507 = STYLED_ITEM('color',(#13508),#8312);
#13508 = PRESENTATION_STYLE_ASSIGNMENT((#13509,#13514));
#13509 = SURFACE_STYLE_USAGE(.BOTH.,#13510);
#13510 = SURFACE_SIDE_STYLE('',(#13511));
#13511 = SURFACE_STYLE_FILL_AREA(#13512);
#13512 = FILL_AREA_STYLE('',(#13513));
#13513 = FILL_AREA_STYLE_COLOUR('',#11672);
#13514 = CURVE_STYLE('',#13515,POSITIVE_LENGTH_MEASURE(0.1),#11672);
#13515 = DRAUGHTING_PRE_DEFINED_CURVE_FONT('continuous');
#13516 = MECHANICAL_DESIGN_GEOMETRIC_PRESENTATION_REPRESENTATION('',(
    #13517),#9192);
#13517 = STYLED_ITEM('color',(#13518),#9180);
#13518 = PRESENTATION_STYLE_ASSIGNMENT((#13519,#13524));
#13519 = SURFACE_STYLE_USAGE(.BOTH.,#13520);
#13520 = SURFACE_SIDE_STYLE('',(#13521));
#13521 = SURFACE_STYLE_FILL_AREA(#13522);
#13522 = FILL_AREA_STYLE('',(#13523));
#13523 = FILL_AREA_STYLE_COLOUR('',#11672);
#13524 = CURVE_STYLE('',#13525,POSITIVE_LENGTH_MEASURE(0.1),#11672);
#13525 = DRAUGHTING_PRE_DEFINED_CURVE_FONT('continuous');
#13526 = MECHANICAL_DESIGN_GEOMETRIC_PRESENTATION_REPRESENTATION('',(
    #13527),#8231);
#13527 = STYLED_ITEM('color',(#13528),#8219);
#13528 = PRESENTATION_STYLE_ASSIGNMENT((#13529,#13534));
#13529 = SURFACE_STYLE_USAGE(.BOTH.,#13530);
#13530 = SURFACE_SIDE_STYLE('',(#13531));
#13531 = SURFACE_STYLE_FILL_AREA(#13532);
#13532 = FILL_AREA_STYLE('',(#13533));
#13533 = FILL_AREA_STYLE_COLOUR('',#11672);
#13534 = CURVE_STYLE('',#13535,POSITIVE_LENGTH_MEASURE(0.1),#11672);
#13535 = DRAUGHTING_PRE_DEFINED_CURVE_FONT('continuous');
#13536 = MECHANICAL_DESIGN_GEOMETRIC_PRESENTATION_REPRESENTATION('',(
    #13537),#7084);
#13537 = STYLED_ITEM('color',(#13538),#7072);
#13538 = PRESENTATION_STYLE_ASSIGNMENT((#13539,#13544));
#13539 = SURFACE_STYLE_USAGE(.BOTH.,#13540);
#13540 = SURFACE_SIDE_STYLE('',(#13541));
#13541 = SURFACE_STYLE_FILL_AREA(#13542);
#13542 = FILL_AREA_STYLE('',(#13543));
#13543 = FILL_AREA_STYLE_COLOUR('',#11672);
#13544 = CURVE_STYLE('',#13545,POSITIVE_LENGTH_MEASURE(0.1),#11672);
#13545 = DRAUGHTING_PRE_DEFINED_CURVE_FONT('continuous');
#13546 = MECHANICAL_DESIGN_GEOMETRIC_PRESENTATION_REPRESENTATION('',(
    #13547),#1535);
#13547 = STYLED_ITEM('color',(#13548),#1523);
#13548 = PRESENTATION_STYLE_ASSIGNMENT((#13549,#13554));
#13549 = SURFACE_STYLE_USAGE(.BOTH.,#13550);
#13550 = SURFACE_SIDE_STYLE('',(#13551));
#13551 = SURFACE_STYLE_FILL_AREA(#13552);
#13552 = FILL_AREA_STYLE('',(#13553));
#13553 = FILL_AREA_STYLE_COLOUR('',#11672);
#13554 = CURVE_STYLE('',#13555,POSITIVE_LENGTH_MEASURE(0.1),#11672);
#13555 = DRAUGHTING_PRE_DEFINED_CURVE_FONT('continuous');
#13556 = MECHANICAL_DESIGN_GEOMETRIC_PRESENTATION_REPRESENTATION('',(
    #13557),#2372);
#13557 = STYLED_ITEM('color',(#13558),#2360);
#13558 = PRESENTATION_STYLE_ASSIGNMENT((#13559,#13564));
#13559 = SURFACE_STYLE_USAGE(.BOTH.,#13560);
#13560 = SURFACE_SIDE_STYLE('',(#13561));
#13561 = SURFACE_STYLE_FILL_AREA(#13562);
#13562 = FILL_AREA_STYLE('',(#13563));
#13563 = FILL_AREA_STYLE_COLOUR('',#11672);
#13564 = CURVE_STYLE('',#13565,POSITIVE_LENGTH_MEASURE(0.1),#11672);
#13565 = DRAUGHTING_PRE_DEFINED_CURVE_FONT('continuous');
#13566 = MECHANICAL_DESIGN_GEOMETRIC_PRESENTATION_REPRESENTATION('',(
    #13567),#4480);
#13567 = STYLED_ITEM('color',(#13568),#4468);
#13568 = PRESENTATION_STYLE_ASSIGNMENT((#13569,#13574));
#13569 = SURFACE_STYLE_USAGE(.BOTH.,#13570);
#13570 = SURFACE_SIDE_STYLE('',(#13571));
#13571 = SURFACE_STYLE_FILL_AREA(#13572);
#13572 = FILL_AREA_STYLE('',(#13573));
#13573 = FILL_AREA_STYLE_COLOUR('',#11672);
#13574 = CURVE_STYLE('',#13575,POSITIVE_LENGTH_MEASURE(0.1),#11672);
#13575 = DRAUGHTING_PRE_DEFINED_CURVE_FONT('continuous');
#13576 = MECHANICAL_DESIGN_GEOMETRIC_PRESENTATION_REPRESENTATION('',(
    #13577),#5627);
#13577 = STYLED_ITEM('color',(#13578),#5615);
#13578 = PRESENTATION_STYLE_ASSIGNMENT((#13579,#13584));
#13579 = SURFACE_STYLE_USAGE(.BOTH.,#13580);
#13580 = SURFACE_SIDE_STYLE('',(#13581));
#13581 = SURFACE_STYLE_FILL_AREA(#13582);
#13582 = FILL_AREA_STYLE('',(#13583));
#13583 = FILL_AREA_STYLE_COLOUR('',#11672);
#13584 = CURVE_STYLE('',#13585,POSITIVE_LENGTH_MEASURE(0.1),#11672);
#13585 = DRAUGHTING_PRE_DEFINED_CURVE_FONT('continuous');
#13586 = MECHANICAL_DESIGN_GEOMETRIC_PRESENTATION_REPRESENTATION('',(
    #13587),#4387);
#13587 = STYLED_ITEM('color',(#13588),#4375);
#13588 = PRESENTATION_STYLE_ASSIGNMENT((#13589,#13594));
#13589 = SURFACE_STYLE_USAGE(.BOTH.,#13590);
#13590 = SURFACE_SIDE_STYLE('',(#13591));
#13591 = SURFACE_STYLE_FILL_AREA(#13592);
#13592 = FILL_AREA_STYLE('',(#13593));
#13593 = FILL_AREA_STYLE_COLOUR('',#11672);
#13594 = CURVE_STYLE('',#13595,POSITIVE_LENGTH_MEASURE(0.1),#11672);
#13595 = DRAUGHTING_PRE_DEFINED_CURVE_FONT('continuous');
#13596 = MECHANICAL_DESIGN_GEOMETRIC_PRESENTATION_REPRESENTATION('',(
    #13597),#3736);
#13597 = STYLED_ITEM('color',(#13598),#3724);
#13598 = PRESENTATION_STYLE_ASSIGNMENT((#13599,#13604));
#13599 = SURFACE_STYLE_USAGE(.BOTH.,#13600);
#13600 = SURFACE_SIDE_STYLE('',(#13601));
#13601 = SURFACE_STYLE_FILL_AREA(#13602);
#13602 = FILL_AREA_STYLE('',(#13603));
#13603 = FILL_AREA_STYLE_COLOUR('',#11672);
#13604 = CURVE_STYLE('',#13605,POSITIVE_LENGTH_MEASURE(0.1),#11672);
#13605 = DRAUGHTING_PRE_DEFINED_CURVE_FONT('continuous');
#13606 = MECHANICAL_DESIGN_GEOMETRIC_PRESENTATION_REPRESENTATION('',(
    #13607),#9378);
#13607 = STYLED_ITEM('color',(#13608),#9366);
#13608 = PRESENTATION_STYLE_ASSIGNMENT((#13609,#13614));
#13609 = SURFACE_STYLE_USAGE(.BOTH.,#13610);
#13610 = SURFACE_SIDE_STYLE('',(#13611));
#13611 = SURFACE_STYLE_FILL_AREA(#13612);
#13612 = FILL_AREA_STYLE('',(#13613));
#13613 = FILL_AREA_STYLE_COLOUR('',#11672);
#13614 = CURVE_STYLE('',#13615,POSITIVE_LENGTH_MEASURE(0.1),#11672);
#13615 = DRAUGHTING_PRE_DEFINED_CURVE_FONT('continuous');
#13616 = MECHANICAL_DESIGN_GEOMETRIC_PRESENTATION_REPRESENTATION('',(
    #13617),#10029);
#13617 = STYLED_ITEM('color',(#13618),#10017);
#13618 = PRESENTATION_STYLE_ASSIGNMENT((#13619,#13624));
#13619 = SURFACE_STYLE_USAGE(.BOTH.,#13620);
#13620 = SURFACE_SIDE_STYLE('',(#13621));
#13621 = SURFACE_STYLE_FILL_AREA(#13622);
#13622 = FILL_AREA_STYLE('',(#13623));
#13623 = FILL_AREA_STYLE_COLOUR('',#11672);
#13624 = CURVE_STYLE('',#13625,POSITIVE_LENGTH_MEASURE(0.1),#11672);
#13625 = DRAUGHTING_PRE_DEFINED_CURVE_FONT('continuous');
#13626 = MECHANICAL_DESIGN_GEOMETRIC_PRESENTATION_REPRESENTATION('',(
    #13627),#8510);
#13627 = STYLED_ITEM('color',(#13628),#8498);
#13628 = PRESENTATION_STYLE_ASSIGNMENT((#13629,#13634));
#13629 = SURFACE_STYLE_USAGE(.BOTH.,#13630);
#13630 = SURFACE_SIDE_STYLE('',(#13631));
#13631 = SURFACE_STYLE_FILL_AREA(#13632);
#13632 = FILL_AREA_STYLE('',(#13633));
#13633 = FILL_AREA_STYLE_COLOUR('',#11672);
#13634 = CURVE_STYLE('',#13635,POSITIVE_LENGTH_MEASURE(0.1),#11672);
#13635 = DRAUGHTING_PRE_DEFINED_CURVE_FONT('continuous');
#13636 = MECHANICAL_DESIGN_GEOMETRIC_PRESENTATION_REPRESENTATION('',(
    #13637),#7363);
#13637 = STYLED_ITEM('color',(#13638),#7351);
#13638 = PRESENTATION_STYLE_ASSIGNMENT((#13639,#13644));
#13639 = SURFACE_STYLE_USAGE(.BOTH.,#13640);
#13640 = SURFACE_SIDE_STYLE('',(#13641));
#13641 = SURFACE_STYLE_FILL_AREA(#13642);
#13642 = FILL_AREA_STYLE('',(#13643));
#13643 = FILL_AREA_STYLE_COLOUR('',#11672);
#13644 = CURVE_STYLE('',#13645,POSITIVE_LENGTH_MEASURE(0.1),#11672);
#13645 = DRAUGHTING_PRE_DEFINED_CURVE_FONT('continuous');
#13646 = MECHANICAL_DESIGN_GEOMETRIC_PRESENTATION_REPRESENTATION('',(
    #13647),#3984);
#13647 = STYLED_ITEM('color',(#13648),#3972);
#13648 = PRESENTATION_STYLE_ASSIGNMENT((#13649,#13654));
#13649 = SURFACE_STYLE_USAGE(.BOTH.,#13650);
#13650 = SURFACE_SIDE_STYLE('',(#13651));
#13651 = SURFACE_STYLE_FILL_AREA(#13652);
#13652 = FILL_AREA_STYLE('',(#13653));
#13653 = FILL_AREA_STYLE_COLOUR('',#11672);
#13654 = CURVE_STYLE('',#13655,POSITIVE_LENGTH_MEASURE(0.1),#11672);
#13655 = DRAUGHTING_PRE_DEFINED_CURVE_FONT('continuous');
#13656 = MECHANICAL_DESIGN_GEOMETRIC_PRESENTATION_REPRESENTATION('',(
    #13657),#6309);
#13657 = STYLED_ITEM('color',(#13658),#6297);
#13658 = PRESENTATION_STYLE_ASSIGNMENT((#13659,#13664));
#13659 = SURFACE_STYLE_USAGE(.BOTH.,#13660);
#13660 = SURFACE_SIDE_STYLE('',(#13661));
#13661 = SURFACE_STYLE_FILL_AREA(#13662);
#13662 = FILL_AREA_STYLE('',(#13663));
#13663 = FILL_AREA_STYLE_COLOUR('',#11672);
#13664 = CURVE_STYLE('',#13665,POSITIVE_LENGTH_MEASURE(0.1),#11672);
#13665 = DRAUGHTING_PRE_DEFINED_CURVE_FONT('continuous');
#13666 = MECHANICAL_DESIGN_GEOMETRIC_PRESENTATION_REPRESENTATION('',(
    #13667),#3891);
#13667 = STYLED_ITEM('color',(#13668),#3879);
#13668 = PRESENTATION_STYLE_ASSIGNMENT((#13669,#13674));
#13669 = SURFACE_STYLE_USAGE(.BOTH.,#13670);
#13670 = SURFACE_SIDE_STYLE('',(#13671));
#13671 = SURFACE_STYLE_FILL_AREA(#13672);
#13672 = FILL_AREA_STYLE('',(#13673));
#13673 = FILL_AREA_STYLE_COLOUR('',#11672);
#13674 = CURVE_STYLE('',#13675,POSITIVE_LENGTH_MEASURE(0.1),#11672);
#13675 = DRAUGHTING_PRE_DEFINED_CURVE_FONT('continuous');
#13676 = MECHANICAL_DESIGN_GEOMETRIC_PRESENTATION_REPRESENTATION('',(
    #13677),#10897);
#13677 = STYLED_ITEM('color',(#13678),#10885);
#13678 = PRESENTATION_STYLE_ASSIGNMENT((#13679,#13684));
#13679 = SURFACE_STYLE_USAGE(.BOTH.,#13680);
#13680 = SURFACE_SIDE_STYLE('',(#13681));
#13681 = SURFACE_STYLE_FILL_AREA(#13682);
#13682 = FILL_AREA_STYLE('',(#13683));
#13683 = FILL_AREA_STYLE_COLOUR('',#11672);
#13684 = CURVE_STYLE('',#13685,POSITIVE_LENGTH_MEASURE(0.1),#11672);
#13685 = DRAUGHTING_PRE_DEFINED_CURVE_FONT('continuous');
#13686 = MECHANICAL_DESIGN_GEOMETRIC_PRESENTATION_REPRESENTATION('',(
    #13687),#2155);
#13687 = STYLED_ITEM('color',(#13688),#2143);
#13688 = PRESENTATION_STYLE_ASSIGNMENT((#13689,#13694));
#13689 = SURFACE_STYLE_USAGE(.BOTH.,#13690);
#13690 = SURFACE_SIDE_STYLE('',(#13691));
#13691 = SURFACE_STYLE_FILL_AREA(#13692);
#13692 = FILL_AREA_STYLE('',(#13693));
#13693 = FILL_AREA_STYLE_COLOUR('',#11672);
#13694 = CURVE_STYLE('',#13695,POSITIVE_LENGTH_MEASURE(0.1),#11672);
#13695 = DRAUGHTING_PRE_DEFINED_CURVE_FONT('continuous');
#13696 = MECHANICAL_DESIGN_GEOMETRIC_PRESENTATION_REPRESENTATION('',(
    #13697),#2248);
#13697 = STYLED_ITEM('color',(#13698),#2236);
#13698 = PRESENTATION_STYLE_ASSIGNMENT((#13699,#13704));
#13699 = SURFACE_STYLE_USAGE(.BOTH.,#13700);
#13700 = SURFACE_SIDE_STYLE('',(#13701));
#13701 = SURFACE_STYLE_FILL_AREA(#13702);
#13702 = FILL_AREA_STYLE('',(#13703));
#13703 = FILL_AREA_STYLE_COLOUR('',#11672);
#13704 = CURVE_STYLE('',#13705,POSITIVE_LENGTH_MEASURE(0.1),#11672);
#13705 = DRAUGHTING_PRE_DEFINED_CURVE_FONT('continuous');
#13706 = MECHANICAL_DESIGN_GEOMETRIC_PRESENTATION_REPRESENTATION('',(
    #13707),#6061);
#13707 = STYLED_ITEM('color',(#13708),#6049);
#13708 = PRESENTATION_STYLE_ASSIGNMENT((#13709,#13714));
#13709 = SURFACE_STYLE_USAGE(.BOTH.,#13710);
#13710 = SURFACE_SIDE_STYLE('',(#13711));
#13711 = SURFACE_STYLE_FILL_AREA(#13712);
#13712 = FILL_AREA_STYLE('',(#13713));
#13713 = FILL_AREA_STYLE_COLOUR('',#11672);
#13714 = CURVE_STYLE('',#13715,POSITIVE_LENGTH_MEASURE(0.1),#11672);
#13715 = DRAUGHTING_PRE_DEFINED_CURVE_FONT('continuous');
#13716 = MECHANICAL_DESIGN_GEOMETRIC_PRESENTATION_REPRESENTATION('',(
    #13717),#4666);
#13717 = STYLED_ITEM('color',(#13718),#4654);
#13718 = PRESENTATION_STYLE_ASSIGNMENT((#13719,#13724));
#13719 = SURFACE_STYLE_USAGE(.BOTH.,#13720);
#13720 = SURFACE_SIDE_STYLE('',(#13721));
#13721 = SURFACE_STYLE_FILL_AREA(#13722);
#13722 = FILL_AREA_STYLE('',(#13723));
#13723 = FILL_AREA_STYLE_COLOUR('',#11672);
#13724 = CURVE_STYLE('',#13725,POSITIVE_LENGTH_MEASURE(0.1),#11672);
#13725 = DRAUGHTING_PRE_DEFINED_CURVE_FONT('continuous');
#13726 = MECHANICAL_DESIGN_GEOMETRIC_PRESENTATION_REPRESENTATION('',(
    #13727),#7549);
#13727 = STYLED_ITEM('color',(#13728),#7537);
#13728 = PRESENTATION_STYLE_ASSIGNMENT((#13729,#13734));
#13729 = SURFACE_STYLE_USAGE(.BOTH.,#13730);
#13730 = SURFACE_SIDE_STYLE('',(#13731));
#13731 = SURFACE_STYLE_FILL_AREA(#13732);
#13732 = FILL_AREA_STYLE('',(#13733));
#13733 = FILL_AREA_STYLE_COLOUR('',#11672);
#13734 = CURVE_STYLE('',#13735,POSITIVE_LENGTH_MEASURE(0.1),#11672);
#13735 = DRAUGHTING_PRE_DEFINED_CURVE_FONT('continuous');
#13736 = MECHANICAL_DESIGN_GEOMETRIC_PRESENTATION_REPRESENTATION('',(
    #13737),#3364);
#13737 = STYLED_ITEM('color',(#13738),#3352);
#13738 = PRESENTATION_STYLE_ASSIGNMENT((#13739,#13744));
#13739 = SURFACE_STYLE_USAGE(.BOTH.,#13740);
#13740 = SURFACE_SIDE_STYLE('',(#13741));
#13741 = SURFACE_STYLE_FILL_AREA(#13742);
#13742 = FILL_AREA_STYLE('',(#13743));
#13743 = FILL_AREA_STYLE_COLOUR('',#11672);
#13744 = CURVE_STYLE('',#13745,POSITIVE_LENGTH_MEASURE(0.1),#11672);
#13745 = DRAUGHTING_PRE_DEFINED_CURVE_FONT('continuous');
#13746 = MECHANICAL_DESIGN_GEOMETRIC_PRESENTATION_REPRESENTATION('',(
    #13747),#2279);
#13747 = STYLED_ITEM('color',(#13748),#2267);
#13748 = PRESENTATION_STYLE_ASSIGNMENT((#13749,#13754));
#13749 = SURFACE_STYLE_USAGE(.BOTH.,#13750);
#13750 = SURFACE_SIDE_STYLE('',(#13751));
#13751 = SURFACE_STYLE_FILL_AREA(#13752);
#13752 = FILL_AREA_STYLE('',(#13753));
#13753 = FILL_AREA_STYLE_COLOUR('',#11672);
#13754 = CURVE_STYLE('',#13755,POSITIVE_LENGTH_MEASURE(0.1),#11672);
#13755 = DRAUGHTING_PRE_DEFINED_CURVE_FONT('continuous');
#13756 = MECHANICAL_DESIGN_GEOMETRIC_PRESENTATION_REPRESENTATION('',(
    #13757),#4046);
#13757 = STYLED_ITEM('color',(#13758),#4034);
#13758 = PRESENTATION_STYLE_ASSIGNMENT((#13759,#13764));
#13759 = SURFACE_STYLE_USAGE(.BOTH.,#13760);
#13760 = SURFACE_SIDE_STYLE('',(#13761));
#13761 = SURFACE_STYLE_FILL_AREA(#13762);
#13762 = FILL_AREA_STYLE('',(#13763));
#13763 = FILL_AREA_STYLE_COLOUR('',#11672);
#13764 = CURVE_STYLE('',#13765,POSITIVE_LENGTH_MEASURE(0.1),#11672);
#13765 = DRAUGHTING_PRE_DEFINED_CURVE_FONT('continuous');
#13766 = MECHANICAL_DESIGN_GEOMETRIC_PRESENTATION_REPRESENTATION('',(
    #13767),#3519);
#13767 = STYLED_ITEM('color',(#13768),#3507);
#13768 = PRESENTATION_STYLE_ASSIGNMENT((#13769,#13774));
#13769 = SURFACE_STYLE_USAGE(.BOTH.,#13770);
#13770 = SURFACE_SIDE_STYLE('',(#13771));
#13771 = SURFACE_STYLE_FILL_AREA(#13772);
#13772 = FILL_AREA_STYLE('',(#13773));
#13773 = FILL_AREA_STYLE_COLOUR('',#11672);
#13774 = CURVE_STYLE('',#13775,POSITIVE_LENGTH_MEASURE(0.1),#11672);
#13775 = DRAUGHTING_PRE_DEFINED_CURVE_FONT('continuous');
#13776 = MECHANICAL_DESIGN_GEOMETRIC_PRESENTATION_REPRESENTATION('',(
    #13777),#8417);
#13777 = STYLED_ITEM('color',(#13778),#8405);
#13778 = PRESENTATION_STYLE_ASSIGNMENT((#13779,#13784));
#13779 = SURFACE_STYLE_USAGE(.BOTH.,#13780);
#13780 = SURFACE_SIDE_STYLE('',(#13781));
#13781 = SURFACE_STYLE_FILL_AREA(#13782);
#13782 = FILL_AREA_STYLE('',(#13783));
#13783 = FILL_AREA_STYLE_COLOUR('',#11672);
#13784 = CURVE_STYLE('',#13785,POSITIVE_LENGTH_MEASURE(0.1),#11672);
#13785 = DRAUGHTING_PRE_DEFINED_CURVE_FONT('continuous');
#13786 = MECHANICAL_DESIGN_GEOMETRIC_PRESENTATION_REPRESENTATION('',(
    #13787),#4790);
#13787 = STYLED_ITEM('color',(#13788),#4778);
#13788 = PRESENTATION_STYLE_ASSIGNMENT((#13789,#13794));
#13789 = SURFACE_STYLE_USAGE(.BOTH.,#13790);
#13790 = SURFACE_SIDE_STYLE('',(#13791));
#13791 = SURFACE_STYLE_FILL_AREA(#13792);
#13792 = FILL_AREA_STYLE('',(#13793));
#13793 = FILL_AREA_STYLE_COLOUR('',#11672);
#13794 = CURVE_STYLE('',#13795,POSITIVE_LENGTH_MEASURE(0.1),#11672);
#13795 = DRAUGHTING_PRE_DEFINED_CURVE_FONT('continuous');
#13796 = MECHANICAL_DESIGN_GEOMETRIC_PRESENTATION_REPRESENTATION('',(
    #13797),#3178);
#13797 = STYLED_ITEM('color',(#13798),#3166);
#13798 = PRESENTATION_STYLE_ASSIGNMENT((#13799,#13804));
#13799 = SURFACE_STYLE_USAGE(.BOTH.,#13800);
#13800 = SURFACE_SIDE_STYLE('',(#13801));
#13801 = SURFACE_STYLE_FILL_AREA(#13802);
#13802 = FILL_AREA_STYLE('',(#13803));
#13803 = FILL_AREA_STYLE_COLOUR('',#11672);
#13804 = CURVE_STYLE('',#13805,POSITIVE_LENGTH_MEASURE(0.1),#11672);
#13805 = DRAUGHTING_PRE_DEFINED_CURVE_FONT('continuous');
#13806 = MECHANICAL_DESIGN_GEOMETRIC_PRESENTATION_REPRESENTATION('',(
    #13807),#6154);
#13807 = STYLED_ITEM('color',(#13808),#6142);
#13808 = PRESENTATION_STYLE_ASSIGNMENT((#13809,#13814));
#13809 = SURFACE_STYLE_USAGE(.BOTH.,#13810);
#13810 = SURFACE_SIDE_STYLE('',(#13811));
#13811 = SURFACE_STYLE_FILL_AREA(#13812);
#13812 = FILL_AREA_STYLE('',(#13813));
#13813 = FILL_AREA_STYLE_COLOUR('',#11672);
#13814 = CURVE_STYLE('',#13815,POSITIVE_LENGTH_MEASURE(0.1),#11672);
#13815 = DRAUGHTING_PRE_DEFINED_CURVE_FONT('continuous');
#13816 = MECHANICAL_DESIGN_GEOMETRIC_PRESENTATION_REPRESENTATION('',(
    #13817),#9006);
#13817 = STYLED_ITEM('color',(#13818),#8994);
#13818 = PRESENTATION_STYLE_ASSIGNMENT((#13819,#13824));
#13819 = SURFACE_STYLE_USAGE(.BOTH.,#13820);
#13820 = SURFACE_SIDE_STYLE('',(#13821));
#13821 = SURFACE_STYLE_FILL_AREA(#13822);
#13822 = FILL_AREA_STYLE('',(#13823));
#13823 = FILL_AREA_STYLE_COLOUR('',#11672);
#13824 = CURVE_STYLE('',#13825,POSITIVE_LENGTH_MEASURE(0.1),#11672);
#13825 = DRAUGHTING_PRE_DEFINED_CURVE_FONT('continuous');
#13826 = MECHANICAL_DESIGN_GEOMETRIC_PRESENTATION_REPRESENTATION('',(
    #13827),#5813);
#13827 = STYLED_ITEM('color',(#13828),#5801);
#13828 = PRESENTATION_STYLE_ASSIGNMENT((#13829,#13834));
#13829 = SURFACE_STYLE_USAGE(.BOTH.,#13830);
#13830 = SURFACE_SIDE_STYLE('',(#13831));
#13831 = SURFACE_STYLE_FILL_AREA(#13832);
#13832 = FILL_AREA_STYLE('',(#13833));
#13833 = FILL_AREA_STYLE_COLOUR('',#11672);
#13834 = CURVE_STYLE('',#13835,POSITIVE_LENGTH_MEASURE(0.1),#11672);
#13835 = DRAUGHTING_PRE_DEFINED_CURVE_FONT('continuous');
#13836 = MECHANICAL_DESIGN_GEOMETRIC_PRESENTATION_REPRESENTATION('',(
    #13837),#6433);
#13837 = STYLED_ITEM('color',(#13838),#6421);
#13838 = PRESENTATION_STYLE_ASSIGNMENT((#13839,#13844));
#13839 = SURFACE_STYLE_USAGE(.BOTH.,#13840);
#13840 = SURFACE_SIDE_STYLE('',(#13841));
#13841 = SURFACE_STYLE_FILL_AREA(#13842);
#13842 = FILL_AREA_STYLE('',(#13843));
#13843 = FILL_AREA_STYLE_COLOUR('',#11672);
#13844 = CURVE_STYLE('',#13845,POSITIVE_LENGTH_MEASURE(0.1),#11672);
#13845 = DRAUGHTING_PRE_DEFINED_CURVE_FONT('continuous');
#13846 = MECHANICAL_DESIGN_GEOMETRIC_PRESENTATION_REPRESENTATION('',(
    #13847),#4976);
#13847 = STYLED_ITEM('color',(#13848),#4964);
#13848 = PRESENTATION_STYLE_ASSIGNMENT((#13849,#13854));
#13849 = SURFACE_STYLE_USAGE(.BOTH.,#13850);
#13850 = SURFACE_SIDE_STYLE('',(#13851));
#13851 = SURFACE_STYLE_FILL_AREA(#13852);
#13852 = FILL_AREA_STYLE('',(#13853));
#13853 = FILL_AREA_STYLE_COLOUR('',#11672);
#13854 = CURVE_STYLE('',#13855,POSITIVE_LENGTH_MEASURE(0.1),#11672);
#13855 = DRAUGHTING_PRE_DEFINED_CURVE_FONT('continuous');
#13856 = MECHANICAL_DESIGN_GEOMETRIC_PRESENTATION_REPRESENTATION('',(
    #13857),#1969);
#13857 = STYLED_ITEM('color',(#13858),#1957);
#13858 = PRESENTATION_STYLE_ASSIGNMENT((#13859,#13864));
#13859 = SURFACE_STYLE_USAGE(.BOTH.,#13860);
#13860 = SURFACE_SIDE_STYLE('',(#13861));
#13861 = SURFACE_STYLE_FILL_AREA(#13862);
#13862 = FILL_AREA_STYLE('',(#13863));
#13863 = FILL_AREA_STYLE_COLOUR('',#11672);
#13864 = CURVE_STYLE('',#13865,POSITIVE_LENGTH_MEASURE(0.1),#11672);
#13865 = DRAUGHTING_PRE_DEFINED_CURVE_FONT('continuous');
#13866 = MECHANICAL_DESIGN_GEOMETRIC_PRESENTATION_REPRESENTATION('',(
    #13867),#7642);
#13867 = STYLED_ITEM('color',(#13868),#7630);
#13868 = PRESENTATION_STYLE_ASSIGNMENT((#13869,#13874));
#13869 = SURFACE_STYLE_USAGE(.BOTH.,#13870);
#13870 = SURFACE_SIDE_STYLE('',(#13871));
#13871 = SURFACE_STYLE_FILL_AREA(#13872);
#13872 = FILL_AREA_STYLE('',(#13873));
#13873 = FILL_AREA_STYLE_COLOUR('',#11672);
#13874 = CURVE_STYLE('',#13875,POSITIVE_LENGTH_MEASURE(0.1),#11672);
#13875 = DRAUGHTING_PRE_DEFINED_CURVE_FONT('continuous');
#13876 = MECHANICAL_DESIGN_GEOMETRIC_PRESENTATION_REPRESENTATION('',(
    #13877),#8262);
#13877 = STYLED_ITEM('color',(#13878),#8250);
#13878 = PRESENTATION_STYLE_ASSIGNMENT((#13879,#13884));
#13879 = SURFACE_STYLE_USAGE(.BOTH.,#13880);
#13880 = SURFACE_SIDE_STYLE('',(#13881));
#13881 = SURFACE_STYLE_FILL_AREA(#13882);
#13882 = FILL_AREA_STYLE('',(#13883));
#13883 = FILL_AREA_STYLE_COLOUR('',#11672);
#13884 = CURVE_STYLE('',#13885,POSITIVE_LENGTH_MEASURE(0.1),#11672);
#13885 = DRAUGHTING_PRE_DEFINED_CURVE_FONT('continuous');
#13886 = MECHANICAL_DESIGN_GEOMETRIC_PRESENTATION_REPRESENTATION('',(
    #13887),#4573);
#13887 = STYLED_ITEM('color',(#13888),#4561);
#13888 = PRESENTATION_STYLE_ASSIGNMENT((#13889,#13894));
#13889 = SURFACE_STYLE_USAGE(.BOTH.,#13890);
#13890 = SURFACE_SIDE_STYLE('',(#13891));
#13891 = SURFACE_STYLE_FILL_AREA(#13892);
#13892 = FILL_AREA_STYLE('',(#13893));
#13893 = FILL_AREA_STYLE_COLOUR('',#11672);
#13894 = CURVE_STYLE('',#13895,POSITIVE_LENGTH_MEASURE(0.1),#11672);
#13895 = DRAUGHTING_PRE_DEFINED_CURVE_FONT('continuous');
#13896 = MECHANICAL_DESIGN_GEOMETRIC_PRESENTATION_REPRESENTATION('',(
    #13897),#5131);
#13897 = STYLED_ITEM('color',(#13898),#5119);
#13898 = PRESENTATION_STYLE_ASSIGNMENT((#13899,#13904));
#13899 = SURFACE_STYLE_USAGE(.BOTH.,#13900);
#13900 = SURFACE_SIDE_STYLE('',(#13901));
#13901 = SURFACE_STYLE_FILL_AREA(#13902);
#13902 = FILL_AREA_STYLE('',(#13903));
#13903 = FILL_AREA_STYLE_COLOUR('',#11672);
#13904 = CURVE_STYLE('',#13905,POSITIVE_LENGTH_MEASURE(0.1),#11672);
#13905 = DRAUGHTING_PRE_DEFINED_CURVE_FONT('continuous');
#13906 = MECHANICAL_DESIGN_GEOMETRIC_PRESENTATION_REPRESENTATION('',(
    #13907),#6991);
#13907 = STYLED_ITEM('color',(#13908),#6979);
#13908 = PRESENTATION_STYLE_ASSIGNMENT((#13909,#13914));
#13909 = SURFACE_STYLE_USAGE(.BOTH.,#13910);
#13910 = SURFACE_SIDE_STYLE('',(#13911));
#13911 = SURFACE_STYLE_FILL_AREA(#13912);
#13912 = FILL_AREA_STYLE('',(#13913));
#13913 = FILL_AREA_STYLE_COLOUR('',#11672);
#13914 = CURVE_STYLE('',#13915,POSITIVE_LENGTH_MEASURE(0.1),#11672);
#13915 = DRAUGHTING_PRE_DEFINED_CURVE_FONT('continuous');
#13916 = MECHANICAL_DESIGN_GEOMETRIC_PRESENTATION_REPRESENTATION('',(
    #13917),#9812);
#13917 = STYLED_ITEM('color',(#13918),#9800);
#13918 = PRESENTATION_STYLE_ASSIGNMENT((#13919,#13924));
#13919 = SURFACE_STYLE_USAGE(.BOTH.,#13920);
#13920 = SURFACE_SIDE_STYLE('',(#13921));
#13921 = SURFACE_STYLE_FILL_AREA(#13922);
#13922 = FILL_AREA_STYLE('',(#13923));
#13923 = FILL_AREA_STYLE_COLOUR('',#11672);
#13924 = CURVE_STYLE('',#13925,POSITIVE_LENGTH_MEASURE(0.1),#11672);
#13925 = DRAUGHTING_PRE_DEFINED_CURVE_FONT('continuous');
#13926 = MECHANICAL_DESIGN_GEOMETRIC_PRESENTATION_REPRESENTATION('',(
    #13927),#2837);
#13927 = STYLED_ITEM('color',(#13928),#2825);
#13928 = PRESENTATION_STYLE_ASSIGNMENT((#13929,#13934));
#13929 = SURFACE_STYLE_USAGE(.BOTH.,#13930);
#13930 = SURFACE_SIDE_STYLE('',(#13931));
#13931 = SURFACE_STYLE_FILL_AREA(#13932);
#13932 = FILL_AREA_STYLE('',(#13933));
#13933 = FILL_AREA_STYLE_COLOUR('',#11672);
#13934 = CURVE_STYLE('',#13935,POSITIVE_LENGTH_MEASURE(0.1),#11672);
#13935 = DRAUGHTING_PRE_DEFINED_CURVE_FONT('continuous');
#13936 = MECHANICAL_DESIGN_GEOMETRIC_PRESENTATION_REPRESENTATION('',(
    #13937),#4201);
#13937 = STYLED_ITEM('color',(#13938),#4189);
#13938 = PRESENTATION_STYLE_ASSIGNMENT((#13939,#13944));
#13939 = SURFACE_STYLE_USAGE(.BOTH.,#13940);
#13940 = SURFACE_SIDE_STYLE('',(#13941));
#13941 = SURFACE_STYLE_FILL_AREA(#13942);
#13942 = FILL_AREA_STYLE('',(#13943));
#13943 = FILL_AREA_STYLE_COLOUR('',#11672);
#13944 = CURVE_STYLE('',#13945,POSITIVE_LENGTH_MEASURE(0.1),#11672);
#13945 = DRAUGHTING_PRE_DEFINED_CURVE_FONT('continuous');
#13946 = MECHANICAL_DESIGN_GEOMETRIC_PRESENTATION_REPRESENTATION('',(
    #13947),#3054);
#13947 = STYLED_ITEM('color',(#13948),#3042);
#13948 = PRESENTATION_STYLE_ASSIGNMENT((#13949,#13954));
#13949 = SURFACE_STYLE_USAGE(.BOTH.,#13950);
#13950 = SURFACE_SIDE_STYLE('',(#13951));
#13951 = SURFACE_STYLE_FILL_AREA(#13952);
#13952 = FILL_AREA_STYLE('',(#13953));
#13953 = FILL_AREA_STYLE_COLOUR('',#11672);
#13954 = CURVE_STYLE('',#13955,POSITIVE_LENGTH_MEASURE(0.1),#11672);
#13955 = DRAUGHTING_PRE_DEFINED_CURVE_FONT('continuous');
#13956 = MECHANICAL_DESIGN_GEOMETRIC_PRESENTATION_REPRESENTATION('',(
    #13957),#6619);
#13957 = STYLED_ITEM('color',(#13958),#6607);
#13958 = PRESENTATION_STYLE_ASSIGNMENT((#13959,#13964));
#13959 = SURFACE_STYLE_USAGE(.BOTH.,#13960);
#13960 = SURFACE_SIDE_STYLE('',(#13961));
#13961 = SURFACE_STYLE_FILL_AREA(#13962);
#13962 = FILL_AREA_STYLE('',(#13963));
#13963 = FILL_AREA_STYLE_COLOUR('',#11672);
#13964 = CURVE_STYLE('',#13965,POSITIVE_LENGTH_MEASURE(0.1),#11672);
#13965 = DRAUGHTING_PRE_DEFINED_CURVE_FONT('continuous');
#13966 = MECHANICAL_DESIGN_GEOMETRIC_PRESENTATION_REPRESENTATION('',(
    #13967),#8665);
#13967 = STYLED_ITEM('color',(#13968),#8653);
#13968 = PRESENTATION_STYLE_ASSIGNMENT((#13969,#13974));
#13969 = SURFACE_STYLE_USAGE(.BOTH.,#13970);
#13970 = SURFACE_SIDE_STYLE('',(#13971));
#13971 = SURFACE_STYLE_FILL_AREA(#13972);
#13972 = FILL_AREA_STYLE('',(#13973));
#13973 = FILL_AREA_STYLE_COLOUR('',#11672);
#13974 = CURVE_STYLE('',#13975,POSITIVE_LENGTH_MEASURE(0.1),#11672);
#13975 = DRAUGHTING_PRE_DEFINED_CURVE_FONT('continuous');
#13976 = MECHANICAL_DESIGN_GEOMETRIC_PRESENTATION_REPRESENTATION('',(
    #13977),#5658);
#13977 = STYLED_ITEM('color',(#13978),#5646);
#13978 = PRESENTATION_STYLE_ASSIGNMENT((#13979,#13984));
#13979 = SURFACE_STYLE_USAGE(.BOTH.,#13980);
#13980 = SURFACE_SIDE_STYLE('',(#13981));
#13981 = SURFACE_STYLE_FILL_AREA(#13982);
#13982 = FILL_AREA_STYLE('',(#13983));
#13983 = FILL_AREA_STYLE_COLOUR('',#11672);
#13984 = CURVE_STYLE('',#13985,POSITIVE_LENGTH_MEASURE(0.1),#11672);
#13985 = DRAUGHTING_PRE_DEFINED_CURVE_FONT('continuous');
#13986 = MECHANICAL_DESIGN_GEOMETRIC_PRESENTATION_REPRESENTATION('',(
    #13987),#4418);
#13987 = STYLED_ITEM('color',(#13988),#4406);
#13988 = PRESENTATION_STYLE_ASSIGNMENT((#13989,#13994));
#13989 = SURFACE_STYLE_USAGE(.BOTH.,#13990);
#13990 = SURFACE_SIDE_STYLE('',(#13991));
#13991 = SURFACE_STYLE_FILL_AREA(#13992);
#13992 = FILL_AREA_STYLE('',(#13993));
#13993 = FILL_AREA_STYLE_COLOUR('',#11672);
#13994 = CURVE_STYLE('',#13995,POSITIVE_LENGTH_MEASURE(0.1),#11672);
#13995 = DRAUGHTING_PRE_DEFINED_CURVE_FONT('continuous');
#13996 = MECHANICAL_DESIGN_GEOMETRIC_PRESENTATION_REPRESENTATION('',(
    #13997),#2341);
#13997 = STYLED_ITEM('color',(#13998),#2329);
#13998 = PRESENTATION_STYLE_ASSIGNMENT((#13999,#14004));
#13999 = SURFACE_STYLE_USAGE(.BOTH.,#14000);
#14000 = SURFACE_SIDE_STYLE('',(#14001));
#14001 = SURFACE_STYLE_FILL_AREA(#14002);
#14002 = FILL_AREA_STYLE('',(#14003));
#14003 = FILL_AREA_STYLE_COLOUR('',#11672);
#14004 = CURVE_STYLE('',#14005,POSITIVE_LENGTH_MEASURE(0.1),#11672);
#14005 = DRAUGHTING_PRE_DEFINED_CURVE_FONT('continuous');
#14006 = MECHANICAL_DESIGN_GEOMETRIC_PRESENTATION_REPRESENTATION('',(
    #14007),#7456);
#14007 = STYLED_ITEM('color',(#14008),#7444);
#14008 = PRESENTATION_STYLE_ASSIGNMENT((#14009,#14014));
#14009 = SURFACE_STYLE_USAGE(.BOTH.,#14010);
#14010 = SURFACE_SIDE_STYLE('',(#14011));
#14011 = SURFACE_STYLE_FILL_AREA(#14012);
#14012 = FILL_AREA_STYLE('',(#14013));
#14013 = FILL_AREA_STYLE_COLOUR('',#11672);
#14014 = CURVE_STYLE('',#14015,POSITIVE_LENGTH_MEASURE(0.1),#11672);
#14015 = DRAUGHTING_PRE_DEFINED_CURVE_FONT('continuous');
#14016 = MECHANICAL_DESIGN_GEOMETRIC_PRESENTATION_REPRESENTATION('',(
    #14017),#8169);
#14017 = STYLED_ITEM('color',(#14018),#8157);
#14018 = PRESENTATION_STYLE_ASSIGNMENT((#14019,#14024));
#14019 = SURFACE_STYLE_USAGE(.BOTH.,#14020);
#14020 = SURFACE_SIDE_STYLE('',(#14021));
#14021 = SURFACE_STYLE_FILL_AREA(#14022);
#14022 = FILL_AREA_STYLE('',(#14023));
#14023 = FILL_AREA_STYLE_COLOUR('',#11672);
#14024 = CURVE_STYLE('',#14025,POSITIVE_LENGTH_MEASURE(0.1),#11672);
#14025 = DRAUGHTING_PRE_DEFINED_CURVE_FONT('continuous');
#14026 = MECHANICAL_DESIGN_GEOMETRIC_PRESENTATION_REPRESENTATION('',(
    #14027),#5937);
#14027 = STYLED_ITEM('color',(#14028),#5925);
#14028 = PRESENTATION_STYLE_ASSIGNMENT((#14029,#14034));
#14029 = SURFACE_STYLE_USAGE(.BOTH.,#14030);
#14030 = SURFACE_SIDE_STYLE('',(#14031));
#14031 = SURFACE_STYLE_FILL_AREA(#14032);
#14032 = FILL_AREA_STYLE('',(#14033));
#14033 = FILL_AREA_STYLE_COLOUR('',#11672);
#14034 = CURVE_STYLE('',#14035,POSITIVE_LENGTH_MEASURE(0.1),#11672);
#14035 = DRAUGHTING_PRE_DEFINED_CURVE_FONT('continuous');
#14036 = MECHANICAL_DESIGN_GEOMETRIC_PRESENTATION_REPRESENTATION('',(
    #14037),#3922);
#14037 = STYLED_ITEM('color',(#14038),#3910);
#14038 = PRESENTATION_STYLE_ASSIGNMENT((#14039,#14044));
#14039 = SURFACE_STYLE_USAGE(.BOTH.,#14040);
#14040 = SURFACE_SIDE_STYLE('',(#14041));
#14041 = SURFACE_STYLE_FILL_AREA(#14042);
#14042 = FILL_AREA_STYLE('',(#14043));
#14043 = FILL_AREA_STYLE_COLOUR('',#11672);
#14044 = CURVE_STYLE('',#14045,POSITIVE_LENGTH_MEASURE(0.1),#11672);
#14045 = DRAUGHTING_PRE_DEFINED_CURVE_FONT('continuous');
#14046 = MECHANICAL_DESIGN_GEOMETRIC_PRESENTATION_REPRESENTATION('',(
    #14047),#8076);
#14047 = STYLED_ITEM('color',(#14048),#8064);
#14048 = PRESENTATION_STYLE_ASSIGNMENT((#14049,#14054));
#14049 = SURFACE_STYLE_USAGE(.BOTH.,#14050);
#14050 = SURFACE_SIDE_STYLE('',(#14051));
#14051 = SURFACE_STYLE_FILL_AREA(#14052);
#14052 = FILL_AREA_STYLE('',(#14053));
#14053 = FILL_AREA_STYLE_COLOUR('',#11672);
#14054 = CURVE_STYLE('',#14055,POSITIVE_LENGTH_MEASURE(0.1),#11672);
#14055 = DRAUGHTING_PRE_DEFINED_CURVE_FONT('continuous');
#14056 = MECHANICAL_DESIGN_GEOMETRIC_PRESENTATION_REPRESENTATION('',(
    #14057),#10525);
#14057 = STYLED_ITEM('color',(#14058),#10513);
#14058 = PRESENTATION_STYLE_ASSIGNMENT((#14059,#14064));
#14059 = SURFACE_STYLE_USAGE(.BOTH.,#14060);
#14060 = SURFACE_SIDE_STYLE('',(#14061));
#14061 = SURFACE_STYLE_FILL_AREA(#14062);
#14062 = FILL_AREA_STYLE('',(#14063));
#14063 = FILL_AREA_STYLE_COLOUR('',#11672);
#14064 = CURVE_STYLE('',#14065,POSITIVE_LENGTH_MEASURE(0.1),#11672);
#14065 = DRAUGHTING_PRE_DEFINED_CURVE_FONT('continuous');
#14066 = MECHANICAL_DESIGN_GEOMETRIC_PRESENTATION_REPRESENTATION('',(
    #14067),#5255);
#14067 = STYLED_ITEM('color',(#14068),#5243);
#14068 = PRESENTATION_STYLE_ASSIGNMENT((#14069,#14074));
#14069 = SURFACE_STYLE_USAGE(.BOTH.,#14070);
#14070 = SURFACE_SIDE_STYLE('',(#14071));
#14071 = SURFACE_STYLE_FILL_AREA(#14072);
#14072 = FILL_AREA_STYLE('',(#14073));
#14073 = FILL_AREA_STYLE_COLOUR('',#11672);
#14074 = CURVE_STYLE('',#14075,POSITIVE_LENGTH_MEASURE(0.1),#11672);
#14075 = DRAUGHTING_PRE_DEFINED_CURVE_FONT('continuous');
#14076 = MECHANICAL_DESIGN_GEOMETRIC_PRESENTATION_REPRESENTATION('',(
    #14077),#7983);
#14077 = STYLED_ITEM('color',(#14078),#7971);
#14078 = PRESENTATION_STYLE_ASSIGNMENT((#14079,#14084));
#14079 = SURFACE_STYLE_USAGE(.BOTH.,#14080);
#14080 = SURFACE_SIDE_STYLE('',(#14081));
#14081 = SURFACE_STYLE_FILL_AREA(#14082);
#14082 = FILL_AREA_STYLE('',(#14083));
#14083 = FILL_AREA_STYLE_COLOUR('',#11672);
#14084 = CURVE_STYLE('',#14085,POSITIVE_LENGTH_MEASURE(0.1),#11672);
#14085 = DRAUGHTING_PRE_DEFINED_CURVE_FONT('continuous');
#14086 = MECHANICAL_DESIGN_GEOMETRIC_PRESENTATION_REPRESENTATION('',(
    #14087),#5999);
#14087 = STYLED_ITEM('color',(#14088),#5987);
#14088 = PRESENTATION_STYLE_ASSIGNMENT((#14089,#14094));
#14089 = SURFACE_STYLE_USAGE(.BOTH.,#14090);
#14090 = SURFACE_SIDE_STYLE('',(#14091));
#14091 = SURFACE_STYLE_FILL_AREA(#14092);
#14092 = FILL_AREA_STYLE('',(#14093));
#14093 = FILL_AREA_STYLE_COLOUR('',#11672);
#14094 = CURVE_STYLE('',#14095,POSITIVE_LENGTH_MEASURE(0.1),#11672);
#14095 = DRAUGHTING_PRE_DEFINED_CURVE_FONT('continuous');
#14096 = MECHANICAL_DESIGN_GEOMETRIC_PRESENTATION_REPRESENTATION('',(
    #14097),#2713);
#14097 = STYLED_ITEM('color',(#14098),#2701);
#14098 = PRESENTATION_STYLE_ASSIGNMENT((#14099,#14104));
#14099 = SURFACE_STYLE_USAGE(.BOTH.,#14100);
#14100 = SURFACE_SIDE_STYLE('',(#14101));
#14101 = SURFACE_STYLE_FILL_AREA(#14102);
#14102 = FILL_AREA_STYLE('',(#14103));
#14103 = FILL_AREA_STYLE_COLOUR('',#11672);
#14104 = CURVE_STYLE('',#14105,POSITIVE_LENGTH_MEASURE(0.1),#11672);
#14105 = DRAUGHTING_PRE_DEFINED_CURVE_FONT('continuous');
#14106 = MECHANICAL_DESIGN_GEOMETRIC_PRESENTATION_REPRESENTATION('',(
    #14107),#7735);
#14107 = STYLED_ITEM('color',(#14108),#7723);
#14108 = PRESENTATION_STYLE_ASSIGNMENT((#14109,#14114));
#14109 = SURFACE_STYLE_USAGE(.BOTH.,#14110);
#14110 = SURFACE_SIDE_STYLE('',(#14111));
#14111 = SURFACE_STYLE_FILL_AREA(#14112);
#14112 = FILL_AREA_STYLE('',(#14113));
#14113 = FILL_AREA_STYLE_COLOUR('',#11672);
#14114 = CURVE_STYLE('',#14115,POSITIVE_LENGTH_MEASURE(0.1),#11672);
#14115 = DRAUGHTING_PRE_DEFINED_CURVE_FONT('continuous');
#14116 = MECHANICAL_DESIGN_GEOMETRIC_PRESENTATION_REPRESENTATION('',(
    #14117),#4325);
#14117 = STYLED_ITEM('color',(#14118),#4313);
#14118 = PRESENTATION_STYLE_ASSIGNMENT((#14119,#14124));
#14119 = SURFACE_STYLE_USAGE(.BOTH.,#14120);
#14120 = SURFACE_SIDE_STYLE('',(#14121));
#14121 = SURFACE_STYLE_FILL_AREA(#14122);
#14122 = FILL_AREA_STYLE('',(#14123));
#14123 = FILL_AREA_STYLE_COLOUR('',#11672);
#14124 = CURVE_STYLE('',#14125,POSITIVE_LENGTH_MEASURE(0.1),#11672);
#14125 = DRAUGHTING_PRE_DEFINED_CURVE_FONT('continuous');
#14126 = MECHANICAL_DESIGN_GEOMETRIC_PRESENTATION_REPRESENTATION('',(
    #14127),#6650);
#14127 = STYLED_ITEM('color',(#14128),#6638);
#14128 = PRESENTATION_STYLE_ASSIGNMENT((#14129,#14134));
#14129 = SURFACE_STYLE_USAGE(.BOTH.,#14130);
#14130 = SURFACE_SIDE_STYLE('',(#14131));
#14131 = SURFACE_STYLE_FILL_AREA(#14132);
#14132 = FILL_AREA_STYLE('',(#14133));
#14133 = FILL_AREA_STYLE_COLOUR('',#11672);
#14134 = CURVE_STYLE('',#14135,POSITIVE_LENGTH_MEASURE(0.1),#11672);
#14135 = DRAUGHTING_PRE_DEFINED_CURVE_FONT('continuous');
#14136 = MECHANICAL_DESIGN_GEOMETRIC_PRESENTATION_REPRESENTATION('',(
    #14137),#2465);
#14137 = STYLED_ITEM('color',(#14138),#2453);
#14138 = PRESENTATION_STYLE_ASSIGNMENT((#14139,#14144));
#14139 = SURFACE_STYLE_USAGE(.BOTH.,#14140);
#14140 = SURFACE_SIDE_STYLE('',(#14141));
#14141 = SURFACE_STYLE_FILL_AREA(#14142);
#14142 = FILL_AREA_STYLE('',(#14143));
#14143 = FILL_AREA_STYLE_COLOUR('',#11672);
#14144 = CURVE_STYLE('',#14145,POSITIVE_LENGTH_MEASURE(0.1),#11672);
#14145 = DRAUGHTING_PRE_DEFINED_CURVE_FONT('continuous');
#14146 = MECHANICAL_DESIGN_GEOMETRIC_PRESENTATION_REPRESENTATION('',(
    #14147),#3643);
#14147 = STYLED_ITEM('color',(#14148),#3631);
#14148 = PRESENTATION_STYLE_ASSIGNMENT((#14149,#14154));
#14149 = SURFACE_STYLE_USAGE(.BOTH.,#14150);
#14150 = SURFACE_SIDE_STYLE('',(#14151));
#14151 = SURFACE_STYLE_FILL_AREA(#14152);
#14152 = FILL_AREA_STYLE('',(#14153));
#14153 = FILL_AREA_STYLE_COLOUR('',#11672);
#14154 = CURVE_STYLE('',#14155,POSITIVE_LENGTH_MEASURE(0.1),#11672);
#14155 = DRAUGHTING_PRE_DEFINED_CURVE_FONT('continuous');
#14156 = MECHANICAL_DESIGN_GEOMETRIC_PRESENTATION_REPRESENTATION('',(
    #14157),#8386);
#14157 = STYLED_ITEM('color',(#14158),#8374);
#14158 = PRESENTATION_STYLE_ASSIGNMENT((#14159,#14164));
#14159 = SURFACE_STYLE_USAGE(.BOTH.,#14160);
#14160 = SURFACE_SIDE_STYLE('',(#14161));
#14161 = SURFACE_STYLE_FILL_AREA(#14162);
#14162 = FILL_AREA_STYLE('',(#14163));
#14163 = FILL_AREA_STYLE_COLOUR('',#11672);
#14164 = CURVE_STYLE('',#14165,POSITIVE_LENGTH_MEASURE(0.1),#11672);
#14165 = DRAUGHTING_PRE_DEFINED_CURVE_FONT('continuous');
#14166 = MECHANICAL_DESIGN_GEOMETRIC_PRESENTATION_REPRESENTATION('',(
    #14167),#10339);
#14167 = STYLED_ITEM('color',(#14168),#10327);
#14168 = PRESENTATION_STYLE_ASSIGNMENT((#14169,#14174));
#14169 = SURFACE_STYLE_USAGE(.BOTH.,#14170);
#14170 = SURFACE_SIDE_STYLE('',(#14171));
#14171 = SURFACE_STYLE_FILL_AREA(#14172);
#14172 = FILL_AREA_STYLE('',(#14173));
#14173 = FILL_AREA_STYLE_COLOUR('',#11672);
#14174 = CURVE_STYLE('',#14175,POSITIVE_LENGTH_MEASURE(0.1),#11672);
#14175 = DRAUGHTING_PRE_DEFINED_CURVE_FONT('continuous');
#14176 = MECHANICAL_DESIGN_GEOMETRIC_PRESENTATION_REPRESENTATION('',(
    #14177),#3829);
#14177 = STYLED_ITEM('color',(#14178),#3817);
#14178 = PRESENTATION_STYLE_ASSIGNMENT((#14179,#14184));
#14179 = SURFACE_STYLE_USAGE(.BOTH.,#14180);
#14180 = SURFACE_SIDE_STYLE('',(#14181));
#14181 = SURFACE_STYLE_FILL_AREA(#14182);
#14182 = FILL_AREA_STYLE('',(#14183));
#14183 = FILL_AREA_STYLE_COLOUR('',#11672);
#14184 = CURVE_STYLE('',#14185,POSITIVE_LENGTH_MEASURE(0.1),#11672);
#14185 = DRAUGHTING_PRE_DEFINED_CURVE_FONT('continuous');
#14186 = MECHANICAL_DESIGN_GEOMETRIC_PRESENTATION_REPRESENTATION('',(
    #14187),#8758);
#14187 = STYLED_ITEM('color',(#14188),#8746);
#14188 = PRESENTATION_STYLE_ASSIGNMENT((#14189,#14194));
#14189 = SURFACE_STYLE_USAGE(.BOTH.,#14190);
#14190 = SURFACE_SIDE_STYLE('',(#14191));
#14191 = SURFACE_STYLE_FILL_AREA(#14192);
#14192 = FILL_AREA_STYLE('',(#14193));
#14193 = FILL_AREA_STYLE_COLOUR('',#11672);
#14194 = CURVE_STYLE('',#14195,POSITIVE_LENGTH_MEASURE(0.1),#11672);
#14195 = DRAUGHTING_PRE_DEFINED_CURVE_FONT('continuous');
#14196 = MECHANICAL_DESIGN_GEOMETRIC_PRESENTATION_REPRESENTATION('',(
    #14197),#5782);
#14197 = STYLED_ITEM('color',(#14198),#5770);
#14198 = PRESENTATION_STYLE_ASSIGNMENT((#14199,#14204));
#14199 = SURFACE_STYLE_USAGE(.BOTH.,#14200);
#14200 = SURFACE_SIDE_STYLE('',(#14201));
#14201 = SURFACE_STYLE_FILL_AREA(#14202);
#14202 = FILL_AREA_STYLE('',(#14203));
#14203 = FILL_AREA_STYLE_COLOUR('',#11672);
#14204 = CURVE_STYLE('',#14205,POSITIVE_LENGTH_MEASURE(0.1),#11672);
#14205 = DRAUGHTING_PRE_DEFINED_CURVE_FONT('continuous');
#14206 = MECHANICAL_DESIGN_GEOMETRIC_PRESENTATION_REPRESENTATION('',(
    #14207),#1504);
#14207 = STYLED_ITEM('color',(#14208),#1492);
#14208 = PRESENTATION_STYLE_ASSIGNMENT((#14209,#14214));
#14209 = SURFACE_STYLE_USAGE(.BOTH.,#14210);
#14210 = SURFACE_SIDE_STYLE('',(#14211));
#14211 = SURFACE_STYLE_FILL_AREA(#14212);
#14212 = FILL_AREA_STYLE('',(#14213));
#14213 = FILL_AREA_STYLE_COLOUR('',#11672);
#14214 = CURVE_STYLE('',#14215,POSITIVE_LENGTH_MEASURE(0.1),#11672);
#14215 = DRAUGHTING_PRE_DEFINED_CURVE_FONT('continuous');
#14216 = MECHANICAL_DESIGN_GEOMETRIC_PRESENTATION_REPRESENTATION('',(
    #14217),#1597);
#14217 = STYLED_ITEM('color',(#14218),#1585);
#14218 = PRESENTATION_STYLE_ASSIGNMENT((#14219,#14224));
#14219 = SURFACE_STYLE_USAGE(.BOTH.,#14220);
#14220 = SURFACE_SIDE_STYLE('',(#14221));
#14221 = SURFACE_STYLE_FILL_AREA(#14222);
#14222 = FILL_AREA_STYLE('',(#14223));
#14223 = FILL_AREA_STYLE_COLOUR('',#11672);
#14224 = CURVE_STYLE('',#14225,POSITIVE_LENGTH_MEASURE(0.1),#11672);
#14225 = DRAUGHTING_PRE_DEFINED_CURVE_FONT('continuous');
#14226 = MECHANICAL_DESIGN_GEOMETRIC_PRESENTATION_REPRESENTATION('',(
    #14227),#7611);
#14227 = STYLED_ITEM('color',(#14228),#7599);
#14228 = PRESENTATION_STYLE_ASSIGNMENT((#14229,#14234));
#14229 = SURFACE_STYLE_USAGE(.BOTH.,#14230);
#14230 = SURFACE_SIDE_STYLE('',(#14231));
#14231 = SURFACE_STYLE_FILL_AREA(#14232);
#14232 = FILL_AREA_STYLE('',(#14233));
#14233 = FILL_AREA_STYLE_COLOUR('',#11672);
#14234 = CURVE_STYLE('',#14235,POSITIVE_LENGTH_MEASURE(0.1),#11672);
#14235 = DRAUGHTING_PRE_DEFINED_CURVE_FONT('continuous');
#14236 = MECHANICAL_DESIGN_GEOMETRIC_PRESENTATION_REPRESENTATION('',(
    #14237),#4542);
#14237 = STYLED_ITEM('color',(#14238),#4530);
#14238 = PRESENTATION_STYLE_ASSIGNMENT((#14239,#14244));
#14239 = SURFACE_STYLE_USAGE(.BOTH.,#14240);
#14240 = SURFACE_SIDE_STYLE('',(#14241));
#14241 = SURFACE_STYLE_FILL_AREA(#14242);
#14242 = FILL_AREA_STYLE('',(#14243));
#14243 = FILL_AREA_STYLE_COLOUR('',#11672);
#14244 = CURVE_STYLE('',#14245,POSITIVE_LENGTH_MEASURE(0.1),#11672);
#14245 = DRAUGHTING_PRE_DEFINED_CURVE_FONT('continuous');
#14246 = MECHANICAL_DESIGN_GEOMETRIC_PRESENTATION_REPRESENTATION('',(
    #14247),#5410);
#14247 = STYLED_ITEM('color',(#14248),#5398);
#14248 = PRESENTATION_STYLE_ASSIGNMENT((#14249,#14254));
#14249 = SURFACE_STYLE_USAGE(.BOTH.,#14250);
#14250 = SURFACE_SIDE_STYLE('',(#14251));
#14251 = SURFACE_STYLE_FILL_AREA(#14252);
#14252 = FILL_AREA_STYLE('',(#14253));
#14253 = FILL_AREA_STYLE_COLOUR('',#11672);
#14254 = CURVE_STYLE('',#14255,POSITIVE_LENGTH_MEASURE(0.1),#11672);
#14255 = DRAUGHTING_PRE_DEFINED_CURVE_FONT('continuous');
#14256 = MECHANICAL_DESIGN_GEOMETRIC_PRESENTATION_REPRESENTATION('',(
    #14257),#11083);
#14257 = STYLED_ITEM('color',(#14258),#11071);
#14258 = PRESENTATION_STYLE_ASSIGNMENT((#14259,#14264));
#14259 = SURFACE_STYLE_USAGE(.BOTH.,#14260);
#14260 = SURFACE_SIDE_STYLE('',(#14261));
#14261 = SURFACE_STYLE_FILL_AREA(#14262);
#14262 = FILL_AREA_STYLE('',(#14263));
#14263 = FILL_AREA_STYLE_COLOUR('',#11672);
#14264 = CURVE_STYLE('',#14265,POSITIVE_LENGTH_MEASURE(0.1),#11672);
#14265 = DRAUGHTING_PRE_DEFINED_CURVE_FONT('continuous');
#14266 = MECHANICAL_DESIGN_GEOMETRIC_PRESENTATION_REPRESENTATION('',(
    #14267),#4728);
#14267 = STYLED_ITEM('color',(#14268),#4716);
#14268 = PRESENTATION_STYLE_ASSIGNMENT((#14269,#14274));
#14269 = SURFACE_STYLE_USAGE(.BOTH.,#14270);
#14270 = SURFACE_SIDE_STYLE('',(#14271));
#14271 = SURFACE_STYLE_FILL_AREA(#14272);
#14272 = FILL_AREA_STYLE('',(#14273));
#14273 = FILL_AREA_STYLE_COLOUR('',#11672);
#14274 = CURVE_STYLE('',#14275,POSITIVE_LENGTH_MEASURE(0.1),#11672);
#14275 = DRAUGHTING_PRE_DEFINED_CURVE_FONT('continuous');
#14276 = MECHANICAL_DESIGN_GEOMETRIC_PRESENTATION_REPRESENTATION('',(
    #14277),#10432);
#14277 = STYLED_ITEM('color',(#14278),#10420);
#14278 = PRESENTATION_STYLE_ASSIGNMENT((#14279,#14284));
#14279 = SURFACE_STYLE_USAGE(.BOTH.,#14280);
#14280 = SURFACE_SIDE_STYLE('',(#14281));
#14281 = SURFACE_STYLE_FILL_AREA(#14282);
#14282 = FILL_AREA_STYLE('',(#14283));
#14283 = FILL_AREA_STYLE_COLOUR('',#11672);
#14284 = CURVE_STYLE('',#14285,POSITIVE_LENGTH_MEASURE(0.1),#11672);
#14285 = DRAUGHTING_PRE_DEFINED_CURVE_FONT('continuous');
#14286 = MECHANICAL_DESIGN_GEOMETRIC_PRESENTATION_REPRESENTATION('',(
    #14287),#7022);
#14287 = STYLED_ITEM('color',(#14288),#7010);
#14288 = PRESENTATION_STYLE_ASSIGNMENT((#14289,#14294));
#14289 = SURFACE_STYLE_USAGE(.BOTH.,#14290);
#14290 = SURFACE_SIDE_STYLE('',(#14291));
#14291 = SURFACE_STYLE_FILL_AREA(#14292);
#14292 = FILL_AREA_STYLE('',(#14293));
#14293 = FILL_AREA_STYLE_COLOUR('',#11672);
#14294 = CURVE_STYLE('',#14295,POSITIVE_LENGTH_MEASURE(0.1),#11672);
#14295 = DRAUGHTING_PRE_DEFINED_CURVE_FONT('continuous');
#14296 = MECHANICAL_DESIGN_GEOMETRIC_PRESENTATION_REPRESENTATION('',(
    #14297),#7208);
#14297 = STYLED_ITEM('color',(#14298),#7196);
#14298 = PRESENTATION_STYLE_ASSIGNMENT((#14299,#14304));
#14299 = SURFACE_STYLE_USAGE(.BOTH.,#14300);
#14300 = SURFACE_SIDE_STYLE('',(#14301));
#14301 = SURFACE_STYLE_FILL_AREA(#14302);
#14302 = FILL_AREA_STYLE('',(#14303));
#14303 = FILL_AREA_STYLE_COLOUR('',#11672);
#14304 = CURVE_STYLE('',#14305,POSITIVE_LENGTH_MEASURE(0.1),#11672);
#14305 = DRAUGHTING_PRE_DEFINED_CURVE_FONT('continuous');
#14306 = MECHANICAL_DESIGN_GEOMETRIC_PRESENTATION_REPRESENTATION('',(
    #14307),#2062);
#14307 = STYLED_ITEM('color',(#14308),#2050);
#14308 = PRESENTATION_STYLE_ASSIGNMENT((#14309,#14314));
#14309 = SURFACE_STYLE_USAGE(.BOTH.,#14310);
#14310 = SURFACE_SIDE_STYLE('',(#14311));
#14311 = SURFACE_STYLE_FILL_AREA(#14312);
#14312 = FILL_AREA_STYLE('',(#14313));
#14313 = FILL_AREA_STYLE_COLOUR('',#11672);
#14314 = CURVE_STYLE('',#14315,POSITIVE_LENGTH_MEASURE(0.1),#11672);
#14315 = DRAUGHTING_PRE_DEFINED_CURVE_FONT('continuous');
#14316 = MECHANICAL_DESIGN_GEOMETRIC_PRESENTATION_REPRESENTATION('',(
    #14317),#4108);
#14317 = STYLED_ITEM('color',(#14318),#4096);
#14318 = PRESENTATION_STYLE_ASSIGNMENT((#14319,#14324));
#14319 = SURFACE_STYLE_USAGE(.BOTH.,#14320);
#14320 = SURFACE_SIDE_STYLE('',(#14321));
#14321 = SURFACE_STYLE_FILL_AREA(#14322);
#14322 = FILL_AREA_STYLE('',(#14323));
#14323 = FILL_AREA_STYLE_COLOUR('',#11672);
#14324 = CURVE_STYLE('',#14325,POSITIVE_LENGTH_MEASURE(0.1),#11672);
#14325 = DRAUGHTING_PRE_DEFINED_CURVE_FONT('continuous');
#14326 = MECHANICAL_DESIGN_GEOMETRIC_PRESENTATION_REPRESENTATION('',(
    #14327),#9254);
#14327 = STYLED_ITEM('color',(#14328),#9242);
#14328 = PRESENTATION_STYLE_ASSIGNMENT((#14329,#14334));
#14329 = SURFACE_STYLE_USAGE(.BOTH.,#14330);
#14330 = SURFACE_SIDE_STYLE('',(#14331));
#14331 = SURFACE_STYLE_FILL_AREA(#14332);
#14332 = FILL_AREA_STYLE('',(#14333));
#14333 = FILL_AREA_STYLE_COLOUR('',#11672);
#14334 = CURVE_STYLE('',#14335,POSITIVE_LENGTH_MEASURE(0.1),#11672);
#14335 = DRAUGHTING_PRE_DEFINED_CURVE_FONT('continuous');
#14336 = MECHANICAL_DESIGN_GEOMETRIC_PRESENTATION_REPRESENTATION('',(
    #14337),#10959);
#14337 = STYLED_ITEM('color',(#14338),#10947);
#14338 = PRESENTATION_STYLE_ASSIGNMENT((#14339,#14344));
#14339 = SURFACE_STYLE_USAGE(.BOTH.,#14340);
#14340 = SURFACE_SIDE_STYLE('',(#14341));
#14341 = SURFACE_STYLE_FILL_AREA(#14342);
#14342 = FILL_AREA_STYLE('',(#14343));
#14343 = FILL_AREA_STYLE_COLOUR('',#11672);
#14344 = CURVE_STYLE('',#14345,POSITIVE_LENGTH_MEASURE(0.1),#11672);
#14345 = DRAUGHTING_PRE_DEFINED_CURVE_FONT('continuous');
#14346 = MECHANICAL_DESIGN_GEOMETRIC_PRESENTATION_REPRESENTATION('',(
    #14347),#5379);
#14347 = STYLED_ITEM('color',(#14348),#5367);
#14348 = PRESENTATION_STYLE_ASSIGNMENT((#14349,#14354));
#14349 = SURFACE_STYLE_USAGE(.BOTH.,#14350);
#14350 = SURFACE_SIDE_STYLE('',(#14351));
#14351 = SURFACE_STYLE_FILL_AREA(#14352);
#14352 = FILL_AREA_STYLE('',(#14353));
#14353 = FILL_AREA_STYLE_COLOUR('',#11672);
#14354 = CURVE_STYLE('',#14355,POSITIVE_LENGTH_MEASURE(0.1),#11672);
#14355 = DRAUGHTING_PRE_DEFINED_CURVE_FONT('continuous');
#14356 = MECHANICAL_DESIGN_GEOMETRIC_PRESENTATION_REPRESENTATION('',(
    #14357),#4883);
#14357 = STYLED_ITEM('color',(#14358),#4871);
#14358 = PRESENTATION_STYLE_ASSIGNMENT((#14359,#14364));
#14359 = SURFACE_STYLE_USAGE(.BOTH.,#14360);
#14360 = SURFACE_SIDE_STYLE('',(#14361));
#14361 = SURFACE_STYLE_FILL_AREA(#14362);
#14362 = FILL_AREA_STYLE('',(#14363));
#14363 = FILL_AREA_STYLE_COLOUR('',#11672);
#14364 = CURVE_STYLE('',#14365,POSITIVE_LENGTH_MEASURE(0.1),#11672);
#14365 = DRAUGHTING_PRE_DEFINED_CURVE_FONT('continuous');
#14366 = MECHANICAL_DESIGN_GEOMETRIC_PRESENTATION_REPRESENTATION('',(
    #14367),#5565);
#14367 = STYLED_ITEM('color',(#14368),#5553);
#14368 = PRESENTATION_STYLE_ASSIGNMENT((#14369,#14374));
#14369 = SURFACE_STYLE_USAGE(.BOTH.,#14370);
#14370 = SURFACE_SIDE_STYLE('',(#14371));
#14371 = SURFACE_STYLE_FILL_AREA(#14372);
#14372 = FILL_AREA_STYLE('',(#14373));
#14373 = FILL_AREA_STYLE_COLOUR('',#11672);
#14374 = CURVE_STYLE('',#14375,POSITIVE_LENGTH_MEASURE(0.1),#11672);
#14375 = DRAUGHTING_PRE_DEFINED_CURVE_FONT('continuous');
#14376 = MECHANICAL_DESIGN_GEOMETRIC_PRESENTATION_REPRESENTATION('',(
    #14377),#1938);
#14377 = STYLED_ITEM('color',(#14378),#1926);
#14378 = PRESENTATION_STYLE_ASSIGNMENT((#14379,#14384));
#14379 = SURFACE_STYLE_USAGE(.BOTH.,#14380);
#14380 = SURFACE_SIDE_STYLE('',(#14381));
#14381 = SURFACE_STYLE_FILL_AREA(#14382);
#14382 = FILL_AREA_STYLE('',(#14383));
#14383 = FILL_AREA_STYLE_COLOUR('',#11672);
#14384 = CURVE_STYLE('',#14385,POSITIVE_LENGTH_MEASURE(0.1),#11672);
#14385 = DRAUGHTING_PRE_DEFINED_CURVE_FONT('continuous');
#14386 = MECHANICAL_DESIGN_GEOMETRIC_PRESENTATION_REPRESENTATION('',(
    #14387),#8851);
#14387 = STYLED_ITEM('color',(#14388),#8839);
#14388 = PRESENTATION_STYLE_ASSIGNMENT((#14389,#14394));
#14389 = SURFACE_STYLE_USAGE(.BOTH.,#14390);
#14390 = SURFACE_SIDE_STYLE('',(#14391));
#14391 = SURFACE_STYLE_FILL_AREA(#14392);
#14392 = FILL_AREA_STYLE('',(#14393));
#14393 = FILL_AREA_STYLE_COLOUR('',#11672);
#14394 = CURVE_STYLE('',#14395,POSITIVE_LENGTH_MEASURE(0.1),#11672);
#14395 = DRAUGHTING_PRE_DEFINED_CURVE_FONT('continuous');
#14396 = MECHANICAL_DESIGN_GEOMETRIC_PRESENTATION_REPRESENTATION('',(
    #14397),#6805);
#14397 = STYLED_ITEM('color',(#14398),#6793);
#14398 = PRESENTATION_STYLE_ASSIGNMENT((#14399,#14404));
#14399 = SURFACE_STYLE_USAGE(.BOTH.,#14400);
#14400 = SURFACE_SIDE_STYLE('',(#14401));
#14401 = SURFACE_STYLE_FILL_AREA(#14402);
#14402 = FILL_AREA_STYLE('',(#14403));
#14403 = FILL_AREA_STYLE_COLOUR('',#11672);
#14404 = CURVE_STYLE('',#14405,POSITIVE_LENGTH_MEASURE(0.1),#11672);
#14405 = DRAUGHTING_PRE_DEFINED_CURVE_FONT('continuous');
#14406 = MECHANICAL_DESIGN_GEOMETRIC_PRESENTATION_REPRESENTATION('',(
    #14407),#5472);
#14407 = STYLED_ITEM('color',(#14408),#5460);
#14408 = PRESENTATION_STYLE_ASSIGNMENT((#14409,#14414));
#14409 = SURFACE_STYLE_USAGE(.BOTH.,#14410);
#14410 = SURFACE_SIDE_STYLE('',(#14411));
#14411 = SURFACE_STYLE_FILL_AREA(#14412);
#14412 = FILL_AREA_STYLE('',(#14413));
#14413 = FILL_AREA_STYLE_COLOUR('',#11672);
#14414 = CURVE_STYLE('',#14415,POSITIVE_LENGTH_MEASURE(0.1),#11672);
#14415 = DRAUGHTING_PRE_DEFINED_CURVE_FONT('continuous');
#14416 = MECHANICAL_DESIGN_GEOMETRIC_PRESENTATION_REPRESENTATION('',(
    #14417),#9595);
#14417 = STYLED_ITEM('color',(#14418),#9583);
#14418 = PRESENTATION_STYLE_ASSIGNMENT((#14419,#14424));
#14419 = SURFACE_STYLE_USAGE(.BOTH.,#14420);
#14420 = SURFACE_SIDE_STYLE('',(#14421));
#14421 = SURFACE_STYLE_FILL_AREA(#14422);
#14422 = FILL_AREA_STYLE('',(#14423));
#14423 = FILL_AREA_STYLE_COLOUR('',#11672);
#14424 = CURVE_STYLE('',#14425,POSITIVE_LENGTH_MEASURE(0.1),#11672);
#14425 = DRAUGHTING_PRE_DEFINED_CURVE_FONT('continuous');
#14426 = MECHANICAL_DESIGN_GEOMETRIC_PRESENTATION_REPRESENTATION('',(
    #14427),#8138);
#14427 = STYLED_ITEM('color',(#14428),#8126);
#14428 = PRESENTATION_STYLE_ASSIGNMENT((#14429,#14434));
#14429 = SURFACE_STYLE_USAGE(.BOTH.,#14430);
#14430 = SURFACE_SIDE_STYLE('',(#14431));
#14431 = SURFACE_STYLE_FILL_AREA(#14432);
#14432 = FILL_AREA_STYLE('',(#14433));
#14433 = FILL_AREA_STYLE_COLOUR('',#11672);
#14434 = CURVE_STYLE('',#14435,POSITIVE_LENGTH_MEASURE(0.1),#11672);
#14435 = DRAUGHTING_PRE_DEFINED_CURVE_FONT('continuous');
#14436 = MECHANICAL_DESIGN_GEOMETRIC_PRESENTATION_REPRESENTATION('',(
    #14437),#5906);
#14437 = STYLED_ITEM('color',(#14438),#5894);
#14438 = PRESENTATION_STYLE_ASSIGNMENT((#14439,#14444));
#14439 = SURFACE_STYLE_USAGE(.BOTH.,#14440);
#14440 = SURFACE_SIDE_STYLE('',(#14441));
#14441 = SURFACE_STYLE_FILL_AREA(#14442);
#14442 = FILL_AREA_STYLE('',(#14443));
#14443 = FILL_AREA_STYLE_COLOUR('',#11672);
#14444 = CURVE_STYLE('',#14445,POSITIVE_LENGTH_MEASURE(0.1),#11672);
#14445 = DRAUGHTING_PRE_DEFINED_CURVE_FONT('continuous');
#14446 = MECHANICAL_DESIGN_GEOMETRIC_PRESENTATION_REPRESENTATION('',(
    #14447),#8014);
#14447 = STYLED_ITEM('color',(#14448),#8002);
#14448 = PRESENTATION_STYLE_ASSIGNMENT((#14449,#14454));
#14449 = SURFACE_STYLE_USAGE(.BOTH.,#14450);
#14450 = SURFACE_SIDE_STYLE('',(#14451));
#14451 = SURFACE_STYLE_FILL_AREA(#14452);
#14452 = FILL_AREA_STYLE('',(#14453));
#14453 = FILL_AREA_STYLE_COLOUR('',#11672);
#14454 = CURVE_STYLE('',#14455,POSITIVE_LENGTH_MEASURE(0.1),#11672);
#14455 = DRAUGHTING_PRE_DEFINED_CURVE_FONT('continuous');
#14456 = MECHANICAL_DESIGN_GEOMETRIC_PRESENTATION_REPRESENTATION('',(
    #14457),#5069);
#14457 = STYLED_ITEM('color',(#14458),#5057);
#14458 = PRESENTATION_STYLE_ASSIGNMENT((#14459,#14464));
#14459 = SURFACE_STYLE_USAGE(.BOTH.,#14460);
#14460 = SURFACE_SIDE_STYLE('',(#14461));
#14461 = SURFACE_STYLE_FILL_AREA(#14462);
#14462 = FILL_AREA_STYLE('',(#14463));
#14463 = FILL_AREA_STYLE_COLOUR('',#11672);
#14464 = CURVE_STYLE('',#14465,POSITIVE_LENGTH_MEASURE(0.1),#11672);
#14465 = DRAUGHTING_PRE_DEFINED_CURVE_FONT('continuous');
#14466 = MECHANICAL_DESIGN_GEOMETRIC_PRESENTATION_REPRESENTATION('',(
    #14467),#2093);
#14467 = STYLED_ITEM('color',(#14468),#2081);
#14468 = PRESENTATION_STYLE_ASSIGNMENT((#14469,#14474));
#14469 = SURFACE_STYLE_USAGE(.BOTH.,#14470);
#14470 = SURFACE_SIDE_STYLE('',(#14471));
#14471 = SURFACE_STYLE_FILL_AREA(#14472);
#14472 = FILL_AREA_STYLE('',(#14473));
#14473 = FILL_AREA_STYLE_COLOUR('',#11672);
#14474 = CURVE_STYLE('',#14475,POSITIVE_LENGTH_MEASURE(0.1),#11672);
#14475 = DRAUGHTING_PRE_DEFINED_CURVE_FONT('continuous');
#14476 = MECHANICAL_DESIGN_GEOMETRIC_PRESENTATION_REPRESENTATION('',(
    #14477),#10649);
#14477 = STYLED_ITEM('color',(#14478),#10637);
#14478 = PRESENTATION_STYLE_ASSIGNMENT((#14479,#14484));
#14479 = SURFACE_STYLE_USAGE(.BOTH.,#14480);
#14480 = SURFACE_SIDE_STYLE('',(#14481));
#14481 = SURFACE_STYLE_FILL_AREA(#14482);
#14482 = FILL_AREA_STYLE('',(#14483));
#14483 = FILL_AREA_STYLE_COLOUR('',#11672);
#14484 = CURVE_STYLE('',#14485,POSITIVE_LENGTH_MEASURE(0.1),#11672);
#14485 = DRAUGHTING_PRE_DEFINED_CURVE_FONT('continuous');
#14486 = MECHANICAL_DESIGN_GEOMETRIC_PRESENTATION_REPRESENTATION('',(
    #14487),#9781);
#14487 = STYLED_ITEM('color',(#14488),#9769);
#14488 = PRESENTATION_STYLE_ASSIGNMENT((#14489,#14494));
#14489 = SURFACE_STYLE_USAGE(.BOTH.,#14490);
#14490 = SURFACE_SIDE_STYLE('',(#14491));
#14491 = SURFACE_STYLE_FILL_AREA(#14492);
#14492 = FILL_AREA_STYLE('',(#14493));
#14493 = FILL_AREA_STYLE_COLOUR('',#11672);
#14494 = CURVE_STYLE('',#14495,POSITIVE_LENGTH_MEASURE(0.1),#11672);
#14495 = DRAUGHTING_PRE_DEFINED_CURVE_FONT('continuous');
#14496 = MECHANICAL_DESIGN_GEOMETRIC_PRESENTATION_REPRESENTATION('',(
    #14497),#4697);
#14497 = STYLED_ITEM('color',(#14498),#4685);
#14498 = PRESENTATION_STYLE_ASSIGNMENT((#14499,#14504));
#14499 = SURFACE_STYLE_USAGE(.BOTH.,#14500);
#14500 = SURFACE_SIDE_STYLE('',(#14501));
#14501 = SURFACE_STYLE_FILL_AREA(#14502);
#14502 = FILL_AREA_STYLE('',(#14503));
#14503 = FILL_AREA_STYLE_COLOUR('',#11672);
#14504 = CURVE_STYLE('',#14505,POSITIVE_LENGTH_MEASURE(0.1),#11672);
#14505 = DRAUGHTING_PRE_DEFINED_CURVE_FONT('continuous');
#14506 = MECHANICAL_DESIGN_GEOMETRIC_PRESENTATION_REPRESENTATION('',(
    #14507),#4294);
#14507 = STYLED_ITEM('color',(#14508),#4282);
#14508 = PRESENTATION_STYLE_ASSIGNMENT((#14509,#14514));
#14509 = SURFACE_STYLE_USAGE(.BOTH.,#14510);
#14510 = SURFACE_SIDE_STYLE('',(#14511));
#14511 = SURFACE_STYLE_FILL_AREA(#14512);
#14512 = FILL_AREA_STYLE('',(#14513));
#14513 = FILL_AREA_STYLE_COLOUR('',#11672);
#14514 = CURVE_STYLE('',#14515,POSITIVE_LENGTH_MEASURE(0.1),#11672);
#14515 = DRAUGHTING_PRE_DEFINED_CURVE_FONT('continuous');
#14516 = MECHANICAL_DESIGN_GEOMETRIC_PRESENTATION_REPRESENTATION('',(
    #14517),#5224);
#14517 = STYLED_ITEM('color',(#14518),#5212);
#14518 = PRESENTATION_STYLE_ASSIGNMENT((#14519,#14524));
#14519 = SURFACE_STYLE_USAGE(.BOTH.,#14520);
#14520 = SURFACE_SIDE_STYLE('',(#14521));
#14521 = SURFACE_STYLE_FILL_AREA(#14522);
#14522 = FILL_AREA_STYLE('',(#14523));
#14523 = FILL_AREA_STYLE_COLOUR('',#11672);
#14524 = CURVE_STYLE('',#14525,POSITIVE_LENGTH_MEASURE(0.1),#11672);
#14525 = DRAUGHTING_PRE_DEFINED_CURVE_FONT('continuous');
#14526 = MECHANICAL_DESIGN_GEOMETRIC_PRESENTATION_REPRESENTATION('',(
    #14527),#7394);
#14527 = STYLED_ITEM('color',(#14528),#7382);
#14528 = PRESENTATION_STYLE_ASSIGNMENT((#14529,#14534));
#14529 = SURFACE_STYLE_USAGE(.BOTH.,#14530);
#14530 = SURFACE_SIDE_STYLE('',(#14531));
#14531 = SURFACE_STYLE_FILL_AREA(#14532);
#14532 = FILL_AREA_STYLE('',(#14533));
#14533 = FILL_AREA_STYLE_COLOUR('',#11672);
#14534 = CURVE_STYLE('',#14535,POSITIVE_LENGTH_MEASURE(0.1),#11672);
#14535 = DRAUGHTING_PRE_DEFINED_CURVE_FONT('continuous');
#14536 = MECHANICAL_DESIGN_GEOMETRIC_PRESENTATION_REPRESENTATION('',(
    #14537),#9874);
#14537 = STYLED_ITEM('color',(#14538),#9862);
#14538 = PRESENTATION_STYLE_ASSIGNMENT((#14539,#14544));
#14539 = SURFACE_STYLE_USAGE(.BOTH.,#14540);
#14540 = SURFACE_SIDE_STYLE('',(#14541));
#14541 = SURFACE_STYLE_FILL_AREA(#14542);
#14542 = FILL_AREA_STYLE('',(#14543));
#14543 = FILL_AREA_STYLE_COLOUR('',#11672);
#14544 = CURVE_STYLE('',#14545,POSITIVE_LENGTH_MEASURE(0.1),#11672);
#14545 = DRAUGHTING_PRE_DEFINED_CURVE_FONT('continuous');
#14546 = MECHANICAL_DESIGN_GEOMETRIC_PRESENTATION_REPRESENTATION('',(
    #14547),#3426);
#14547 = STYLED_ITEM('color',(#14548),#3414);
#14548 = PRESENTATION_STYLE_ASSIGNMENT((#14549,#14554));
#14549 = SURFACE_STYLE_USAGE(.BOTH.,#14550);
#14550 = SURFACE_SIDE_STYLE('',(#14551));
#14551 = SURFACE_STYLE_FILL_AREA(#14552);
#14552 = FILL_AREA_STYLE('',(#14553));
#14553 = FILL_AREA_STYLE_COLOUR('',#11672);
#14554 = CURVE_STYLE('',#14555,POSITIVE_LENGTH_MEASURE(0.1),#11672);
#14555 = DRAUGHTING_PRE_DEFINED_CURVE_FONT('continuous');
#14556 = MECHANICAL_DESIGN_GEOMETRIC_PRESENTATION_REPRESENTATION('',(
    #14557),#10308);
#14557 = STYLED_ITEM('color',(#14558),#10296);
#14558 = PRESENTATION_STYLE_ASSIGNMENT((#14559,#14564));
#14559 = SURFACE_STYLE_USAGE(.BOTH.,#14560);
#14560 = SURFACE_SIDE_STYLE('',(#14561));
#14561 = SURFACE_STYLE_FILL_AREA(#14562);
#14562 = FILL_AREA_STYLE('',(#14563));
#14563 = FILL_AREA_STYLE_COLOUR('',#11672);
#14564 = CURVE_STYLE('',#14565,POSITIVE_LENGTH_MEASURE(0.1),#11672);
#14565 = DRAUGHTING_PRE_DEFINED_CURVE_FONT('continuous');
#14566 = MECHANICAL_DESIGN_GEOMETRIC_PRESENTATION_REPRESENTATION('',(
    #14567),#10711);
#14567 = STYLED_ITEM('color',(#14568),#10699);
#14568 = PRESENTATION_STYLE_ASSIGNMENT((#14569,#14574));
#14569 = SURFACE_STYLE_USAGE(.BOTH.,#14570);
#14570 = SURFACE_SIDE_STYLE('',(#14571));
#14571 = SURFACE_STYLE_FILL_AREA(#14572);
#14572 = FILL_AREA_STYLE('',(#14573));
#14573 = FILL_AREA_STYLE_COLOUR('',#11672);
#14574 = CURVE_STYLE('',#14575,POSITIVE_LENGTH_MEASURE(0.1),#11672);
#14575 = DRAUGHTING_PRE_DEFINED_CURVE_FONT('continuous');
#14576 = MECHANICAL_DESIGN_GEOMETRIC_PRESENTATION_REPRESENTATION('',(
    #14577),#2961);
#14577 = STYLED_ITEM('color',(#14578),#2949);
#14578 = PRESENTATION_STYLE_ASSIGNMENT((#14579,#14584));
#14579 = SURFACE_STYLE_USAGE(.BOTH.,#14580);
#14580 = SURFACE_SIDE_STYLE('',(#14581));
#14581 = SURFACE_STYLE_FILL_AREA(#14582);
#14582 = FILL_AREA_STYLE('',(#14583));
#14583 = FILL_AREA_STYLE_COLOUR('',#11672);
#14584 = CURVE_STYLE('',#14585,POSITIVE_LENGTH_MEASURE(0.1),#11672);
#14585 = DRAUGHTING_PRE_DEFINED_CURVE_FONT('continuous');
#14586 = MECHANICAL_DESIGN_GEOMETRIC_PRESENTATION_REPRESENTATION('',(
    #14587),#6929);
#14587 = STYLED_ITEM('color',(#14588),#6917);
#14588 = PRESENTATION_STYLE_ASSIGNMENT((#14589,#14594));
#14589 = SURFACE_STYLE_USAGE(.BOTH.,#14590);
#14590 = SURFACE_SIDE_STYLE('',(#14591));
#14591 = SURFACE_STYLE_FILL_AREA(#14592);
#14592 = FILL_AREA_STYLE('',(#14593));
#14593 = FILL_AREA_STYLE_COLOUR('',#11672);
#14594 = CURVE_STYLE('',#14595,POSITIVE_LENGTH_MEASURE(0.1),#11672);
#14595 = DRAUGHTING_PRE_DEFINED_CURVE_FONT('continuous');
#14596 = MECHANICAL_DESIGN_GEOMETRIC_PRESENTATION_REPRESENTATION('',(
    #14597),#5534);
#14597 = STYLED_ITEM('color',(#14598),#5522);
#14598 = PRESENTATION_STYLE_ASSIGNMENT((#14599,#14604));
#14599 = SURFACE_STYLE_USAGE(.BOTH.,#14600);
#14600 = SURFACE_SIDE_STYLE('',(#14601));
#14601 = SURFACE_STYLE_FILL_AREA(#14602);
#14602 = FILL_AREA_STYLE('',(#14603));
#14603 = FILL_AREA_STYLE_COLOUR('',#11672);
#14604 = CURVE_STYLE('',#14605,POSITIVE_LENGTH_MEASURE(0.1),#11672);
#14605 = DRAUGHTING_PRE_DEFINED_CURVE_FONT('continuous');
#14606 = MECHANICAL_DESIGN_GEOMETRIC_PRESENTATION_REPRESENTATION('',(
    #14607),#4914);
#14607 = STYLED_ITEM('color',(#14608),#4902);
#14608 = PRESENTATION_STYLE_ASSIGNMENT((#14609,#14614));
#14609 = SURFACE_STYLE_USAGE(.BOTH.,#14610);
#14610 = SURFACE_SIDE_STYLE('',(#14611));
#14611 = SURFACE_STYLE_FILL_AREA(#14612);
#14612 = FILL_AREA_STYLE('',(#14613));
#14613 = FILL_AREA_STYLE_COLOUR('',#11672);
#14614 = CURVE_STYLE('',#14615,POSITIVE_LENGTH_MEASURE(0.1),#11672);
#14615 = DRAUGHTING_PRE_DEFINED_CURVE_FONT('continuous');
#14616 = MECHANICAL_DESIGN_GEOMETRIC_PRESENTATION_REPRESENTATION('',(
    #14617),#7828);
#14617 = STYLED_ITEM('color',(#14618),#7816);
#14618 = PRESENTATION_STYLE_ASSIGNMENT((#14619,#14624));
#14619 = SURFACE_STYLE_USAGE(.BOTH.,#14620);
#14620 = SURFACE_SIDE_STYLE('',(#14621));
#14621 = SURFACE_STYLE_FILL_AREA(#14622);
#14622 = FILL_AREA_STYLE('',(#14623));
#14623 = FILL_AREA_STYLE_COLOUR('',#11672);
#14624 = CURVE_STYLE('',#14625,POSITIVE_LENGTH_MEASURE(0.1),#11672);
#14625 = DRAUGHTING_PRE_DEFINED_CURVE_FONT('continuous');
#14626 = MECHANICAL_DESIGN_GEOMETRIC_PRESENTATION_REPRESENTATION('',(
    #14627),#7921);
#14627 = STYLED_ITEM('color',(#14628),#7909);
#14628 = PRESENTATION_STYLE_ASSIGNMENT((#14629,#14634));
#14629 = SURFACE_STYLE_USAGE(.BOTH.,#14630);
#14630 = SURFACE_SIDE_STYLE('',(#14631));
#14631 = SURFACE_STYLE_FILL_AREA(#14632);
#14632 = FILL_AREA_STYLE('',(#14633));
#14633 = FILL_AREA_STYLE_COLOUR('',#11672);
#14634 = CURVE_STYLE('',#14635,POSITIVE_LENGTH_MEASURE(0.1),#11672);
#14635 = DRAUGHTING_PRE_DEFINED_CURVE_FONT('continuous');
#14636 = MECHANICAL_DESIGN_GEOMETRIC_PRESENTATION_REPRESENTATION('',(
    #14637),#3798);
#14637 = STYLED_ITEM('color',(#14638),#3786);
#14638 = PRESENTATION_STYLE_ASSIGNMENT((#14639,#14644));
#14639 = SURFACE_STYLE_USAGE(.BOTH.,#14640);
#14640 = SURFACE_SIDE_STYLE('',(#14641));
#14641 = SURFACE_STYLE_FILL_AREA(#14642);
#14642 = FILL_AREA_STYLE('',(#14643));
#14643 = FILL_AREA_STYLE_COLOUR('',#11672);
#14644 = CURVE_STYLE('',#14645,POSITIVE_LENGTH_MEASURE(0.1),#11672);
#14645 = DRAUGHTING_PRE_DEFINED_CURVE_FONT('continuous');
#14646 = MECHANICAL_DESIGN_GEOMETRIC_PRESENTATION_REPRESENTATION('',(
    #14647),#10804);
#14647 = STYLED_ITEM('color',(#14648),#10792);
#14648 = PRESENTATION_STYLE_ASSIGNMENT((#14649,#14654));
#14649 = SURFACE_STYLE_USAGE(.BOTH.,#14650);
#14650 = SURFACE_SIDE_STYLE('',(#14651));
#14651 = SURFACE_STYLE_FILL_AREA(#14652);
#14652 = FILL_AREA_STYLE('',(#14653));
#14653 = FILL_AREA_STYLE_COLOUR('',#11672);
#14654 = CURVE_STYLE('',#14655,POSITIVE_LENGTH_MEASURE(0.1),#11672);
#14655 = DRAUGHTING_PRE_DEFINED_CURVE_FONT('continuous');
#14656 = MECHANICAL_DESIGN_GEOMETRIC_PRESENTATION_REPRESENTATION('',(
    #14657),#2310);
#14657 = STYLED_ITEM('color',(#14658),#2298);
#14658 = PRESENTATION_STYLE_ASSIGNMENT((#14659,#14664));
#14659 = SURFACE_STYLE_USAGE(.BOTH.,#14660);
#14660 = SURFACE_SIDE_STYLE('',(#14661));
#14661 = SURFACE_STYLE_FILL_AREA(#14662);
#14662 = FILL_AREA_STYLE('',(#14663));
#14663 = FILL_AREA_STYLE_COLOUR('',#11672);
#14664 = CURVE_STYLE('',#14665,POSITIVE_LENGTH_MEASURE(0.1),#11672);
#14665 = DRAUGHTING_PRE_DEFINED_CURVE_FONT('continuous');
#14666 = MECHANICAL_DESIGN_GEOMETRIC_PRESENTATION_REPRESENTATION('',(
    #14667),#2775);
#14667 = STYLED_ITEM('color',(#14668),#2763);
#14668 = PRESENTATION_STYLE_ASSIGNMENT((#14669,#14674));
#14669 = SURFACE_STYLE_USAGE(.BOTH.,#14670);
#14670 = SURFACE_SIDE_STYLE('',(#14671));
#14671 = SURFACE_STYLE_FILL_AREA(#14672);
#14672 = FILL_AREA_STYLE('',(#14673));
#14673 = FILL_AREA_STYLE_COLOUR('',#11672);
#14674 = CURVE_STYLE('',#14675,POSITIVE_LENGTH_MEASURE(0.1),#11672);
#14675 = DRAUGHTING_PRE_DEFINED_CURVE_FONT('continuous');
#14676 = MECHANICAL_DESIGN_GEOMETRIC_PRESENTATION_REPRESENTATION('',(
    #14677),#8727);
#14677 = STYLED_ITEM('color',(#14678),#8715);
#14678 = PRESENTATION_STYLE_ASSIGNMENT((#14679,#14684));
#14679 = SURFACE_STYLE_USAGE(.BOTH.,#14680);
#14680 = SURFACE_SIDE_STYLE('',(#14681));
#14681 = SURFACE_STYLE_FILL_AREA(#14682);
#14682 = FILL_AREA_STYLE('',(#14683));
#14683 = FILL_AREA_STYLE_COLOUR('',#11672);
#14684 = CURVE_STYLE('',#14685,POSITIVE_LENGTH_MEASURE(0.1),#11672);
#14685 = DRAUGHTING_PRE_DEFINED_CURVE_FONT('continuous');
#14686 = MECHANICAL_DESIGN_GEOMETRIC_PRESENTATION_REPRESENTATION('',(
    #14687),#9967);
#14687 = STYLED_ITEM('color',(#14688),#9955);
#14688 = PRESENTATION_STYLE_ASSIGNMENT((#14689,#14694));
#14689 = SURFACE_STYLE_USAGE(.BOTH.,#14690);
#14690 = SURFACE_SIDE_STYLE('',(#14691));
#14691 = SURFACE_STYLE_FILL_AREA(#14692);
#14692 = FILL_AREA_STYLE('',(#14693));
#14693 = FILL_AREA_STYLE_COLOUR('',#11672);
#14694 = CURVE_STYLE('',#14695,POSITIVE_LENGTH_MEASURE(0.1),#11672);
#14695 = DRAUGHTING_PRE_DEFINED_CURVE_FONT('continuous');
#14696 = MECHANICAL_DESIGN_GEOMETRIC_PRESENTATION_REPRESENTATION('',(
    #14697),#5193);
#14697 = STYLED_ITEM('color',(#14698),#5181);
#14698 = PRESENTATION_STYLE_ASSIGNMENT((#14699,#14704));
#14699 = SURFACE_STYLE_USAGE(.BOTH.,#14700);
#14700 = SURFACE_SIDE_STYLE('',(#14701));
#14701 = SURFACE_STYLE_FILL_AREA(#14702);
#14702 = FILL_AREA_STYLE('',(#14703));
#14703 = FILL_AREA_STYLE_COLOUR('',#11672);
#14704 = CURVE_STYLE('',#14705,POSITIVE_LENGTH_MEASURE(0.1),#11672);
#14705 = DRAUGHTING_PRE_DEFINED_CURVE_FONT('continuous');
#14706 = MECHANICAL_DESIGN_GEOMETRIC_PRESENTATION_REPRESENTATION('',(
    #14707),#2186);
#14707 = STYLED_ITEM('color',(#14708),#2174);
#14708 = PRESENTATION_STYLE_ASSIGNMENT((#14709,#14714));
#14709 = SURFACE_STYLE_USAGE(.BOTH.,#14710);
#14710 = SURFACE_SIDE_STYLE('',(#14711));
#14711 = SURFACE_STYLE_FILL_AREA(#14712);
#14712 = FILL_AREA_STYLE('',(#14713));
#14713 = FILL_AREA_STYLE_COLOUR('',#11672);
#14714 = CURVE_STYLE('',#14715,POSITIVE_LENGTH_MEASURE(0.1),#11672);
#14715 = DRAUGHTING_PRE_DEFINED_CURVE_FONT('continuous');
#14716 = MECHANICAL_DESIGN_GEOMETRIC_PRESENTATION_REPRESENTATION('',(
    #14717),#10153);
#14717 = STYLED_ITEM('color',(#14718),#10141);
#14718 = PRESENTATION_STYLE_ASSIGNMENT((#14719,#14724));
#14719 = SURFACE_STYLE_USAGE(.BOTH.,#14720);
#14720 = SURFACE_SIDE_STYLE('',(#14721));
#14721 = SURFACE_STYLE_FILL_AREA(#14722);
#14722 = FILL_AREA_STYLE('',(#14723));
#14723 = FILL_AREA_STYLE_COLOUR('',#11672);
#14724 = CURVE_STYLE('',#14725,POSITIVE_LENGTH_MEASURE(0.1),#11672);
#14725 = DRAUGHTING_PRE_DEFINED_CURVE_FONT('continuous');
#14726 = MECHANICAL_DESIGN_GEOMETRIC_PRESENTATION_REPRESENTATION('',(
    #14727),#9502);
#14727 = STYLED_ITEM('color',(#14728),#9490);
#14728 = PRESENTATION_STYLE_ASSIGNMENT((#14729,#14734));
#14729 = SURFACE_STYLE_USAGE(.BOTH.,#14730);
#14730 = SURFACE_SIDE_STYLE('',(#14731));
#14731 = SURFACE_STYLE_FILL_AREA(#14732);
#14732 = FILL_AREA_STYLE('',(#14733));
#14733 = FILL_AREA_STYLE_COLOUR('',#11672);
#14734 = CURVE_STYLE('',#14735,POSITIVE_LENGTH_MEASURE(0.1),#11672);
#14735 = DRAUGHTING_PRE_DEFINED_CURVE_FONT('continuous');
#14736 = MECHANICAL_DESIGN_GEOMETRIC_PRESENTATION_REPRESENTATION('',(
    #14737),#5441);
#14737 = STYLED_ITEM('color',(#14738),#5429);
#14738 = PRESENTATION_STYLE_ASSIGNMENT((#14739,#14744));
#14739 = SURFACE_STYLE_USAGE(.BOTH.,#14740);
#14740 = SURFACE_SIDE_STYLE('',(#14741));
#14741 = SURFACE_STYLE_FILL_AREA(#14742);
#14742 = FILL_AREA_STYLE('',(#14743));
#14743 = FILL_AREA_STYLE_COLOUR('',#11672);
#14744 = CURVE_STYLE('',#14745,POSITIVE_LENGTH_MEASURE(0.1),#11672);
#14745 = DRAUGHTING_PRE_DEFINED_CURVE_FONT('continuous');
#14746 = MECHANICAL_DESIGN_GEOMETRIC_PRESENTATION_REPRESENTATION('',(
    #14747),#4015);
#14747 = STYLED_ITEM('color',(#14748),#4003);
#14748 = PRESENTATION_STYLE_ASSIGNMENT((#14749,#14754));
#14749 = SURFACE_STYLE_USAGE(.BOTH.,#14750);
#14750 = SURFACE_SIDE_STYLE('',(#14751));
#14751 = SURFACE_STYLE_FILL_AREA(#14752);
#14752 = FILL_AREA_STYLE('',(#14753));
#14753 = FILL_AREA_STYLE_COLOUR('',#11672);
#14754 = CURVE_STYLE('',#14755,POSITIVE_LENGTH_MEASURE(0.1),#11672);
#14755 = DRAUGHTING_PRE_DEFINED_CURVE_FONT('continuous');
#14756 = MECHANICAL_DESIGN_GEOMETRIC_PRESENTATION_REPRESENTATION('',(
    #14757),#9626);
#14757 = STYLED_ITEM('color',(#14758),#9614);
#14758 = PRESENTATION_STYLE_ASSIGNMENT((#14759,#14764));
#14759 = SURFACE_STYLE_USAGE(.BOTH.,#14760);
#14760 = SURFACE_SIDE_STYLE('',(#14761));
#14761 = SURFACE_STYLE_FILL_AREA(#14762);
#14762 = FILL_AREA_STYLE('',(#14763));
#14763 = FILL_AREA_STYLE_COLOUR('',#11672);
#14764 = CURVE_STYLE('',#14765,POSITIVE_LENGTH_MEASURE(0.1),#11672);
#14765 = DRAUGHTING_PRE_DEFINED_CURVE_FONT('continuous');
#14766 = MECHANICAL_DESIGN_GEOMETRIC_PRESENTATION_REPRESENTATION('',(
    #14767),#3240);
#14767 = STYLED_ITEM('color',(#14768),#3228);
#14768 = PRESENTATION_STYLE_ASSIGNMENT((#14769,#14774));
#14769 = SURFACE_STYLE_USAGE(.BOTH.,#14770);
#14770 = SURFACE_SIDE_STYLE('',(#14771));
#14771 = SURFACE_STYLE_FILL_AREA(#14772);
#14772 = FILL_AREA_STYLE('',(#14773));
#14773 = FILL_AREA_STYLE_COLOUR('',#11672);
#14774 = CURVE_STYLE('',#14775,POSITIVE_LENGTH_MEASURE(0.1),#11672);
#14775 = DRAUGHTING_PRE_DEFINED_CURVE_FONT('continuous');
#14776 = MECHANICAL_DESIGN_GEOMETRIC_PRESENTATION_REPRESENTATION('',(
    #14777),#1628);
#14777 = STYLED_ITEM('color',(#14778),#1616);
#14778 = PRESENTATION_STYLE_ASSIGNMENT((#14779,#14784));
#14779 = SURFACE_STYLE_USAGE(.BOTH.,#14780);
#14780 = SURFACE_SIDE_STYLE('',(#14781));
#14781 = SURFACE_STYLE_FILL_AREA(#14782);
#14782 = FILL_AREA_STYLE('',(#14783));
#14783 = FILL_AREA_STYLE_COLOUR('',#11672);
#14784 = CURVE_STYLE('',#14785,POSITIVE_LENGTH_MEASURE(0.1),#11672);
#14785 = DRAUGHTING_PRE_DEFINED_CURVE_FONT('continuous');
#14786 = MECHANICAL_DESIGN_GEOMETRIC_PRESENTATION_REPRESENTATION('',(
    #14787),#9285);
#14787 = STYLED_ITEM('color',(#14788),#9273);
#14788 = PRESENTATION_STYLE_ASSIGNMENT((#14789,#14794));
#14789 = SURFACE_STYLE_USAGE(.BOTH.,#14790);
#14790 = SURFACE_SIDE_STYLE('',(#14791));
#14791 = SURFACE_STYLE_FILL_AREA(#14792);
#14792 = FILL_AREA_STYLE('',(#14793));
#14793 = FILL_AREA_STYLE_COLOUR('',#11672);
#14794 = CURVE_STYLE('',#14795,POSITIVE_LENGTH_MEASURE(0.1),#11672);
#14795 = DRAUGHTING_PRE_DEFINED_CURVE_FONT('continuous');
#14796 = MECHANICAL_DESIGN_GEOMETRIC_PRESENTATION_REPRESENTATION('',(
    #14797),#9068);
#14797 = STYLED_ITEM('color',(#14798),#9056);
#14798 = PRESENTATION_STYLE_ASSIGNMENT((#14799,#14804));
#14799 = SURFACE_STYLE_USAGE(.BOTH.,#14800);
#14800 = SURFACE_SIDE_STYLE('',(#14801));
#14801 = SURFACE_STYLE_FILL_AREA(#14802);
#14802 = FILL_AREA_STYLE('',(#14803));
#14803 = FILL_AREA_STYLE_COLOUR('',#11672);
#14804 = CURVE_STYLE('',#14805,POSITIVE_LENGTH_MEASURE(0.1),#11672);
#14805 = DRAUGHTING_PRE_DEFINED_CURVE_FONT('continuous');
#14806 = MECHANICAL_DESIGN_GEOMETRIC_PRESENTATION_REPRESENTATION('',(
    #14807),#4759);
#14807 = STYLED_ITEM('color',(#14808),#4747);
#14808 = PRESENTATION_STYLE_ASSIGNMENT((#14809,#14814));
#14809 = SURFACE_STYLE_USAGE(.BOTH.,#14810);
#14810 = SURFACE_SIDE_STYLE('',(#14811));
#14811 = SURFACE_STYLE_FILL_AREA(#14812);
#14812 = FILL_AREA_STYLE('',(#14813));
#14813 = FILL_AREA_STYLE_COLOUR('',#11672);
#14814 = CURVE_STYLE('',#14815,POSITIVE_LENGTH_MEASURE(0.1),#11672);
#14815 = DRAUGHTING_PRE_DEFINED_CURVE_FONT('continuous');
#14816 = MECHANICAL_DESIGN_GEOMETRIC_PRESENTATION_REPRESENTATION('',(
    #14817),#5689);
#14817 = STYLED_ITEM('color',(#14818),#5677);
#14818 = PRESENTATION_STYLE_ASSIGNMENT((#14819,#14824));
#14819 = SURFACE_STYLE_USAGE(.BOTH.,#14820);
#14820 = SURFACE_SIDE_STYLE('',(#14821));
#14821 = SURFACE_STYLE_FILL_AREA(#14822);
#14822 = FILL_AREA_STYLE('',(#14823));
#14823 = FILL_AREA_STYLE_COLOUR('',#11672);
#14824 = CURVE_STYLE('',#14825,POSITIVE_LENGTH_MEASURE(0.1),#11672);
#14825 = DRAUGHTING_PRE_DEFINED_CURVE_FONT('continuous');
#14826 = MECHANICAL_DESIGN_GEOMETRIC_PRESENTATION_REPRESENTATION('',(
    #14827),#2000);
#14827 = STYLED_ITEM('color',(#14828),#1988);
#14828 = PRESENTATION_STYLE_ASSIGNMENT((#14829,#14834));
#14829 = SURFACE_STYLE_USAGE(.BOTH.,#14830);
#14830 = SURFACE_SIDE_STYLE('',(#14831));
#14831 = SURFACE_STYLE_FILL_AREA(#14832);
#14832 = FILL_AREA_STYLE('',(#14833));
#14833 = FILL_AREA_STYLE_COLOUR('',#11672);
#14834 = CURVE_STYLE('',#14835,POSITIVE_LENGTH_MEASURE(0.1),#11672);
#14835 = DRAUGHTING_PRE_DEFINED_CURVE_FONT('continuous');
#14836 = MECHANICAL_DESIGN_GEOMETRIC_PRESENTATION_REPRESENTATION('',(
    #14837),#9533);
#14837 = STYLED_ITEM('color',(#14838),#9521);
#14838 = PRESENTATION_STYLE_ASSIGNMENT((#14839,#14844));
#14839 = SURFACE_STYLE_USAGE(.BOTH.,#14840);
#14840 = SURFACE_SIDE_STYLE('',(#14841));
#14841 = SURFACE_STYLE_FILL_AREA(#14842);
#14842 = FILL_AREA_STYLE('',(#14843));
#14843 = FILL_AREA_STYLE_COLOUR('',#11672);
#14844 = CURVE_STYLE('',#14845,POSITIVE_LENGTH_MEASURE(0.1),#11672);
#14845 = DRAUGHTING_PRE_DEFINED_CURVE_FONT('continuous');
#14846 = MECHANICAL_DESIGN_GEOMETRIC_PRESENTATION_REPRESENTATION('',(
    #14847),#7115);
#14847 = STYLED_ITEM('color',(#14848),#7103);
#14848 = PRESENTATION_STYLE_ASSIGNMENT((#14849,#14854));
#14849 = SURFACE_STYLE_USAGE(.BOTH.,#14850);
#14850 = SURFACE_SIDE_STYLE('',(#14851));
#14851 = SURFACE_STYLE_FILL_AREA(#14852);
#14852 = FILL_AREA_STYLE('',(#14853));
#14853 = FILL_AREA_STYLE_COLOUR('',#11672);
#14854 = CURVE_STYLE('',#14855,POSITIVE_LENGTH_MEASURE(0.1),#11672);
#14855 = DRAUGHTING_PRE_DEFINED_CURVE_FONT('continuous');
#14856 = MECHANICAL_DESIGN_GEOMETRIC_PRESENTATION_REPRESENTATION('',(
    #14857),#5038);
#14857 = STYLED_ITEM('color',(#14858),#5026);
#14858 = PRESENTATION_STYLE_ASSIGNMENT((#14859,#14864));
#14859 = SURFACE_STYLE_USAGE(.BOTH.,#14860);
#14860 = SURFACE_SIDE_STYLE('',(#14861));
#14861 = SURFACE_STYLE_FILL_AREA(#14862);
#14862 = FILL_AREA_STYLE('',(#14863));
#14863 = FILL_AREA_STYLE_COLOUR('',#11672);
#14864 = CURVE_STYLE('',#14865,POSITIVE_LENGTH_MEASURE(0.1),#11672);
#14865 = DRAUGHTING_PRE_DEFINED_CURVE_FONT('continuous');
#14866 = MECHANICAL_DESIGN_GEOMETRIC_PRESENTATION_REPRESENTATION('',(
    #14867),#10277);
#14867 = STYLED_ITEM('color',(#14868),#10265);
#14868 = PRESENTATION_STYLE_ASSIGNMENT((#14869,#14874));
#14869 = SURFACE_STYLE_USAGE(.BOTH.,#14870);
#14870 = SURFACE_SIDE_STYLE('',(#14871));
#14871 = SURFACE_STYLE_FILL_AREA(#14872);
#14872 = FILL_AREA_STYLE('',(#14873));
#14873 = FILL_AREA_STYLE_COLOUR('',#11672);
#14874 = CURVE_STYLE('',#14875,POSITIVE_LENGTH_MEASURE(0.1),#11672);
#14875 = DRAUGHTING_PRE_DEFINED_CURVE_FONT('continuous');
ENDSEC;
END-ISO-10303-21;
